1,3,0,2,Clusters
3.7759905101335103,2.1927433510960546,0.42745271706021254,2.941244014176893,0
1.7474460289171614,2.2740066560055405,2.920069946866834,0.822417745181927,2
4.496251815526536,2.6049299005726754,1.4447909767684675,4.055423698404934,5
3.0232506567492523,1.8359700567709138,1.2934752086546508,2.1243909121277555,0
2.295707981286986,3.868196325268063,4.906137682116519,2.2254208566741407,4
2.604103593159135,1.060913177196472,2.032487354044106,2.863351551137404,3
2.507638324456792,0.7368550216182915,1.9539317573489223,2.7793614921016285,3
4.475779937126442,2.5815297616493273,2.1217495402040703,4.40428695486158,5
0.8186122283041486,2.5469186271839677,4.196894089709079,2.287736172306361,1
1.5365210552489652,0.7100253010282045,2.538084308179802,2.2171502901194593,3
4.500117226680411,2.635094361819439,1.467501177161216,4.075216938416355,5
1.6175942882733447,2.9170215481163453,3.8548584000690327,1.1367625649112048,2
1.629400439304376,0.9066134709706265,2.5724656941803414,2.2789524022092658,3
2.8723992203505238,1.6150880216216181,0.901030516358234,1.9218087415263967,0
1.5133243751595287,2.102184579182846,3.181064902260979,1.689151063644104,1
1.6657992132173614,3.5299510853418874,5.13042622663507,2.9028471755204954,4
0.9817200824932829,2.5935431889358815,4.263818840656319,2.3645172227913522,1
2.233238353215812,1.8025228332412873,1.9706148081009531,1.2305279107441776,2
1.6796971743130067,2.9627474898631365,3.859238643518622,1.2262845403015377,2
3.5613673157331585,1.8004022282904575,1.0331445072394911,3.1769478313610904,0
4.523998992126469,2.6517776662980848,1.5840181089654821,4.096105159979842,5
1.1346018628359016,2.6777662980608197,4.272977353355248,2.4380578364834693,1
3.797916188118986,2.2361520923351197,0.5923805709555321,2.9754852965646155,0
0.7735857760528876,2.5396350227521998,4.210139116702947,2.288124981445668,1
5.568449983763815,3.7203794813185813,2.9576387666754336,5.412064446514771,5
5.46546831781551,3.555661041830345,2.7966608754322144,5.30683156292847,5
3.4808884057962195,1.5971543553822145,1.7493318931901107,3.5307718977620524,5
1.8953646460526308,3.649549003836408,5.200173052606857,3.0480250396788904,4
3.016667633296232,4.771825881156194,5.854562048665751,3.1489647123470275,4
2.499907027605122,0.7253307081788515,1.949884231441387,2.772566045676824,3
1.618210954634607,2.176824039766347,2.8640569475369677,0.5004199812523555,2
0.8859565526281378,2.575216498310626,3.8972319392643713,1.5374873661059072,1
2.4947036857324094,0.7227796054474945,1.9396138900600026,2.7730639472771554,3
2.5614225549392704,0.9031226700236956,1.270523606953405,2.2294185324298597,3
3.89438029987912,2.4017601977696548,0.9965485291728589,3.0970582453388964,0
4.537027850811084,2.698246880218019,1.5525108074695262,4.114140780308595,5
0.9049929204292311,1.654947554213378,3.385311161589874,2.0818426817957496,1
1.5808289789180276,2.899512758660292,3.8278555163507297,1.0895762654603758,2
2.197540847072841,1.7724208560380723,1.9642223343146887,1.1861352383771484,2
5.471306553580289,3.559618768318574,2.8071462962103917,5.312769277102149,5
4.471949536120374,2.5688824954484506,2.1135066397571247,4.397244638886446,5
2.203395294482753,1.7352335192138,2.0150138965888185,1.1705571395132472,2
0.7548659980533728,2.5254548691608365,4.200584502225993,2.277066902401748,1
4.55310187572037,2.7009307842179116,1.6782010545395791,4.126139151651681,5
0.7687617589265887,2.5321903831258665,4.203191457832093,2.2850624247304383,1
2.527954006961188,0.7960900162174117,1.9890419608562997,2.797537004400948,3
1.9957678235254204,2.4318344332379422,3.1167571415116835,1.2237714277372562,2
2.3497598685244596,3.9187015266030696,4.9052339979123,2.2958781082110162,4
5.724909161726627,3.940855477561056,2.4297861782473116,5.006363584380413,5
2.5004690355685146,0.7141621308303285,1.9223200184005642,2.767512747081482,3
3.496057184487457,1.6153179400505604,1.7753045327437627,3.541262179308935,5
2.155710574763338,1.7089473714946357,1.9063958325429633,1.0859970859480437,2
1.5484955501903248,0.793577538272264,1.9923762032014494,1.3930927709335448,3
1.8184120637617556,3.606677526003201,5.172228488694981,2.9979508969446704,4
2.4974653035328185,0.7446758857875236,1.1082431136027011,2.1672315903797,3
3.648733713011438,1.9159724872391921,1.3895632712016819,3.267735388536766,0
1.7923136357836136,3.58218337540488,4.944199694645801,2.4254739509539887,4
3.4820163623877702,1.6095280017445954,0.8245222978530844,3.0900260792736565,0
3.8625632136437567,5.689198298169789,6.825888381659754,4.091357038044902,4
2.993637041831036,4.7530256492556715,5.839246100243531,3.1253747657048225,4
2.8895053072151327,1.6683611651195598,0.9407977355389332,1.96527508673423,0
3.506612451383431,1.6705248853546313,0.8328557087254396,3.1138081710116317,0
3.548813701616772,1.7631954983952736,0.9668248129738918,3.1606174931748443,0
2.5916528857368903,0.9796984818176343,1.352113617054539,2.2727307871934697,3
1.9658677293740463,1.4330032829657176,2.7584869124688405,2.5205730071586623,3
1.2980260525389813,1.8753422731303901,3.51163616348933,2.2756630732420797,1
3.042970451200035,1.915610480300563,1.2465106176953868,2.173222487165615,0
5.858891630288033,4.1090885419805305,3.156231718510169,5.431260406618107,5
4.702404621595386,2.969282735757101,1.2393045817347959,3.9340689414551915,0
1.3202317908548307,2.728257608905899,4.3556792253623176,2.5148564628386323,1
0.8142809652602434,2.5616496835588176,3.9058881290313274,1.52403182021794,1
1.627957133465721,2.1612928329618253,2.8892243238423374,0.486477519730055,2
3.8063764797650856,2.228542958865543,0.8039898198733886,2.9848804399567133,0
1.6453138179652087,3.5154743076162562,5.133577982855965,2.8939367223058974,4
2.855431129475711,1.589783036881386,0.8806679227091551,1.9140312028877988,0
2.950334312913092,1.7715626193245801,1.0692795296736683,2.0487956173699566,0
2.5781170088143464,1.0019736450034165,1.2314938339583525,2.256386997059632,3
2.496289497072206,0.7642509902553652,1.130397263810285,2.1775361981635513,3
1.595070066835315,2.906550992223027,3.8412786948777136,1.1032824338869052,2
2.9403711330569737,1.7592799929269611,1.0530403987342485,2.03175838641328,0
4.487217580381718,2.592536516046417,1.4097266382217692,4.046311755312408,5
1.316563000003765,2.76931869426505,4.016104284144915,1.8349727910903233,1
3.257638072174854,2.18884409044005,1.7988140751894026,2.4417177808089128,0
3.4850500846004837,1.6034582427360538,1.75955580010898,3.5390397310930597,5
0.9174187893491328,2.59545313970613,3.9209395469662796,1.5854871231382581,1
0.7845183855010688,2.5376840164474594,4.2056087553071935,2.2931760185712764,1
2.5648782809695487,0.9490896473947463,1.9983791084345686,2.8369015591530253,3
0.9830784248059918,1.7464625266558385,2.990783305941258,1.2479779777990274,1
2.607472253730512,4.505100015022947,6.075166694620156,3.6789105001685733,4
1.4567016294141308,2.8352011699840536,4.357135183533942,2.596259588399602,1
1.5973608865338516,2.9121672110083288,3.8326831491565003,1.1036186381827529,2
2.6618740127869946,4.541516101893866,6.094584321672215,3.720169282818316,4
0.8334941877170031,2.561745715041124,4.21850778515527,2.312253886829998,1
1.5583989361682933,2.1144752883088223,2.830925105155301,0.08806289490428866,2
3.4849013907555735,1.617658543245799,0.8424722299043451,3.089189588631623,0
0.7881917604525334,2.5507492063621475,3.9008075039386334,1.5120022718537405,1
1.5793956039768013,0.8410367870983566,1.9973096349229709,1.4190986587944154,3
1.7963046070043442,3.003617124591817,3.929027911356386,1.359403861833314,2
2.0891804458980228,1.6027099221790904,1.8345574958332675,0.9233375683542318,2
1.7358436911565207,3.569198049576186,5.1599741492577555,2.9587327855762062,4
0.9617390124868913,1.7281143746145848,2.9795383342942787,1.2299373164696457,1
2.516464010092512,0.7732052705232756,1.1508356489280382,2.1813718382260685,3
4.596195836139777,2.801067653237755,1.7038600726116335,4.180263281679899,5
0.9926722447668176,2.6208797378099145,3.9293310488798827,1.620728768381344,1
1.7441565551209657,3.563504861743455,4.930023817218406,2.394620848033671,4
5.5040292739156875,3.6250523291799697,2.3746404707583624,5.059655645650128,5
4.50875874086829,2.6387964517069875,2.1610931767582446,4.433270994284965,5
2.8789654238203353,1.6365102642097813,0.8809293328194376,1.9387902477845074,0
2.5494901373767322,0.8524798028896099,2.0123264428931362,2.8107503385713772,3
2.9417091739036363,4.692454910212426,6.243072750792745,3.9155940786627754,4
2.5724786364934578,0.9680390585076393,2.0058831187931343,2.8444134620584594,3
0.7637501598994187,2.5331419171150857,3.894291371630666,1.4723201917757502,1
1.224500451356159,2.6809283207425736,4.319009757448872,2.4606482866603576,1
0.9052257488295146,1.677807109118973,3.354994397236249,2.0967358527530933,1
0.709077847506898,1.5846592535619781,2.9161864175548824,1.037910116975905,1
1.614087992522083,0.8355275972223141,2.0377331084559893,1.4370901612880431,3
1.218713277732835,1.8368606187253882,3.1068494226085184,1.4164532804984797,1
2.863428631178708,1.6035922040763768,0.8547204809445195,1.9198805492406468,0
1.4693923895950065,2.810126806613187,4.117598117277361,1.938249418158821,1
1.5428370987577296,0.6957109615971406,2.535306895216391,2.2050971578579723,3
1.0256542197165068,1.7432948454593646,3.3741245387168757,2.1412545179236093,1
1.6543515139003528,2.1991192583776398,2.8727966506253853,0.6011502952086539,2
1.6172104544155428,2.922409791363497,3.833645574994284,1.1243089485254611,2
0.9795078214410835,2.621470287882978,3.934424140597638,1.6185616255191626,1
5.750238252971338,3.953211644683638,3.3417958488512336,5.588749768979157,5
1.8352544834453115,3.060094001293335,3.920780141548802,1.4243487479715076,2
1.6426968357095715,3.515368472412106,4.884355677862786,2.323180072350713,4
0.7500084897344076,1.5822857785071958,3.339576384501226,2.0191398816867068,1
2.1547454637802397,1.7126455405272571,1.915227091294586,1.0948823138992263,2
2.108807530487447,3.2324259177182166,4.038592996488028,1.76144241176766,2
3.008423983397981,1.8750230917951103,1.2155619495421952,2.134292561700986,0
1.9568829261217822,1.4383414114225115,2.7694228224227033,2.5186012212975513,3
2.2807337799480187,3.853715467059089,4.8903108027719515,2.20583826928205,4
2.23224941434584,1.7204214655051229,2.5802658717723306,2.0953920455695987,3
4.846664069917617,3.1669270075726788,1.745362560027408,4.09260900146482,0
1.7267261762123256,3.570175499096423,4.904349163847033,2.3830486499811263,4
1.6412460339060946,2.925502697723756,3.8572563320742606,1.1509536452255698,2
3.5179824430430453,1.70642455531507,0.9029426521118171,3.1315307638751393,0
2.3413300631198544,2.7036510576956756,3.343761017893021,1.7195400659926479,2
1.6332375987580583,3.51426996707536,4.871230822934438,2.30187275830331,4
2.329134525389607,1.8770452836608733,2.1514072792772874,1.3882996721861416,2
1.6414814187523212,3.513000445389515,5.127150968479212,2.8978011433090587,4
2.5071935993773278,0.773112750924726,1.1033919413636604,2.1717693645925515,3
0.689500563920263,1.5610697269614333,3.328141691035913,2.0126307158724845,1
3.5072656618795213,1.6871624213850116,0.8697905284321531,3.1167308906902065,0
1.6489907759924758,2.197540879058539,2.8712164848241652,0.568661455955019,2
0.7397709869895311,2.52802338699852,3.8894806858528983,1.4739980226888787,1
0.7064528279214216,1.5749154321700092,3.3166737968898317,2.010279540141441,1
1.1329422735121826,1.8341751146928311,3.034648468548793,1.3735929061331749,1
3.7269234593065983,2.042817081968345,2.225285814897788,3.7636847919688194,5
2.634207003790917,1.0936376530491911,1.454948577045642,2.320066356758421,3
3.670198060839319,5.559218876772018,7.078250257955612,4.6158220213981025,4
3.9047973117475134,5.72039150486997,6.845943225868399,4.137693771329252,4
2.8648474019960894,1.60770754776794,0.863218734471094,1.9134536722231792,0
1.5538325135250577,0.7582709023520131,2.5409624038713754,2.2262146754065633,3
1.9082923603827808,2.363018491467613,3.0645701501087035,1.097247306451243,2
3.481746954463031,1.611201605965027,0.8180031192492362,3.0856268789752317,0
2.4880738980226798,0.7422929962826927,1.115358377305045,2.157975682961836,3
4.47675042772511,2.5933327593878923,1.4150231797273227,4.050070957093247,5
2.1045201680647034,1.6309455960903918,1.8538880531790214,0.9897033784662558,2
2.5277487259776805,3.9788086685104433,5.4943587084031495,3.4566240317628365,4
1.576553996004873,0.7871927789598268,2.537447557798067,2.235838182128217,3
2.1213040367468987,1.6322909283034046,1.8968439604382497,0.9986129669381361,2
4.83329989478419,3.149072580523131,1.7231765515605382,4.081904325968295,0
2.781328227790192,1.4553806155801834,2.2405637556679983,3.03027061979296,3
1.6211421388816138,0.8705411497838934,2.0709825224496767,1.4612235809034189,3
1.7324738967269293,2.228671531983306,2.9452821198699417,0.748037222825011,2
1.6461026830787457,3.519378186904133,4.891353627700625,2.332842865529198,4
2.5045623189115465,0.7387915061454859,1.9623874026347345,2.7808238239021583,3
1.1886074399385322,2.6970487979091216,4.278144432851176,2.4577488625720525,1
1.573747354486649,2.12916300180828,2.8299519180740353,0.263620091898006,2
0.6845811904466412,1.5421971392427267,3.294856181550142,1.9903118452298465,1
4.718190441329667,2.9997189072690618,1.3003338610470632,3.956671457243064,0
2.300381768226173,1.7977116416179062,3.0791165501701707,2.7703556717121365,3
0.7517795054333455,1.6137037681769257,2.9333603740271816,1.0845382689667153,1
1.918211846635581,1.2900919065206076,2.791379818966063,2.46957693206087,3
2.1231924364893375,1.6591849994123562,1.8740617792515553,1.033850524299869,2
3.759632439168772,2.1596265624578845,0.3209066453685027,2.921002678394524,0
2.5410902414824514,0.858788876992436,1.2394557657878165,2.2089368153881255,3
1.5426952831853782,0.6998112035107606,2.5427331017799246,2.216103027506918,3
2.867241120407648,1.6039338485134043,0.8563035269773821,1.9197260299408814,0
2.185187787900514,1.7434437181838027,1.9261916364031932,1.1362208311866817,2
2.163926858790069,1.6781891943354168,1.9472379136866003,1.0863979999928506,2
2.074759322098427,1.586685155415559,1.8539172701044997,0.9218379812337294,2
3.1547812682388416,4.841228963005038,5.941236497156411,3.269209288962761,4
3.4926162813995374,1.6405188790013547,0.7887837612029182,3.096018479920353,0
1.6772706101815809,1.009623760382535,2.605028729647153,2.312935827575876,3
3.045650222635446,4.786623484664021,5.858973834927368,3.1728269961881717,4
4.476987678312462,2.573918621307739,2.1327051011765805,4.401640987971821,5
3.0746185916105624,1.9316179596697602,1.480150355379742,2.214284977834054,0
1.6638406002783528,0.8981246104333298,2.611369559867519,2.281436443856862,3
3.6773206899698336,1.9726825099767746,1.4815605517206172,3.300516031462141,0
1.5354645394965565,0.7400884360132647,1.972552398685573,1.371738913014606,3
2.147094928450241,2.5193529257784806,3.9227619922966994,2.8439114623894737,1
1.6291295957820058,0.9247172565292071,2.017744995187989,1.4672341373910749,3
5.593950185400363,3.733736389481078,3.064124238153834,5.432466193882141,5
1.9131233697923986,3.1066598633817524,3.951328619496978,1.5243036945295676,2
1.5320719532927378,0.6953444414889473,2.52592950779088,2.2029815708729172,3
2.15813058342051,2.5631706672585586,3.2279837944680168,1.467267601929854,2
2.6546695373111,4.536486715588546,6.091982552579367,3.716082335713855,4
3.6172029793271756,1.9075221170233572,1.9860117834398407,3.6727691450365287,5
2.167790368489074,3.805239717499957,4.834046586654748,2.1137186286096337,4
1.556847453779138,0.7378386849777133,2.5245258376248314,2.2180342134619875,3
2.565806377828313,0.9753101390991272,1.2315324617665029,2.252761163336024,3
1.729750878613006,3.563079255074634,5.151241404463091,2.9485542465287278,4
1.6425051061256388,3.521857237286436,4.877204166406369,2.3236094167100236,4
2.1628810774329628,2.564271917139216,3.2274490123745276,1.4726854087543528,2
1.6007244949985218,2.1034589188444848,3.2898948012923652,1.7555914990300752,1
1.2307943163300834,2.7040933611161986,4.041632047686491,1.7727300441614604,1
3.7621644569394657,2.158137745975452,0.42035886632219177,2.9223588958834177,0
1.9720326298111988,3.1423869287358417,3.9740097922705275,1.5938688672580514,2
3.493423133063681,1.6405072818995718,0.7904015388615924,3.097730530397963,0
2.5309023049016215,0.84943928159531,1.958814167985605,2.801527419316004,3
5.46877306056675,3.5624806495018464,2.3096072597170147,5.015573943821178,5
2.8707356848405516,1.6322834204404912,0.8964194384775138,1.9386346169038344,0
1.043462746652322,2.637378821391372,4.249752415969823,2.393679891474828,1
3.923401825340473,2.4552687791918943,1.1081945459273896,3.1326355985576506,0
1.7696492774455488,3.0181891714181344,3.895364567568806,1.351521637141284,2
4.684441858986186,2.9377214222521797,1.2166110664330065,3.9129029317709088,0
0.8566631420196427,1.668346893992121,3.3615330323346435,2.0844460633251063,1
2.516908987358594,0.7975297625168589,1.9435634388798482,2.7888427426318176,3
4.469131141088845,2.577126349196647,1.393271576887777,4.0383984860227535,5
1.1707053272906875,2.696793828365601,4.283364132494404,2.4532909251193837,1
0.8167602748763717,1.6482708129831187,3.356401797749818,2.071275992231266,1
1.6796455042007492,2.220134254727151,2.8873710427789887,0.676673402306841,2
1.611722480780824,0.8736877611612939,1.989686063281432,1.4356848008085143,3
1.624654718927487,2.9275897806781175,3.8377538544556753,1.1457499896313752,2
3.8262295807980355,2.2479897965288815,0.7622016395502192,2.9899848292754645,0
1.5411937266076607,0.7035351540759638,2.545628769779983,2.215276870991206,3
0.8399601074565035,1.6460617953024446,3.3487632509652014,2.0767428487700976,1
4.4739669525106525,2.575055405407953,2.1147159140228506,4.400361138048579,5
2.1654990414437645,1.676148250943909,1.9389777159833297,1.0818199980664984,2
2.9567570569126476,1.7907726965764585,1.100027933192171,2.0570228905357917,0
0.7980438768874303,2.536363053274134,3.8990162185822053,1.4883196776169887,1
4.498372731114353,2.617074933617391,2.1456107107015727,4.425134108136544,5
1.5273721261807063,0.6858553427354007,2.526301199661873,2.197776753541508,3
0.6852781249530759,1.5656065495250857,3.3277969919969044,2.0172792286728227,1
1.5375135886814875,0.7230541853642312,1.9926017825220979,1.3708914867301278,3
3.486062485205532,1.633948226952366,0.8126714377874821,3.099328737500219,0
0.7084970427969209,1.5957310526542046,2.927039020619351,1.0475752007636077,1
2.1624829908651826,3.7996663910460224,4.828518190982729,2.1056818841307066,4
2.3803929668431127,3.91093388006896,4.942671761651933,2.3085278241177853,4
1.6740356517816348,2.9577322138934843,3.8545406456513684,1.214673479076727,2
2.1064503550017024,3.7402626776688743,5.071157821479158,2.6582969838989308,4
0.8001083846591648,2.543572900910072,4.20915098595493,2.301511958478579,1
4.494317833522465,2.6151365146874546,1.4291453718749096,4.064056283358502,5
0.6786280545906148,1.5598765376524184,3.315769748624182,2.0018791012817583,1
3.756293122592025,2.1506521969951122,0.335764175198348,2.917043586033083,0
4.688964906746809,2.954611287333891,1.2235898784619605,3.9215528356280793,0
3.550518355850006,1.7759891095354765,0.9960934214055863,3.1646327810694648,0
0.9925151667321246,1.7445432510245835,2.9842030167647677,1.246373552015889,1
2.9168036244147966,1.622459812242467,2.4832065892553987,3.139562335426539,3
4.49572334793021,2.599582707181531,2.1676831693896284,4.4166082926715555,5
2.116049629340302,1.647292988752596,2.8679532920948048,2.640785130634416,3
2.093774773963708,1.6066362313109108,1.869965920239138,0.9456922736313467,2
0.773948154053353,1.5894853555212471,3.3442152006031716,2.0283998777667716,1
3.7514262780074246,2.1534956010516972,0.3322964287407179,2.919300343998547,0
1.7490434097528127,1.1329505452806776,2.6457689899702572,2.363342077612972,3
3.495398226792849,1.632080881905364,0.8448941193924469,3.0935152231315577,0
2.488970680788116,0.7365197980122782,1.1487929849225675,2.1595370795480795,3
2.1534280252389717,3.789876912759798,4.831809485812927,2.0911873271111636,4
1.6206934510026685,0.8982281674226181,2.568056219631089,2.2684736544331714,3
1.58004740092047,0.8019606573106824,2.540216468663606,2.2367326052786147,3
2.5592582460507494,0.9152325311580731,1.3057360629395631,2.2375433848396122,3
1.6663669735900957,3.527079715724673,4.8977353673535395,2.3425748303970946,4
1.5377017171143057,0.6955871372362414,2.5392914181206825,2.209223121055431,3
1.594376572555623,0.7683953032171881,2.5586957377680246,2.2329624419011105,3
0.9182718595651352,1.668741442706676,2.9934151764798598,1.1646287377731115,1
5.530000182891991,3.666455795492485,2.422880866239184,5.085536311361352,5
0.8858609004963655,1.6875137988034707,2.9630865986142347,1.1756931840661022,1
3.8087531049795964,2.26479970638456,0.6914586775929182,2.9917005751505394,0
1.594935331127074,2.910113403807907,3.8319685519731466,1.119905520363639,2
2.543415162026349,0.9173934837411076,1.9996465278487645,2.823298945650408,3
1.7662211247185005,2.295201276607259,2.9387027759137236,0.8699988063902339,2
3.4720777355001813,1.598999546888714,0.7820418239885512,3.080057175500656,0
1.6381837022390815,3.5111193214519205,5.12829321755275,2.8942500560464843,4
2.119470851395119,3.735943340512704,5.307691905943353,3.174049269323623,4
2.070731167850584,1.5854568190409548,1.843542931227231,0.910929679753701,2
2.3217533171276905,1.8619771946358805,2.1227498352645053,1.3580838436189946,2
3.8448282547703747,2.322372194927025,0.8309814963585991,3.0375194560464993,0
2.8082085720629095,4.612420361009161,6.1779518402906675,3.819717164498246,4
1.6307935543764283,3.5036731265760266,5.12107881157851,2.8876015507431747,4
3.4418795943374856,5.023616798945748,6.099485750650525,3.538161605900114,4
2.432100727317205,3.96786251282435,4.936956639558308,2.3765955816620425,4
2.1889916871604975,3.2424459690605274,4.127178725163648,1.8281055975400455,2
5.5063441585511965,3.613112419391042,2.4242141673752164,5.059636794446344,5
1.5949946602924645,2.138283987828548,2.8531189127392462,0.27670686739022926,2
1.6268175211281743,2.1801746532704707,2.862805870309094,0.5156347885475959,2
1.5897390240173963,2.1502970990538723,2.8447446886005006,0.3489927640469055,2
1.9848627146308635,3.118137490276428,4.021093448597405,1.5776543994380723,2
3.564948818257249,1.7860042007361965,1.8829246617867639,3.6215775351364434,5
3.4973561268204763,1.6635006620807768,0.837721972029843,3.106442127542208,0
1.2509496555765465,2.7433112274552967,4.00396785705826,1.7912686667595006,1
1.1059477960566075,2.640323266525878,3.987314009835966,1.6796196197168192,1
1.1124520325897929,2.6343105952031007,4.287379693834649,2.4103404797650128,1
1.6323025174220582,0.9300890508528307,2.5812061995535176,2.280103370735539,3
2.158737004452744,1.7087065864075999,1.9018049944321869,1.085395166988349,2
3.815204067632264,2.265222417860645,0.6594144600001132,2.9927312608085694,0
0.7480400679314697,1.5931706181082899,3.320575971678524,2.0257142679756335,1
3.4887502488263595,1.633232290179629,1.7766839146100222,3.546418502114492,5
0.7648372655478302,2.5449296593633672,3.898946047939134,1.4912743361756458,1
1.6470771733534668,0.9008174975687955,2.6253822059856984,2.2811607100345572,3
5.713113328495582,3.944331808262578,2.3391622176609435,4.996548762524632,5
1.9583676730343882,3.681784320885674,5.217416664230215,3.0848601165118383,4
1.5327744040229387,0.6977505332861091,2.542708622295166,2.2118791408431044,3
1.6185082374212896,0.8656250272574153,2.5516654301359902,2.2629750916260987,3
1.7721198807571639,3.5923278521334954,4.918373206160093,2.4217132707661353,4
1.824516712561111,3.593643105160944,4.948537726036483,2.4379793402765957,4
1.0976448291969634,1.814278614728872,3.0222684988101025,1.3360310811247305,1
0.772252944782758,1.6144520787495773,2.922724615451591,1.0729289966350417,1
1.9701615126512764,2.4148263288818352,3.1125992091774273,1.2074501039306678,2
2.8631491278089563,1.6019190092716094,0.9033089146840485,1.9196512770347223,0
1.6363177861189966,3.5070668872771518,5.126796073232839,2.8939726541811073,4
1.2875404804759898,2.7541776192144947,4.009398435189029,1.8221365918405907,1
2.862290788537083,1.6047558275680927,0.8576097737977925,1.919686586455547,0
1.8586235323726956,1.293984049317664,2.179534974691178,1.7185786427511986,3
0.796898030017181,2.554321239206248,3.9045373037860385,1.5239591952114357,1
0.7783967380556446,2.5401524242218625,4.208022647761018,2.288265690068859,1
1.5393310116567518,0.6779774349088278,2.5188920743222685,2.204209566856471,3
1.531656955511916,0.6821288767801658,2.5273641969495997,2.198350243846819,3
0.7166931021047204,1.5662057104409495,2.91501567281247,1.0093278403750539,1
2.9490507044875978,1.7334284408689602,1.1388876002291928,2.02466634788788,0
2.64011990461282,4.51716238843101,6.094358724284767,3.6988923911528735,4
5.638043103290958,3.828281595781543,2.1891268404017343,4.910774389444948,5
4.7532798895873105,3.056590692046406,1.3986045188518725,3.995645461506791,0
2.538408301740118,0.8168362212237597,1.9959669356023748,2.8049531470555213,3
2.5549925243552885,0.9251827253600858,1.1683988580095641,2.2218060405904727,3
0.880876936420033,2.5607858859058386,3.9225432003491245,1.5378418309159594,1
1.7271225051360088,2.992882569769432,3.8783081485514277,1.2893131998814291,2
2.5653680371774303,0.8940996685459545,2.0370280626566357,2.8274265541121726,3
2.61298820057527,2.2034488275762962,2.4559446192620356,1.8078954746018503,2
3.8894839546750193,2.351999839133862,1.1083010022244402,3.08141213646331,0
0.9991992680365402,2.6279024801799045,3.9390126533018863,1.6362298953275474,1
1.6034391730439075,0.9063773327356683,2.0274190737657727,1.4551203521378828,3
2.2890305757211387,3.8799403889722432,4.876301311077716,2.227113278290031,4
4.527004577537002,2.654174117871934,1.5890176035892212,4.100860184361581,5
2.194725326448862,3.8195827249760144,4.836067211897893,2.125440328388435,4
3.6802408612833286,2.011991695365308,2.063399769366147,3.7311409878842396,5
1.5629580008148982,2.1158179173400713,2.8243110759036925,0.10191136720526477,2
1.5428699558836938,0.7008951310158178,2.539503843167493,2.207216534276224,3
1.691521427576289,3.543743627512621,5.142943480617336,2.928255834057651,4
2.2101452462689903,3.8337917610404832,4.8495475022242704,2.147194152488932,4
0.9620890574798132,1.7086367817776877,3.3631365671775644,2.115837141124021,1
1.5508861550940543,0.7469704229332884,1.9602341865113335,1.3737941008181942,3
3.482815610602572,1.6104182294853728,1.769179020311483,3.5423915944353155,5
3.754526619827169,2.161230335566427,0.3728663604092211,2.926627403583943,0
2.5187711320112984,0.7958959107168659,1.9413476800756222,2.789909224140596,3
0.9720830833059176,1.7429299907316411,2.9910606292936563,1.242168708215302,1
5.478612629318494,3.577415142350203,2.8142529280745423,5.322190931611335,5
2.002176666101946,1.4228645486942941,2.378543906590134,1.8542953093640848,3
1.5429652314497921,0.740307239439556,1.964413217375372,1.3705912906637763,3
2.9047262337287845,1.6929254100196511,0.9579556765754096,1.976969674575738,0
2.6163618100777732,4.513812795823407,6.082141393771496,3.6856341003747755,4
4.464865835886616,2.57380090854563,1.3944877854703566,4.03671804417979,5
0.8460679235962133,1.6627018681614347,2.9527845972804845,1.151612382194578,1
1.1802645072676268,1.848703881502555,3.425786573492568,2.223590001089332,1
2.613554440717319,1.0149264109046219,2.0931078916081822,2.8610420592833212,3
1.6329689518747403,3.5078358893429136,4.869990678997054,2.3021749549101864,4
0.9640189586146012,2.601920425571573,4.227914471442824,2.354801496363792,1
0.9298467821925417,1.679306113150215,3.0078763627903156,1.191540227604489,1
1.0864521328581285,2.6528334958650746,4.249889113031922,2.3999236348557034,1
3.4933931749922875,1.6514692576305305,0.8277610917015412,3.104814036850519,0
3.6315177690836506,1.8877482009562099,1.3337465200183825,3.24205684651697,0
2.600115521313384,4.500615452879201,5.864238533138752,3.2390156707667903,4
2.912405534031124,1.6143702750398154,2.4802508890314687,3.138309569754659,3
0.7716782888415369,2.5309313852757462,4.212574435079921,2.292029236810157,1
3.649573291038157,1.9063114262338656,2.0869539249445386,3.686750544140835,5
0.7812121675224346,2.542645514150273,3.8901868539791113,1.494677673531357,1
2.6376370352976246,4.522379327498179,6.07794159812018,3.698253474428336,4
2.5017557092036142,0.7785030364149229,1.1171718385252107,2.170790177534046,3
1.7411231121890873,1.1408273847277532,2.11844505519109,1.6010767588563941,3
1.5514270099571041,0.7028387017894663,2.538012593997971,2.21134899573939,3
1.6703523067656587,2.9091981488362846,4.183850782098574,2.0789019734971546,1
0.8145812767910617,1.6171870849025825,2.962908046628302,1.1010382725192278,1
1.5637984676137047,0.7335217063842169,2.549260189021461,2.214420075670151,3
1.134843677850243,1.8258351300273763,3.420929947185591,2.2061178980983707,1
4.472460457140584,2.576448056562162,2.112195572168091,4.397965050419017,5
3.6593613359345607,1.9797274252128152,2.0449584769935214,3.7148215105319204,5
1.7444716970926757,1.0745510432322127,2.184615043923294,1.5983041835373206,3
1.5885039333262694,0.7803250973110317,2.5720242189583153,2.237329887501062,3
1.1834910687147442,2.6711469452090117,4.006290915258903,1.7198243206671864,1
1.6090540665801825,2.918641065538005,3.833481885958315,1.1134101105777552,2
2.5181109903330214,0.7634323018707471,1.966982396400686,2.786254953012259,3
1.5801832497265138,0.842805835092286,2.0053590871246767,1.434144084494714,3
1.4350807897889346,2.0258736056753253,3.516827027838085,2.3752224148713537,1
4.506525313314885,2.617025177574887,2.198374326306573,4.429576670224625,5
3.7426365745811303,2.084196788728642,1.625711848888673,3.3657704738643375,0
2.2597536599823957,1.8423705642854504,2.0030034568100192,1.2747678109436051,2
1.2861271490683088,1.938279273236907,3.088296530660599,1.4947394775846254,1
1.9849922874998698,1.3966078728034004,2.3618043332989402,1.8376064635000715,3
0.7643381579119795,2.5316396877288776,3.898918871004547,1.4859442139968377,1
3.659280916369858,1.97895011664529,2.040859040853244,3.712752614005542,5
2.5061454629452293,0.7636140632645673,1.1046636828433554,2.1744393817112364,3
1.5943826243821018,2.1605287655406875,2.8560591100914205,0.4064697135565692,2
1.2076359736386986,2.711804494594846,4.289070278648725,2.4679895578867144,1
3.637467616681521,1.9440735974913383,1.235658103758527,3.263653005504323,0
1.6610117423063149,2.9337261485522177,3.8717160659412135,1.1958443609570448,2
2.508408333302051,0.7982823583914227,1.1156382464456498,2.172450027232902,3
2.634476096520394,1.0871430366648642,1.4369718545807524,2.313954986302227,3
2.530933829345951,2.109260114365037,2.3630931177593424,1.685534758409295,2
1.589167647530709,0.8169004997092582,2.534632499997607,2.233583451079171,3
2.28995856353207,3.883171119704864,4.880961021544331,2.230456858830073,4
2.628824978518595,4.521063792302553,6.084461091395541,3.6966261088038994,4
3.7469139386806813,2.079848613041104,2.2663611648898443,3.785338842475567,5
1.210127727645285,2.7216821622793326,3.989965787232933,1.76287785534472,1
2.5393315203264764,2.1137127930071657,2.364600898387156,1.6968720817690555,2
2.089305212334044,1.612538973484061,1.8444414591791978,0.9495264289703479,2
5.071987367215008,3.495571406253708,2.3310041288927352,4.35599685173347,0
3.8109313410596766,2.201331417436179,1.7949303157221104,3.4461751154665445,0
1.542924298830755,0.6891034643238086,2.5307315831090125,2.2043793165274277,3
0.7399265479240695,2.5268613981648524,3.8893556095723936,1.4725485205929716,1
4.534751763699688,2.686833401894912,2.20626028503351,4.45846401279074,5
3.7526241372792333,2.146607379795885,0.3171193232465164,2.915375003018924,0
0.6906089105993004,1.5667582237386892,3.333296351407112,2.013061757481396,1
1.8757400499630026,3.6400619261849716,4.940038814083267,2.4892106119137423,4
1.639704663350318,3.5108972256031654,5.124244861580781,2.895616622006595,4
1.6753260111299282,2.1494149684526245,3.3114693322666544,1.806854114679714,1
4.8439593541380095,3.1994200925672436,1.6505609973135587,4.101794353585302,0
2.603928077727471,4.50729676320279,5.873145480773171,3.2498639732792003,4
4.482037834673366,2.600265273105013,1.4140191373323163,4.051552933679499,5
1.5496822396744547,0.7002383881060058,2.5105042057588123,2.2059469479590565,3
2.7601991147603075,1.315409558160442,2.268270248519835,2.993830822237907,3
3.7987663544342674,2.239521501505936,0.6263504852234877,2.983724826326173,0
3.4847104172613066,1.6175578929898473,0.7669800711944901,3.086440560658797,0
4.733666958919379,3.023694467269677,1.3305425082027986,3.9684983069469393,0
2.0641707251589816,1.5821497486394969,1.843224612605464,0.9088526955250031,2
3.817655634328442,2.2601852894947756,0.626905969341659,2.99342089845965,0
3.367355179600826,2.3518763426634695,2.0318219699073063,2.6013704397739392,0
1.7377246083131133,2.998996162749252,3.8839063806921583,1.3125755132595447,2
0.77440415614896,1.5936257470986286,2.9426645835499428,1.0647729371033234,1
2.5535878636925187,0.9047588517416969,1.9752045530818225,2.8225389083899772,3
4.530734622018364,2.695398357852546,1.5613460544616315,4.111782731991794,5
0.6991517018755211,1.586586236890729,2.92069345487572,1.0341482157040331,1
3.0006002447993616,4.7591332730152445,5.843477882673326,3.128664309151821,4
2.357072953863735,3.8971291440354303,4.928430891480097,2.280749534194373,4
2.4737794751324627,2.0509109739865385,2.32394178063519,1.6206613069295661,2
1.682955721032674,3.5340642979996586,5.132916254075328,2.9204959051802604,4
4.58757376225167,2.78258475756735,1.6675918310522575,4.166899463103778,5
4.486108880803779,2.590847352767623,2.1107473777478027,4.40556934192577,5
2.6688091429675063,4.547495545373642,6.101859564689103,3.7294646227290307,4
4.498958485939796,2.6327197574074495,1.4594449633056075,4.07171764774429,5
1.5436734806923889,0.7433162247132742,2.541229751000614,2.220481378170385,3
1.644859562436321,3.529167399799083,4.890635633726301,2.3364120473825896,4
5.6521958252545685,3.851584320528293,2.209885355132346,4.925542055130025,5
0.6716800434339899,1.5503756733587049,3.3120683702645675,1.9938553039188691,1
2.3624900139443636,1.9593498138038603,2.0896220650876183,1.4455907786646942,2
1.6755819195387684,2.9188762848948056,4.197708597876949,2.0942964791826224,1
0.8600001762505338,2.572069440198711,4.226851766242013,2.3289874335283374,1
1.6972194239555558,1.0475447299579015,2.068425854766871,1.5470618972864076,3
0.9910312032055071,2.6121635983778417,4.235236208236769,2.370806082844445,1
1.536617663952585,0.7442690060642152,1.9757122483303493,1.3778558220699542,3
3.4818686940811707,1.6035447018530526,1.7692320427432495,3.541422116825819,5
0.8185898248407872,2.5556782094983626,4.2127956405999845,2.3014638121911237,1
4.563868177655748,2.73761871887987,2.261836381409094,4.490051636931704,5
2.85007447789575,1.5999221077081478,0.8721033707864397,1.9101597990788308,0
3.529766273342726,1.6777808895585975,1.854422368759803,3.5766295254156284,5
3.482989058399871,1.6304252513767326,0.8003544964141135,3.0924598728699944,0
4.473498545705777,2.5769381142024206,2.112406411810529,4.39880423983804,5
1.5429783194033329,0.778563420192174,1.9874597059295736,1.3856219035682744,3
1.6512104604238609,3.5129617537099183,5.134008182776365,2.8992590981200386,4
2.0782466866034177,1.5853686083256289,1.8599993129463273,0.9382925081732311,2
0.7426066694601751,1.5877736395764508,3.324655597901336,2.03413504616135,1
3.934562793151665,2.3945622837000093,2.57781765332308,3.9677046531260136,5
0.9033476123307904,2.5958113357766575,3.9241670888521822,1.5774545922072662,1
1.7365664725140049,1.1160257648560568,2.1042144869180492,1.5989160299085006,3
1.582990907663562,2.131994042504912,2.8255349237967415,0.21780578645452128,2
4.5587257780921355,2.7214396891816164,2.23993181448417,4.483054304108522,5
1.7544940047035176,2.278832257123384,2.9186702813805203,0.8152401865257388,2
2.906839557136246,1.6591414555791293,0.9967431856433706,1.968851291961055,0
1.738006255449273,2.995336908141351,3.877845119868519,1.306086113113316,2
2.6854495577952937,4.557746420697571,6.1075594162155005,3.7412159267771274,4
0.9587297635315981,1.6848170640440547,3.007053770775105,1.206100100298285,1
1.7884019182407385,3.0011588846785515,3.9209215821314136,1.3314739544156264,2
0.6761980933658246,1.5624180156917762,3.3264512743992474,2.0070712916493023,1
1.8479067275187373,1.2171375943354723,2.2528290924888594,1.6910211079439321,3
2.081339130745936,1.6018540308790261,1.8416098195453383,0.9163513295351682,2
0.8008880392779991,2.537218037537993,4.218621399037872,2.296126732755989,1
0.8019723310460827,2.546181990389171,4.209789391437452,2.29974925985074,1
0.706051729167595,1.577088804680606,2.9074410957513033,1.018692531516773,1
0.6946448168397559,1.5554052999190402,3.3228006381940864,2.0110706895485175,1
2.953547130528761,4.720492590818099,5.824791932266401,3.0840538413601313,4
2.4917701449574796,0.7376145477401305,1.9428878906361908,2.7716516767735797,3
2.6679139232262084,4.536779553493912,5.9034453231285955,3.295494136518229,4
1.6795581147638934,3.5428478988211802,4.891074217183893,2.359188511424328,4
2.8767675997018607,1.6158057247364366,0.8876941185900492,1.9260824395264038,0
3.4890074474765767,1.618222806760758,0.8066848385761496,3.0899362999464977,0
5.472454702384459,3.56275724828853,2.7948556526647548,5.309756906847836,5
4.606053598904679,2.8172322338480265,1.719760050749581,4.187456547956843,5
2.073275826401573,1.585449860392111,1.85961278837491,0.9266568228607838,2
1.0092063146412416,1.7357478708860785,3.376039797511445,2.140969014417562,1
1.5780716037769225,0.8371701587815887,2.0007468454061823,1.4268476057598618,3
2.5216027065721733,0.8062357090503888,1.9450622721365027,2.793198512018797,3
1.5338465211210066,0.7099314586226408,2.5216176683191187,2.1982077391525614,3
0.699033234395178,1.5726692742598336,2.9329630559967326,1.0315953590950866,1
4.485248936990759,2.596550884637046,1.4747019835486215,4.053784823679145,5
1.7001843817026643,1.0486620033599394,2.0695734346238237,1.5531781594572105,3
4.495978811227551,2.6215531214748573,2.155927962343637,4.425541466443764,5
0.750270356454359,2.5203231184994825,4.197036130929465,2.2727262427193895,1
1.8582845739715264,3.012160114443397,4.5503166260654515,2.824511178806409,1
0.795435235351526,2.5393415292386745,3.9086787342090354,1.5057218762112938,1
1.5521033044487647,2.1188056579279686,2.842709964592046,0.1127509332997366,2
3.491980301130686,1.627844220210119,0.863749852639706,3.0964311563764944,0
4.644892239383506,2.8819028536770177,1.8221054469111113,4.235325912099552,5
2.2091620065503665,1.783447576357889,1.9662795673552675,1.1969432506610242,2
1.0748407324849674,1.7787615226156137,3.388248503907858,2.1605023201945106,1
0.7069561435841211,1.5466160101136248,3.3092887976910315,1.9950080531533807,1
2.7078167551336416,1.239219944934898,1.564465916697094,2.3940150370845914,3
2.073910181373302,1.5891742582188841,1.8436689960138908,0.9113299022519996,2
1.6070450533781422,2.166045359761557,2.856518819239126,0.4570484410794868,2
0.8874922081065525,2.5904112617788684,3.9196752903777066,1.5614628626535958,1
3.545390213382991,1.7588191600145577,1.8624196712992107,3.60058265272917,5
1.527972105517573,0.6869018005660985,2.517831355718448,2.192114999719101,3
1.5807534299117612,2.140413311424236,2.838864361629558,0.3143238019569402,2
3.5405656221750177,1.7563226799356078,0.9754403233525192,3.156425204406505,0
1.336479150076018,2.7759420306330105,4.020409633709716,1.8538675070127886,1
2.509169197793551,0.7468736643268374,1.9234486607339627,2.776676200237183,3
3.583232572974123,1.8355978577190166,1.9243131079380256,3.6386513090161388,5
0.6756364227506333,1.5513635581293892,3.3140569571892518,1.9906517670097459,1
0.8589413068921006,2.5736445849733935,3.9038956591322926,1.5311868721766277,1
1.5686129058690357,2.1216279166765695,2.8426713182622474,0.18630752844597395,2
2.1629532841732577,3.7986177067869313,4.825723783712284,2.0998155983906,4
3.7590392279275373,2.155482610636965,0.32272031678273716,2.918630715525774,0
1.7036412110059316,3.539737242204349,4.907164567190522,2.36221901453358,4
2.2477079234349744,1.781110211083093,2.0535776060759217,1.2429140118025193,2
0.812837669794308,2.5331102997062476,4.212572141368418,2.292068187999491,1
3.804303100617973,2.220470617955343,0.7454469336882381,2.977400366073707,0
4.5035446112893505,2.620069079223531,2.1338003376070374,4.423196831577666,5
1.7284261597974582,2.248088814348861,2.890986764825483,0.7403440390381496,2
0.6852781249530765,1.5656065495250862,3.3277969919969053,2.017279228672823,1
1.5395363736559464,0.7051530799606004,2.5271243454683567,2.210780892827845,3
1.5646576954116838,0.8090439677048828,1.9938728051721255,1.4142750460289615,3
3.532241935071472,1.6934916961680342,1.8886740042002528,3.5850936582470183,5
2.2755012916288897,1.7722045354082636,3.069975030493157,2.7570009333926166,3
1.6301296561449279,3.5134442081879165,4.875636066996997,2.3101438690341616,4
4.752705346487665,3.0560649225426855,1.399449718516924,3.995774368334357,0
1.5435643002901633,2.062352796318403,3.2593388493841338,1.69917901712873,1
4.506931196448419,2.616957281687881,2.1933055666240198,4.427271854156087,5
3.768266540879033,2.1897515622648953,0.45753480463171803,2.938541426337843,0
2.902085545313406,1.689499088846426,0.9555144469215348,1.9739483953462362,0
1.2107080479906809,2.6778782803811665,4.008972557074155,1.7344691209201792,1
1.5265578583520736,0.7233288607243065,1.9738509712721055,1.3673365868598213,3
1.6894279694434442,2.2013661222400605,2.919062888729097,0.633324452678198,2
2.872844447237796,1.6085244720510365,0.8727873576635825,1.9241742119430727,0
3.715505361673139,2.099153039886293,1.441153368158292,3.3466197186176774,0
5.466357953836195,3.5577910041733816,2.7908766984178124,5.30468167525123,5
0.742948487035673,2.5192581663570275,3.880009245606112,1.460816421424017,1
2.491804752500341,0.7194135263787854,1.9375208933554056,2.7691221866834774,3
3.7598758819514058,2.162661064587175,0.34464403279021716,2.926946690046806,0
4.692061864033138,2.946235709337198,1.227330021165557,3.9186242784345646,0
4.480597199367496,2.585951017214489,2.1115965157873298,4.402428003130108,5
1.0243293403284672,2.635350054820578,4.254829659179378,2.392241915904226,1
0.7343181383448478,1.596329856907475,3.3261313393490806,2.022585447567965,1
3.816233108975824,2.2686042849969628,0.6915258043245631,3.001395373102529,0
4.699375718392033,2.9592121660675375,1.2927976935731478,3.927681590747582,0
3.5371095439175244,1.7013314404905584,1.8880129714570937,3.5842282604328526,5
3.657334189694739,1.9843639120061856,1.2830819190826859,3.2814617697746837,0
0.9128206725534131,1.6572428487849435,3.387752003642089,2.0880446633150997,1
2.8870546056492667,1.652252252588397,0.9051744373794463,1.9562313116702685,0
2.5567106747899477,0.9081449143991804,1.3004424653590183,2.235272997177944,3
3.4788849174397627,1.60510931489776,0.7947387130297179,3.0849896260490537,0
0.9623193507764826,1.6734207663049383,3.3910762504660155,2.1002303768146096,1
2.515234272495373,0.8325120227594527,1.155634551031089,2.196409387028738,3
1.641762780974679,3.50413307657491,5.120670069917326,2.8794016158975992,4
1.563729212874628,0.7962032549914861,1.9797793472250491,1.396899354016481,3
4.737437571212067,3.0044837751388114,1.3678089883676372,3.962958426775929,0
1.549798713456128,0.7169384026751398,2.549019340704187,2.2148203430764952,3
1.9686261377645538,3.688062924830769,5.222245146401107,3.092558114785405,4
4.486983174586547,2.585000439870881,2.1396872101669167,4.406929554222692,5
0.9851012293177256,2.617581865071356,4.241720371415055,2.3690718929428525,1
1.563409513478365,2.1171656624785675,2.8237296152364233,0.15893883123779745,2
2.91960600970518,1.718260621849778,1.0031092559292032,2.0088801433311816,0
2.5751442077031954,0.9252655059775629,2.0620814928630202,2.842424076858718,3
1.6317026201643932,0.9322741079676089,2.024378250417847,1.4759784061126857,3
1.3058690426958464,1.9024132094649395,3.1527729200912114,1.4915272426316064,1
1.574846274317563,0.7665303184889416,2.0151191567361626,1.4132049777858067,3
3.6114451808617205,1.8824018822229356,1.9531899527017516,3.6625647666360552,5
1.6345606747274217,3.5058432897878937,5.115704229117174,2.8863693950717093,4
4.497176046241726,2.6369031266149654,1.4747166021937197,4.073160026387199,5
1.5544924561175433,0.7926786388855958,1.988683817703359,1.398926713983731,3
0.727623560475705,1.5889299462953597,2.950226678427644,1.0607412980497464,1
0.8194824596365151,2.5704368837546445,3.916765386687432,1.5363032809058395,1
1.6486733136481542,3.5216589548246584,4.891690126893803,2.331040778090943,4
1.3578937130589368,2.7855886141101185,4.330256714823045,2.54424255200986,1
4.839345877496478,3.140877645496518,2.359940103659168,4.432282602854292,5
1.7196357400960518,3.569243401600373,4.909763660685411,2.388773618509983,4
0.7671016190464336,2.5242117326563176,4.193479918735101,2.2812754722957993,1
2.080111440098958,1.6001690683080623,1.8404044723069217,0.9299227427286676,2
1.733153584480456,3.569449374607371,4.901336729694245,2.3881903104166335,4
3.0209866836723784,4.758613489084006,5.865973672922701,3.14567273593624,4
1.7054841388044553,2.2338097544983446,2.885700064977723,0.6959582132392326,2
1.6900526635122177,3.542827001233192,4.8824311832613025,2.3543097723721997,4
1.7237150836354558,2.2258391813568363,2.9481186416550718,0.7451891144328268,2
0.9048892278065247,2.5823476409179547,3.900273892491411,1.5467140714191872,1
2.0844035199433533,1.5933241049113251,1.8299178078145264,0.9304167279945137,2
3.533096810588052,1.7260451696052947,1.8437722926782771,3.592863010505434,5
2.138916897709945,1.683054583588216,1.886732829315024,1.0517560305161615,2
1.8994842899799795,2.3261152139087384,3.7984598135259193,2.6676607650280517,1
1.7188252627718703,1.0191229450285921,2.139893229022949,1.5549587996284264,3
1.5002832955748433,2.0798180813271476,3.544231592825325,2.410882219510736,1
1.0462601993735248,1.7194670867002382,3.4222054331067526,2.148101900503009,1
0.860676362733789,1.6218240426354196,3.3610564418002093,2.0574904635981115,1
1.6749600713936466,0.9178934324512908,2.0684699508994675,1.4913771768481914,3
1.6643819017670896,3.5313263587618806,4.879191032805774,2.3394532796329113,4
1.687874943033928,3.548793014311301,4.895689955530067,2.3658092961994015,4
2.6166857298482133,1.0956908165206944,2.0537870275606966,2.879040220283813,3
4.481300697365459,2.6027625828227827,1.4297804436820738,4.056662194979387,5
2.2009564112425495,3.8251363649676784,4.843258908359585,2.1436138592851606,4
1.594466456988687,2.1443359304809597,2.8325153068792455,0.30082107392381136,2
2.6972821941669,1.184271767995133,2.188500008332573,2.938852363633543,3
1.5385944494445096,0.6965909599232969,2.5362115981170503,2.2175566167452385,3
2.608243549968564,4.504418605938919,6.080403750390933,3.68553653192045,4
3.5363563075930253,1.7432740503990534,0.9468084763603691,3.1488736546051888,0
1.6465238981895778,3.511722108594429,5.129953970951987,2.8901449443264484,4
2.2123200772960643,1.7743089278812496,1.9504542752303984,1.1967554438788874,2
3.4840861279352757,1.6257832734666853,0.7956291379965279,3.094602804120236,0
3.9472303958217516,2.492608388683006,1.1754911428566177,3.160815140679295,0
2.2871423482358835,1.826439703073062,2.093384399298537,1.3047835834040338,2
2.2218691821027035,1.7539330151919006,2.039815613731701,1.2158304767332289,2
2.8590267512033627,1.5946611176035896,0.8531737698435843,1.9175796462412862,0
2.1648363995210516,3.7953078320944305,4.838765092879411,2.1022061579209037,4
3.650706284865824,1.9724753121027618,1.2674973993734737,3.2742007323648528,0
1.810282171275701,3.042207642636244,3.907016135582955,1.389664012373164,2
2.2902380276699397,1.7831218257292825,3.074148300629825,2.7683058360950055,3
2.888031939537842,1.669804342212042,0.9447092095200665,1.9620793004867607,0
0.7811901346576835,2.5228844414741634,4.201628817675183,2.2766192054606407,1
1.7623063599602373,3.5876962833562254,4.918246799243626,2.4205969858243237,4
4.539091252000211,2.698623782749573,2.222201076739459,4.464478525957577,5
1.6324253380892768,3.5172773502831554,4.8814796940045175,2.31793601432702,4
0.7638215502652325,2.5205853563966585,4.199554851658584,2.27364955178083,1
2.1462482587738223,1.7091684113306926,1.9232682095028295,1.0970927833814463,2
0.9865306303861116,2.5867757598119585,4.252411715658074,2.353956795764593,1
2.141711704981336,1.654005743350405,1.9129450511670294,1.028409409767288,2
0.7165741245732887,1.5707790799092756,3.3165884072031218,2.02046980311089,1
3.7445535117016884,2.0709731242816636,2.252886159319032,3.781582615848006,5
1.5318384363638156,0.6919794879068156,2.5203244738597226,2.198027058857327,3
1.8011530157544229,1.1114218857147473,2.700221975290318,2.3773531071556313,3
0.7638706200630212,1.6098774540979475,3.337554914322994,2.046459823396727,1
1.89062845168223,3.088998711644504,3.937757146166892,1.4972492231418628,2
1.1044957397027284,2.6316300477257992,4.28885256838464,2.414170175438383,1
2.591863743070949,1.0332055500196509,2.030898822351949,2.8595030067412153,3
2.5184642663118657,0.8368803956688915,1.149202339395995,2.1951464474551585,3
2.908171957496925,1.7029676652274381,0.9865531011864669,1.9922788288131255,0
4.770999461311163,3.086183971921322,1.4556491344719042,4.017940551251699,0
1.9156083038610532,1.3857590611558859,2.234170858479352,1.7844929909877663,3
0.7975884795493561,2.5383966493862693,4.20271246104263,2.2971459907725102,1
4.576182082259537,2.771255721040714,1.6575695218411177,4.15564543136831,5
4.698637180889877,2.95400902751613,1.2227425857981273,3.923340824756516,0
2.512881247441402,0.7214410426122202,1.9209646298691192,2.7713126066514215,3
3.527222947990197,1.6911468592623624,1.003084127565774,3.1343268937375175,0
1.6774838146588105,2.959716799611562,3.854538984345224,1.2132162742912747,2
2.9501730998762543,4.717419986012792,5.819910381592272,3.0791022910479513,4
1.7822901460040226,3.594977980139845,4.915711037235695,2.422415826839406,4
0.7937187595522566,1.6084869136734288,2.95268573197496,1.0745200260164325,1
1.203814453558055,1.82992034810064,3.108377101911693,1.4175033877920526,1
1.9410258583655497,1.400371287024438,2.747826590152745,2.5057443425211443,3
1.3522705875838175,1.9671880416778256,3.484940696110046,2.3222265513410534,1
0.8428266486073244,1.606641917835824,3.3507121673044855,2.04980440311569,1
1.775753873701001,3.5950356980086964,4.921928012677319,2.428092359865995,4
2.209558220447001,3.8186588022944203,4.861008612291165,2.142190530496205,4
1.642992938900898,2.9360915953491156,3.837787996564271,1.154617819573109,2
2.40351152047959,1.9734396881596992,2.2493410985216573,1.5100147323909732,2
1.546792502476278,0.7769538447111504,1.9849637042117723,1.3900535600025636,3
1.533264910230661,0.7618513212514794,1.9870864618233708,1.3793566307179321,3
1.2891681339624737,1.8810067353794226,3.13801654104459,1.4815766069642289,1
3.021530843647579,1.88717330184042,1.213108352299382,2.142981226344686,0
2.8895461414774557,1.6410859142031375,0.9772338819574924,1.948802283942233,0
1.7175893979524548,3.5551153388563614,5.145677847184863,2.9408378298875477,4
3.0316879199891815,1.861291115616404,1.357859433958515,2.145703215703581,0
1.2189893142163701,1.829954516584456,3.4863245562496537,2.2327036864123375,1
2.54186996269491,0.8428232579010225,2.010645189975332,2.8043221894171566,3
0.680591698650893,1.551454071709713,3.316072456239355,2.0027924456754382,1
2.2409728427620332,1.8223602572030315,1.9958338689631334,1.2564468987577588,2
1.8921484550385717,3.0876742751663753,3.9327041285289335,1.488162472617878,2
1.6394191823213755,3.511905171200766,5.129813898208838,2.894074223793774,4
2.4265375595803675,2.0526074721330336,2.1818906001589284,1.5620699069890684,2
0.9469933959783573,1.719690266129881,2.976012772835769,1.2196328074561158,1
1.2152636493582192,2.7091997452038683,4.283603165783758,2.46870166589489,1
1.724844258157261,2.2252376698422416,2.942835252354521,0.7310427951663852,2
2.765568015607394,4.610295438133182,6.142459237124175,3.8002882072427555,4
2.7325713662816993,4.5919784559160775,5.917347065535109,3.3532569261949687,4
4.492531025827716,2.6261653622677668,1.457868208654074,4.067438644467185,5
3.9476533309472006,2.492945086342084,1.1773966025017757,3.162138296598848,0
2.247107693012353,3.853186114696898,4.85981447797063,2.1895167625241845,4
2.5114475206829523,0.8027281963648923,1.9597889287926,2.792488748671748,3
1.1398290938251936,2.6875548831476177,3.9688481444437493,1.7148762801486128,1
2.6475919179081693,4.530279220916349,5.897640197143139,3.2811749835148567,4
1.668789966730503,0.9975157108924588,2.046504607434628,1.513401105960213,3
2.1612359167569504,1.717071707640041,1.9160070702664223,1.1068644783515,2
0.845426586768105,2.575735262693943,3.915881044043618,1.5475831744182038,1
1.5530438648925053,0.71868255068485,2.5197761101238174,2.2145621116143492,3
5.492427400301747,3.606873671445295,2.3538508409545904,5.047723640276683,5
3.018807691125937,1.889334902776982,1.2245051154948707,2.142299559554908,0
4.491038334817137,2.6115711503456813,2.1369058272055,4.4153661253439225,5
1.5629571595947038,2.121102153125893,2.8333708569578975,0.08595403486865764,2
1.563902153415061,0.8223118800747519,2.002721098466801,1.4170988123711181,3
2.7967854030613784,1.4091191792172746,2.340427897962417,3.0309821948703317,3
5.706192034037057,3.932055757804136,2.3183096098222395,4.986934373787447,5
4.695220416863264,2.910847887694797,2.5670084577634493,4.611189953780803,5
2.876188282107755,1.6200280617810447,0.9159031649626738,1.927184263954232,0
1.1450834688334057,2.6443554228045305,4.293018573330497,2.423274552910414,1
2.6115159334441223,4.513790663042626,5.867783426513082,3.250753979259951,4
1.990909538378702,1.4065193104205815,2.3746212160841575,1.852354920044261,3
1.5684507077084056,2.132212406378118,2.8373272707860173,0.26409872446850385,2
3.4985662131785413,1.6350259736599684,1.773100005583275,3.554660480188764,5
1.634562379851754,2.1579365866923523,2.8822088800740797,0.4939878372756932,2
3.4816404016079514,1.5984318885631414,1.7568560137904325,3.5342939849874786,5
4.182275582829035,2.80025028143577,1.9262831310404487,3.43371266373954,0
3.5600388149878155,1.795839767406255,1.0166563574553016,3.1718519042914726,0
2.0957707277403053,1.6357945869403967,1.86687570923616,0.9748107654298159,2
0.9567901706317881,1.712894263882201,3.3639407076494483,2.108034393042893,1
1.2116104455157335,2.6801575253007073,4.324860904006341,2.4664336896294388,1
2.152432445158671,3.790808133840847,4.831970395798591,2.090566625057189,4
2.0693346224230367,1.5987635034486638,1.8503818508395,0.9236720954820148,2
1.653175425209558,3.521866314410826,5.126446653870284,2.896234805622709,4
4.487237875316715,2.6054329347408487,2.138446104754432,4.415035929379105,5
1.5365114997800355,0.7340126467324832,1.9687925040532177,1.3708079640382604,3
2.6241413515728715,4.519299131095452,6.084734919241066,3.6922418828453827,4
0.6784384163900667,1.547592822623349,3.302647056723733,1.992540959967666,1
3.7960735339821023,2.1821714361705755,1.7737649680402865,3.4300170547244004,0
2.602708312545834,1.0622525015986448,1.2696287067854828,2.2839733842426915,3
1.751935633749057,1.1491672214684907,2.120483576135064,1.613834884334055,3
2.8916335013136196,1.6610333984050254,0.9034365291312529,1.950892039182101,0
3.476674263460304,1.6186217113142058,0.7994134881482743,3.0896646181741545,0
3.3118175154161937,2.2758128778051963,1.9347010480937827,2.527080497279526,0
0.7690343291348396,1.5922410014060249,2.9413460511479643,1.0599561540753457,1
1.5202184860641645,0.706097678546988,1.979118138132672,1.352595507568143,3
1.2470868564720539,2.7286055249975902,4.296900654918144,2.4862009243497876,1
1.5825839506138144,2.8978268403478364,4.391274508148058,2.6680198524993752,1
1.7255819155594456,2.9889171172618725,3.872407341179646,1.2795480824344663,2
0.7895628096456536,2.5404731239504894,4.20591283582074,2.2931332398151785,1
1.5898548852427634,0.8335322477354421,2.5467382049790572,2.2410789141734373,3
2.7152106537805007,1.3388415851004425,1.4962365324181068,2.421927001705258,3
2.56331512977827,0.8814279842195285,2.0239911315488195,2.8216089487620004,3
1.7584936450391755,3.5837002243364684,4.911254907278112,2.40904294487222,4
2.5010105034125023,0.7254747129105287,1.923689225436439,2.7700644834172867,3
2.503673810791259,0.7565348699049408,1.1414294499408049,2.1669648936222536,3
1.0645140965866091,2.647747440930897,4.258053317696181,2.4074176290602605,1
2.575788722174465,0.9810208344234055,2.014155226824688,2.8494167889112956,3
1.1096137807833955,1.8129621156359128,3.4165651162841084,2.1941083184694943,1
0.7819034028574486,1.616776647992662,3.335188407094415,2.0471617855468676,1
2.1406244834740966,1.6909370740998002,1.8987671879364507,1.067078442850453,2
0.7730030470640786,2.5357642793347615,3.881760582761129,1.4779036300002408,1
2.579859457719535,0.9941420231117266,2.010054217385291,2.8457763576553434,3
1.571745150706141,0.7492079048055482,1.9802713735597632,1.3767129702647545,3
2.6031702171196893,4.50117355070609,6.07346557962534,3.672794710092114,4
2.2419616423367743,3.8463141375670538,4.851069398579974,2.178231199444084,4
3.0987549067258753,4.791595064795388,6.120768481133691,3.6459067018716045,4
0.9882498690381613,1.7074384331088046,3.019195532462267,1.2183458917540602,1
1.7458516227412704,3.5538568496522855,5.16769166022247,2.9447346150214675,4
2.5060302700751067,0.7718806197677213,1.09538159945936,2.1633373797997897,3
4.486377780566535,2.593026895999965,2.115728016643295,4.40765189158327,5
2.9851501188303478,1.8311191658881327,1.1437239870842446,2.093592463517765,0
3.503699081391853,1.6377242479041678,1.823771188974705,3.556921780227232,5
1.6974856990619374,3.5554597927490423,4.900546468225403,2.372793640321592,4
1.6588273724665896,2.929885821945201,3.8538237327797944,1.152984319429551,2
2.508394099799004,3.966549745384957,5.4861717256787115,3.4451455637812867,4
1.8441343540498674,3.062142060246292,3.9206105733537404,1.4372442208912697,2
2.541526838078396,0.9075149437044069,1.1890694845284042,2.2233735077843115,3
5.568240362724243,3.7190712663123056,2.9547757280747593,5.41113275662772,5
2.555737523478403,0.8786102842650377,1.23850254684372,2.219389321376274,3
2.91960600970518,1.718260621849778,1.0031092559292032,2.0088801433311816,0
1.6656866608694267,1.0064876794839086,2.0545162236490575,1.5114886481130139,3
1.6532801040711105,2.195194414527409,2.866841389597631,0.5819359190105561,2
2.876403852842921,1.6196944025058724,0.8536428051251362,1.9253404714583835,0
2.6047261585778583,4.501743149875185,6.069301490487321,3.6746608219507086,4
5.48329614144164,3.580482871152797,2.8097892376006346,5.322577306675689,5
3.989257612680733,2.48757048286966,2.146827282030338,3.6341710276445043,0
2.0749298354584846,1.585373284088655,1.835526723238843,0.9173360160806958,2
2.6207676845485954,4.52137425047656,5.875740710660455,3.26548912553399,4
1.783456891449888,3.5918303476175173,5.165610249122569,2.976867637519342,4
5.63899177290695,3.829644455080725,2.1894794684674714,4.909281751542321,5
0.703480398804162,1.5816060925022515,3.333421446000773,2.027408762546479,1
2.505184903623066,0.7703072623610447,1.1030264987295466,2.1689223163875875,3
0.673000563935224,1.5648187414648573,2.91008764419595,0.9975705145594236,1
1.8400471686072493,1.2744662849536954,2.1764386243627474,1.7057597546737246,3
5.4760036738497755,3.5694377412361917,2.3209246858280714,5.023641710703605,5
2.492979612508186,0.7416018881488268,1.121698898094321,2.172881927389092,3
2.9692082799348847,1.8010946921062232,1.101550528382931,2.0713411860939197,0
2.491804752500341,0.7194135263787854,1.9375208933554056,2.7691221866834774,3
3.76280798228197,2.155381743149034,0.3598711776690625,2.9242493912162084,0
1.7417027640031515,2.9985231311212335,3.8799664085834906,1.3089082161087855,2
1.7333070897546992,3.55053084536271,5.169717434784689,2.9482659025244966,4
1.7157601382301098,2.2124038479475208,2.922733595956988,0.6808101861085174,2
2.711585469671098,1.3259034719160754,1.481517043903197,2.415928781047844,3
0.7553247541693313,1.6069706463857563,2.918473553902912,1.05277722411367,1
3.4771092860340125,1.5960475672991998,1.7792819743818562,3.5355114234617746,5
1.5869664636996101,2.153334834676299,2.851576306784383,0.37475596350616563,2
0.752828197846168,2.535293092851758,3.891093299092238,1.481467205733504,1
1.5323535433252173,0.7044546765697233,2.526859635640887,2.2030190336043343,3
0.9958478345852672,2.603393319131734,3.9595154944996565,1.6108761490255108,1
5.476717010503138,3.5669245802341254,2.7960557772482675,5.312616903863459,5
0.9465092681375695,1.678326303543742,3.0045009930272726,1.201387577511964,1
4.635181218199305,2.815555106816849,2.4466844126675276,4.550510190360539,5
1.815096056310047,2.2623875813168213,3.39366458365715,1.9374163070527393,1
2.4955803350441017,0.7215395845425757,1.9528466452488973,2.772709623123825,3
4.704591855877108,2.9751750108834742,1.2493579997092268,3.936524701229181,0
4.488321040938132,2.588843090688456,2.1511282463515307,4.409134096795668,5
1.2376963676005046,1.9024908615966474,3.0683402922181267,1.4550156724770045,1
2.2586715053347164,3.2933597330878355,4.1774206982948785,1.9232722771582251,2
2.65183029864203,1.187282443708291,2.104505166304703,2.9162257293991827,3
2.9281524901492317,1.734193537188553,1.0214812820491048,2.018245280976899,0
4.7139690211125185,2.945728474249067,2.060562027206027,4.292065857729632,5
2.916170069812978,1.7233382127547663,1.0165293429923974,2.002347300578095,0
3.326498927757031,2.295456134810686,1.952338285589339,2.540863640879501,0
0.8816941488151198,2.568735138150724,4.211417144587856,2.321914632120416,1
0.6853856184807686,1.5556114732882045,3.3218934188450575,2.0093507946304334,1
1.9550314765099799,3.0949365814905296,4.002097430801706,1.5457629131102435,2
1.6218838613067914,0.9297793408224919,2.0341056513287223,1.4774866295133724,3
0.7401076230569323,1.5709758521323083,3.3352029655334805,2.0252206330301927,1
1.6190114344134847,2.920648225983622,3.8302669597225734,1.1268619980138017,2
1.643219029949109,2.1869148902906836,2.8610573078706194,0.5456441252932732,2
2.5343890074544926,0.8593541715777124,1.9594006013187162,2.8029878665992825,3
1.831547223254034,2.3442462913578113,2.968732076145705,0.9902998817341778,2
1.6775993097257302,2.2175729349611513,2.8852230082323005,0.6710041291145165,2
4.497471188069628,2.6218680758357933,2.1516756516059607,4.424838564004119,5
2.8602194983967713,1.5971234549784612,0.8692425621182194,1.9140005593196676,0
1.7837551864444006,3.598727910181436,4.92347729172098,2.4330086368903294,4
3.496283283656781,1.6413297070636084,1.7765120026722578,3.55185073308922,5
1.888688753977175,3.6458574396843373,5.198016422531854,3.0441046691013423,4
1.575011662146505,2.1323772001646017,2.8332418347910484,0.2877753867547894,2
0.9305668046518419,1.7023048625633281,2.9609348488677507,1.1936759812733582,1
1.6510382135449648,2.9429796388010208,3.844561964237384,1.1768353371121953,2
0.6731935858756339,1.5598666157131293,2.909507680113203,0.995671301808831,1
1.3153015376073705,1.9469923342283166,3.479177804186258,2.305173577047346,1
0.8053335205803499,1.6069976419282688,2.949488433020449,1.0789459352215873,1
2.5403696139438217,0.8385685386989858,1.199064236812469,2.2001834383112078,3
2.5483684793818675,4.008652833210603,5.028242639178848,2.4801756941789868,4
2.5775736841307713,0.9916905017832495,2.008027674115029,2.8423687801154496,3
0.7259103894701562,1.5936777492737575,2.912331581367409,1.020953522984668,1
1.5605679049930585,0.7960412888895245,1.985036599222547,1.4009931660815378,3
4.51008071345462,2.6433838592202785,2.1728446819760587,4.4383403206170655,5
1.610230597379424,0.9068905827094002,2.0277466159085997,1.4680991193346458,3
1.0294947830792052,2.6387324019262164,3.9398593928978687,1.6416174288811325,1
1.100699666412371,1.8068705748451108,3.41013477081516,2.1835140750496445,1
1.1901216631798417,1.8136153106432102,3.085437990821173,1.3802590374101917,1
2.1432537426879295,1.5893735994297111,2.9522781894260546,2.6442664722736593,3
2.548986530665075,0.8885972084598168,1.9689263044011307,2.818018948043362,3
1.5752016102136734,0.804804135988258,2.541137765281723,2.231341358814557,3
5.471776441492896,3.5722706919309957,2.312633151444962,5.023011518893256,5
1.5625516466368794,0.7572959123869714,2.0004962242595865,1.3836092624465415,3
1.7691136818651125,2.2925327197095586,2.9303257608324196,0.8548710921316247,2
2.089826481395303,3.766102726332705,5.027829012472295,2.65689777847553,4
2.869897276395194,1.5325180084825798,2.421062324354646,3.099249323888629,3
3.055119589644314,1.9461485503116445,1.3051213675014566,2.199159090515921,0
3.4818091991127855,1.633458485105193,0.8006730788703029,3.089199803284777,0
3.513541325593185,1.70516817219662,0.9030427147791559,3.1256010699998615,0
4.822512644718359,3.164841910786236,1.5908125848148313,4.077099362664694,0
3.769135066502517,2.1658556025492213,0.5246621867214228,2.9370230833772686,0
2.54280232217254,0.8197861780045168,1.9886795234949588,2.8027566935711308,3
0.826170360572691,1.6080357119098654,3.355134495759381,2.0481413849846697,1
3.4945151096065636,1.6162085019466388,1.7518349455772253,3.543852875230728,5
3.7416457891034836,2.13365223100171,0.3364771946700022,2.9070178085340155,0
1.5712489831567162,0.7308892131269912,2.55007502457251,2.2264325808472427,3
2.7318193292062563,1.3700226277743293,1.5115564269715365,2.4342958512376702,3
3.51181769475406,1.6767097889647085,0.8282902195625076,3.1157908821606064,0
3.744087473924278,2.073944954552965,2.256983620876045,3.780423884281202,5
2.17682803647965,1.633801856617181,2.981087454291641,2.674693112745076,3
0.9179621521753427,1.7026177129789783,2.971726807795999,1.2092127568562896,1
0.8401723680543923,2.5580880829699177,3.8900811300409175,1.515784259702489,1
2.872273433205065,1.6201804548469936,0.8605760716052464,1.9243275150902939,0
2.52226321609585,0.8437862202529399,1.1574877382075182,2.2040435883847946,3
0.8825023789634071,1.677099661106488,2.9547157907954604,1.1711746328819,1
3.013229832251324,1.8793684372837791,1.2061241494403578,2.130695617361644,0
1.6755425284252528,3.5357782756223197,5.140310877926976,2.9200611678018475,4
1.7677188505237478,3.586114139652869,4.906407078333779,2.403283358092783,4
4.469197471447991,2.573938785477047,1.401286618757711,4.042667585296165,5
4.471858842949287,2.5792962081554314,1.4008718178005457,4.044015390722862,5
2.501967742570934,0.7617628536569152,1.9403398265701053,2.7773970039655795,3
2.8781592625481407,1.6212496660391882,0.9306148649372898,1.9338931709828315,0
0.820516313221988,2.5585264998285653,3.9023253140290923,1.5316247378279992,1
1.6645198928855027,0.9809983202146799,2.5933109925593714,2.301571672931573,3
2.8744979964910007,1.618592183763243,0.9465908062619844,1.9350988361386212,0
2.332912668892245,3.3384414333455106,4.20882388726385,1.9968036400855655,2
1.5952302733890347,2.9016453639364004,3.829159612268731,1.0864869063794722,2
1.482397923618685,2.015095592756073,3.2252119899820824,1.642476306197463,1
1.4858263492994845,2.8153593385224958,4.118436799960265,1.9449002203249945,1
2.1351084672180094,1.6400450952336865,1.8956381712403707,1.0153130980692828,2
1.279274732638056,1.8641873413085217,3.504897494369047,2.2644333074933907,1
1.154258723742098,2.6925320854245434,3.9687250334557,1.717730303506639,1
3.5250052089099047,1.7259919941811301,0.9305630160355991,3.1381717245706353,0
1.0755967275942893,1.7995941964430855,3.0148293459778954,1.3189306357257353,1
1.6746036715324872,0.9202222443381883,2.620960914186295,2.288845182178946,3
1.7544940047035176,2.278832257123384,2.9186702813805203,0.8152401865257388,2
1.7831839995360037,3.5795901628722473,4.940196373425425,2.4145548516515394,4
1.2948163488587936,2.758232320204102,4.011792212962235,1.8265186987509654,1
3.532241935071472,1.6934916961680342,1.8886740042002528,3.5850936582470183,5
2.6343383233076647,1.161863773176154,1.359427335120079,2.328286908197915,3
1.6850456284401514,3.549372048637793,4.898955009105832,2.3675556158652595,4
3.760800494511607,2.1548658752626775,0.31624900007692114,2.9238144907068837,0
1.5934020782383342,2.9079304075597214,3.841904105347336,1.1013661532935701,2
1.5178588788806653,0.6963170559461863,1.9832575535319712,1.3632695130666581,3
4.219926296345159,2.856429044417151,2.019724881004429,3.4829896885228697,0
4.497295369017038,2.5967363268686046,2.1487317720988326,4.414221578708994,5
0.778990958370458,2.5318279975198146,3.8974419574800767,1.486435014239849,1
2.9568550601082437,1.7770150275621126,1.0645665466157959,2.0519518530715444,0
3.992882200103082,2.485562380450764,2.6730136289389574,4.029744926910296,5
1.693071756833048,3.5426844024346025,5.139233293998838,2.9259017725140417,4
2.6192415942290674,4.515704202890865,6.086408010901513,3.6927780187274033,4
4.523949630416304,2.6671187587002545,2.1829830933841263,4.445625890304863,5
2.891801601073729,1.6654905875928134,0.9226639561967912,1.960830535540429,0
1.8442361802884142,3.030510880561339,3.9469370354085256,1.4060158446909692,2
2.882986880119648,1.6201135865849512,0.8830696339695481,1.9317745965085418,0
1.4553216138244611,1.9974549071462075,3.215574228311533,1.6228833241101626,1
2.095770727740305,1.6357945869403965,1.8668757092361599,0.9748107654298154,2
3.5169818996627336,1.7019665960140797,0.8794458579199128,3.1245068337957043,0
1.5316671159496955,0.7082451211802873,1.961055652344896,1.3529421111098203,3
0.8224514613123702,2.5438346986902114,4.22152669185664,2.2953077925033756,1
1.6650028802150865,2.954651818727164,3.8545607378392144,1.2034235560759872,2
4.473648888679794,2.585347641750817,1.405390698933081,4.046086718524886,5
3.5196076239520453,1.672448136716369,0.9462422997976253,3.1225466334836494,0
3.7550414991499887,2.1481696666589003,0.3450931915132166,2.917085534192065,0
2.666371334176106,1.2465414087887936,1.4277451062624138,2.3654539128032583,3
1.1017477492447607,1.7514655028200594,3.4368336116114544,2.1673452535319386,1
2.598012852811547,1.0667831231153002,1.2800005192883188,2.2797678945281223,3
1.7309454181971466,1.1107068687559367,2.0985345511943243,1.5855956602314767,3
2.8848477296798993,1.6355710673962578,0.8599754967473513,1.932360889807625,0
2.4986678914356393,0.735886938246291,1.110403427014111,2.167301709845242,3
0.7844920008253792,1.6033944643764724,2.9543194155933663,1.0831187550515171,1
4.487015487890222,2.608440139528595,1.4394604901772112,4.064511634697634,5
0.6856408003877237,1.561490375239851,3.3227361592519453,2.013936885999772,1
4.766127689069797,3.0767850945259583,1.4402995968448853,4.0135757650507875,0
1.631298266002656,2.9165997181825833,3.840111857535487,1.1152630876130407,2
2.1844159753463965,1.67255509969896,2.5521622935942903,2.04798482772642,3
1.1434162845892724,2.6926826790733505,3.977449581707118,1.7289079650469346,1
1.6462592521723196,0.9519201577864171,2.0293249931305204,1.491191911420488,3
1.4379567222973721,2.828290334106293,4.356496304568345,2.5899779947258774,1
1.5256978830612735,0.711679359639983,1.9815020228977036,1.3542145171358566,3
3.321515003681554,2.2810981554812595,1.9229818975020514,2.528783199701765,0
0.6713413868837385,1.5464751903829301,3.3082193014355603,1.9898760833269433,1
1.5799638559285367,2.151259880184411,2.8556025571551293,0.3939166966408611,2
3.763400163497919,2.176035239014131,0.40839169130348,2.933781904911312,0
1.786330203616041,3.5694011333262656,5.179277076521194,2.9664871188905644,4
1.6057245614494313,2.149039314562068,2.8322923754708373,0.36754576413877177,2
3.744168135206534,2.0753140808336417,2.2642915947563913,3.784355756986133,5
4.491687348160563,2.6030158007534516,2.132524130114571,4.417656077477377,5
1.6885439246363603,2.1955209314290407,2.9103429408092563,0.6207062723099529,2
4.68132202036888,2.941092126900812,1.2040168195597345,3.9122409190010585,0
2.6190424424991696,1.0859242051969675,2.036834296346568,2.873824956062517,3
2.6243103903032865,1.1208304345708109,2.073364307318474,2.8914261241178383,3
0.7078205509637993,1.5628119885748775,3.3244598445474276,2.001526812624048,1
2.862441736572065,1.5991166859434036,0.8515807171646055,1.9207481458794458,0
2.88218513076999,1.6201521509553671,0.9371975298740796,1.9451353124681672,0
3.9217650842116734,2.4440353818346883,1.0792548332098482,3.130931211904338,0
2.6424985316670906,1.1522152360525248,2.0842284476796977,2.907159071933603,3
2.097095809883222,1.6258005923249965,1.857396944755722,0.9887958135182222,2
2.085458830332189,1.5948740628172688,1.8526498042117705,0.9287977933865744,2
1.5525317504921294,0.6815143169162432,2.5198595558226287,2.2018009039277238,3
4.479691952598458,2.5824927255142742,2.113016766140659,4.403063602020044,5
2.873319126969111,1.6132904501394114,0.9277555354016547,1.93289514203875,0
2.400287648456119,1.958084014190852,2.2289261749528366,1.5030381906219334,2
1.0817077720749004,2.657153278093358,4.26127345177459,2.4102640052595476,1
2.533934500236073,0.8649392048212264,1.9652728435860627,2.804856931499267,3
0.8969174417317474,2.5922979799000565,3.9215244954450723,1.5728576450606033,1
2.507652321129801,0.7232202570178217,1.934941479903006,2.77666327412356,3
2.962162546227064,4.7296653811954235,5.824245804822279,3.0939849742947607,4
5.691547587361966,3.9121828993697,2.2907627573768035,4.970205795791392,5
1.6450173899375051,3.517903871515294,4.8825053092454125,2.3165724568227097,4
2.7317830332431154,4.5845833719571,6.12068192974633,3.7713630615150615,4
1.536748728117177,0.6873391157507113,2.5312191935869124,2.2018746243525538,3
1.1625567123126594,2.6611154868776876,4.3112596984652605,2.441968407781336,1
0.6595850864936519,1.557255815574868,2.917402901348326,1.012816172816146,1
4.623239569904193,2.797817703267435,2.4333760691300825,4.54402919021911,5
0.8722264549073976,1.6819843296826464,3.369406240128487,2.0928523976734326,1
3.5297667354367106,1.6955828113313263,1.0080215585977756,3.1358996918040947,0
1.568473359801788,0.8274331501194179,1.9994436857405937,1.4148866588705953,3
3.4813145930391514,1.602608526019181,1.7560797424485293,3.5353271012658487,5
3.7762316608765762,2.180657393129499,0.6052710790932043,2.944609010803691,0
3.507023649781983,1.666855168406141,1.790092852530856,3.5610018458086357,5
0.757807294284676,2.5245624763001615,4.20121035024552,2.2818753632593918,1
1.6677081129585463,2.9295980905985233,3.8573699339566203,1.1760015799702077,2
1.0808826148654063,1.760348164325261,3.0609783121564633,1.3100484661211944,1
1.7144242619071983,3.545849556540828,4.915793631649531,2.3767716073261167,4
3.5091618244709273,1.6365896049617084,1.805781695361047,3.557991445971274,5
1.73143601885603,2.2615655446184273,2.9113166334392755,0.7830522594390255,2
1.641060095510339,3.5144119701752965,5.13124942589841,2.8952658317585045,4
3.764743004041115,2.159554027762455,0.40075321873210434,2.9246054893812583,0
1.7307630208825813,2.9993706600331405,3.885899199915963,1.2987111114128627,2
3.5204490377451214,1.6678999991592545,0.9055674547735988,3.1174447452459417,0
1.9094652107928403,3.6617339329477696,4.9576889395035275,2.5193516686914315,4
3.8672783990607766,2.318416911847321,1.0299686762956857,3.0546941746043674,0
4.473640936339767,2.5766550980570737,1.4045283709283176,4.0430306383481165,5
1.3473750086908016,2.7419429726310764,4.366216573116697,2.5306914218155443,1
0.6908301608555227,1.5653918287290856,3.3132907745552416,2.0031478282962865,1
0.6811948673684319,1.5583027238078218,3.3171765927386097,2.0060449757025896,1
1.1634338426889632,2.661573791700756,4.311698758648174,2.4425992933468397,1
3.4945881669994536,1.6443128594504535,0.791505230377334,3.0976559600190683,0
2.4182673073787133,3.402768179044226,4.2710989108138,2.1079947878497234,2
2.059661160259102,1.580350480064222,1.8457324115437808,0.906195955421764,2
1.596003066059734,2.08931272771132,3.645318105380205,2.4606866671474665,1
0.8699009507527512,1.6751127548484472,2.9584896268924297,1.171008089233542,1
3.6160177781497236,1.8940495389452572,1.9689426771797147,3.670203840872631,5
3.483564504775088,1.604771713210934,1.7666152224538951,3.5415874874899567,5
0.6675167317507957,1.5634020354163178,2.9239375190209,1.0142167615094917,1
3.4953116440825225,1.6615261085892175,0.8469127147051633,3.1080582661290213,0
2.606317273910405,4.510476408224485,5.867760127839599,3.2476589609834807,4
2.616001866067103,4.505140202343833,6.084005835427606,3.6873121872850283,4
3.4887118317522106,1.608873458122657,1.782452813204111,3.5405201432090667,5
3.493624543267191,1.6419151952063482,1.7777909278222883,3.549280662804494,5
1.5928613180465683,2.9042733727972716,3.8303882930781556,1.0862470781223295,2
2.7601991147603075,1.315409558160442,2.268270248519835,2.993830822237907,3
4.502126269242696,2.6030672004050395,2.149988238163202,4.413830782449497,5
3.503571726549217,1.6422514038848601,1.7664904305489149,3.5544682085283896,5
2.510316069568692,0.7779826016435073,1.104616705042994,2.176423750703663,3
1.7965664051550483,2.325606569222792,2.962170904659064,0.931015053915975,2
4.852189774925379,3.177161251929135,1.7735819725330646,4.101391887768186,0
2.5069832234241782,0.778161053087776,1.1027642061115983,2.1688678514141047,3
1.6233201709643077,3.4959876150068983,5.112963770508077,2.8753004474350807,4
3.6290402153878074,1.9322508341582896,1.2114496580218606,3.2493995917215885,0
3.7507339888122178,2.1621401064195784,0.387303726759893,2.921715710582847,0
0.7453004566773429,2.5329154866940495,3.8920557564575016,1.4795541082353072,1
2.326808801762312,1.9273573610747716,2.075309175402102,1.398841495669327,2
2.6138687851911016,1.0717882031221766,2.045013513738891,2.8804680152592015,3
2.503813122840605,0.7454474836561362,1.9454953453753585,2.785142688175063,3
1.60471034779708,2.9025840557995966,3.8298581015936386,1.0929228053495053,2
0.9377301011925583,1.6738705931239022,2.9948506926669616,1.1764364444815865,1
1.6448722509473814,2.1939275456572593,2.8693082903674276,0.560132937932072,2
1.7185606489469776,2.959817707017656,3.88589375035775,1.245538240177868,2
1.6352007701333426,3.5198106358555163,4.885090673630995,2.3211265759584996,4
4.545648045797466,2.7124754364978867,2.243146553177121,4.474538508230708,5
5.571386044187103,3.7338659911999974,2.5141585288286357,5.132175075966703,5
1.6599572540949903,0.9172708599531043,2.0803452404544096,1.4860735675702272,3
4.462190445418035,2.5657317551823513,1.3941071615799963,4.033524456377705,5
2.9539626633603002,4.723893002079724,5.823508483037275,3.0863178403134315,4
3.757418345194881,2.1596622663093363,0.3358282248646865,2.9234231820061876,0
2.5409506005293085,0.9122720789600882,1.199870873463485,2.22706308336118,3
0.8296018890602096,2.5398826253475817,4.220283986467498,2.3029919015466773,1
0.7783967380556446,2.5401524242218625,4.208022647761018,2.288265690068859,1
0.7912080062257326,1.6393541207488018,2.945285459273511,1.111975916362224,1
2.201796536587236,1.7657531514610476,1.947299463024652,1.1790315554393456,2
3.447668077459028,2.46269690154125,2.1623974553977043,2.6995457517171673,0
1.7502448434911924,2.2723741265042334,2.913247886830195,0.8077215689077616,2
2.071230361299906,1.5899147780917273,1.840475130522634,0.917868289954602,2
2.087761387881826,1.5981424487790368,1.8435406685129079,0.9207933819601789,2
2.0733020949595504,1.5851229739467994,1.8364430650356043,0.9164384304419172,2
2.603583013963726,4.507991833247501,5.867633793758833,3.2433860768439304,4
0.7720369987562674,2.537464726281092,4.213418513277408,2.293567555187295,1
1.3268355737295467,2.764975360058821,4.314736459392573,2.524259870443808,1
2.5365548985913016,0.7874035731457438,1.961103099167732,2.79165641842864,3
4.504568796317221,2.62376128749383,1.5337106055085556,4.076238245643809,5
0.7792000364337861,2.5355038760874,3.906537353159684,1.5019138466876092,1
3.8481266807162045,2.3280484542189455,0.8302721603274981,3.0360113812364125,0
3.079825673945013,1.9365070552390762,1.4795393800758891,2.2175929419380207,0
3.9217650842116734,2.4440353818346883,1.0792548332098482,3.130931211904338,0
0.9326811975811369,2.59422381347398,4.226937632049479,2.343417684265346,1
1.818434208179224,2.2977459976607477,3.0028344974819414,0.9142626972091449,2
1.6856283963502903,2.9562564384506094,3.8421405618832383,1.197235096927398,2
0.7483730543665666,2.5392906825588946,3.9058282314059594,1.4884142325258058,1
1.672633829789522,0.995960070147748,2.59811524810701,2.3075822570878786,3
3.089312337039187,4.8177553452086705,5.883454556080403,3.218923659725935,4
1.540937976298579,0.7144092188888784,2.5265129838272493,2.209784020850084,3
1.1090572004514858,2.662564793639303,4.260634216638754,2.4211149238164533,1
1.5501378837081037,0.7540026397955936,1.9634903953603184,1.372952101211128,3
3.4942325241673613,1.6283065228289182,1.7657229305235138,3.548309872571087,5
0.7574525719160281,2.525495372601751,4.203377029147664,2.2768437697549877,1
2.605699724410976,1.0515894627393254,2.03188074230247,2.8694716152451916,3
1.2370353197170565,1.8882265525682067,3.4467836948938717,2.257431591259338,1
3.6347122990650993,5.535210786703465,6.877983154247876,4.247726024130092,4
1.0489451063167627,1.7819127726250596,3.003394007938242,1.2909936312290935,1
1.6110504329442428,0.8529389420428192,2.061500432006902,1.449806735916077,3
2.2381079641371655,1.8099352916973412,1.9739111439615697,1.2322625638376252,2
3.4878828146635104,1.6078863277506548,1.7873658924784315,3.5455989759464157,5
2.2376165319274492,3.846456124785743,4.854346257144587,2.177782002432029,4
1.7012695266853537,1.0274798045478355,2.6012470503572005,2.324234735494735,3
2.8610772036112495,1.6106336999897828,0.8676547057238643,1.918134592188614,0
2.2317835511055777,3.8482488080775523,4.861008508967922,2.1771746733680013,4
2.426357349587081,2.0467600342403407,2.1717942441318323,1.5571093983495645,2
2.6677613401717304,4.550847015139253,5.890554935724563,3.3002736988502894,4
3.4808884057962195,1.5971543553822145,1.7493318931901107,3.5307718977620524,5
3.509882897970202,1.6524743398105148,0.9003635648694265,3.113007474195688,0
0.7096592353898029,1.5608557603710995,3.3236751575938106,2.0041839567655653,1
1.9193949247436681,1.3182778515788605,2.3197053334675717,1.774435149290267,3
1.562250081164161,0.774638199806209,2.543784241177676,2.2325453493194796,3
1.7795552079821522,3.589624716407906,5.1686457500347744,2.9826429885416705,4
1.5758161631906917,0.7657425573668777,2.0051533484397517,1.4012522114454053,3
1.6517589180061143,3.524264726846062,5.134508294302257,2.9008657365548354,4
1.8552356409846016,3.0079528812951244,4.5451994573651024,2.8195008024023718,1
1.528874937894388,0.7452945632396664,1.9848850074841724,1.3797090976494077,3
2.525013859071592,0.8083515827267597,1.9264157384398306,2.783444636281819,3
4.52873033063346,2.6880347091380234,1.5454839544454808,4.107830763445139,5
2.5017567631058695,0.7312282029308825,1.934412831841944,2.7770066646794644,3
1.6442202284180245,0.8481914778228601,2.584335717210039,2.2611953102063147,3
0.7333098009495704,2.5231571148761547,3.8871118569871523,1.474840594297253,1
4.506547711649377,2.6465757441209776,1.4934486370738014,4.087044697145045,5
3.5597455491160317,1.8016255122500349,1.0416179205569944,3.176833369349558,0
4.511579061556965,2.654979793129493,1.5032893394815336,4.091768500855318,5
4.4575895681520015,2.5611480018638217,1.3910796510068912,4.029718426963183,5
2.1979674702309384,3.8145210745436446,4.857119381727446,2.13159786341028,4
1.6625723131790602,2.933917235735297,3.8712038733490934,1.1960432174433233,2
1.7405202205535852,1.0596680863134305,2.174701374423303,1.5945646093445254,3
2.151827473150284,1.6989748426519278,1.8972863620905474,1.0790444323373474,2
1.7093561005216564,3.555792549361312,4.893523324135161,2.3732217710485033,4
1.4974573456890345,2.0839437364235733,3.1696453999132777,1.6790705726012007,1
2.579991528441141,2.168783496577199,2.41753782572179,1.7514542708249012,2
2.865889847093406,1.6278961947524,0.8977317536424142,1.9341123189173652,0
2.636312518296955,1.14207650693144,2.078047756351265,2.8996053708628122,3
2.183649411080224,3.814011621293774,4.836199352482653,2.1235937431741174,4
2.0175605760682553,1.4372035405358052,2.8778174806831305,2.555488688308762,3
1.080726428428744,1.782419223111504,3.3914847617344313,2.166237110553289,1
2.8698454625577807,1.5343448604949648,2.418700527046709,3.095121496908671,3
1.5621484619655235,2.1295834882018485,2.8395982643610247,0.284935715897544,2
3.537720543764796,1.7411811619463953,0.9291247846106719,3.1458521270243573,0
1.7830915654833226,2.270508313970986,2.987428397327638,0.871786202528755,2
2.518011265156487,0.7715287725736183,1.1331219599401312,2.177245885873814,3
3.536728001051312,1.7526341442606688,0.9694432722158333,3.1509124977476524,0
1.8007338446099932,3.6091772521832404,4.93080437007873,2.445636411745793,4
2.69971094068568,4.568916493084922,5.897494431325597,3.3196120005536405,4
3.7510105355937355,2.1533090944689026,0.33935675118522796,2.9210324135311687,0
5.641252967630012,3.8340867264688114,2.1928805657528074,4.914698318008495,5
1.572279778746316,0.7739055547054606,2.52650236321101,2.2238902104428586,3
1.8349840652027805,3.0578009096365912,3.918899811817787,1.427292665439268,2
1.9898443215561274,3.7046190620113166,5.234910258296602,3.1061557627095118,4
4.796599201924966,3.1283872713174077,1.5346101473396576,4.049380459742715,0
1.2753826638493189,1.874477462259855,3.1307750843124817,1.4615896087387694,1
2.1940104960639513,1.7170347712219245,1.9876013232587622,1.1425272922927991,2
2.8498076172558453,1.5877659787942953,0.8701010482656404,1.906319981217072,0
0.7563251455345251,2.5208882508249104,3.8850179281023123,1.4704366452855495,1
0.7058174404956993,1.6023386261919101,2.9337617975524526,1.0503819708531912,1
0.7831767667864504,2.551851289521987,3.9041192238784284,1.5124952847735222,1
3.7628664290518765,2.170655751710062,0.39190870347232803,2.9355842149146363,0
1.644650130583863,0.9806307785686443,2.052784590195822,1.4981710438802442,3
2.650091079299207,1.1985496432446163,1.3766929818394351,2.338940529674094,3
2.227403022081581,1.8030026528725502,1.9785731719747457,1.2287510941595599,2
1.908123469669994,3.6393623761871075,4.9909311362320565,2.5087118689861954,4
0.7804898054156126,1.6281623889977936,2.93103845145786,1.0763800736598226,1
0.7146746371194648,1.577403061143528,2.926978741571629,1.0148047188256042,1
1.5803561925534773,2.1322141632664953,2.827722688704944,0.21020566876053787,2
1.7155339349836578,2.9825450606182455,3.867987723354649,1.2644570401340147,2
1.781499471467412,3.5961239933006333,5.176459836097591,2.9856817560082596,4
2.5028380642226264,0.720211684973095,1.9157712549935806,2.7671447839072334,3
3.492734978054967,1.6314578253477496,0.756789987071611,3.088023217843539,0
2.705934364990067,1.297548117992011,2.154015387433032,2.9625318084299495,3
1.526489631767461,0.6981083052834745,1.9690833460469743,1.3589943157602202,3
1.110581083418884,2.67151155175454,4.269556841895763,2.4233484070708307,1
2.706559589087075,1.2129989281608444,2.21505365460749,2.9531071608378885,3
0.7039788874326,1.576930703023368,2.9061976156077556,1.0092752539381558,1
1.5414434009387714,0.6714624675236711,2.5160855437287672,2.1965026848713243,3
2.5045623189115465,0.7387915061454859,1.9623874026347345,2.7808238239021583,3
1.591629068369403,0.8190484375508869,2.0504516526495706,1.4382573349995225,3
1.5696593692363494,0.7507668113037251,2.5656343690814536,2.2324546641948713,3
3.8335867494155744,2.267701981537986,0.8940832086578173,3.0124296008765525,0
1.581506285289105,0.7906561707606499,2.023805195161115,1.4122025622100047,3
1.6317112749456628,2.1598950680554303,2.893545648038348,0.5288350223688669,2
2.494434417180906,2.132497409637199,2.243825607583114,1.6564760765119961,2
5.500749683607459,3.621511097478964,2.3732684672983715,5.0577106135126355,5
2.1552133356871335,1.6829942230748125,1.962644637839018,1.0782100548062927,2
3.8378801251906256,2.2448172239645814,1.8408776310650448,3.4695974425345457,0
2.8623475870327244,1.597814313534019,0.8562013612193361,1.9176290036568622,0
3.6588690183094443,1.9234297675908631,2.1139892919381285,3.702578615800096,5
3.44493863531067,2.4589412404282274,2.1504592052038456,2.6897949169898294,0
1.9765091401453363,3.6999628266521496,4.982987747866471,2.5696906754540514,4
3.931879142245061,2.4230191501916325,1.2813357052684846,3.137624157781591,0
2.564726248534424,0.9077721208957545,1.261741549253599,2.226491041718892,3
1.5832215365772617,2.158333447791368,3.2198092917767576,1.7597521630670083,1
3.0446856563223834,1.8742573907933289,1.3805385901880598,2.168535359439876,0
1.6052069690961395,0.9027999394465329,2.0245779610964934,1.4570522541867215,3
4.487217580381718,2.592536516046417,1.4097266382217692,4.046311755312408,5
2.893674739902388,1.6628025155253345,0.9213734042198937,1.969786035320826,0
1.6716673967469504,1.0003750995726945,2.042040035099194,1.5077985415935775,3
4.858616838606352,3.181960841462301,1.7732253836935228,4.106957465113449,0
2.571582565362346,0.9653187121763669,2.002509735197545,2.8418523661202446,3
1.5855715419756464,2.90042466573612,3.827552927155007,1.085186553541723,2
0.7068808448158186,1.5869149628780974,3.331015891419997,2.0215869403657973,1
1.5483049924889019,0.7111619996036265,1.9584616829667267,1.3550120211017265,3
0.6790346374751122,1.5655078917369323,2.9091061491776737,1.0117170560611595,1
3.8896921039466745,2.329089008022326,1.9489040640766953,3.525954400516327,0
0.7994120596614387,2.5419493415287553,4.201957881676276,2.2913518644193456,1
1.2761896377883184,2.716060797858954,4.04179470438109,1.785787552999557,1
2.0801997802073138,1.584927288730828,1.850795585716084,0.9330649019284529,2
0.7393041527733661,2.5174302247863998,4.189450534215611,2.259148252378835,1
3.506612451383431,1.6705248853546313,0.8328557087254396,3.1138081710116317,0
1.7399439530008134,2.9744538838091032,3.904685178284864,1.2889718129223262,2
0.7538305879796686,1.579319497124571,3.3424595004928346,2.033114665697719,1
1.017327159035554,2.637768115024063,3.9442008722730555,1.642991137558503,1
1.821198156605511,1.1613695890639488,2.7388199184388227,2.408155753658472,3
2.09164431751611,1.6260930173642167,1.859668569283322,0.9677118706547592,2
2.9015556252091894,1.6001654479894818,1.8756193205529716,2.5991291242592767,3
0.8270156775518486,1.6032148392162309,3.3519811123982652,2.0496331635320266,1
1.8389153597202654,1.2582481430571515,2.689532860868895,2.4288633712333048,3
3.8724937354125415,2.3314569659982167,1.067937781134722,3.0607822214228553,0
4.016897802293359,2.5941720406697675,1.3484923347134592,3.245921640023752,0
1.8852586147191994,3.620325964209457,5.224573092026796,3.0355744747966096,4
1.0299547884031188,2.6433778651402826,3.9444811597265286,1.641601363654279,1
2.228857747131913,3.8267842875730254,4.863872964972461,2.1510202392551543,4
4.692444024016909,2.9491080413438535,1.2793484669770003,3.9240822008078715,0
1.6814041946291496,0.9487906192853031,2.096918206442333,1.5102913721167108,3
2.0847933562777508,1.5902179977450512,1.8396894269085757,0.9242132037990074,2
1.6739270795177201,3.5402096326016066,4.887783378107051,2.3488397261662435,4
1.5524516246749085,2.119053207290261,2.833775936413214,0.19471714085737282,2
1.2923621964297554,2.720703358493447,4.045748810119276,1.7996677304361792,1
3.5193382632269072,1.6668443019973949,1.8623979689206922,3.5758463766209236,5
1.1547621640662755,2.6596312996498925,4.003058691442189,1.7145013290698536,1
0.6980352905661762,1.5718898863721966,3.3154253376111757,2.0055871390635374,1
0.856052336111513,1.6487647280501265,3.3411865513650376,2.0720344031963362,1
2.7548270590498976,1.3313585982506762,1.6484798358816395,2.4488506658010025,3
3.082873223668897,4.813543554088978,5.878869687881231,3.208085953865801,4
0.6643674411176046,1.5712708157330875,2.92236767065478,1.027937929088165,1
1.5633978529934787,0.7822620612716179,2.5476961107467786,2.2353428622989004,3
3.5692716773009345,1.8049564964936722,1.9004146370372748,3.6256867181837498,5
2.145123794347644,3.2148993128884666,4.108614689020293,1.7869967091520194,2
5.646915332608852,3.8421681878516782,2.202023254761294,4.922011610672825,5
2.9725604069349973,1.781479973770018,1.2618890974057326,2.0757617854571238,0
0.684791940496204,1.5665165821108744,3.331817374511976,2.019295074185931,1
1.578364238901921,2.132949483017697,2.8319653571588925,0.3054745491640279,2
1.5962825818454285,2.9066267403152626,3.8253478862312864,1.0951344046799065,2
2.6151134453659726,1.0434698392813786,1.3967974412384707,2.2904121161512188,3
1.245257488996585,1.8895486326605258,3.4446058411423124,2.2593420023615156,1
1.5712489831567162,0.7308892131269914,2.5500750245725103,2.2264325808472427,3
2.172613786102619,3.803482092487041,4.825671103124509,2.1037981061482665,4
2.170447396234582,1.6917463972238025,1.9520708006155436,1.0811061819343246,2
1.6615382216215742,2.9577595642290317,3.861514764560294,1.2081803611253683,2
1.6199540178146044,0.8791768061552991,2.5587831428529992,2.2663025245087947,3
2.65561741403965,1.1038772899151488,2.1486040540329108,2.90548822386475,3
1.1065538335078988,2.6392313704029515,3.98522178875676,1.6772910990077046,1
2.967886717235112,4.7340317342433265,5.826371728700966,3.094231150381136,4
2.2520243116029786,3.8568964531733205,4.863247097211797,2.1965694246038505,4
3.0232506567492528,1.8359700567709147,1.2934752086546522,2.1243909121277564,0
1.6168409999983036,2.924686677683315,3.837280332769473,1.1276380821075196,2
2.1529204191891536,1.663065775518164,1.923136367819978,1.053263790676387,2
1.5374224779194854,0.6952109596328847,2.5400532145630845,2.2142244393339996,3
4.500866267603124,2.603220994951464,2.161452168555995,4.418012998508426,5
2.861036894757729,1.6082846429866737,0.8644288179857496,1.9185541835753575,0
2.5406476191066716,0.859439561543035,1.9498140593345568,2.803687570576488,3
4.519857606186879,2.638997267676128,1.526207843937651,4.083173845040347,5
3.481701520152661,1.623346197137392,0.7828970514732526,3.0878051084482383,0
1.6658340476447404,2.9561740829910113,3.856978821593626,1.209525622399915,2
1.1624934055151122,1.8420981486252983,3.4256871171462517,2.2167037738965387,1
1.580993656674412,0.8235998299617643,2.555500746876385,2.246266846782954,3
0.6990661116801025,1.5596490850967264,3.3272981256841097,2.0144865762577684,1
2.6576272466247874,4.5304715600373715,5.897481912384697,3.2871689951758074,4
2.7347014366492113,1.270759170999045,2.2433152957268616,2.971745619959372,3
0.7980438768874303,2.536363053274134,3.8990162185822053,1.4883196776169887,1
0.6819076139388546,1.567782605079361,3.3329053860227265,2.0172893658475046,1
0.7976441711853681,1.6204012910734669,3.3311523660489537,2.046992048987884,1
3.5148130989903206,1.68380940186676,1.805537241944744,3.570813343598986,5
2.084267093549609,1.6030893901067846,1.8400296972195154,0.9174696087138354,2
2.601990410744366,4.499421217766,6.072649109390997,3.6721168210347552,4
2.886424949852181,1.6292636706049286,0.9202729302848137,1.9373863026039457,0
2.3254985691001213,3.8797620761956937,4.918181153796454,2.259965203375307,4
3.760510407206872,2.157267510407757,0.4391861134781206,2.921515673518771,0
2.4780047726774694,2.029668653603963,2.8214057664246677,2.3651836858579163,3
2.2009895002601234,1.714163414699022,1.9712595300392401,1.1404275074119947,2
4.5197884044425845,2.673491708887108,1.533463964378885,4.101971564300451,5
1.5758115323129598,2.126350761761487,2.8245874009267675,0.17548638825088578,2
3.4770790671111396,1.6036077342974717,0.7848050680116282,3.086056590119476,0
2.1049448008174267,1.6099102702680461,1.8770780595336019,0.9758357464788698,2
2.540401040166823,0.8457657268195711,1.228108749143937,2.210971008194107,3
3.1340373053753017,2.015125415766632,1.5808384843207228,2.285571776611557,0
3.1339528225395727,2.0017909525030237,1.5388437456434474,2.275250464684339,0
2.5050618987058257,0.7216222827662069,1.927311599374423,2.7749358331951903,3
2.2729731427807596,1.7707484679764782,3.0714167016810046,2.7574825919788726,3
0.9745343153857706,1.6820707450203018,3.399994753538539,2.1129714209417454,1
1.6951754526239782,3.5445221744220814,5.140767194372016,2.927316908025343,4
2.9777715619002545,1.8174274385306024,1.1332364758640465,2.090208752648222,0
1.9050096170379254,1.365721869796354,2.7369004530172822,2.4786275596166183,3
4.739349315021284,3.0290937954641213,1.332372434802204,3.972158914533339,0
4.476030530449192,2.571277486087763,2.1179249884874705,4.397170989158693,5
1.31018978308136,2.732286420199017,4.05868400903496,1.821158202187482,1
2.997092991020718,4.755288098807119,5.84088747423917,3.129933812165024,4
3.92658612296724,2.419334962994874,1.2690472444780592,3.1271934515541493,0
2.1882030205036025,1.7537021282386445,1.945532938084847,1.1648111761522664,2
2.0462693355037134,2.4695625225457984,3.149459644865162,1.3061285880419127,2
1.7376992655657861,2.9692425732572665,3.890255077423456,1.2595157375106283,2
2.5118781191409956,0.7693384251783717,1.1481489135260035,2.1748693133524166,3
0.8531648396489532,2.5728838785535944,3.908006613018352,1.5407584739489268,1
1.0519689257338578,1.7726353866875169,3.3965875476149616,2.164077434475299,1
1.6432375612647863,2.171913468017184,2.8938237343302493,0.5080626889561283,2
0.8350397979111178,2.556842509491964,4.213782191956286,2.313205256934812,1
2.4881999370224515,0.717292913480851,1.9422388871634375,2.7682983459852277,3
0.7412080954066012,2.5266344326904013,3.8925106846266004,1.4771698404376545,1
0.679789745928274,1.5617281117005013,2.913482319490374,0.9983315106470229,1
1.5695415717110601,2.127413616238868,2.830476914896003,0.22018299766915697,2
2.515109009908728,0.7549895656653537,1.9636924690568742,2.785338730754655,3
0.8216481240098362,2.5480831456182456,3.911034107712523,1.504529341404785,1
0.7803011717835413,2.537197265897919,3.902235081109351,1.4880815099733204,1
2.9692082799348847,1.8010946921062232,1.101550528382931,2.0713411860939197,0
2.2729731427807596,1.7707484679764784,3.0714167016810046,2.7574825919788726,3
0.7437586585046473,2.5302883970343832,3.893642915636408,1.475592625250751,1
0.6717239162139915,1.560526957293498,2.9237985408218177,1.020868710613337,1
1.655819635005946,2.197932408385358,2.864668172584002,0.5529563396187853,2
2.9017629533672635,1.6548599636619483,1.0008716984288728,1.9656031996699852,0
1.5494571315692725,0.7342551782896122,2.0086389876114623,1.3981303370156788,3
3.5160464342887363,1.653348730874702,1.829792615155837,3.5647582424037263,5
5.647337335593625,3.845521220951007,2.203129144717484,4.920373321561462,5
2.5039674661480906,0.7839926045692212,1.1314222523864985,2.183184390157677,3
3.058222127963229,1.906548440895021,1.4334425214308413,2.185133758708881,0
1.6911769272093211,2.2364763512305883,2.9004304126691616,0.6996197237783273,2
2.8895429503454118,1.6624448161333123,0.9147125167685485,1.9528839105090285,0
2.302596222201524,3.88992236921761,4.885483138232937,2.2459260437186925,4
2.664739244429898,1.2246367552440591,1.4025655124729346,2.362164534987921,3
1.1678902200696042,2.656259841451619,4.304367748330742,2.4395650914355653,1
4.802754231821048,3.138043321283888,1.5511399810697286,4.056346875005792,0
0.790343828448294,1.628515724765121,2.9302787357595546,1.0872930914253405,1
4.492059055798915,2.607310355816314,2.131682917002447,4.415826739613726,5
4.69119298139655,2.9544378941305163,1.2232359488328106,3.9246680477131717,0
1.690502436378903,3.549020284441902,4.894213453203209,2.36568582386664,4
2.078111887868717,1.5948837245138212,1.8386271454448024,0.9179191604147365,2
3.769045945603408,2.1885739947161817,0.4509707856596942,2.9398501724809383,0
0.6684336388722799,1.566420740426332,2.9139787928052385,0.9985658406417709,1
2.0158831407007454,1.425861011745463,2.860152390014165,2.5412525540582136,3
0.6973318777583348,1.588757267739705,2.9239136584271446,1.0380045177581743,1
3.8250243823195778,2.2932520378482866,0.7695201222276141,3.014011163324371,0
4.515235467878018,2.63366439949598,2.226294543593631,4.438508417855234,5
2.094271764260714,1.6042095505809462,1.8748717188102326,0.9582656998656245,2
3.8182294574944966,2.239319962357574,0.7742493088889952,2.987754629053621,0
0.9344576954187644,1.7215338268214067,2.9841654532244064,1.2226020330748506,1
3.52226403600108,1.709543720129819,1.8358028901226715,3.5835962825954404,5
1.7987993506329132,1.1425573343171511,2.221045719065798,1.6574805628374232,3
0.7520295594013295,1.6013946798735466,3.327562193795975,2.0312274563553445,1
0.7401778552763059,1.6083416377241575,2.929761169407532,1.0693130597619358,1
2.8620143051613276,1.5940174289893658,0.8576782826035303,1.9193473554008018,0
1.7405202205535852,1.0596680863134305,2.174701374423303,1.5945646093445254,3
1.7423435422383011,3.5704072239630467,5.156930009334685,2.9583066489850123,4
2.73110554263053,1.367928765317388,1.5058605588851726,2.430588757126949,3
2.04099581055357,2.5108393438975707,3.080514241518038,1.3260532783021142,2
3.0685265238292514,1.9149965622416194,1.4393814790855455,2.1982194370536656,0
1.767083571607068,3.575991516620426,5.148302444880271,2.9591968565367694,4
0.7843527593885046,2.5392501847472544,4.203208234465702,2.286652262830086,1
2.8735732024091685,1.6089037449641417,0.8871723401904174,1.9274971055503698,0
3.764243866696543,2.1621226591811613,0.48129134072086815,2.926948355773955,0
3.4889631645611665,1.6231909535788658,0.8497454010843689,3.09245215430186,0
3.227047232763851,2.220920717165405,1.6538392812272382,2.429026490130624,0
0.9301362419737801,2.573654987910637,4.2463378105196306,2.338279952799482,1
2.960670856752937,1.7870476321724622,1.0928396815229187,2.067043856489397,0
0.7009425478443728,1.5548163844685605,3.3189781079283858,2.00168206581052,1
1.8908820356577354,2.3478019945888526,3.049934759705022,1.0638934532794162,2
1.248073154341557,1.8985366478783838,3.4525971846200565,2.263552369243803,1
1.8089609484904396,3.0164823336145163,3.9449385243756785,1.3860263610895998,2
4.71765137363506,2.9982637633870945,1.2876871497476787,3.9507911533110183,0
3.619658960644436,1.852813752265221,2.0443328582395544,3.6652066985878977,5
1.609790413401213,0.8787937744081291,2.0012602724173285,1.4480226244246373,3
2.524719940057097,0.8608842055448939,1.1570223657932692,2.198489468707704,3
2.9059419789375807,1.6140846872362271,1.8974275349675325,2.6090531117543407,3
4.073343526140478,2.6364760265413714,1.6587019565481336,3.3019806004680214,0
2.2593999485842113,3.8619143124004527,4.867344528476227,2.205951776151695,4
2.9300346727833504,1.7407757754932935,1.0315425856033178,2.0199153679607087,0
3.8432851213881154,2.314575952997089,0.7941633437748713,3.030572143603324,0
1.7486202973356497,3.5606054189440988,5.177684519092651,2.955579079643589,4
2.4883550758452953,0.7516484757952184,1.1272504291922576,2.1659627915141995,3
1.7002453369608468,2.9733876181872323,3.865761913380529,1.2605813976508988,2
1.580424867726626,2.124105878721208,2.838849866139554,0.20274506430835407,2
0.7496668839732329,2.5185489158266368,4.190206485358894,2.270011204744742,1
1.7680850079313362,1.0629024759505274,2.6752936272730614,2.3482516211677686,3
1.6575128539244008,3.5325263250957866,4.883024027123631,2.3304735586781122,4
3.3189595862253904,4.934323740184579,6.237880292674653,3.8283472912862497,4
0.6808014807694689,1.5536023312330458,3.3111317163070675,2.001150961164306,1
2.1759965622512247,1.7247567694045662,1.9111835397298482,1.1234293167280394,2
2.074792247396023,1.5876338370153866,1.847783908252452,0.9156166131836103,2
3.4945151096065636,1.6162085019466388,1.7518349455772253,3.543852875230728,5
4.713746882694776,2.985500072669771,1.2646357556235208,3.947224009867173,0
4.517709560871044,2.656257734715887,1.4793036901615675,4.08786079044664,5
2.9624240688693324,1.7890773371624287,1.0948459808231088,2.069531520229883,0
0.6681935584502339,1.5659602673189483,2.9142995354053105,0.9973530589035564,1
2.649443322326359,4.0723677318664375,5.080714203049009,2.5768984327779854,4
2.5918637430709492,1.033205550019651,2.0308988223519484,2.8595030067412153,3
3.8243284857144895,2.288593909715444,0.7435829046507639,3.0092079529609133,0
3.755347249635613,2.1507122708575532,0.31565292871602135,2.9170800866032716,0
2.1395157933944207,1.674709625991442,1.870757045291258,1.0344265010423657,2
2.684931368018465,4.548626132035504,5.911123081457538,3.3027907669004817,4
1.9026739156393728,3.663095376766357,4.964167254931325,2.521229527223137,4
0.860112814922232,1.6482676651596195,3.338580966626708,2.0710235367487675,1
3.8335867494155744,2.267701981537986,0.8940832086578173,3.0124296008765525,0
2.50669894583137,0.7149064539412046,1.9206021895455878,2.766350755069926,3
3.5568672888352384,1.7795084143205084,1.8772197287891894,3.6116604606038365,5
1.2338339584850506,1.8412035992801377,3.499006447054638,2.2517477449536676,1
1.2092808287425574,1.885783907951394,3.0602147064281797,1.431129310818579,1
1.587991416669013,2.89925477409867,3.8219831806883526,1.0833638006980033,2
2.127876489096555,1.6789156419441718,1.8956974461367837,1.0490390851328295,2
3.509890569696716,1.668283093399566,1.7923124289747165,3.5649638339311043,5
1.4904126988502595,2.8521486727067,4.367559698739114,2.6170543870485186,1
4.506185051146633,2.610602105311779,2.1749986495380687,4.425471570181771,5
1.6316834940434717,2.9227096803134693,3.823449276589144,1.117415889395706,2
1.646360129355941,0.9614614875551845,2.0416639086472412,1.50277906487793,3
3.5279973000913887,1.7318150957386296,0.9415974967385843,3.1426225514845374,0
2.0691840359955345,1.587173456815035,1.84576265406198,0.9079923833387078,2
5.56067388095266,3.7177483974592604,2.493296023851736,5.120591321090404,5
3.6283862384301857,1.9321196525478022,1.2189817150460993,3.251961964230233,0
1.6702161665314224,1.0135471754787628,2.0658486855842195,1.5315924129636513,3
2.5489976803395655,0.9217035111438175,1.990956262084007,2.822106213601088,3
1.6106687341385733,0.8429163158984749,2.0559722443930175,1.4512414819158324,3
4.596248246423944,2.7586813602776785,2.382742411148673,4.5146436191334915,5
4.742783997182823,3.0459211019500185,1.3841468727665618,3.9838431578563283,0
3.0512497691498273,1.9371202927181912,1.2844244244374252,2.1879915434931596,0
0.6530231695592391,1.5624025985835754,2.9250537482273895,1.0171392029144442,1
1.8376548203191436,1.285171084527138,2.187965926147638,1.7062075312288707,3
3.5752388528704113,2.6331709363502966,2.358865149022143,2.853985879235398,0
0.8225088878288642,2.5556576166281344,4.215070607377887,2.3083834378605927,1
2.8757698118733757,1.642271673871563,0.8978702774624815,1.9352443020286558,0
3.486520650774196,1.6157727800195862,1.7567120507097236,3.5390540078572945,5
1.637862255352145,3.5108278777694673,5.122935325107563,2.890736234839343,4
2.895398728385611,1.6757064340352814,0.938727581721381,1.9662371562530472,0
2.186601562922305,3.8122515253426137,4.831285149890225,2.1240845422360817,4
0.7490957377154448,2.5351966098361363,3.892760098781038,1.475180452043248,1
2.876403852842921,1.6196944025058724,0.8536428051251362,1.9253404714583835,0
0.8406966450254084,2.563393943130702,4.215648534093695,2.3095112430562823,1
3.495701832669003,1.652769721409573,0.8113771542426469,3.1014196742363005,0
1.1223301629993347,1.7885946581704464,3.0818686539969655,1.3475880679115868,1
1.7070234564962399,2.9593085386472437,3.8958881760159794,1.25845099788575,2
3.1890731644329273,2.0962716828750394,1.6871774588964192,2.3561289861783257,0
1.0529643171621774,1.7808776752651314,3.0062598756234533,1.307759189355008,1
0.7997338708916362,2.5380259220473427,4.219106103199203,2.2953884072652007,1
1.734340236415205,2.227185873745852,2.944326823259151,0.7558865399952891,2
3.8157531002703835,2.1986859325514687,2.3939840829492223,3.85932223062632,5
2.970799563501478,1.8047393767755338,1.1017063664610371,2.06922879508048,0
1.5365114997800358,0.7340126467324842,1.968792504053218,1.3708079640382609,3
3.012616220227809,1.8859375358865174,1.237896865995679,2.1444122278072006,0
1.8561582056481452,1.205183897664408,2.75799648947189,2.433785061235654,3
0.7785043836993734,1.6167777394044502,3.337594632873254,2.0488883027264606,1
1.6263086170219971,0.9309880929930126,2.024370722768929,1.4670745892587078,3
2.612988200575269,2.203448827576295,2.4559446192620347,1.8078954746018492,2
2.9171077841012227,1.7112678071350382,0.9770318914284652,1.9932153008813034,0
4.589142778047212,2.7788862896078315,2.3013413913825045,4.5140837794716635,5
0.7713279452051574,1.6120591793920147,2.918151943309656,1.061179352882151,1
1.5725104021366039,2.122318093630107,2.8444959592139587,0.2185294216691184,2
1.4567016294141308,2.8352011699840536,4.357135183533942,2.596259588399602,1
1.5866823241086971,2.1469264115938187,2.8441066563392248,0.3656330892890603,2
1.5373282929582985,0.7032496008239651,2.530022768328979,2.211448065281257,3
1.5545585005099205,0.7681509343294458,2.537804035679819,2.219910382936651,3
1.796222454474785,2.234694584618856,3.7321072061513836,2.5878394026985614,1
2.4757546049230394,3.995904570946089,4.956997971407947,2.4207112138823543,4
1.6032840897280491,0.8285057846944719,2.0481055508605315,1.442939823778383,3
0.92370506633623,2.5854503564082174,3.9500288272090334,1.5793859114721724,1
1.2894486095744777,1.9271981130974813,3.466098337823412,2.2858023618213923,1
0.6884602344981088,1.5615600942278407,3.3146649834043416,2.0063308812438736,1
1.8697932996609794,3.040399717961611,3.9529004945077393,1.4342030936251313,2
1.81339173245313,1.2390421049533251,2.1648811929862593,1.6849069264727754,3
1.6450738354847771,2.196750823424789,2.875698303133388,0.5889011591305066,2
3.5409842034427768,1.7182091800024488,1.041644569493594,3.1436335332042824,0
1.8583982520239468,3.0447762864625796,3.9651889766089123,1.437134179678061,2
1.4072013547329665,2.816826451653868,4.047385186697967,1.9045543634408104,1
3.0795339991123276,4.811620787900984,5.877622083851352,3.204475342512294,4
3.805958631394036,2.255707140564437,0.6608113401361233,2.987770202261895,0
0.7426066694601751,1.5877736395764508,3.324655597901336,2.03413504616135,1
1.6260162987219442,3.507964573429719,4.868130027354774,2.301226389421172,4
3.706971323677541,2.01559192653441,1.5097933475396632,3.3196587619974065,0
3.522290912441982,1.704522971821167,1.8317984603204935,3.5840326819957316,5
4.578695767717856,2.7697723955460156,1.6566064250235037,4.160360309128082,5
1.0490560700500051,1.7819702026677509,3.0042638664518457,1.293569896893574,1
1.5946265001896271,2.133219521855619,2.8527741397856166,0.31045091945660835,2
0.8562870918040614,1.6340197004750894,3.3783200020821744,2.072495174762539,1
3.517781229261467,1.698702665917686,0.873818885232408,3.1260443396607824,0
2.699250408231302,1.3006534669221865,1.460599682958995,2.400882463068091,3
0.6579901064093112,1.5731262759465947,2.9263114445930705,1.0271783945988122,1
2.495867350675664,0.7517380837323944,1.1212618870064115,2.1743280117806365,3
1.6641157033251377,3.539112511602122,4.894166913212398,2.3514387227065066,4
4.536044514780734,2.66134769793971,2.249434980712213,4.452863519626359,5
3.5148130989903206,1.68380940186676,1.805537241944744,3.570813343598986,5
4.552240204120377,2.719597593246002,2.2465631433842437,4.479746673716803,5
1.565837714145057,2.1170717119916196,2.826855693170461,0.07953282845153055,2
1.5707939771999164,0.8313588373939467,2.004824390534335,1.4259522061777077,3
2.515441260930138,0.7917732909296742,1.1832039199313948,2.18203539102221,3
3.505596254558492,1.64611071093185,1.7683856658993795,3.556357313215274,5
2.0826307320645983,1.5962201532795888,1.8341183616521635,0.9310427396011255,2
2.908171957496925,1.7029676652274381,0.9865531011864669,1.9922788288131255,0
1.785257322407521,3.59640522406528,5.173715650466038,2.9843617530090785,4
4.468794128414648,2.5708707645523776,1.4096341295560118,4.041116287597304,5
1.9849922874998696,1.3966078728034002,2.36180433329894,1.8376064635000713,3
0.8129818103199578,1.5948407384000811,3.343837528182468,2.0381192110080564,1
3.789812925168435,2.2235223104019632,0.53816114412679,2.9594001159716807,0
0.8196964607341631,1.6258506389195597,3.3301240931390694,2.0541494916771104,1
4.521522414485599,2.663153197792741,2.180598322992396,4.443943523080984,5
2.503394799735209,0.7602207075839457,1.939995093093925,2.7790756794203864,3
1.1589041832538292,2.6508155411277046,4.299469675303031,2.433655557485491,1
0.6785864629073678,1.5587028358646147,3.3157188740313845,2.0023619361407365,1
1.61171098831342,0.9073513032563404,2.028151433982598,1.4711518227505211,3
1.9072553733416755,2.3949863233974393,2.9920385599743784,1.0987128503620585,2
1.559549374774136,0.7233042781931521,2.5460385860073558,2.2138019249235144,3
4.100366846190193,2.679930441864714,1.7373654009684911,3.3364318168738065,0
3.0625809987870647,1.877026793730756,2.154352083831443,2.7908638001289567,3
2.1091708482572957,1.6202449088231687,1.872929986581018,0.9593181707782915,2
3.053631206044659,1.9386191371731114,1.2752538178014892,2.183440830475563,0
1.9712044989549902,1.4459721283208316,2.7677335959186777,2.5270475068784792,3
1.6948376016117803,3.5522587111779678,4.894468131520296,2.362575996747944,4
3.499551835648419,1.6288196865662672,1.7585447822556375,3.550010565230593,5
1.1561669196568352,2.689134980078627,4.280424889707887,2.44947239528048,1
2.869245434956644,1.6059322115066839,0.8971588556381138,1.925027077247951,0
1.7486558090483642,3.577569658479852,4.908207733232969,2.4050544423909033,4
3.779010845063994,2.1799473560200635,0.5461532683832975,2.942250274136669,0
0.8250948554196027,2.5609924736175094,3.903536467139559,1.5326494135801474,1
1.5134938659461143,2.0443641792198437,3.24768500896274,1.6718097480448484,1
1.2773952781354223,1.8720055846384347,3.127504192635706,1.4614584910039574,1
4.729918698855232,3.002179051730666,1.3950624348186047,3.9590614942628104,0
1.5275747152858563,0.7204401810739076,1.9661255240233377,1.350067705761756,3
3.8523208156689877,2.333694631856643,0.8568301275848401,3.0473183180627057,0
2.5057776132392355,0.7230616577432476,1.938108096537709,2.776292473313514,3
2.6964515069777373,1.216459566104586,2.2286329171022383,2.9476116012829805,3
2.0376882723464895,3.7346818005869156,5.005775350768407,2.6159287733218153,4
0.7377250740039228,1.5825091657799442,2.9418268207870826,1.059516775534564,1
2.47781799546428,0.7208748278735597,1.1263069215351658,2.1530645710951077,3
1.0537727303085545,1.7693584025350193,3.3895198277263328,2.157512938915594,1
2.6199451218295957,1.1211757919105758,1.3284328184380902,2.3122866075657416,3
0.8177245172440533,2.540432564967269,4.21998585670478,2.2971898936682957,1
2.6183225563459605,4.519899586631909,5.874841296422217,3.2624096668020215,4
0.6869070631869192,1.5647279966906544,2.91396954187601,0.9954076956811887,1
0.894994562979743,2.5505845329034025,4.224250176712511,2.316395231521386,1
2.8150866360033087,1.521756904982911,2.2787428811682626,3.0602104432344457,3
2.857243626510801,1.6002549922496498,2.3253875574303633,3.0979188872801506,3
3.109988876392319,2.040597918228603,1.424964601312677,2.2690022139235655,0
2.692047770183419,1.2137413597581033,1.5543213441392418,2.3830148407333898,3
4.4681286739639035,2.5725666242876524,1.400545982119731,4.041571479961446,5
0.9082081478055907,2.596572679534174,3.9244771608086113,1.5818798846157902,1
2.9308032291130703,1.7388648848862314,1.0258554569601206,2.020513948089115,0
1.5265622126329743,0.7016950642026145,1.9673359651446822,1.3563291609117272,3
2.521125879564054,0.813149587014315,1.9478760339106684,2.7927282500226793,3
2.218004531382471,1.7073631995627758,2.5676801973415033,2.0737817041783013,3
2.524669579891504,0.8809039149839949,1.1832120398456814,2.2054214571690647,3
4.583318248107281,2.7478004335631,1.7615669859337093,4.159235801933686,5
2.899408495991086,1.6709798109110967,0.9138269945219781,1.9639233197316568,0
4.490792307218638,2.588411322016637,2.138528405765258,4.408860657745933,5
2.7369682258368075,4.594643164465376,5.918320512889822,3.355234530657182,4
3.5355406331214643,1.7056966427065472,1.027437362173679,3.1422459395105866,0
1.8330923679204194,3.6154364029195656,5.181034334481431,3.012753701644432,4
3.8047572346867313,2.2232249920674496,0.7784019434930349,2.98226445908453,0
0.9466628823979942,1.7245901018678502,2.9767840474578082,1.2087966207890308,1
2.5732804123417266,0.978924853455573,2.009064686583977,2.84322903121557,3
2.1663572461569562,1.6760685037595222,1.9348218188532906,1.0776674776327695,2
3.5688071988941257,1.801505406123694,1.8947203189922897,3.6239350487028426,5
0.7847482246725196,2.5374216330877615,4.218414254228423,2.292637381740839,1
2.963205360329011,4.729804285515212,5.829258021981437,3.088188679456114,4
3.8792657008585327,2.373674238458186,0.9191697865493452,3.0718014102601314,0
1.5533558774419471,0.742777317264273,2.532509243708121,2.2214850940089437,3
1.3025747265381078,1.9547737312175495,3.100993766346332,1.5132429400049812,1
4.635181218199306,2.8155551068168507,2.4466844126675293,4.55051019036054,5
0.8189714278438195,1.6536154766174957,2.9537130813352706,1.1412472104945346,1
0.9359980777862897,2.592758753072721,4.228571036732946,2.351526249396241,1
2.229224395485137,3.271794773633096,4.155223396799563,1.8811003873534884,2
2.2353727644460593,3.8476975441532186,4.858028729904841,2.1789181859836715,4
2.0746222670922663,1.5965697577627649,1.8427555337801254,0.919946083751453,2
0.8345511111725048,2.5634353611004643,4.2213136866196965,2.315172909096499,1
3.4925534889122227,1.6144840251985395,1.784582389461543,3.5407414632000678,5
3.4894906942087327,1.61554136682612,1.8043242789210712,3.5462411548833064,5
0.7184293075933168,1.5811474448076366,3.3180847783306895,2.014434918582022,1
1.534022881602632,0.6665938597466278,2.511704153775471,2.185848013560473,3
2.533976043164789,0.793741038723746,1.9721847515068112,2.7929257725198022,3
1.6312772247505336,0.9201269106480289,2.576966208616953,2.27925338262482,3
0.7169294895257665,1.5667278647180976,2.914272179354544,1.0063731508509473,1
3.941633962009849,2.4375505029053803,1.2987079946465667,3.1446749378105276,0
3.585909150567923,1.8430525875670902,1.095425964853162,3.2065493360580057,0
2.2972130399262607,3.8860151869151713,4.8830635200621035,2.242320555449437,4
1.6398154098751947,3.514292181569142,4.86439398729876,2.3119511618199176,4
1.7474844486404462,3.5700378770398142,5.153316754175555,2.958454129978879,4
1.531710935797437,0.7206083898223598,1.996735159067818,1.3709769257806055,3
2.495581433157691,0.7170902270773688,1.9347632727736388,2.7704118795988113,3
3.485116469096825,1.6128088144461483,0.7851850485854803,3.0865309189925747,0
4.682942897046384,2.9392658650534162,1.202159461504132,3.911397149519407,0
1.7350751881633923,1.1026679274761546,2.633981409888315,2.353707953916144,3
0.7025418115313441,1.5925292688498298,2.9275779407125886,1.0502280103608914,1
0.9600670355923785,2.6119578029688713,3.9268872988093397,1.6019870325084133,1
1.692326844170568,3.5367077799763713,4.90753730201253,2.361440147200367,4
2.106720640108158,1.6203922760916212,1.8974125912764588,0.9879091895916459,2
2.4913082086524003,0.7313272274204988,1.1148113318914956,2.1601106366819414,3
3.5041450336101767,1.645798593327491,1.7688370699469014,3.5550893658366927,5
2.070659068449707,1.5818101357839311,1.8498563157941645,0.9181227072819038,2
1.7215850540469737,2.262352427683353,2.9193320579413475,0.7795264326046527,2
1.5531262570271989,2.108233087312016,2.834955933132195,0.14727510845105027,2
2.5345075602902463,0.8998441374938961,1.1882440545491748,2.215052325546273,3
1.6179096476239572,0.820249651313821,2.5847305431245857,2.2557385365902634,3
2.561843381223422,2.1485405795599664,2.4104579302437705,1.7426346237692185,2
2.2980083458255685,1.883482614650914,2.0356152205762212,1.3492669166357607,2
3.5859293247076782,1.8291033748771188,1.9118844713089966,3.639176170370277,5
3.5546189803544386,1.7857837301394053,1.0016897299324588,3.1654167265922224,0
1.7979187143597977,2.279754434979101,2.992065909844618,0.8916476959272556,2
1.5474677798620278,0.6962915441775357,2.536372603597291,2.2117476940317484,3
1.555765047034668,0.7578484097144333,2.5409889664912884,2.22845257228616,3
0.8411582234375926,1.6442247366400318,3.33451115279035,2.055502586414667,1
1.6471263983006401,3.514748613757894,5.1354863136034865,2.900598384747043,4
0.7564744872124277,2.5252508855566123,4.198633436983779,2.2775245343562314,1
5.501518566303777,3.6199131709265626,2.359946846134242,5.0519424264821,5
0.9686642400024971,2.608106087555865,4.231972512945768,2.3550068801778807,1
2.7243411894317138,1.339894082386735,2.1740750145638894,2.976635201935829,3
2.6720756952594984,1.2399332939196457,1.4083428474599653,2.3664595336898593,3
4.483931661990812,2.5799615278237353,2.13015603434557,4.406012698394059,5
1.0174410552259234,1.7529038193186128,3.388325373653355,2.147246095712924,1
5.7045010085478305,3.9116043614304354,2.3638184158924314,4.978995619256267,5
3.480015757810985,1.6000030203021198,1.7524027553495871,3.5325438865634577,5
2.1773374478849035,1.7034764097448287,1.9772067758497327,1.1131999644408646,2
1.5883051288108017,2.901215857162043,3.829831697096782,1.0860182608695772,2
2.1558544150176733,3.797842024809683,4.832668153487906,2.0945217234386164,4
4.739550726875518,3.0360686059308426,1.369265853115792,3.983068390393735,0
2.163639047503812,3.8015943058354136,4.830420465679421,2.100584213239298,4
3.767608135273731,2.170544603429399,0.5685325628747844,2.9343150122812385,0
4.744454675961988,3.044081448121257,1.3771287488411266,3.9853487125147766,0
1.9022342276476334,2.3978567334204364,3.0042348999010913,1.116190812749019,2
0.760127997662717,2.5275394363396964,3.892419537861823,1.476899760026437,1
0.8817311220038229,2.5644030916029488,3.927138952203872,1.5421298688513807,1
3.779743511526773,2.181842656195345,0.534129449704027,2.9398616299988904,0
1.8622083372992795,3.631046340122192,5.190932554267456,3.0316926472013876,4
2.568300810334191,0.9973288448019659,1.2499344752937729,2.255327639639686,3
1.6324766472967838,3.5055186924219885,5.122493481181675,2.88451001553315,4
2.5148523010505137,0.7792291404113816,1.9428699485016432,2.790294376816242,3
1.5528393473197335,0.7875520488272214,1.9839176136252663,1.3907191403576709,3
3.53083767454633,1.711340389525055,1.822210527237844,3.5859283842801952,5
2.5510327906726955,0.9429888049895012,1.21572712973532,2.236714154749946,3
2.162219815776686,3.7940670914903736,4.833243375393333,2.093099443172824,4
2.097232880096868,1.6079708352972424,1.8711922284973135,0.9528855642197288,2
0.890894924933057,1.6876264915732848,2.96113507158042,1.1761722123615599,1
4.5375258161171,2.6730045354565344,1.6261839798921212,4.111177397680702,5
2.5795659576532928,0.9229355430267161,2.036928176202776,2.8275243935839227,3
2.509169197793551,0.7468736643268374,1.9234486607339627,2.776676200237183,3
3.7985940462690397,2.2111917199572373,0.6817564904254176,2.9646497435231036,0
3.809126360239766,2.2257858620918958,0.7346732718704584,2.977981775951651,0
1.582468883215557,0.8286198446516472,2.55420347613154,2.2441086793552794,3
1.207049216717183,1.888247559310283,3.065241837791619,1.4354102911771534,1
1.235630129875747,2.729129017348948,3.9942474246273534,1.7857032258792513,1
2.18037647185624,1.699524498047848,1.9631120390642982,1.1070352317966516,2
2.198576675482632,1.7657522348744006,1.9499284906517755,1.174438949374321,2
0.7373722357865947,1.575593061886824,3.34221094708821,2.0326656275856165,1
1.634442033194034,3.509666942040547,5.124163325199249,2.8854334771279793,4
2.2072196633468066,1.7370519356021763,2.0168264569113625,1.179075343943966,2
1.8435456456692587,1.195579800210715,2.7556058080590593,2.4249580699679782,3
2.500547893582788,0.7872168732689478,1.128876912513195,2.173660954781948,3
2.50778272809252,0.7286564902349517,1.9439324220589356,2.7789963745212787,3
3.567880967127056,1.803806495804971,1.0299429993821079,3.1832294466542006,0
1.5755350058103534,2.1283583591386437,2.828100512214116,0.12635018228455103,2
1.5630544270537017,2.1141074687933292,2.8228888582474103,0.09154305680617575,2
1.712899375589505,1.0667912099820007,2.068361417992865,1.5535467343554683,3
2.160378045775576,3.800312474321368,4.831463824483867,2.098020634609531,4
1.5498654970373138,0.7081466800078705,2.508151041325378,2.2016231697209414,3
0.8037060737329276,2.5336054243877473,4.215736680934006,2.2969560458228795,1
1.549259987975128,0.7099814011229779,2.5492134441059644,2.2228711973347735,3
2.403521087462293,3.9520211379865793,4.925719497202338,2.3433709424087437,4
2.2375881860423044,3.847817221469527,4.856159849233527,2.1774383293803155,4
2.8368373858186495,1.4638536756587635,2.3669408986838407,3.0645467483816002,3
4.646971614554351,2.8511077999282,1.9349581521112245,4.22700918574639,5
2.3365431559495087,1.8960619895094646,2.1716618951479676,1.3974183740011865,2
2.5004155178724243,0.7226843706247666,1.9382620162792605,2.7767824522073523,3
2.663904395445817,1.209024065442632,2.1108284029863613,2.9248719713647975,3
1.6033538883624623,2.9040842888785385,3.83063917021726,1.091016894253154,2
1.768020382595712,3.579822020786323,5.1552930976496745,2.9652265877331314,4
2.3252657943969064,3.9046530708860288,4.896905628319401,2.2724996104474147,4
1.5544732281995761,0.7557799050061018,2.009724013555915,1.3864068086583405,3
0.7913834896559236,2.548950540283258,3.8950054314192433,1.5020154578939369,1
3.552307498204106,1.7650070969182652,1.8750455896638691,3.6130881753272748,5
2.222728356004986,3.82287045621967,4.858818711832688,2.1422611804233966,4
0.7446682426776586,2.5276942941614795,3.894114146347073,1.4787530169893002,1
2.9717044409529683,1.8122242999660803,1.1328100339019913,2.0839077393656784,0
3.6252866022577908,1.927857387414895,1.205570626086479,3.2445571784093903,0
0.8883328144180186,1.687543471549982,2.967053331566669,1.1919814067215981,1
1.5757017696240792,0.7326262170522824,2.5447827075443,2.220902599796458,3
0.951141485052445,1.6779359385705093,3.002707105312485,1.202145997916908,1
1.741666824811044,2.970352197975083,3.89318470303455,1.2707277033170772,2
2.5169379308773685,0.7760715235863381,1.147431342855724,2.178461341186134,3
5.469118192351752,3.5614239149323548,2.802398351646638,5.312173151581759,5
2.253013894295036,3.8569544289484963,4.860967113548443,2.190687563520696,4
1.5882441373313896,2.15438786336469,2.8515812867555237,0.37076567996717436,2
2.6212335049241893,4.514150102562642,5.882403647412632,3.261955451500034,4
4.763962548478666,3.078326469181703,1.4412472244515937,4.008414875091346,0
3.0922857999807,1.9478422102338704,1.489306616393451,2.2335079604714325,0
2.6238005264971216,1.1378491102728392,1.3439791301519666,2.317448281214133,3
2.5040155903674415,0.7239183040894878,1.9427432341899225,2.776299735853156,3
0.7560001584639927,2.5214071865903254,4.190763387874466,2.27233699479953,1
0.7109819192839674,1.6039976093041008,2.9351648102083043,1.059089005712264,1
1.7768468781396853,1.1807817422931315,2.13463460771314,1.6432141403167118,3
2.528628933619746,0.8241918127921088,1.2302685318321713,2.207279431354502,3
2.8618477220129876,1.528859085320562,2.419452999937247,3.0892329067363695,3
3.5738252676740556,1.81368878756215,1.8969213316159341,3.624212289751169,5
0.9745343153857706,1.6820707450203018,3.399994753538539,2.1129714209417454,1
1.5728254313456,0.7508351398580964,2.56036219658521,2.227110699171881,3
1.3650852815563679,1.987244193706729,3.113359284376249,1.5626214768409517,1
1.0353922874498376,2.635721415172954,4.2514131462058495,2.3935733501322387,1
2.4235142541228374,1.9948237776662325,2.258862155520991,1.5256627230735944,2
4.67740782014157,2.9323018261489766,1.199134774554694,3.9057456096813388,0
1.6075337863843342,0.880819138005942,2.5666489499746086,2.261277147165065,3
0.7774330999756874,2.5353669921901165,3.90330080666775,1.493430801847793,1
5.46720277307547,3.5630402279083273,2.3109151702236828,5.0211568324097255,5
3.6063541712673763,1.8871335164947167,1.1516543859999897,3.225808733619321,0
2.6620518548321557,4.537435491613488,5.9042233102155794,3.291736356396887,4
1.8753911518350714,1.2657189395714152,2.2948845581088557,1.7354928450856761,3
0.9301362419737801,2.573654987910637,4.2463378105196306,2.338279952799482,1
1.9016230364467759,3.6534365110472744,5.200750208015015,3.0481097500342504,4
2.243086439154129,3.831690401794909,4.864669508616275,2.1572268730964232,4
2.0655555576429987,1.5870946740825451,1.8432968649472372,0.9196660402814246,2
0.7118754357291907,1.5696712711293679,3.3170647041068766,2.019049960525656,1
2.5608172396673847,0.9076338207524852,1.2929518615303734,2.238340758178998,3
1.5832368775555856,0.8176004222818121,2.5456149119992015,2.2397479759952676,3
0.8043676962713031,2.5450144461152027,3.9125976617327036,1.507446644078289,1
1.6831447349096866,2.9643510456347877,3.860506021080285,1.2343573690664886,2
3.772732284211999,2.180907538789327,0.3824999813010717,2.9382290686477237,0
2.1331606139834443,1.6843831919798031,1.8973639073222697,1.056037378814071,2
3.4871351639366988,1.621938668345727,0.8560650467044487,3.091758356819118,0
1.5372568523383974,0.7178023921585969,1.9844350466886418,1.3652086561980092,3
4.511567549050981,2.653049321476371,1.4947471122254357,4.089308296771923,5
1.2179593880004462,1.8816392873811278,3.4459297102003315,2.247746984034533,1
5.693958177201186,3.920689149577221,2.308043843622477,4.975369936361659,5
4.52481344900831,2.6753691439298586,2.204068470471125,4.452636565720623,5
0.942770503226386,1.6564942044087232,3.3803792068573326,2.092212695244221,1
2.593369696168978,1.0035141215427479,1.371838666474387,2.2690653341307954,3
1.8004310349651347,3.6091777051065654,4.930241091645266,2.443722134215453,4
3.509882897970202,1.6524743398105148,0.9003635648694265,3.113007474195688,0
2.5756780024953723,0.980364257082199,1.9999418784251475,2.8387134605249065,3
1.5673969260882896,2.1176478996176904,2.8220286934248215,0.1250863235560624,2
2.8597052186565857,1.5986478108343334,0.8574429320629791,1.9147705997149733,0
2.8371930556402645,1.4925095934278612,1.7874995001069287,2.533834811311506,3
1.6369104813649982,2.158160609540101,2.8793294790504613,0.4870182317071475,2
3.4879182343951456,1.618899788136231,0.8130219556857086,3.0876115109433697,0
2.860534983330777,1.5971054312348458,0.8679529786673781,1.9144728934050923,0
2.215627979481842,3.836754330390006,4.853478485216628,2.163509621707941,4
1.1998683447894432,1.8192531918698722,3.481996137238749,2.2257719616281264,1
0.697719054959483,1.5640515520672407,3.3186458906815988,2.0162707432628064,1
4.5151743364623,2.6650996101658295,1.5116298312595755,4.092255139137476,5
3.4763408490686993,1.5947780083302983,1.7643107724244622,3.5335916943157897,5
2.07832644843267,1.5877644166892315,1.8458496391030224,0.9203401885478905,2
1.6128628443449453,0.8227819149958217,2.589145720612939,2.2547619617293035,3
3.5244601431882945,1.6782026100168108,0.9441153860661965,3.124818720024265,0
1.5479927711786134,0.7237226135458774,1.9749081332195255,1.3615155700773283,3
1.9665145660071877,1.379697630450127,2.8510912060583324,2.5179347788094577,3
1.61780647766033,0.8826574026103707,2.557842829730216,2.2610527741664934,3
2.6618435885090155,4.541821761317572,6.09828706194425,3.725643310828435,4
1.5515510989443277,2.1098272413768693,2.831642307714,0.09404921374058965,2
3.821936720266532,2.258853217294772,0.8996730919915997,3.0023164808309315,0
4.523336821934475,2.652572401041785,1.5935254612086736,4.097535840900964,5
4.691815119060303,2.948478391068806,1.2120274488537766,3.9164969606661133,0
1.7319063031462791,2.995815820318848,3.880505071886437,1.2973359647490428,2
1.7745485837730721,1.0921516712594084,2.1766883940108404,1.6133943062823863,3
2.869087732338849,1.603265079763054,0.8811025114834325,1.9242060231049805,0
4.738599805142193,3.0357448359622374,1.3664336339185605,3.980408817718733,0
2.0595127932736728,1.5841996583058564,1.847186413390352,0.910539399226167,2
4.702517628508256,2.9796896494166005,1.2685129747012924,3.938635243410773,0
3.6019064285553606,1.8652131032229697,1.9370180466796665,3.6516845824800166,5
2.9454005891169985,1.7548387634026514,1.0360263388292879,2.0381978766561955,0
1.653737318738519,3.5226132383469957,5.13144199003433,2.9032584217052517,4
0.8211479968597036,1.6409911884975554,3.3473106676024624,2.067134246820539,1
1.5929068541734523,2.907855890480448,3.8296292371580285,1.1076961845620923,2
3.505505539737205,1.670288152827255,0.8275402417197016,3.110392858287343,0
1.106304663686256,2.6769422639868403,3.9671284708790067,1.7000681517787577,1
4.469156800008968,2.574821450185713,1.3929137969622176,4.037793485349774,5
2.8723894073237184,1.6203845017493042,0.8652973864587081,1.9336081350400116,0
1.5399836420550506,0.6998378803386691,2.526609319800805,2.211531243935661,3
1.7641241268441807,1.068301720780639,2.1539129625686106,1.5910703920213658,3
4.4918710991077155,2.6151245299487713,1.4280699721833434,4.060570091445213,5
0.7365060902617216,2.530253145970856,3.8946771021005215,1.4873024292502504,1
1.6823415757191782,2.962986167134813,3.8568136566892623,1.2206656587744822,2
2.8658382450064623,1.613882673859115,0.863612236763939,1.9213784883037466,0
3.0071505194158292,1.8213208841408925,1.2843472906695512,2.1059263934544554,0
2.8917961537465415,1.6719256721227722,0.9399924130690083,1.964372801516262,0
3.517893023180339,1.707152307011849,0.9035370149364443,3.131073910536452,0
1.6560158070349187,2.909732388431879,4.188766781171777,2.0732090218463144,1
2.6416516533845096,1.142625367055133,2.06991065132293,2.899907636915837,3
5.477244346589793,3.5764173879283274,2.8074371049732747,5.317592947647105,5
1.055057956422743,2.646989431082995,4.255902015741251,2.3972638605402605,1
4.461662889930227,2.5587879664774964,2.1080902485169495,4.388215207038409,5
1.1158659671888915,1.8199255475698044,3.0237688572097436,1.3529685626876757,1
0.8029205413899698,1.6035840489505593,3.353435389189912,2.039606296232236,1
2.100411611639415,1.6139700038807843,1.8325984517927087,0.9457361256591488,2
1.5880274276397306,2.152697610289565,2.850662475572569,0.38488548369638464,2
2.18037647185624,1.699524498047848,1.9631120390642982,1.1070352317966516,2
4.57686023731512,2.772331625624935,1.6620287188034866,4.15785633387857,5
1.6784649093368358,2.2238997601875217,2.8943877566661516,0.6890812033051782,2
2.1607674657617104,3.7903463066460694,4.833513994651558,2.096973710271129,4
0.9861039401752064,1.7105788762880019,3.025751656463214,1.2265262716364087,1
2.747978571844947,1.3820646647262351,2.200668101252866,3.002497140928431,3
0.9122441511753108,1.648625221054358,2.973584955706475,1.1502264822418224,1
3.49798305706451,1.6299609738791365,0.8127057922619375,3.0945950838784335,0
0.9734790243146269,2.6232841589321496,3.937975097937451,1.6163995488604785,1
2.579895008334573,1.0259371484588482,1.267298888257957,2.268226410281894,3
3.913048752466719,2.4312032485130244,1.050895510217273,3.118161543976206,0
2.5273472992807324,0.8291547512602141,1.9396735938023053,2.789650992887787,3
0.6837925336082485,1.5582076281370136,3.3102185434955724,1.999483648282925,1
2.584489212576285,0.9917555526101395,2.0068352819906554,2.8503133879547584,3
2.168348951696264,3.80535623685296,4.833396954906759,2.1110374400533463,4
1.606670722433755,0.8362900757329879,2.053360328083526,1.447999173585046,3
3.7583228582405868,2.1729893871862114,0.4217235874293319,2.9315268875644986,0
3.113206188365437,1.9891402456326444,1.5526934088295334,2.2608115086929135,0
1.1090622337459208,2.6682297455441812,4.2695052610253885,2.4279275042618584,1
0.677245515649041,1.5529223931724896,3.3163085270244688,2.0014028029066897,1
1.7096306493557816,1.0600719400947178,2.6194091571581644,2.3351743546558965,3
2.229583366331863,3.845162329467914,4.8565007347946665,2.1700761524479724,4
4.552586487545413,2.7184318289818967,1.5708559707484941,4.127475933709467,5
2.8756766874465076,1.6167839412388807,0.8513161976466525,1.9265956421922927,0
5.5561196995980495,3.700307472389274,2.93244164198935,5.397592624291736,5
4.516590287276407,2.6576472764097185,2.1762390106887715,4.439124147531027,5
3.515400760482391,1.6848458355708253,1.8041750449676182,3.570298061952615,5
3.5131710614724767,1.682244216782015,0.8476264065245217,3.121071328337074,0
1.7904357687866082,2.2393287425541746,3.376628095794684,1.9154436030989244,1
2.142595169583629,1.6893810751409768,1.8949848038657329,1.0692567261304742,2
1.5295806137185353,0.7090950037096386,1.9653772104189247,1.363613908269076,3
3.5568124246981836,1.7430524513462629,1.0773581174283138,3.158805396616085,0
3.093628263986336,4.8204784096832505,5.882689896084225,3.21615693184204,4
1.78583037935951,1.194422681703494,2.1421406462888988,1.654704088206096,3
1.637167203799988,3.5111879534309494,5.1222633797101045,2.887793834790719,4
2.211566363310474,2.6004496778237765,3.255480024485303,1.5382865370292225,2
0.8898159931616026,2.582596331038523,4.228099255256502,2.3347500748601986,1
2.872803814623921,1.6163442762576803,0.924080184529047,1.9272781785923272,0
2.1215312918512867,1.631852252901682,1.9001068243275288,1.005037971337682,2
3.606354171267377,1.8871335164947176,1.1516543859999906,3.225808733619322,0
0.8946635823214915,2.5812989289580464,4.227591660875645,2.339573787986316,1
0.8655742476972379,1.6726861510050464,2.9528510643034505,1.152624064369547,1
3.4936607862670037,1.6353613153548627,1.7849593327865454,3.555326114329124,5
3.901103980183668,2.4106539422259456,1.0156552467451205,3.1067079159266995,0
1.6714519456454693,2.9555113792168406,3.852153545268024,1.207401053120113,2
1.5949744926142326,2.9092010639887222,3.8442048392240076,1.1051505713393996,2
2.547409198790458,0.8841833791533547,1.968880784304643,2.817587056951684,3
1.6224024108744963,3.496006078596975,5.110941965633201,2.8686126595718675,4
0.7680087590434803,2.5410458701750094,3.8928043636991574,1.4905017218340784,1
0.7974214985932603,2.5400739386605253,4.19972804856771,2.289123999081794,1
2.1249261040723435,2.5337418518431107,3.207013106886353,1.4302905314496481,2
1.658976439620332,3.528715920969748,5.137548987223902,2.9072587088720208,4
1.5345217257293795,0.6832665028532201,2.523900682639463,2.203281962675328,3
2.495867350675664,0.7517380837323944,1.1212618870064115,2.1743280117806365,3
2.9996678400635366,1.8106173319534764,1.2940125094135,2.1107999311232275,0
0.7295276420558103,1.6121141483223715,2.9375487926115995,1.0721859723195102,1
2.4880672271970594,0.7274847300115675,1.1187149184442011,2.1618423608713346,3
1.8231587915031904,3.586210157889156,5.191886293611476,2.9866806199574802,4
2.536942720950616,0.8458680807922854,1.9468057042164957,2.8013633223375387,3
2.6523623327934924,1.2088182663915727,1.3977377298576847,2.3500801583507505,3
3.0411729895628126,1.9302122817711924,1.2809357631658118,2.1732323972114744,0
1.5606259499818371,0.7752076954578657,2.5385036480925933,2.2245742280774814,3
1.9575471084977296,3.6839971428933063,5.220609683481568,3.0853227925075335,4
1.6371394392506255,3.5224575391145843,4.884650415505563,2.3240072401239313,4
5.531938695984284,3.664488778111928,2.894830487013634,5.373192169731081,5
0.6799564861590096,1.5546381072793698,3.319377425246778,2.0042620840138468,1
3.0349273206635887,1.8562041215710061,1.3318359099497172,2.1434547037739216,0
2.0725505445025045,2.4900806402174003,3.166483889428609,1.3454912891004995,2
0.982575973879778,1.737860021768696,2.9788678139075397,1.2327664163992862,1
1.6344425561294493,3.5201893772923976,4.8845333143107625,2.3224055163126356,4
2.9611002587245157,4.7266162696247145,5.818682042435612,3.088735986553184,4
0.7590146915892564,2.526432203668554,4.20460593358692,2.2816336220906406,1
2.673579765321399,4.551855289268536,6.105469730725306,3.7329262336083886,4
1.6278963480122703,3.5103847259447427,4.873569570104927,2.307960724476713,4
1.5727679437201905,0.7871603994596891,2.5337210333771782,2.2274437781413607,3
1.6868884168851541,3.5387437082217303,5.136887835787937,2.9224485176227115,4
5.642406990319896,3.8300490137352075,2.1991838802520105,4.915703042098214,5
3.173175673982687,2.0384528833209266,2.288581574000465,2.8997354174332344,3
0.6914298708344722,1.5748197773904486,2.9353504823104606,1.0287119703107912,1
4.828610393330797,3.140978596116016,1.707990478117963,4.077547456085652,0
1.0642834433602062,2.6478421171414634,4.25506736927354,2.4013543470430747,1
2.8792246952454175,1.6505315964806921,0.9222596171086872,1.953012376480157,0
0.9722043719578976,2.6231603503837464,3.939231667593006,1.6191933649292383,1
3.559638650154423,1.794623196788081,1.0236280998463974,3.1750674270263652,0
5.494312825448869,3.6026566823633486,2.8318741739642097,5.335215621504645,5
4.491306329325354,2.595130388732632,1.4154226648086579,4.05501784873873,5
2.262599293400516,3.846684516920965,4.88745168938401,2.194855111351275,4
2.2149001509758692,2.6090261072474474,3.270340785461339,1.5556444436507197,2
1.7479875552952209,2.276315061355027,2.9234148631219514,0.8284094504657915,2
4.776322688690717,3.090800987063563,1.461566304462222,4.0242475775294695,0
2.68379540623822,1.196006926746044,1.5240082066132308,2.3633812288391067,3
1.6837293222014895,2.9667666936509365,3.862859302334484,1.2328880900087211,2
2.8566990793931772,1.5909688129336126,0.8539481412316514,1.916150905828885,0
4.513009861281938,2.661899099144248,1.5079234392056773,4.09016212072806,5
0.9491262231592391,2.5847680818249192,3.9424087945484443,1.5774147562776277,1
2.8660018100309435,1.6111419866251446,0.8612869560375979,1.914714657890243,0
1.8398527667226534,1.2641733023396085,2.6888624723889736,2.4245432369907025,3
2.9524473208875968,4.722585306786061,5.821695494464232,3.0868160515216116,4
2.880973915639869,1.6333150063699926,0.8650976644463659,1.9322357088603124,0
3.48149847073335,1.6112946812685063,1.7660218320522172,3.5395689467542057,5
0.6908132785206174,1.554007217199045,2.903852611433142,0.9954501350067799,1
1.9621706052184644,1.368989533095569,2.3529741289065935,1.8247952440960191,3
3.0841256725460067,1.9120024170260213,2.177940149052106,2.806016486037769,3
3.481406875218958,1.609661934014836,0.778203429750882,3.0820684141385786,0
1.6770331060922516,1.0145751017053208,2.058915675877567,1.5310497796356122,3
4.519431332145542,2.645021033982062,1.5666097331941993,4.089335969012327,5
0.7717528293799583,2.5356109048871205,4.212857352937538,2.294871689394944,1
1.609076397988785,2.9239157138977125,3.842800634153339,1.1408734384489225,2
1.916635938691855,1.3017635791965496,2.3007193914475925,1.7636238301346434,3
3.825447164182546,2.29345200217693,0.7639356290206544,3.012458709021449,0
3.6030109240406487,1.8802637938508724,1.1346302466824663,3.2188953029287153,0
2.5067042892851505,3.9715811123495364,5.255187410786301,2.979778896539552,4
0.6634967973332881,1.566981637811678,2.9174062817931414,1.0027897998255009,1
2.696544583630983,4.554054331806923,5.9147767966556,3.309451268840707,4
3.0001859975844205,4.725381331705007,6.2667933240818545,3.954109880954391,4
5.658357480908298,3.8557954857990966,2.2136319785390812,4.931263505203723,5
1.7107336956131691,3.540768975762851,5.1598896250667625,2.932034937264944,4
0.6795074743956169,1.5527463048740915,3.303481461238588,1.991243695824399,1
3.5019555044869266,1.6451193945139184,0.8981211967190916,3.105145107992852,0
3.4906356314646354,1.6361620001057295,0.791106554681809,3.0964824526716783,0
3.7552639767971376,2.14794065443473,0.37479587989639235,2.918253737152478,0
0.7583109021351567,1.5868918053542518,3.31116082175616,2.023540506285571,1
2.128878184242092,1.6369797875558887,1.9140421951434954,1.0341052770984547,2
1.639704663350318,3.5108972256031654,5.124244861580781,2.895616622006595,4
3.8077501271299714,2.2537620286836546,0.6386389438117366,2.9864091350248634,0
1.4250783715341162,2.0169943157910892,3.5096004459767327,2.3655892236651668,1
1.757172688595057,3.558946703482141,4.919614138934224,2.3906251587674214,4
0.8277310105254393,2.558997155627743,4.21999411319469,2.3152853406364877,1
1.643657393588663,3.508699382459752,5.129756992186534,2.895556049835201,4
0.6985688432257394,1.5723342656453032,2.9289629166749442,1.0215906700670032,1
2.076922482493019,1.5880869071974606,1.8449168816972528,0.9169239871513497,2
2.5734216581354965,0.9853261981214638,2.0116405700544573,2.8426037668586708,3
2.118703706899764,1.6653011048867499,2.4007883151734113,2.0008783952519154,3
1.2000366391451505,1.8712082517326356,3.0472496350699276,1.417437417570963,1
0.7778878121820683,2.5354470288882864,4.209104726032767,2.2964526124327973,1
1.583570031847356,2.1251365217492437,2.8539779062370756,0.3233580696326888,2
2.5206712716307624,0.8307491389756644,1.1277858888309404,2.1869336592437714,3
2.5895225787874803,0.9525247653500792,2.0738701842612377,2.8548030153599124,3
0.7251828586472373,1.5762710314885338,2.935781552440672,1.0481025993541928,1
2.509593762569277,0.7408630493575258,1.917249833057626,2.7738894867341792,3
1.6517589180061143,3.524264726846062,5.134508294302257,2.9008657365548354,4
2.68379540623822,1.1960069267460438,1.5240082066132306,2.3633812288391067,3
1.612006929413282,2.9064794096717534,3.834514766269571,1.1029610564473766,2
4.47567328553321,2.577918535607202,2.109844235475653,4.399107462265541,5
0.9858049401526736,1.7404260026058729,2.981428476235298,1.2387276848362851,1
1.7512826946000455,2.2741812247790487,2.916918784244598,0.820791113586844,2
1.563585196743851,2.122461935828127,2.8296753254350353,0.24540475876882725,2
2.269216689456215,2.654967776457018,3.310112826268085,1.6311794321082762,2
0.8814856803971953,1.6738331537481324,3.357190352731214,2.08812898541456,1
2.226220814137699,1.7555930142862712,2.035234304663715,1.2156570680380883,2
0.8273926969092216,2.56697975992544,3.9077424315076272,1.5279417951849716,1
1.6512629810513806,0.9789754827292401,2.0517846185844615,1.5105376140078677,3
1.5230206339100205,0.7157058617265065,1.9731499698336417,1.3617612880893846,3
0.7077509065739789,1.5728602553246893,3.319149902641821,2.0166939097459506,1
4.530587506243992,2.6743525371425907,2.1955925013022553,4.4558547126521715,5
1.9670938501882915,2.4159207154544933,3.112371655077726,1.1968575485290642,2
1.6868801207445006,3.524457532732518,5.144220537397206,2.9151867115280847,4
1.6335074828402025,3.508036661303623,5.120746690582269,2.8857350999819587,4
4.466797540868417,2.5731224593200284,1.3975939761053684,4.039681783992038,5
0.9707697882902302,1.6866765252966118,3.002256437750968,1.2014719126223008,1
2.4277891246131627,3.932452328859293,4.956296031574264,2.3473154022404916,4
1.6018559618286428,2.9051804784888215,3.8312609003587004,1.0896754222339973,2
2.059779337516288,3.148696071412673,4.368139575046669,2.4022520210936222,1
1.0144165957175157,1.7503889251304072,2.9819576859023513,1.2564494057855988,1
2.8597120212037987,1.5985267470920173,0.8544536667686499,1.921709357454942,0
2.1959782465368645,1.7157558824420238,1.9798119716003688,1.1378529363864542,2
2.544399146281782,0.920419718511859,1.1994381804250074,2.227788182388158,3
2.5408005347022953,0.8411812639633454,1.9378590612724589,2.8011132583829403,3
1.682481555889033,0.9601841821104568,2.1099649413604,1.5189565951919513,3
3.505086704900704,1.6670404805738244,1.8031729237016922,3.5655723147154714,5
3.910394119779559,2.361818203122282,1.9852378175377132,3.545512685343053,0
0.9830475764216727,1.6887396402358066,3.3996333661804834,2.1073151160899215,1
3.825981274821952,2.2891601879219348,0.7304710943497583,3.0068602487293083,0
3.5349177020869664,1.7056320711388107,1.0357260847034364,3.143976551074849,0
1.5873729066723636,2.1464078192126625,2.8430228775021154,0.36585350863418675,2
1.2767690769961237,2.706748344627954,4.338580783280438,2.4888381632381917,1
2.6310461232186295,4.52696512127334,5.877200846397889,3.2733346367597655,4
2.1720601387450817,1.7143371206669658,1.8991406242264284,1.1102807089216469,2
0.7390725986386268,2.532633812493967,3.90188532200601,1.489378226943236,1
4.475792888185915,2.5835852928917222,1.3999079477525989,4.0454379870422414,5
1.1179548340528251,1.8199806519600021,3.4213270433116314,2.200188092246749,1
1.6536809576809905,2.195721281148579,2.867834063731923,0.5878040917599164,2
2.057745855416112,3.1999845859557685,4.014218343568152,1.694238783579486,2
0.7471667913233483,2.53794891865024,3.8994188299848433,1.4818910882375205,1
1.0490560700500051,1.7819702026677509,3.0042638664518457,1.293569896893574,1
2.6275772787790395,4.525928444891,5.878204570794978,3.271110306885629,4
1.1625252713105827,2.6904129617583052,4.278912489942315,2.4495158221008992,1
1.7135293237545401,3.538702487565014,5.1535507229082755,2.923039080819083,4
0.9076988631007397,2.589531533714444,3.9152751948130904,1.5751411925626464,1
0.9921281349145217,2.612645544111978,4.234208564031871,2.3688157532770915,1
1.9824230763922888,3.115470383998494,4.020099578710593,1.578648992919517,2
1.1901617365825587,1.826768635959556,3.106951251884847,1.4049204702239682,1
2.681536045398864,1.2371672218693661,2.1208278161092644,2.939870758415873,3
1.7510512077207823,3.5805566566755314,4.912284954416773,2.4099620177489256,4
2.5415450301205897,0.8304811692199523,2.004384903431907,2.8074278382897084,3
2.166944466739965,3.8070438214370608,4.83741663804494,2.109135257515158,4
2.1997364870651057,1.678287997139138,2.551796717936562,2.063663802798692,3
5.50857507326445,3.614423346606656,2.412211089253199,5.056348656605447,5
1.899433616855667,2.3545842987472705,3.0494413764783035,1.0605837284823787,2
1.0859635581846365,2.6549557369049435,4.258951010478303,2.4131291951802667,1
3.065405606364103,1.8777050785087734,2.1444120929820327,2.7861733675656892,3
3.4933230550036147,1.6484958958716371,0.8051389424083248,3.0983506533439416,0
2.4826480809232616,0.7236625664403394,1.122340771482526,2.155583202609055,3
1.565828393498366,2.116665257244919,2.8375677508598343,0.1705095006638875,2
4.864657956721425,3.198633628105371,1.8220606351209807,4.117320177885637,0
2.105710629333912,1.6515652995679984,1.881447894509519,1.0107700422735157,2
1.8644205212123028,1.297555850668458,2.7080186993288993,2.450669156306055,3
4.582213944568672,2.7661383798329737,2.2910015549023077,4.5089203333082395,5
2.798867495941402,4.631355034999737,5.942514720282533,3.4078274096658174,4
1.920645586173028,3.664939549545326,5.211470385847288,3.0658474419337938,4
3.6816982157243534,2.036680199506577,1.3685832156292002,3.3142700863384817,0
2.503575931743345,0.7565724300943829,1.157308205142372,2.173988685622225,3
0.8558236447928123,2.5454733234417835,4.222419723072701,2.3061029802363415,1
2.1070815775591587,1.6352403025162812,1.8525160502886597,0.9772505529886696,2
0.7539134102966891,2.5204008424900346,4.197324959640618,2.267438973957831,1
1.5892253804711804,2.1536673497262027,2.8502042561599503,0.37367512796414504,2
3.816646325749023,2.2782576079145804,0.7266042830930305,3.001762098279677,0
3.7499007609861907,2.1483361749486827,0.3084126700033195,2.912414852973482,0
1.9522567185325013,1.4355038081468703,2.7692375257557575,2.515306224258274,3
0.7664862968907433,2.5303391325192677,4.202390644756408,2.28463977894486,1
4.504558915994155,2.639849749174262,2.1694449206752173,4.432116584969578,5
0.9173705092070018,1.6985192648661471,3.37189632727296,2.1098507749156914,1
1.735606051901903,3.5714734503566303,4.903886819962701,2.392332513698603,4
2.503641693145303,0.7252774745205371,1.9450118724576437,2.775504135569719,3
0.8491790251889633,2.5595909361227918,4.214708631437171,2.3204080474540754,1
1.9238248293241278,1.3991439568250241,2.2396805173794267,1.7896006538517784,3
1.272396229967209,1.9146045901835806,3.460681276369891,2.2778736186419932,1
1.9535955561910496,2.442440248639833,3.036979270122291,1.201589770715866,2
2.249460847786085,3.844790956333429,4.887138843833609,2.1843706578620936,4
1.6093778234486715,2.9132942029754942,3.846487023993544,1.1151152572960645,2
1.4072909422486837,2.768836141996288,4.3781696672160475,2.5490938620787063,1
1.7813930153531774,3.026289311757457,3.900901947402818,1.365834964117925,2
0.9565192500007164,2.603790366433118,4.231950272547296,2.3535972091969954,1
1.442994589178497,2.792932555564336,4.100721133890161,1.9110126936673049,1
2.7208154241745532,4.580811273918795,5.906918966608754,3.3427219235415078,4
1.9153553544181428,2.3608679226884766,3.0522273606491472,1.085585972049107,2
1.6086350189212686,2.138477810303441,2.8595737461277047,0.3820183838232798,2
1.5312859235615472,0.6959834354466837,2.5347078311859996,2.2089663582341252,3
3.0238762987958436,1.893170967016218,1.2323534962011535,2.1542350018344614,0
3.804151021437227,2.2410960453715707,0.574298766600513,2.9753660002371976,0
1.7724006228087619,1.0824992691745592,2.7025099826282184,2.374167669901079,3
0.8240290049235461,1.6371801610448398,3.344565721400236,2.0687389239503613,1
2.7774227764091273,4.613226174743631,6.138047174147269,3.8027003082457838,4
1.2738058587520127,1.8644315584215922,3.508141172307391,2.2658029144121326,1
1.1183187979585276,1.8392981773502306,3.044676250327477,1.3679350254114273,1
1.7070234564962399,2.9593085386472437,3.8958881760159794,1.25845099788575,2
3.803803028328053,2.224277988315666,0.7603307322085235,2.9749936440394236,0
1.6736030542894598,0.9552929854874993,2.1086558958640924,1.5084657067412548,3
1.6050232376585225,0.8367540461471145,2.050813908222747,1.4412679922287983,3
2.4880371365975873,0.7285147902640315,1.1211851708725176,2.156318514162653,3
1.58549724046293,2.9018620804327897,3.8329474148400573,1.089445917107986,2
0.6913050115854613,1.5802817738398094,2.9177668171989994,1.0278992263157734,1
2.532450371768026,0.8981745862380951,1.195771369957169,2.217776237775814,3
5.519907504848872,3.6500950830485506,2.8845289654953876,5.363344793765278,5
3.762367333636258,2.1562222177528114,0.4004553636686704,2.923776702314956,0
4.690794377368427,2.9480524797025427,1.212179497724322,3.9221928638122177,0
2.4955803350441017,0.7215395845425757,1.9528466452488973,2.772709623123825,3
1.8923707059427415,2.351896891797266,3.052919615291226,1.0627352140071127,2
2.0897024381917277,1.5901847808980891,1.839301291820049,0.9328812174613474,2
2.0057251948066726,2.481366497051472,3.0600912816679813,1.2748158033228394,2
3.5974405144092176,5.504467563031438,7.044855372008917,4.554971948463254,4
2.57726523593097,1.0071717792701713,1.238532608742128,2.2562589374790423,3
2.9046263030483828,1.6917156795435995,0.9597149241868551,1.9803442195830907,0
0.6718955450855305,1.5520239480848972,3.3122067702936087,1.995280740509766,1
2.081961770323704,1.6050811147274662,1.845788281298482,0.952094520459699,2
2.8881784694209967,1.6341439557412512,0.941749344279086,1.9418283199212751,0
1.75103311582589,3.5612416803269507,5.179242308320003,2.959367896103506,4
0.8719186225462896,1.6892073194487245,2.969292392685235,1.1718336278576797,1
1.5797863067212885,0.834922539614356,1.9961985403868279,1.4238161870325416,3
1.8328205484722007,3.616279196355895,5.179347116585345,3.007535265571008,4
1.6984249024192768,2.2014647151846916,2.916600821018652,0.6510216498664543,2
1.623833577614564,3.5081664666601817,4.875523218278319,2.3136348450811464,4
2.1613296787175074,3.7961791880628972,4.835673921070943,2.094622612239799,4
2.0430038618938897,1.4782351440171675,2.900714539535067,2.5735636065974816,3
3.5943413986105015,5.506840219478108,6.865499845780461,4.212363964443962,4
2.0804439013619787,1.5922242740244272,1.8359238476429964,0.9179912200499529,2
1.8178693946132132,2.9970887365966976,4.25424929398137,2.205220649635542,1
0.8325816938469174,2.5622031454832084,3.8996353687822864,1.52414484824697,1
1.6840239597824775,2.962141759376818,3.8541630716390283,1.2178294061720414,2
2.5058396282547384,0.7191306983352084,1.9303986202927654,2.771299585990217,3
2.2343751393693623,1.8135639967500723,1.9908923643081542,1.2494234576346723,2
2.560234185337346,2.8963338977593414,3.519605413945316,2.0173429612032816,2
2.2552746366106824,1.7536558570788396,2.6080630067441004,2.123224650336844,3
0.7639785670200457,2.5378068683905624,3.8899196292187077,1.4866148564614834,1
1.5833192397078697,0.8282657171731109,2.557877639280631,2.2495009130589265,3
0.8177734151126491,2.5598806350334136,3.902764513488521,1.5243670008561152,1
0.6837818011581861,1.563332565614491,3.329713422068987,2.0128465484942035,1
0.6621203379839768,1.5839419280986535,2.9332862664400294,1.0328325414138375,1
1.942395946053482,3.68321126913972,4.973058603480573,2.5433927900519504,4
4.606053598904679,2.8172322338480256,1.7197600507495798,4.187456547956843,5
2.503269097415981,0.7491472254852741,1.1197297133655222,2.163447137833255,3
1.3599853047193549,2.7838858725581797,4.329077347990569,2.5469930711838416,1
3.8349205529010963,2.297018163139329,0.75531278004272,3.023087876604709,0
3.9773694470038845,2.4743610168729413,2.136255902621871,3.6227583495348927,0
0.89098226058185,1.691958950014837,2.964193323513346,1.1747537513131872,1
3.65170839128043,1.923025334576385,1.3778079466915656,3.2597925433404566,0
2.017137301008548,3.1361594318523984,4.041028632599778,1.6300637731959062,2
1.9799181530143701,3.6967743143440233,5.22942549928232,3.1008151428994335,4
3.5293228508359236,1.713635232926646,1.8271918152845246,3.5855667192376575,5
2.546415617990037,0.89437326979034,1.9748188232326995,2.8170885452815404,3
1.6526246796388686,2.9509991447360706,3.8562316826071252,1.1928868846122096,2
0.8840399821031671,1.668449245920883,3.350286959247794,2.08447529265533,1
2.858631068659911,1.5977245532813262,0.8684771180466413,1.9112078236627201,0
1.5667220872389687,2.11860454116579,2.8282184972609357,0.08131982503881982,2
3.487618511251613,1.620284393007883,1.7714438478007095,3.5463846655935765,5
1.5440436503041464,2.1196642943254567,2.8409429461552373,0.17103198374186562,2
0.7477484196448578,2.532406480801089,3.889711336089177,1.4788172330507496,1
1.6846833446108893,2.2236363320071084,2.8848060468520673,0.6583174536906009,2
0.9814828998095786,2.6091435974490116,4.2308256915331,2.3605697592202652,1
4.538339274527152,2.695641790754006,2.222433671203689,4.465746674026397,5
0.9230956737643723,2.5980084013688804,4.237414145637754,2.349488337144778,1
0.8217523402250667,1.620775280567306,2.9626062872827545,1.0982401647499334,1
3.533902105505474,1.710236228375728,1.055686597729771,3.1439293076252026,0
1.7790657240408168,1.1845978516558913,2.133388662991116,1.6404750061302464,3
1.6006811393316545,0.8660857875429722,2.0015193807853544,1.4437150542576158,3
1.762010646499008,2.2851520562737675,2.928650224992491,0.8606384207797851,2
3.759316127996813,2.165892092136004,0.34825292547288866,2.9220841042123524,0
1.6362975874740255,2.9394719399215843,3.8501156277796604,1.1796238874325664,2
1.7479875552952207,2.2763150613550267,2.9234148631219514,0.8284094504657913,2
2.5957758991727897,4.4936427876242995,6.066055754518596,3.668223515844547,4
2.930506708182032,1.731670570824002,1.0090167328423885,2.0184707299971008,0
2.4421367864707717,3.419771096936386,4.28495608867706,2.133572783391333,2
3.535598716865372,1.7192766004647566,1.827069869862081,3.590413522527866,5
2.1874862767485714,1.7077576812472006,1.9671958731225687,1.1136600501031801,2
1.5407137810165181,0.711153166475322,1.984588773066201,1.3759179263134378,3
2.080938717222203,1.5883342327479057,1.8358552153473804,0.9196362135001621,2
5.656930293279027,3.8525009640600634,2.210495346860429,4.9299561616308765,5
0.6818776757941011,1.5660020142546183,2.9063131201756622,0.9826227112092516,1
3.7236661470994896,2.045534010163774,1.561788289394897,3.3422355834567847,0
0.8803247432616208,1.676497593943669,2.946851287854078,1.1434353801702557,1
3.494498735454488,1.6345202511078034,0.8751363645895793,3.096409613438456,0
1.7378012810094423,3.5467722295021322,5.164250657013943,2.9461370823134656,4
2.1947880560510575,1.7609397817390013,1.9505565326569703,1.1779420026184713,2
1.4933753475655418,2.8202810059030243,4.122877374960151,1.9518305066031576,1
4.724671092993823,3.015873364703751,1.3325214271888974,3.9643046198673724,0
0.8429781070270846,1.6477464731880418,3.3407330431074023,2.063328351044346,1
2.59780081378649,1.0559097567782978,1.269444787676613,2.2798146298195587,3
1.5639188851814505,0.7586853379435591,2.526374031846849,2.2204993799193904,3
0.9800958938955459,2.620000525281087,3.9334162295621757,1.6208930214350457,1
1.8646403088109558,1.2313601817282878,2.259257999363105,1.7093448540347702,3
1.491954670767464,2.0180416012610833,3.6035468965763284,2.3974134293884166,1
1.0185768281867753,1.701926458415373,3.4112654804618816,2.1342111566999193,1
3.4969577621516588,1.6232754849298123,1.8062130448427045,3.552164936589035,5
0.8591101824676509,2.5621032020723025,4.211942467623821,2.3181860402093,1
2.491804752500341,0.7194135263787854,1.9375208933554056,2.7691221866834774,3
3.4945151096065636,1.6162085019466388,1.7518349455772253,3.543852875230728,5
1.1051211034607031,2.623568956022932,4.272357771642247,2.393310914486553,1
3.506612451383431,1.6705248853546313,0.8328557087254396,3.1138081710116317,0
4.4693316288475105,2.5651946410113413,2.1152930047890504,4.3942970522745854,5
0.834736378478524,2.5599800761712124,4.217929023106204,2.315104205681398,1
0.8124200391267059,2.5590218228003363,3.9046234520070313,1.5271484208145998,1
4.510294313791369,2.6325090394509267,1.5427187214666058,4.07898137301484,5
1.5854629184495657,2.902485748566897,3.828989525517099,1.089705486164901,2
2.058558496179876,2.475224798646064,3.1489354584347207,1.3148020166372913,2
3.5597455491160317,1.8016255122500349,1.0416179205569944,3.176833369349558,0
2.9614851470894994,1.787373999296142,1.0816257548427388,2.0595398827306695,0
5.48259379441936,3.5781153725087536,2.80882286383584,5.322159746003217,5
3.7621644569394657,2.158137745975452,0.42035886632219177,2.9223588958834177,0
0.6900039107452661,1.5576708633971388,3.324537312165169,2.0101327235774313,1
1.5585257233137089,2.115929263367608,2.8444297225230284,0.19263035104379472,2
1.6451241573387316,2.9307836105117677,3.8627863348526383,1.1573291359744446,2
3.484449377376015,1.6030278928909392,1.7623295084602486,3.539664835618664,5
1.9734608768830957,1.3852595034667199,2.363246402232655,1.8362518509851595,3
1.6620992395668752,2.2119387517188804,2.8822654489822908,0.608384927596015,2
1.3031503631106298,2.719951472601907,4.039829091982407,1.7967688446363985,1
1.9196893130133617,3.665495924285374,4.960191961240278,2.5296599488535336,4
1.6076227516545074,2.1478292791519484,2.8776093741817137,0.42336757531665103,2
5.483316329706036,3.5875777384738035,2.3274741217728123,5.034956118810848,5
0.6821561063787236,1.5634027173495961,2.9298024860522323,1.0341578406010843,1
1.6043169344402997,2.899242260727673,3.823286758086429,1.084021348999429,2
1.210471183210096,1.8915726923135947,3.067076257701493,1.4374294320763081,1
3.746421146706614,2.1470645595359046,0.3111491653854656,2.9104948810108255,0
4.890650559600877,3.2341977282639025,1.8815412356031025,4.145238028972633,0
1.6309579611780365,3.5122396154774638,4.879199597671001,2.3154113479731415,4
1.6360107928588274,3.508975938860534,5.126277161884313,2.889365847040793,4
2.105710629333912,1.6515652995679984,1.881447894509519,1.0107700422735157,2
0.6527088719278825,1.5711732730798142,2.9262117618791152,1.0147619854308134,1
2.063410532253805,1.5796139127890223,1.8526282351607046,0.9102778853794754,2
2.512071717717156,0.800477466563915,1.9493191923193993,2.786382342089184,3
5.668382973610546,3.875791362424169,2.2431695553906206,4.945892196474474,5
1.5351956930437578,0.7253221329965432,2.539742246824267,2.214704478239021,3
0.9531606900987577,1.7334478516779315,2.992203080835593,1.2431973056892225,1
1.7686667637313387,3.5867314086359436,5.168205920794156,2.9753377502914247,4
2.592271268251269,4.489208426009773,6.061554634301172,3.6580629823470003,4
1.5726832037177423,0.7518272855170356,2.5156152419369047,2.22029142009224,3
0.8293303376839783,2.5644607888795226,3.906007235151483,1.5339191809957948,1
1.6200791387285756,2.9127734725930496,3.847335729763862,1.130153345884438,2
0.8142236909725054,1.6105750498608522,2.951382607312613,1.0837340983453243,1
2.6807959018903906,1.1874379958811057,1.5205897367909367,2.3635848366983243,3
2.6058124254060093,4.497918643126633,6.07347593080559,3.67243359400862,4
0.8534180442904019,1.6573339837765497,3.3530133065731103,2.080420159765036,1
3.4878651302592623,1.624586463900154,1.7696085398602155,3.5446388542025886,5
3.5243034612685262,1.67018258124553,1.8510035567268794,3.573390335702605,5
1.566524819210023,2.126212034280116,2.83136665580202,0.21813337991315596,2
1.9903299227825368,1.4103764712485924,2.380277948126202,1.854485724186532,3
2.4764137964473374,2.055877391291247,2.3201346302433206,1.61085291640994,2
1.3287220256520553,2.7408228884336125,4.063023819310655,1.8292611237167258,1
4.534540014487335,2.6999946833350545,1.5651662315739596,4.115036909466354,5
2.8052544640077564,1.4346621099171335,1.7391214077557087,2.5011897415435955,3
5.489695230546088,3.5852669566006825,2.855890264722449,5.327552865052992,5
1.5372493381187529,0.7124233699583419,2.5301097218511535,2.209940517708353,3
3.242735205993828,4.8919676661172025,5.98112700203782,3.343837496084219,4
1.6999858903670735,2.2359059069934384,2.897306124446298,0.7274146562384943,2
2.230273280404109,3.8450750644295333,4.858536441514589,2.1803020894153944,4
4.703994105214173,2.9625183838289386,1.2219691645240476,3.928649654645503,0
2.0904212635169768,1.6062814183637122,1.8355843702013563,0.9388125589051517,2
1.8859836895760873,3.0340347473276967,4.276390846824454,2.2506868827521966,1
2.8810710960269024,1.6344277655782653,0.8769430996013762,1.945496704541262,0
2.0611240681976852,1.577434572357462,1.839561251054528,0.9165962281561826,2
5.5799207355235465,3.7412758355062454,2.521213787060891,5.141061326438122,5
0.6789390502324314,1.5668760643820834,3.327199355758629,2.011502514765059,1
1.638680067531643,3.512072656013967,4.880093490312436,2.3179663982143923,4
0.7197061182908528,1.5545113368165484,3.3177451485782896,2.005424506156643,1
1.811586713343558,1.234561274522145,2.156208942183777,1.6733977268137226,3
1.5911606679373187,2.1554396779322063,2.8531503330868824,0.4122301440540298,2
2.5321030478168827,0.7921558417527501,1.9822757338083279,2.8011988838551587,3
1.5936543862275419,2.1436640253913497,2.8786260337248746,0.3973537658807201,2
0.8956900057608624,1.647338487639546,3.3785690515537596,2.0741798833599323,1
4.502511053691282,2.619877849259769,2.1385855312636557,4.424634072012108,5
1.715596122117143,2.2222648773167113,2.9442438668035376,0.7219464144990727,2
1.319109067274284,1.8828980148457584,3.513047028955319,2.2843769238464535,1
0.7594644984211073,1.6210395884579367,2.935310835272476,1.0818495353557356,1
2.0701374203380203,1.5847676115064655,1.8531291268228696,0.9151972778033503,2
1.8158333440029637,2.327710153365907,2.9535156748949216,0.951475009681449,2
3.035890575560408,1.9107616480662595,1.2510698568630394,2.168500120183385,0
0.7593383771002499,1.576900045435877,3.33768850327175,2.028621312808662,1
4.519665086492383,2.6720273516306485,1.51205165312248,4.092894601692994,5
0.6761403197902222,1.5569237996585914,2.904722929127498,0.9942920610061373,1
0.9036110749375077,1.7043370806879605,2.973958552812662,1.1915705360476458,1
2.599017217090412,2.193472980441293,2.4559672389232294,1.7983006385595341,2
2.5034069288159144,0.7417464816773783,1.118084837148447,2.169588419043781,3
2.8542010359946417,1.58878615329679,0.8546535850108594,1.9146783830257494,0
1.6706925834912953,3.521804930681184,5.142727615502433,2.909543510458116,4
4.137593753048429,2.7318578338549564,1.8208771341227603,3.3824341411012275,0
0.8319824778587182,1.6341649604377368,2.9831982817554294,1.133915777389532,1
1.8569126942386627,1.2128368664030602,2.761507375475206,2.432097888445364,3
0.75829164686795,2.5234376208054536,4.202630744965697,2.280870064981212,1
2.519796479605963,0.8167228203726519,1.2261525864981335,2.194822988431561,3
0.889228434231328,1.6765532423381613,2.9439357483842103,1.1465602003203865,1
2.0931430509252986,1.598515914128938,1.843883965309286,0.9302719489767084,2
2.5092355051239634,0.7964355530689854,1.1267575191942907,2.183172653640099,3
4.84733927954655,3.1714495793071955,1.7599373410768655,4.094004348516793,0
1.4839638284723649,2.0185687996383583,3.231536406198915,1.6513042711748853,1
0.7463503585834963,2.5137453516147663,4.190030173575081,2.26053621273607,1
1.6348991935500976,3.5202296138959746,4.882860330024888,2.321247078597161,4
1.6702017095460289,2.17828324834568,2.8892908802863175,0.5495004339836009,2
2.1186779328926435,3.7419682457602326,5.069084922021476,2.662659786775808,4
2.732826790075493,4.588670809866982,6.1249991330610705,3.7712404116818448,4
3.038174689702517,4.7687976634901545,5.874134694508419,3.158871300869816,4
0.876914819986079,1.6644675380470295,3.341835845144987,2.069592665964655,1
3.5043445188567732,1.66292993765599,1.7886657360571052,3.5587935447074805,5
3.662523677813467,1.9906280502170839,2.049995605032611,3.7142690546355603,5
1.806212875867217,2.317052014217467,2.943715855118945,0.9274495049285767,2
2.53631016688951,0.8174818542551391,2.0012069668287236,2.8060972841964515,3
2.922445368366028,1.707945380339007,0.9514436966036841,1.9918963567875287,0
2.9598535930847345,1.7026501765746103,1.9796367597217155,2.6700650865520803,3
4.685998340539822,2.939553614924933,1.2132325776045463,3.914173319133562,0
1.3018504753945623,2.7307800991480886,4.056138480395647,1.810586870290447,1
1.5289938302152208,0.7043446317331853,1.9644653495579507,1.3608438994892973,3
2.9230619929960895,1.6288652766955771,2.4875008442468443,3.1465817762328014,3
5.472651292239636,3.5721686512912867,2.3176781297056985,5.026984302393361,5
1.2773952781354223,1.8720055846384347,3.127504192635706,1.4614584910039574,1
0.8144794635402216,2.5392134012848007,4.221126855317563,2.3020034850395232,1
2.175407802064862,3.8076315224550656,4.830809652918603,2.1098704565595363,4
1.5418443731189109,0.7069219868685962,1.959935679929747,1.3540760409483967,3
5.51044922295487,3.6075087275646127,2.8740208601465653,5.344592645404661,5
2.6705435612270403,1.141941732793846,2.1739646390404213,2.9203487990512618,3
1.524217425652247,2.836741107869057,4.133950942468021,1.9719901190489233,1
2.9927688095692373,1.7951004440498022,1.2482031589803946,2.0911318147165376,0
2.872360652481359,1.6142522129353782,0.8869994628419965,1.9197827863442365,0
2.7915487667660632,2.4057097618191983,2.650561759588137,2.0549546868084385,2
0.6705671912802124,1.5493323328824413,3.303138528884457,1.9865186651119056,1
2.3405142234991807,3.8880545213757487,4.917723861191795,2.258285122626097,4
1.7250453373469246,1.0760571860231332,2.623801904776658,2.3475596039511744,3
2.7232912456102563,4.586850358134749,5.914366797650286,3.3454771394291645,4
4.802418144531582,3.102635213882928,1.6210828142086957,4.044112435665956,0
1.803621373951354,2.983233263623499,4.2411360150698645,2.1908067287994286,1
2.9910783783123187,1.793486495233329,1.2449801400062694,2.088007613479823,0
2.0107539734318847,2.425989204694441,3.5198234894336964,2.1303664127590674,1
2.966715685268466,4.736291761217294,5.833336981142078,3.100262281801803,4
1.6820523183028075,0.9721886023189569,2.1241732630990255,1.5263192770081082,3
0.7627301788765392,2.539052878856981,3.908652387512791,1.4953115715551262,1
2.572562742925969,1.0122235127590709,1.2598984055156626,2.2596490735848365,3
2.5173449869916014,0.7801477333620362,1.1551721129222319,2.179846198751437,3
4.480497961949995,2.5854374114991483,1.4041795540720485,4.049542568653719,5
1.5782963260889387,2.0860049012452797,3.2739184613044285,1.727610815805214,1
2.5131447587837585,0.7412013695764406,1.9456110556886763,2.775676173295329,3
2.6319701670477746,4.532089830798581,5.886466830903316,3.2776923342486177,4
2.059485460295298,1.5763836491917111,1.8494022183972758,0.9066315202490548,2
3.790418004801305,2.220624361185154,0.5479813334866687,2.967610899483492,0
2.4937044697298054,0.735785049660654,1.1176343225712702,2.1716328404361214,3
2.656799196354598,4.531831710878612,5.8989678514277735,3.287210273223711,4
1.8765289252754163,2.3312711141307094,3.026022290799053,1.014147704648433,2
3.758235342901748,2.149143643786229,0.3645426558175378,2.922379183781995,0
3.505293826342352,1.6415968027288521,0.8561910209419189,3.1050651860267493,0
1.5511784747192272,2.115314105696784,2.8340105062055083,0.09270280323168563,2
0.6764941684344318,1.5724699421904522,2.9179820004501096,1.0272453712053764,1
2.9611002587245157,4.7266162696247145,5.818682042435612,3.088735986553184,4
1.5563256666233605,2.124399868631938,2.836992398914021,0.22543408403939544,2
2.538151051348593,0.8807143663870699,1.9713158537311068,2.8090777459864706,3
1.0424071674435977,1.7156114905127453,3.4170770376053494,2.141040210502813,1
0.8308405437499129,2.570569165525327,3.91405594829368,1.5413592257447906,1
1.6950625718598369,3.549600143858282,4.893160130531638,2.3688958505472444,4
2.871175471281711,1.6106055918678885,0.869900850860604,1.9193067464182176,0
1.6013526544855479,0.7980595053274723,2.5847864784722026,2.256387330877055,3
1.7832263555969592,1.1133444346790473,2.1849354349312664,1.6143264679494598,3
4.558112119703465,2.6964909054765562,2.2942203017803897,4.472932913051902,5
1.3819072181221985,1.9280501452359566,3.5429225914019753,2.3252116334886748,1
4.699937260357971,2.957776748637924,1.221428682348438,3.921259217754325,0
0.673599384098968,1.5595356909166693,3.320612650757384,2.0026204334002156,1
2.241776798410633,1.822655123046892,1.9914665343640172,1.247922298220725,2
1.6011806487978308,2.913734328440824,3.83209684740609,1.1103296531234632,2
3.4749911470912997,1.612973498212295,0.7779141825252813,3.081721942976022,0
1.7965979917682517,1.2170180224906162,2.1542870276498096,1.6655809542041862,3
1.7353921722632675,2.272246502066968,2.921480478649695,0.7890167395395509,2
0.883530251911923,1.6756987734073663,3.3528449868085204,2.0799529227964233,1
3.485528588743935,1.6159351563584103,0.76626557799581,3.0856839392860596,0
1.930769346352555,3.6412020584363907,5.239904069329649,3.0621529868294393,4
1.4011566565035982,2.7779034687354773,4.094222403782235,1.8887172584329592,1
1.7079175357004497,2.238740566850072,2.8922976053429985,0.7145882245972397,2
3.326498927757031,2.295456134810686,1.952338285589339,2.540863640879501,0
1.8921484550385712,3.0876742751663744,3.9327041285289335,1.4881624726178775,2
0.6527263586696292,1.562578096220165,2.921178619872926,1.0214549906385197,1
3.5433356394623163,1.7506912039269773,0.9438471405731701,3.152917637881027,0
1.0365191016304613,1.778222298688799,3.002991334420522,1.281039598346247,1
3.041197553643244,1.8718836316962557,1.3651358211735622,2.155069349617524,0
2.5578297409995665,0.8842537571506351,1.2449905026042785,2.2225399099748024,3
2.867257914483523,1.6009789614517855,0.8931249186278246,1.9257973105819688,0
4.615163866918243,2.7862335336255932,2.4196994301953447,4.535999748985505,5
4.5771113026485475,2.762490537388459,2.291372729859252,4.5052178008196995,5
3.8793529639109345,2.3786649476915454,0.9514768953588327,3.0791636600672683,0
3.6266394376283926,1.9163913447840766,1.985477655837321,3.679100361377967,5
2.870451339400138,1.6120606745350847,0.8799254226954206,1.917654399517382,0
1.651996272899663,2.2024124359900177,2.877078364430308,0.5911134458549082,2
3.7215306628895513,2.104481305844032,1.4474907214148447,3.3546016449492546,0
1.6728424065285674,2.9565964013115775,3.851914644843025,1.2033288351451847,2
5.533798016718011,3.6760863726551314,2.4428083274036645,5.093576511428534,5
0.750981010302565,2.534848180446498,3.8992260640061325,1.4799371508269574,1
1.1013751325181766,1.7554996797258062,3.0406781868680817,1.2916311132753995,1
2.1146456784585674,1.664024357458227,1.8867286258516234,1.019588288101942,2
3.706971323677541,2.01559192653441,1.5097933475396632,3.3196587619974065,0
2.5335210981767364,0.8560722406677893,1.125627711298605,2.1945855647755597,3
2.218375911163596,3.83902824385793,4.853653374635052,2.1595336318863714,4
0.9589563460419053,2.6093426063658667,3.923380504579883,1.5980875104102694,1
1.5442394951712122,0.6950880404599746,2.5108289251228233,2.201582466088979,3
2.5420401044596352,0.8215163942152205,1.996569557190154,2.807804693756281,3
2.0813896606143576,1.5915944700227236,1.852666609224193,0.9259558109549711,2
3.5279748868121543,1.7113178546868444,1.827123893343307,3.5850519012604702,5
0.903427131849925,2.5874423658868886,4.229340315385826,2.3384997593501007,1
0.7377308541828976,2.534268299394617,3.9029096413458118,1.4910947486273247,1
1.2630468459464517,2.700246109952664,4.33449853662487,2.483084147328053,1
3.792792327543093,2.221050684184743,0.534680603377484,2.967675335288823,0
0.674612132107065,1.565368479122911,2.921728282964501,1.0075413969496556,1
4.738832260879773,3.027414366295567,1.3336225578951766,3.974056016493776,0
2.2300803851190887,1.8067118638136062,1.9811939627180006,1.232748626347803,2
1.9733102153761375,3.0821698399776087,4.600668979946478,2.9020131740956083,1
3.4964544729232814,1.6223792004943587,1.8036450425813997,3.5505589827238344,5
1.6444083025465714,2.9361793720494114,3.83948797183992,1.1719858991148244,2
0.6600139883299205,1.5743086210557025,2.9239816708322888,1.0110066816091186,1
0.8198780826842235,1.6117299024456524,3.366340449680565,2.063460903983213,1
0.8218926714230272,2.5493160346678554,4.2052360076370805,2.301118459820636,1
0.9137125196716632,1.6836214078481122,3.3513385791949806,2.089749790500757,1
4.474366749938998,2.5701214737338693,2.116254352176578,4.3983033515688525,5
3.756881748115314,2.166525198560847,0.37620841364529584,2.924822978150075,0
2.5091233611252486,0.7842149153367062,1.1030386316632412,2.1704136220397214,3
0.6724424574105081,1.546829873202879,3.309014672458424,1.9877186043787671,1
3.5456720369368133,1.7526872936839077,1.8607777903455458,3.603579920854786,5
2.5255537312059975,0.8275297645683322,1.9505427228272203,2.7958197270261813,3
5.522723932301578,3.655538133281773,2.414238199773617,5.080720865193711,5
2.881962134348539,1.64626923525718,0.9104850927848891,1.957874279324187,0
1.71357712375611,3.5442558491402427,4.906786667880612,2.35935993375623,4
0.6974768737489226,1.5750264928177005,2.9087796663151835,1.0155228629809576,1
3.12554082757687,1.9732356798688806,2.2306384201548726,2.8481392649588955,3
0.7771115781704703,2.535602546364548,4.209982668059833,2.2967595104844354,1
2.49505556981091,0.7608123762525298,1.1228678310311084,2.1707660860394538,3
0.9539897938777719,1.701322417331101,3.3576639311356704,2.109199006369852,1
3.8131743360224473,2.2705507303636656,0.6954763644860321,2.9940962541569944,0
3.823707332352482,2.285977519473184,0.7484610973438173,3.0133371645081204,0
1.8173350234560552,3.6163819840088975,4.933805741291187,2.456621954525638,4
2.076463113352228,1.5837720466821432,1.843332591514889,0.9210538634401896,2
0.8608389477721551,1.6362326546689852,2.9725555801778447,1.1260466897608912,1
0.8350397979111178,2.556842509491964,4.213782191956286,2.313205256934812,1
1.5560071449617605,0.751764536263402,2.525575842386564,2.213559049511185,3
1.8035140848660594,1.1189440848104724,2.7077725128790116,2.3837710086932917,3
0.6723672758934954,1.543488858552981,3.3029519723593253,1.989143751357866,1
2.270773624693596,3.87102603356514,4.873129550197517,2.2119319793671317,4
1.0452985348079369,2.6418200636536042,3.9399628139840037,1.6517578255159744,1
1.518013093048677,0.7036334148435044,1.9773097973202653,1.3679353684788167,3
2.9079319351867996,1.663226650597311,1.0108150604362782,1.9716962049620792,0
2.592434769780899,1.036692741275273,1.2551818600000377,2.2740642519942886,3
4.47567328553321,2.577918535607202,2.109844235475653,4.399107462265541,5
2.525536210627177,0.8462024016648876,1.1527654147584765,2.205139773041178,3
2.504340992263613,0.7478883523784506,1.115641868284639,2.1650893484035154,3
2.1634770806514148,1.7197798241971018,1.9148114022609082,1.102804703091679,2
5.646915332608852,3.8421681878516782,2.202023254761294,4.922011610672825,5
2.165226747830444,3.8032090528386866,4.8319583324073525,2.0986937354479407,4
1.8117553568521465,3.603007314866238,5.170359556851626,2.994578654950493,4
1.6307935543764283,3.5036731265760266,5.12107881157851,2.8876015507431747,4
3.513066759162318,1.6524573827187783,1.8411026055091209,3.567791621089425,5
2.499634236421636,0.7156841394000987,1.9353147021252686,2.770090414890772,3
2.639159867139438,1.17036048921918,1.3653093110806145,2.334262373118004,3
4.500873681433988,2.640878856947546,1.4737700938054723,4.074584580837523,5
2.231117894440269,1.7643791930334352,2.044236584720454,1.2232253137964617,2
4.472914001025048,2.5762399486971383,1.4280620162391775,4.044318639573832,5
0.7612551674438119,1.6055039446539248,2.9597197888503763,1.0745336971535961,1
2.5169932538930495,0.7708443717957335,1.9726966872104015,2.7835182740820277,3
0.7848076939291687,2.546118413298246,4.217045765777997,2.2980335989340297,1
3.7492748176179727,2.13934741671247,0.39394393825754837,2.917287780005249,0
2.527147619704762,0.8012394006286233,1.9959442229828672,2.798806746288406,3
2.5148523010505137,0.7792291404113816,1.9428699485016432,2.790294376816242,3
1.1436553667935583,1.826126044579178,3.4187558891147103,2.209462581127044,1
1.5808289789180276,2.899512758660292,3.8278555163507297,1.0895762654603758,2
1.3357411739791971,2.7450775126257776,4.069400609182375,1.8416603988998745,1
2.6364280431101386,1.1364111437231217,2.0718488232724646,2.897889915347807,3
1.649561105576222,0.9708957915163282,2.0435782377016727,1.501846266605581,3
2.8839277761293105,1.6257797208294682,0.9069922282030718,1.9328916908547462,0
1.5616275806963287,2.126230363119962,2.835204150477032,0.23527576779895418,2
3.5434467175558484,1.7533873419847381,1.8592263612011226,3.599424937726925,5
4.69521877190423,2.958097095295293,1.2158096771178073,3.920114070753304,0
3.0268269838248605,4.776769169906759,5.8549773695720795,3.155408195385665,4
4.722485978750786,2.9560849081913396,2.629245309923697,4.641907492339261,5
3.5611458252283152,1.7867793859829466,1.8927876878638386,3.6217754558398467,5
1.6094753267863018,0.8091802888384023,2.581491595633787,2.250731114457634,3
4.823303221766895,3.1374401110214767,1.6978417340177552,4.067978947413845,0
0.6891955689696329,1.5627459564587904,3.3248810922124368,2.0183607824864027,1
1.5984523170919807,2.906557148055907,3.8238893766627577,1.0900107125094234,2
1.5317490272535534,0.712837497938475,1.9619197027210151,1.356239052623309,3
1.6905024363789027,3.549020284441902,4.894213453203208,2.3656858238666394,4
3.840358532746392,2.283950191519823,0.96493151929604,3.025591799494406,0
4.759367491159327,3.066665600786828,1.4154730736405934,4.001992979137417,0
1.6626405221257359,2.934535937055666,3.8648070028214256,1.1762725659108413,2
2.3700105651836707,3.906448098737535,4.938403975973454,2.2969169155698843,4
2.4933185944568517,0.7147740123317234,1.9353779653301086,2.7684801343269148,3
3.92790214420223,2.4629025607091037,1.1260134753566735,3.139600003727678,0
2.5614225549392704,0.9031226700236957,1.2705236069534047,2.2294185324298597,3
2.5416021937143847,0.8822992906012519,1.9673677059348025,2.8098927614609974,3
4.752705346487665,3.0560649225426855,1.399449718516924,3.995774368334357,0
1.788068596427521,2.3028387720444843,2.9302161611688584,0.8711260969441522,2
4.488308831976535,2.592999483963728,1.4043529036737232,4.0508750446447594,5
0.6539963772434856,1.5701134559408492,2.9275219665755485,1.009365137110518,1
2.9109984386041514,1.6898586744718898,0.9335727207007481,1.9785477174384898,0
1.644550665500562,2.1853226573198485,2.8571888721282273,0.535782116460176,2
0.8595506553311683,2.557221031798864,3.92330580114727,1.5358872634326204,1
1.727829625248672,3.563880524012934,4.894975879849182,2.380890332705655,4
1.8582163443282758,1.2929551007190265,2.704098459307963,2.442219981897308,3
1.5275158988116218,0.6950334645417824,1.9662649141251631,1.3666370390633522,3
4.5375758330922045,2.687169836657987,2.204714127984178,4.460924036405548,5
0.9512900158159523,1.7325832468412754,2.9891485996594462,1.2333537387175915,1
1.77887039545339,1.1026865599876183,2.1789233815739295,1.611154235188123,3
2.7258754120902107,1.3454522853714521,2.177124907758338,2.9775877754306825,3
1.5616663890492883,0.7264087611185488,2.548204808292218,2.216903582555161,3
1.6807792753340216,1.0361930593378583,2.0732621547787966,1.5381296433335223,3
2.165280280416764,2.5705527817624034,3.240337357934371,1.4903013379580154,2
2.4949298315517416,0.7413896204213783,1.1421809482552567,2.163513595507045,3
2.18524151227484,1.7416009729467774,1.927913381932957,1.147066443721661,2
2.893081404484571,1.6336226746596074,0.9460450149755822,1.95353200711217,0
3.5238386618804776,1.6681232672176052,1.847238640377202,3.572592469657625,5
2.032335608809453,3.1490476206029645,4.0562639673075305,1.6572910793927096,2
4.483943481491688,2.5964304001562257,1.4913263772077656,4.05705754823303,5
2.0826582233832305,1.5939065086914448,1.8334504765940849,0.9223247777633801,2
2.060898151957987,1.583590099568462,1.8452953017710583,0.9118940528709883,2
2.9921237241841245,1.8051772583106105,1.2959119138164288,2.103820555368916,0
1.7458516227412704,3.5538568496522855,5.16769166022247,2.9447346150214675,4
1.7227511744492963,3.562020403126072,5.152654930933118,2.945031013057571,4
0.6903294453951367,1.5724805579977579,2.9318941727252317,1.0242608179699642,1
1.8582845739715264,3.012160114443397,4.5503166260654515,2.824511178806409,1
2.515691963473082,0.8244837182969713,1.142993719270572,2.1923788129327955,3
0.879681586520752,1.6453154361942066,3.3868713943972986,2.0858002653412453,1
3.657970086708674,1.9769586486693902,2.031798911724838,3.706831166572954,5
1.5418443731189109,0.7069219868685962,1.959935679929747,1.3540760409483967,3
1.525489394369621,0.7060034099790126,1.9799548767142339,1.357820804320274,3
2.5310977068209435,0.8505120397439523,1.9578793617396772,2.8007345828022445,3
4.509097086284556,2.639385716699825,2.16798508708646,4.436961133248411,5
2.559204454092993,0.8868579583032765,2.037879450234167,2.8240563983164786,3
1.7924485164679005,3.5803916540688263,4.941734626338206,2.423820514694442,4
1.5411669946647413,2.110341653739646,2.834537102689038,0.10983099996139342,2
1.1147954723448958,2.6335215149842037,4.286363397969787,2.411033825335856,1
2.171527790725398,1.730843644947267,1.926513331835281,1.1283167992784677,2
1.800547961325674,1.218582854995507,2.145807243801674,1.6569435028484472,3
2.618741175840741,1.1114401233971922,2.06958892315719,2.886056228263644,3
2.5229032294826323,0.8159103103340134,1.9498571614159743,2.7955059339207704,3
1.6057171545690672,2.9131154247720468,3.8283367170742446,1.1167250311351091,2
2.490716029018648,0.7112716578086372,1.9399112623524113,2.7670322970081225,3
4.478054408794005,2.5898750084346034,2.1238173676704033,4.404818975584303,5
1.5352174027658965,0.6981847183620166,2.5428757137065707,2.2121878355170828,3
4.492228562633395,2.618416225296338,2.1488046775591214,4.4192664538701445,5
2.8880359301437024,1.6527220135014213,0.9033218897802874,1.9564196899440927,0
0.9265515174907525,1.7097621699967136,2.9739217471549635,1.209738529471534,1
3.7823896459950026,2.1881804463919377,0.6027134910988479,2.947156419455878,0
2.703055414095223,4.570553007386429,6.114708848215822,3.750722106001122,4
3.5083475526354633,1.6695707442186372,1.796330422813794,3.564686427704264,5
4.594276109872895,2.791310125736705,2.3221071968525617,4.5230318335857564,5
2.1249261040723435,2.5337418518431107,3.207013106886353,1.4302905314496481,2
1.0043570799336332,2.6293371791115785,3.935893492629803,1.628312045855467,1
2.0641707251589816,1.5821497486394966,1.843224612605464,0.9088526955250031,2
1.682343478422963,2.2193346895469714,2.8783584237719646,0.6337682575008224,2
2.2986420798059815,3.8892921546900636,4.885993111082579,2.2409192001592024,4
2.501858743326336,0.7716530668742055,1.1168234476198131,2.17363943485814,3
1.8171379533865888,1.2567524876394507,2.1775563097369326,1.6895641229186356,3
3.76280798228197,2.155381743149034,0.3598711776690625,2.9242493912162084,0
1.7424090028219736,1.13260881178606,2.1166586676073527,1.6103127787501883,3
2.6029219962811188,4.506074806340489,5.861263876060532,3.2422624194426723,4
3.539154554887238,1.706940131811277,1.9037426243778686,3.5920625663845653,5
1.6103795355378896,2.1590605434129664,2.841058365700309,0.385112465470433,2
1.663041866142318,3.528343450751924,5.13251546729734,2.906044534628503,4
3.673807196974239,1.9992303111180807,2.0521906519756703,3.724810825353559,5
2.277194644379939,3.874351026527887,4.876131959746736,2.222916862300959,4
1.7344902002450426,1.0586451414766553,2.1745697402077075,1.5860940415661555,3
3.7908610084880467,2.2027333827961293,0.7066519994406275,2.9647630662261473,0
3.781204305856289,2.1876680569199145,0.6392802328081509,2.9515423283365276,0
3.4958434143974855,1.6398222665366942,1.7851790969262096,3.5563504903944527,5
0.6989182035818207,1.5694057488984043,2.9223570907169356,1.011150916091869,1
1.0700176912624846,1.7492622590354137,3.0503003385425753,1.295001748160949,1
2.7342334107080997,4.589294553940428,5.912734531607826,3.3539958054465466,4
3.481212663524613,1.61041977741867,0.7694437931355211,3.0817162403171574,0
1.5828866475520558,0.8412746185473698,1.999147892395988,1.4292619638316593,3
2.7482673412703047,4.601672909442956,5.923572532061927,3.365843144478533,4
0.8623822051442801,2.548671751586655,4.221015518032206,2.2985208156018646,1
1.5901481491856575,2.905256348290739,3.828307092416416,1.094397815141943,2
0.8080993638475965,1.6282958359813702,3.333199791728386,2.048726645581549,1
1.557603865653816,2.1298899063965107,2.842760091630042,0.263172789662322,2
3.6157060497334492,1.8954140075365145,1.9716634871648233,3.6704749301616184,5
2.756406725519363,1.323592289946608,2.287393772708001,2.998724896845357,3
3.7428754616025404,2.0783242929136123,2.2760556406376176,3.7874190400908216,5
2.1674559496006474,1.6919763070070983,1.97101127590745,1.1032625729376644,2
2.584901904751881,1.0029215507878082,2.016970014822423,2.853653702616068,3
2.067294465622944,2.4897344268152266,3.1650703153862407,1.331989875758545,2
4.705727156152778,2.962041663713331,1.2367493105532805,3.9278770285199816,0
2.503469776970961,0.7488046301273791,1.9413542722375434,2.78183907507651,3
0.6911668753164436,1.5938276895094594,2.9308059502054156,1.0409741461159843,1
1.8826904881875797,1.2527291717537175,2.275371741087715,1.7348302742522745,3
3.053631206044659,1.9386191371731114,1.2752538178014892,2.183440830475563,0
1.0078211498511878,2.629095415295783,4.248223011005456,2.3781671021256545,1
2.402474710173456,1.9672349747345252,2.2395269094771346,1.5054168831102501,2
3.4780957873112572,1.6096064531365348,0.786424604403749,3.089603385006233,0
1.6256251690443984,2.8902057230270266,4.1744386342510404,2.051629745274264,1
1.5559257200797767,2.11834732807267,2.8341778244192652,0.0904833184006694,2
3.5543193439428875,1.7467112558092697,1.1104628643937757,3.1622664265696754,0
3.478867272754183,1.593742251115582,1.7499376543086873,3.5279494760306753,5
1.6903144367609613,3.539988210589378,5.132892763986669,2.91694605009785,4
2.5206712716307624,0.8307491389756644,1.1277858888309404,2.1869336592437714,3
2.1010433263810198,1.6366960955659635,1.8647978223889865,0.9895990584084593,2
2.543172532059841,0.84098850684134,1.1969074634762538,2.2021853447068276,3
4.535875296709645,2.70047036939653,1.5634071268614789,4.115709364832444,5
1.5201336645368637,0.6951138226186102,1.9803547106072243,1.3639358579545655,3
2.055125844286124,3.199029963109008,4.016536830987748,1.6994833488273688,2
3.49418069261987,1.6639399651982085,0.8462566239547386,3.104476527039924,0
2.191866884824665,3.8206942682237583,4.842574505671892,2.1379759414126207,4
3.781437688014769,2.2046663428461426,0.4896271180253785,2.9538280977221114,0
0.7473289467743807,2.536778952573051,3.9033295005820294,1.486328557527742,1
3.666031181913629,1.9366885393811453,2.121045730393717,3.7049762878234063,5
2.1274321827481955,3.7764191174341497,5.276041924909737,3.1930319097999704,4
1.2268945561761206,1.8882611039578776,3.4510628120213678,2.255645308086605,1
2.922259264370334,1.6950199959365597,1.103950888692464,2.002460942664251,0
3.4967830632866446,1.6439756110730395,1.7876567518380264,3.5572035524796033,5
2.145123794347644,3.2148993128884666,4.108614689020293,1.7869967091520194,2
1.5891973045262184,2.898008126034248,3.819989503562731,1.0791618276960673,2
3.747544264379711,2.151219390623138,0.32399601488649216,2.911739162538859,0
1.7282370117578127,2.233392386705318,2.948236429020382,0.727346966928484,2
1.2808797248848192,1.8614254931615792,3.501829173894133,2.264121509844254,1
0.745391502429719,2.5271631850749663,3.8848577997814897,1.4635703902157386,1
2.593237629185843,2.18731324895271,2.44454703583127,1.7818744068011485,2
2.085451074038983,1.5949552158968494,1.8582673120020483,0.9346290887328906,2
3.7726985892209237,2.1688940480588803,0.49028117772343144,2.9364140484608408,0
0.7799312421255093,1.6226600786613776,2.930868430231675,1.090883081619042,1
1.5687975868587705,2.1152266577211134,2.8185011515006404,0.11567186437240168,2
1.5506114125981232,0.7247983583173137,2.5525858480420136,2.214027443849772,3
2.592271268251269,4.489208426009773,6.061554634301172,3.6580629823470003,4
3.0888632607787976,1.9082945945653589,2.692825267360203,3.298479718214654,3
0.6945102869304828,1.5826580715377099,2.9190913459999046,1.0318013897257463,1
3.4780943378621925,1.6197657598552069,0.7839834202823133,3.085161567085739,0
2.0759541267476647,1.5875748930030862,1.8366880586947396,0.9164382283067567,2
1.1198271022524477,2.6807769448915817,3.96768110047909,1.7068964764923664,1
3.802475713334966,2.2182816249105346,0.7505304772930641,2.977632587524767,0
3.5847420855003143,1.791027913813429,1.9837518147698239,3.631732913731609,5
1.6679782911772765,2.188180628006477,2.9144265814384385,0.6062299692531741,2
1.6146733979344887,0.8606131165666789,2.5468129120506653,2.2554428396522233,3
1.667940060642894,3.5309571268071576,5.132904151785236,2.907747287222947,4
3.540277450842277,1.7085135094469224,1.906693782156539,3.594298011168577,5
0.8637947309402431,1.6228342843354937,3.36578653697416,2.0678184657717744,1
1.8557849624485403,3.0357248851411502,3.9486135139942284,1.4137598117605132,2
1.5200886873495687,0.70900398188227,1.9739255512954839,1.3592971320977385,3
3.5148130989903206,1.68380940186676,1.805537241944744,3.570813343598986,5
1.9519564913470886,1.4518654371548727,2.2792308807900095,1.8286941060373216,3
2.863428631178708,1.6035922040763768,0.8547204809445195,1.9198805492406468,0
2.895807442690525,1.6559152719855528,0.8864668410425107,1.9566758614409896,0
2.528536097149053,0.8610950746381019,1.1477905690736414,2.198592896405788,3
1.3668298348803671,2.792291463712962,4.028603200856151,1.869750413927102,1
1.092228449222536,1.8035229397649413,3.0122635495916668,1.3260656054859001,1
1.5402183730323478,0.6749862345354344,2.519988584044343,2.199989043407821,3
4.556458513424641,2.718461168090517,2.2351916675278827,4.479669927452751,5
5.525776375159081,3.6563604783496375,2.889333007419061,5.368590089867251,5
1.036542396552499,2.638941463989497,4.250943112206791,2.3878023889108606,1
1.9766236465682843,3.088855308988133,4.609396056591216,2.9095718809860767,1
3.757408165171705,2.150681488994888,0.3801714489080712,2.919518205584165,0
1.6617481762940767,2.2009692467792985,2.8640629353878553,0.5575355632246316,2
3.770167637741199,2.169898032910636,0.48743246775792765,2.929969380583631,0
4.7047606000132,2.9833277530273326,1.2739280614783515,3.940757850563883,0
2.8806847712124637,1.6436484727398855,0.8975582701240578,1.9469963669289423,0
1.8224125119018257,1.2450741430703125,2.68952773161707,2.4197716968230005,3
3.496307736407237,1.662949028957104,0.8365031582834904,3.1047983091713207,0
2.5756758369036055,1.0047472996623903,1.2357772639862858,2.2531781638038084,3
2.5530252416114436,0.8627567230312297,2.0273403417900058,2.822854948836367,3
3.7589391669542107,2.15616890779694,0.31582283778626513,2.9227799473222826,0
1.6283215502766528,0.8703658763932604,2.07497387509321,1.478339510956501,3
1.2340244472749031,2.6946553274587925,4.02171222819904,1.7476251944587176,1
3.3523340774466437,2.3290340367060502,1.9961760003481384,2.5769266686170793,0
2.7531933866573284,1.3166170245712103,2.2822840157349424,2.9953584972675937,3
2.5129587009850916,0.762870759335209,1.9355907195870337,2.7863789949542785,3
1.5273444920642754,0.6888687144807443,2.531505794849319,2.2010586756363435,3
2.9206025836263843,1.6788375173106769,1.029272950166358,1.9855334308480195,0
1.5257201336537627,0.6971410597715183,2.5399965268309788,2.205992209449749,3
2.180726142412292,3.8140762345948134,4.8379640649698,2.119189348112594,4
3.5199701172119697,1.6595160600800263,1.829720983278028,3.564217645291216,5
2.0735786018629723,1.584329338989067,1.8326231357210463,0.9284025718771831,2
1.716333761771953,2.2497019699994683,2.9026210687174583,0.7419763441287254,2
3.8038612527857185,2.2409526950509546,0.5897188828989797,2.979939277209528,0
2.2310203133575226,3.840425333866346,4.848508087508042,2.168891176632119,4
1.7575388851438,3.008690290353152,3.887189285268984,1.3318669055067147,2
2.0353507442319594,3.726917371377892,5.246034400793761,3.1328954054155194,4
2.0389471033431334,3.150288088418444,4.053774746317953,1.6580682857550055,2
1.5951081845698887,2.13871062623542,2.860949665874171,0.32775488711990375,2
2.50424081268593,0.7132332691459834,1.908990765658126,2.7639707174666284,3
4.707402105534928,2.986964728698522,1.2765454805099854,3.9420027364629733,0
1.5529936705096152,0.7087131097029176,2.539951671345659,2.2103196988419285,3
3.486165798216748,1.6116206975792224,1.7679665951666945,3.5445892223033693,5
3.769135377587831,2.1714606942900447,0.5075760025769213,2.9282909411636737,0
1.5346766324105405,0.6750796624908681,2.517770034341291,2.1976821918790383,3
0.8365871817973418,1.6461093383408725,3.345776762891068,2.069339106005966,1
3.0633032063704295,1.960793505872114,1.3152080687291816,2.20216154392777,0
3.5153563103556364,1.6859036197691597,1.7971887013775003,3.5659555889247567,5
0.676238889569599,1.5742372667043079,2.9360336667625795,1.0238000672386802,1
2.988873900802103,1.8427915415622873,1.173178040256061,2.1069032168673267,0
0.7249146584722072,1.5901949936318405,3.326004074995858,2.0224041801977672,1
3.6270956443856375,1.910804919276007,1.9770017371892872,3.6785124576293438,5
1.8952156372125633,3.058838690367702,3.975129320122003,1.481719916310169,2
1.5694649174547413,0.7938190600959162,2.547336840093399,2.236914322870648,3
1.6623933896533978,0.9003042238192223,2.614208828776422,2.2821494097384045,3
0.8253571490982075,2.5511585271880453,4.208517294166877,2.3063802499643913,1
2.5010608215982915,0.7430560166864092,1.1440574994731234,2.1738327161793265,3
1.8356169016866937,2.3471134612933033,2.9699158085769,0.9953518674619928,2
3.5168990790547885,1.6764367528351483,0.9807203665491891,3.123590291447221,0
0.8903379563019356,2.582610543315721,3.9102635373010526,1.5608739483566008,1
2.094580345359519,1.6262347357791809,1.8554283066571027,0.9642769217333798,2
3.067572474143021,1.8640865634895063,2.656689235864039,3.2796321389459098,3
0.7367739018840975,1.5920536248626542,3.3233970050660124,2.0240830139688857,1
2.365695291584639,3.928607517061806,4.910677089933028,2.3079479240285474,4
2.068412807261678,1.5870610528599431,1.8415843968521688,0.913170027854404,2
1.5893830403111338,0.8089191814074016,2.038597275310956,1.42752595991811,3
3.1162024998400897,1.9816030748323257,1.525424136589992,2.2587825295559645,0
0.7080110937608973,1.5649299842631577,3.3306664980050056,2.013779110610438,1
4.540086732097494,2.6791601846163817,1.6366325338646557,4.112226813014844,5
3.640834332809761,1.890314735311317,2.0843435915945454,3.6877924484250246,5
2.636303252677083,4.532413579035234,5.88129703052647,3.2748910851952044,4
4.715935778923147,2.979417574313563,1.3486688695213163,3.948352455644111,0
2.4986396985731103,0.7154209252637259,1.9248271289030503,2.7677074566586186,3
0.7002289338148185,1.5719494959411418,3.3241516625311522,2.0197133873042676,1
3.0757080022444554,1.980535049829548,1.345115156557534,2.2229413041295234,0
3.778196436284413,2.17507190231312,0.4981321625193232,2.9406873676472713,0
3.64396910590203,1.9609011822613902,1.2554654678443697,3.268174829935461,0
2.663389822685358,1.1878968555278147,2.090131377149497,2.9197059565030146,3
0.9352488045385196,2.6010023375543687,3.9156903785985397,1.571701547651904,1
2.015740586992949,3.171583830096437,3.9974436957564374,1.6557875235878519,2
3.8849208964235675,2.390884050184892,0.9776726750483445,3.0849612413555016,0
1.6542796181914363,2.940947099918854,3.8400702253551375,1.1781070437066845,2
4.482724144776442,2.6098444235289793,1.439776248763872,4.05826141699277,5
1.5939024283124414,2.9003632701134734,3.833691577104321,1.0963789686349665,2
2.124097603383648,1.6632387781890223,1.8759021887975567,1.0281815542923955,2
0.8816752644850049,2.5866835158774957,3.915866372185518,1.5544404692664455,1
1.7544940047035176,2.278832257123384,2.9186702813805203,0.8152401865257388,2
0.6717043510737961,1.560882819448458,2.9218228008741987,1.0156719522841806,1
2.5661771818897683,0.975952288689342,1.2286833452005674,2.250973609753308,3
1.6648541362616134,2.959287682510738,3.862040694221505,1.2125542761738644,2
1.8702174271041654,3.0806739574554953,3.9341677372169874,1.470055067524796,2
2.614307131788668,1.033588224918312,1.387985854331424,2.2915014848028337,3
0.7156872108803207,1.581667435503249,3.3238258728730528,2.021103889551349,1
2.594789584321404,1.0003002485461603,1.3592453598553949,2.2660768119942336,3
2.4291938618414015,1.991122114787287,2.2511621369798367,1.5342346226866426,2
3.8073572631145183,2.2551889724853638,0.6447602684707934,2.985762464092331,0
2.332694807057022,3.908235653425265,4.898187742760608,2.2785194358302814,4
0.9567901706317881,1.712894263882201,3.3639407076494483,2.108034393042893,1
3.5765142506372483,1.77439387478734,1.9726626687990783,3.6284629142655085,5
4.495408760541151,2.6003377718429204,2.1769795002347836,4.420609201049501,5
0.9163034801281639,1.6537588255241444,3.3871682829177647,2.0944711981670534,1
1.589488227408302,2.8944383851137294,3.821069595364942,1.07754431708395,2
1.2332875622221846,1.8378671927848085,3.492326734503055,2.243508517754837,1
2.278529372952249,3.872619673190301,4.870827916200577,2.2160660750210686,4
3.580518190008337,1.8074093381575258,1.8819960802089295,3.628429117668098,5
2.056031021724205,1.4909038407086739,2.4211605052646332,1.9097804783623662,3
1.538865149461251,2.1031576514568693,2.8318201835435275,0.08888907097684334,2
2.524527749741246,0.7856484589810707,1.986473496974568,2.7979747487769835,3
1.5613183976920737,2.0661732390039997,3.6300233748992823,2.435830881958175,1
2.489578459544497,2.0685500477876237,2.332528216971206,1.6324719456900045,2
1.679255223833082,2.1917827626579984,2.9171871124292497,0.6372697722577163,2
0.9562226538400098,2.6186309878839666,3.938140494436936,1.610999479454679,1
1.6027870561122195,0.833889413713993,2.544979580483277,2.2529489131501728,3
1.6541394703146057,2.944198683739796,3.8463890246060055,1.1912258076798632,2
3.615431579370837,1.8870164177824815,1.9571737083023175,3.6671888428501647,5
0.7867738887916628,2.526267006220923,4.207306778979081,2.286176386648706,1
1.6583602938361477,2.2087940762835503,2.883717551439767,0.625049885761688,2
4.5033078661838015,2.6344179012992335,1.4606849234410173,4.076788397117263,5
2.6555218504017373,1.1899541739952535,2.0997632532778803,2.9158096677124647,3
5.858891630288033,4.1090885419805305,3.156231718510169,5.431260406618107,5
2.1447683470080436,1.659684055887161,1.9446094359505126,1.0735999177970514,2
0.8327342635791269,2.5703012321336876,3.9129603496794334,1.5409979440715453,1
1.590145378395705,0.8048313570547053,2.022959687712001,1.409926082631576,3
1.789908473169012,2.97487873379212,4.52609985572844,2.783154761170814,1
0.9264187736190603,2.587821981594537,4.2228036141785035,2.342295575896459,1
1.6974856990619378,3.555459792749043,4.900546468225403,2.3727936403215923,4
2.647683228675348,4.534603065341914,6.093174723110453,3.7109963066064524,4
3.921789004260767,2.4522134312179986,1.0967682396449094,3.1281499261867984,0
0.8955101514675298,2.58160757426441,4.22266894620431,2.3304658050834024,1
1.6044711857582454,2.1616588938956665,2.8538081874418317,0.4603591409826952,2
3.7255367382039175,2.0486504231341165,2.2438308522601402,3.768258761150152,5
2.302270701457574,3.886956594522999,4.882429487274719,2.248102618976064,4
2.624394778924427,4.52384341211935,5.875779356434762,3.2650115863285443,4
1.7080557643565635,3.552611434594089,5.14955888178111,2.941610885540715,4
4.530587506243992,2.6743525371425907,2.1955925013022553,4.4558547126521715,5
3.8014491355357736,2.2216826080613976,0.7774411336121272,2.9774774243847464,0
3.603613240899284,1.8581262033514978,1.9293026512843636,3.654138740749497,5
1.9409271147628235,3.1265134519187927,3.9658079419923205,1.557790486732331,2
1.8593673003579196,3.6071203181821447,5.213581773862903,3.0186916354543536,4
1.7934929928838395,2.2799256706030806,2.9930869662180792,0.8829498466359306,2
1.4319112525609194,1.972665690738805,3.5740310729494453,2.3586586432608527,1
2.6501377538839477,1.1808689032439301,2.0981025128454927,2.9124812516555427,3
5.481717963336069,3.5813551025494403,2.809686887552637,5.320859602348527,5
4.5375758330922045,2.687169836657987,2.204714127984178,4.460924036405548,5
1.527348841633813,0.7099666091066967,1.966036115141078,1.3565864848843174,3
3.769932445679942,2.1733066671075485,0.33662024215686986,2.9270478804776934,0
2.526200659899037,0.8506869088518212,1.9657477549054008,2.8004108434684194,3
4.525521325134458,2.68100462882386,1.529127514274985,4.101585265637762,5
2.8970747236697445,1.6469779624880763,0.9810458562650995,1.9580912026365123,0
1.654727554644935,3.5338781456306245,4.890742658755479,2.341676546203195,4
4.728622727932405,3.015904929809793,1.3305893812399008,3.9698270736766466,0
2.9007729384375462,1.6827950330677162,0.9421932965709845,1.9710230694603226,0
0.8136926922055643,2.541733707254631,3.910668037102742,1.5138759225050678,1
3.559878802734436,1.7754667552687227,1.86882501888864,3.613243154999514,5
0.833073036441952,2.571770663140699,3.9139273134528247,1.5393369934535794,1
2.505772661269401,0.7516571025401712,1.0956220314689344,2.1667859668680665,3
4.523998992126469,2.6517776662980848,1.5840181089654821,4.096105159979842,5
2.6144025723344133,1.0919187858249555,1.2962178708283354,2.3015517076657828,3
0.947795762287333,2.5995065860369624,4.22835073732145,2.3478821585348695,1
0.7949243927388521,2.5444981858577917,3.887262461972451,1.4962453743256827,1
5.655071768879651,3.8458069492245333,2.206354317406935,4.922493112447114,5
3.489021141765518,1.6400544597280995,0.8164562711125132,3.1013714777233363,0
1.649392859043635,3.5125797154785285,5.1347330867281,2.9019727566042355,4
0.8194824596365151,2.5704368837546445,3.916765386687432,1.5363032809058395,1
1.6208779838655416,0.8188351127455237,2.5804200468705583,2.253644364330885,3
3.610045707106115,1.833918921121814,2.022609561381114,3.6546087803668135,5
1.6537245033654684,0.9057624835355351,2.626625845982783,2.2861936963176595,3
1.9563798541446777,1.4543973247751458,2.2792812905273716,1.833006367060463,3
4.568913760849781,2.715337844098324,2.3268605109668266,4.487647610236556,5
1.6928171769077702,3.5441629546621223,5.140702808319692,2.925040774302423,4
0.8202891973795147,2.5424890022553663,3.9022888302675542,1.4934056851915292,1
4.707788019907478,2.9810683202671533,1.2549112771412807,3.9376670038826256,0
4.696516610208229,2.952467158505564,1.2795619362587345,3.9279646398927066,0
1.2898485947940794,1.9230451955114851,3.4663905586026256,2.2921689523048765,1
2.2149001509758692,2.6090261072474474,3.270340785461339,1.5556444436507197,2
2.6050357203921433,4.509394337587913,5.871182435473734,3.2468255715869123,4
3.1920972274679817,2.164090580193007,1.5772916757202862,2.3790339984439535,0
2.9300346727833504,1.7407757754932935,1.0315425856033178,2.0199153679607087,0
2.9068355386679783,1.6632366996073746,1.022971575868667,1.9745669702866024,0
1.6855433614942745,2.9671070873512275,3.864982171553673,1.2480590272927923,2
1.5552177348050606,0.7500570028187594,2.0108419560554363,1.3944757968475272,3
4.514456936867772,2.6564013663419983,2.186009991310028,4.4425733366767215,5
1.6407135379457705,2.197146857724566,2.877428156478061,0.5717602803692632,2
4.704095663842398,2.9771273625808456,1.2523156282266859,3.9351621674179262,0
2.0622091423561906,1.574434202440378,1.8488397922692996,0.9130290950600787,2
4.471769037680303,2.567569209253013,2.115821728525091,4.396231694564584,5
2.9578961098848393,1.7881827411878801,1.0971926614607088,2.0618665417781057,0
5.071987367215008,3.495571406253708,2.3310041288927352,4.35599685173347,0
2.3435011041512297,3.892598151242001,4.92724003506562,2.2722406405643434,4
1.8031950234781462,1.1987932517498407,2.6637038900522296,2.400443819541949,3
1.6919213827280086,1.0243731401092842,2.603838844043883,2.318815653633358,3
1.6646097961451218,2.1416401701830186,3.679680494610142,2.5077341687137262,1
4.697384122061921,2.958485661547276,1.2230204794963617,3.928227913931681,0
2.6890526718108405,1.187195134629393,2.202793836199542,2.9372315793082775,3
2.2537356072631507,1.7897267611683654,2.071806036162212,1.2681070448700593,2
2.229583366331863,3.845162329467914,4.8565007347946665,2.1700761524479724,4
3.487847929882283,1.6062184114361144,1.7587163552020568,3.5409688751039576,5
1.5813081728144947,2.1261467928217077,2.8469872560320764,0.2550363840181264,2
2.7243411894317138,1.339894082386735,2.1740750145638894,2.976635201935829,3
4.507271570315577,2.649645836939385,1.4868790811897612,4.082437502026509,5
2.5980056559963196,1.0666832273123772,1.2929979355903085,2.289151011749052,3
0.6678709261533243,1.568593794671369,2.916926610262495,1.0156730523014426,1
1.701256054138439,3.554935664823212,4.896577935905108,2.3704440671057028,4
1.8906060426948792,2.3292867673421696,3.452830242076953,2.025165050229282,1
2.614715332429152,1.1283440710125063,1.3432172023877298,2.3083768711080723,3
1.7735543846081194,1.0983410784843894,2.709074342595696,2.370135085057366,3
2.7290909729087014,2.3443960002828326,2.5970992985789274,1.9729049060080084,2
1.803862769977774,3.601578668808407,5.170860298158473,2.9895209826071563,4
4.491476417611156,2.61968156071328,1.4477916542499618,4.066198381790427,5
2.8853803360587986,1.625867309352887,0.9258009102393362,1.9409753980917288,0
2.125943821038117,1.6280373327707933,1.8842138497663234,1.0006948325268048,2
3.6489932977395507,1.9680033645976478,2.037726324063374,3.704680709135732,5
3.055119589644314,1.9461485503116445,1.3051213675014566,2.199159090515921,0
2.552916491657501,0.9360338072308787,1.9933142355772722,2.823170363702258,3
1.621943183864497,3.5064728243526733,4.8707339646015715,2.308242550762303,4
1.7490612810979587,2.2716813864125247,2.9152855654696093,0.8179433856733579,2
0.7526375989147546,2.536958950288655,3.8934529657128714,1.4821316602173165,1
3.646211515655622,1.9619371811040636,1.2510634196725658,3.2687754043089505,0
2.8736130943368434,1.6221118961249528,0.8609131209268671,1.9193153631888482,0
0.8347602266278799,1.620676313513511,2.963190489329036,1.1117583313678918,1
0.911404419963481,2.600092842102724,3.9283919892516526,1.5866177832870079,1
3.321515003681554,2.2810981554812595,1.9229818975020514,2.528783199701765,0
1.5529390149096332,0.7734052193839893,1.974516743087648,1.3848655942917398,3
2.0521706005133185,3.157756312244851,4.057416147781684,1.667765745790143,2
1.568192231578156,2.118439213649607,2.822137302197065,0.13145360043222717,2
5.479968734285401,3.5854349924500237,2.3243396890526995,5.030994065758297,5
3.7939128399575153,2.209959253371309,0.7217803538773148,2.9649684569624215,0
2.290467745434438,3.884368823166932,4.883206605557955,2.233853028884528,4
1.1065538335078988,2.6392313704029515,3.98522178875676,1.6772910990077046,1
2.566617945458759,4.0209422348168955,5.035388267235481,2.4908399505695407,4
3.8580590887415256,2.30882275750537,0.9987621642879771,3.0390074769378628,0
3.7418309276138246,2.0700753670929197,2.2576715513847776,3.7815212646552743,5
1.0667032814864594,1.7907205469604577,3.0137646603327393,1.3248939508783237,1
0.6708257266513746,1.5672271676920324,2.9286282557024244,1.0181969806957907,1
1.6067348536827721,0.873395393744664,2.55949275394179,2.255551679395636,3
4.509631830555237,2.6402343681457303,2.1662340982912007,4.436167938710073,5
0.9149885057344709,2.5763251401501406,3.940765865716809,1.5707803490180081,1
1.6882498371591779,2.233781560173246,2.9016436911856576,0.7126065137013882,2
0.9031096858287124,2.5789920718576025,4.218646697239985,2.333000928763531,1
4.480124804076417,2.590798617868672,1.4134618123102198,4.0540825046916815,5
3.5112800721138586,1.6601442746036517,0.9462137579101001,3.1202955750196084,0
2.4433701614117047,3.9764946970790542,4.943893160732551,2.3878919750386562,4
0.7607005843672389,2.5284803794565622,3.8928561565123654,1.4763843228200961,1
1.6005756091615782,2.8713358458071063,4.154488695380878,2.0215415446011784,1
0.9761893012333739,1.6866636089551785,3.402788305134739,2.1126029547763774,1
2.1774665613402147,1.6443813556123263,2.9895670698361063,2.6747893114653642,3
5.04163723110463,3.4514292760162344,2.257331128947019,4.3200110419059685,0
0.8261703605726912,1.6080357119098654,3.355134495759381,2.0481413849846697,1
0.9501991893255853,2.6054844664003234,3.9202392301489106,1.590011093571575,1
1.8306103291913447,3.6218493143393657,4.934058031008271,2.4608332472355494,4
0.7591627940688586,2.5313889008831536,3.8925942385608083,1.4707427918552338,1
5.476751526162744,3.580658521900509,2.320321398887715,5.028142444658233,5
2.553538040878544,0.8749867172409382,1.2485819567228291,2.224041516383145,3
0.7886191250415836,2.5430669102825494,4.213026025120218,2.2997285640689977,1
2.1090438849866064,1.641148259395575,1.8628434174799946,1.0023335799710178,2
2.989619184323694,1.79056630894148,1.2251095359466766,2.077826486478088,0
1.8527207519421836,1.2811330940872676,2.698669147488557,2.438423236223008,3
0.7787930105566784,2.5317228614486704,3.895809843044215,1.482492636097786,1
3.514838099866402,1.6865059541957186,1.8067347610499305,3.570183823639449,5
3.102817607399686,4.789171554920469,6.321519821026845,4.037239394558815,4
2.534479740624028,0.8902184132197134,1.1702320447369223,2.2080550203743474,3
3.481795760118312,1.623011888927098,0.7909059408355621,3.0911186892282276,0
1.54496743690096,0.7305392800299159,2.0022474144466735,1.3866449115024562,3
1.0411585007184765,2.6048698401918693,4.2640353973506295,2.374148684096222,1
4.7367013656329995,3.0381950436562613,1.3803966476904872,3.9813407972120762,0
2.254690545921579,3.861176665693205,4.868265776892234,2.2005874206804044,4
1.9932913269134096,2.4342598421942263,3.12485823177286,1.2322662736948558,2
1.6579814086717326,2.949452122508042,3.849256986969785,1.1832279405456827,2
2.5238669315865216,0.7957734711965577,1.177723896091898,2.1911925886799426,3
2.5986274219869294,4.494267422611829,6.068923418806066,3.668259063422088,4
2.8887222291309,1.6365995822905492,0.9958421453165829,1.9599395918811353,0
2.6275772787790395,4.525928444891,5.878204570794978,3.271110306885629,4
4.602480196349832,2.805937526848621,2.33626478030341,4.530499117449266,5
2.529604413780249,0.8357476938961617,1.9481883382386205,2.7965488619279055,3
3.6240163457679166,1.9128542591502875,1.9790914520379204,3.6741548589090023,5
1.9243547486097285,1.3070985425684014,2.8058346477735947,2.479749087669024,3
4.539877269621812,2.6911911802491533,2.2138755676405917,4.466060210087457,5
3.50300257675957,1.644994072374793,0.8928328784846175,3.1059279551858596,0
3.750098532148929,2.1452958874972716,0.3520948370359559,2.910683255886153,0
2.6455163856347186,1.1978695974984455,1.3938228490883153,2.3442077688520673,3
1.553821347840775,0.7632877943489701,1.9690931514427321,1.3847630069165318,3
4.5602040626809295,2.728653553363361,2.2522530216847945,4.486568160167568,5
1.7497213464449233,1.0418778494858185,2.6798003988929002,2.35268204705619,3
2.0683861853716303,3.205491509309323,4.017643130974503,1.7079529759001484,2
0.7819034028574486,1.616776647992662,3.335188407094415,2.0471617855468676,1
0.6825166730462614,1.5642704570680377,3.3212323625701,2.0088343022862127,1
2.1134404161758877,1.6171749415721999,1.8684662853701222,0.9699084738382077,2
4.719570939340704,2.9844957508457823,1.3517723625690807,3.94964743714739,0
3.5846460882457536,1.8407361248306093,1.082713290555601,3.2010588267362903,0
1.5221730983519683,0.727645250408003,1.9828923119475461,1.374903764326086,3
1.6441664646607683,2.1945401595453284,2.873417781862285,0.5849176945898339,2
1.2351315130754323,2.6930938114345886,4.0267854898794635,1.7652157143121445,1
0.7636953279944851,1.616806114127081,2.9296850917216815,1.0793758598000325,1
2.865155393951881,4.672921149391444,5.969426418684115,3.4589379398590876,4
1.9460642078440482,3.0950200644916332,4.004865644627203,1.5385670350521625,2
2.0897024381917277,1.5901847808980893,1.8393012918200493,0.9328812174613477,2
2.4926602377994547,0.7559158544649779,1.1181573375385652,2.1644753602304916,3
1.6819809453667585,3.5413987963023734,5.142041308242645,2.919474792380813,4
2.8674723091953607,1.6312581842255678,0.8960279332086909,1.9303083744406346,0
0.7618293503205873,2.5215578027836263,4.20091523209063,2.2759402656496586,1
4.685106702759811,2.9411015918370236,1.2047542327228415,3.915166848458668,0
2.5659157286468752,0.967300008520305,2.006796446959343,2.8370527327058745,3
0.9261079006333397,2.5880869780151197,4.227565502030461,2.350576140992361,1
2.1418273830314294,1.6822263509944,2.8857597196752076,2.6603722016777183,3
0.7462813093435762,2.5289984833325234,3.8975483695949715,1.4842178762701392,1
4.4681286739639035,2.5725666242876524,1.400545982119731,4.041571479961446,5
2.7100492751848577,1.3193423979430046,1.4669998857739994,2.408051979261812,3
0.8490575413813494,1.6251303663680459,3.3675074849992233,2.0595482408823242,1
3.10556371618521,1.969811369446557,1.5230761846422887,2.252313545438237,0
1.3058690426958464,1.9024132094649395,3.1527729200912114,1.4915272426316064,1
2.0702476429329355,1.5780177701354612,1.8428761505609985,0.9181104110973115,2
2.9959813371057824,1.8602292905928155,1.2030288629543429,2.119194698883806,0
3.524905067828787,1.671617276366941,1.8564611759633627,3.576492494301179,5
2.5973057086764304,0.9666436358028552,2.075887500493633,2.857773658703319,3
1.1885040897816936,2.705740371809851,3.97574994133572,1.741995514653792,1
2.606445613402146,1.027877889173787,1.394509271664208,2.2867207990844474,3
4.586464711259207,2.776144513732093,2.3073152391554337,4.516081493893731,5
2.1124271947486597,1.6450912528842563,1.86008172667105,0.991184762579154,2
0.7971896194363045,2.541034055516181,3.908314938730974,1.501902616474034,1
0.7496108299335335,1.5973246889377475,2.946109837469475,1.0463548184551157,1
0.8060536143523591,2.531178865868141,4.212597857919712,2.294412331834416,1
1.8265989284548874,1.1439790242741665,2.7107125184719725,2.391341990535823,3
2.5087081029880367,0.7816598687850967,1.0992042411361476,2.167657919585914,3
2.118298748659793,2.5098690926010923,3.5816600293168093,2.233281626632395,1
2.9254840800343174,1.7299871019132136,1.0060290938663699,2.006128675211152,0
2.516441456730913,0.7943598005850162,1.101856513503757,2.178190946397841,3
2.8728279503248038,1.6170059087998392,0.8555424038224443,1.9249124192469127,0
1.5391672480063685,0.691909036666781,2.533642618358623,2.202728776936008,3
5.5067274822240835,3.632076336712653,2.380219263317146,5.0604063787074605,5
1.7111033335568744,2.1753805958790973,3.6962741541579454,2.5308227534074614,1
2.7516937324719075,4.603484078303727,5.9233445197218675,3.3659713031691747,4
3.5136341503873303,1.6859368553938605,1.816430293768227,3.5742338404691187,5
0.6778903714646551,1.5423279269971335,3.3046080729628184,1.9942822124190405,1
2.498661595125755,0.7308598437391431,1.929492735877889,2.7710289237584522,3
4.48014498780037,2.5898581631329236,2.12257066641025,4.406239961061989,5
1.9705338273189485,1.3904140338861382,2.3655584887604277,1.8282097503881578,3
4.494410163283572,2.6195153962719755,1.447549617286727,4.069976197153165,5
1.7371771084458558,1.123652472804772,2.1096760223829927,1.600019114457798,3
3.0001859975844205,4.725381331705007,6.2667933240818545,3.954109880954391,4
5.72114348233978,3.957775200676582,2.3536766001527147,5.0020413545420395,5
3.517048390808937,1.6971570741726898,1.8220446659205536,3.5759273096322945,5
0.7191458309175552,1.5896528983533251,2.9186599244847917,1.0491534077827467,1
1.8402954328187686,2.3123022621157663,3.0105613519901424,0.9425616969632277,2
1.8397832158983043,1.2870671720579612,2.186051435881755,1.7044751827921147,3
1.6617226092388795,3.5189692602129914,5.137386186725059,2.898602012972576,4
1.0489451063167614,1.7819127726250588,3.0033940079382417,1.2909936312290924,1
1.5343590686720145,0.7239633178743209,2.0029096404987814,1.3793535558569403,3
2.1585483959077214,3.7943507919954724,4.833810970008417,2.0924170143944076,4
2.0733444917527195,1.5841157359964446,1.841334565832784,0.914962188295708,2
2.9017629533672635,1.6548599636619483,1.0008716984288728,1.9656031996699852,0
1.3644174273441225,2.7887184327682912,4.331692425787055,2.547198649675673,1
2.0654458265920734,1.5789870052367485,1.839883938173553,0.9118860634582654,2
1.9361985942759956,1.3412637470339461,2.335700409972435,1.7946652611270946,3
4.611661067025604,2.8241962224000394,2.3579229539943776,4.540639099404245,5
1.603819527304282,0.8050406025301968,2.020613025894279,1.426949602473973,3
2.9089887816004945,1.697665839879074,0.9634134936567995,1.9844824029072998,0
1.2651525168338378,1.8552526130006142,3.497418365598453,2.252251051836166,1
0.8034244630421462,2.5425045322600623,3.9063748454780605,1.4963909479962934,1
3.015174590059245,4.7699981347068094,5.852628991222567,3.147550092993251,4
4.490458079661684,2.6025642209122055,1.4844077309492478,4.059394664735907,5
2.5357853645531403,0.8264399991767019,1.1774773549936757,2.1895494158106623,3
2.586625194622043,0.9502329941617341,2.068281124590079,2.846809465680137,3
1.528105508979193,0.718211165660069,1.9667236689030552,1.3558868999759854,3
1.60924079328789,0.8017426726434417,2.5761660572824376,2.248526881991439,3
1.622707675540069,0.8514769103620105,2.043516407083332,1.4425917007184006,3
0.7968884756792738,2.536019910314546,4.2158738250924594,2.2902139408681057,1
2.4920773633741335,0.7345577303504527,1.1161487597816306,2.167213513557666,3
1.5589765406229448,0.7142627814422984,2.5367094338998077,2.2056835164290316,3
4.608959262528123,2.7729052654383173,2.387007835243324,4.521466694851228,5
2.884577777893558,1.6275131399902087,0.9311874231942012,1.9391929861477104,0
1.6302179125837437,0.9213024755517314,2.0179053037161476,1.473226771931592,3
2.514922065934974,0.8070985544169598,1.9555123028051464,2.792413750582398,3
0.8159796079811324,1.6321450677379705,3.3359047446820584,2.054326294987673,1
1.6802766714493425,3.533706251447477,4.902016026370102,2.347642623993324,4
4.492969799833557,2.6153219274305624,1.4227137206005624,4.059221642247563,5
2.767907755190521,4.614017803546521,5.930970658950231,3.3799580664380793,4
4.540605584078513,2.7029562573583195,2.233648350985022,4.469650767839818,5
1.6219844391814489,0.889551175012999,1.9939386178978533,1.4472605502744815,3
1.7629857976539973,3.587121380112473,4.914306599633617,2.4132209795937234,4
1.7903819781153738,1.18083287962825,2.659781820613693,2.3939465849055366,3
1.5798832981540114,0.7997384171395234,2.542820809732347,2.2405122556251906,3
1.0185768281867753,1.701926458415373,3.4112654804618816,2.1342111566999193,1
4.8301923010584344,3.1829597186188825,1.6267988749100655,4.086380438640935,0
0.7913177599602474,1.621487250855298,2.920787011573932,1.0740160590446577,1
2.552715028863633,0.9053477066953712,1.9737192470662912,2.82011656376355,3
4.518867673852603,2.6519102210289938,2.166058823828916,4.440017126000655,5
1.5749190045200978,2.123349612670908,2.8218929321295314,0.17200598421024868,2
2.6575388081202345,4.54519099866452,5.889944451336363,3.2970131520274695,4
3.523759212998206,1.7015287679778064,1.8085337211713028,3.574676974271959,5
1.1554004345451685,1.8469167665402866,3.035937226787783,1.3791847320326602,1
4.563694914724309,2.7388451194341337,2.265565374344845,4.491003589823407,5
1.9527852866049626,1.36802993723413,2.3470748734349436,1.8026554918386894,3
1.6763460261933472,2.943165181814378,3.8714287009003576,1.190157831025886,2
4.758250276054295,3.0655397947737133,1.413947795078145,4.000728020900924,0
3.7742300200679377,2.194174471824332,0.45122116362006004,2.9425983817136796,0
2.6265128869994565,4.5148775458805925,5.879955090429411,3.258786140970625,4
1.860408515784161,1.2729707759103182,2.6855829509907556,2.4377547142726126,3
1.6477067849609817,3.520557183259593,5.137571409607537,2.9029823080166643,4
4.7022836172349525,2.9566805839774277,1.2403837695421052,3.9278346454334168,0
1.6844774619284362,3.5344973032327647,5.132521403233311,2.9207730658378632,4
4.557612649257805,2.728790203787442,2.25449820779305,4.484373359237299,5
1.6035432511921082,0.8190217067520577,2.591641512754781,2.2514956987611714,3
5.700040707097145,3.927093058818886,2.3150125078996733,4.981473359612806,5
1.4450992202467023,2.8405345521902374,4.0641132243049345,1.9333553711854174,1
2.2135850169353644,3.829762183024321,4.842311797827824,2.1521830938680657,4
2.1715111541556875,1.6366820750940976,2.9796828440011045,2.6627530858318544,3
0.7569338760997805,2.534038452041034,3.885349672701061,1.4687938486566543,1
0.7695511870732046,1.628136443779124,2.9410946763934023,1.0975037596282877,1
0.8541298150030978,1.6598024574745396,2.9433408980344242,1.1390395334919816,1
3.680097281180615,2.023726265940248,1.3356462461856997,3.3073985480993593,0
2.2967370212652596,1.829285684705151,2.086272023857862,1.3106669530909074,2
1.5824008510929917,0.801151714154115,2.0298495582439346,1.411982843443025,3
2.563369073095511,0.9442566528280582,1.9987649354396506,2.8372351151794746,3
2.9218336141074954,1.7119056759956888,0.9719218281525618,2.0002261992966286,0
3.862048507029355,2.2795164885310055,2.4671970715013316,3.897956222154584,5
2.2057320481806366,1.7755565791553027,1.9641504254411692,1.2042735631230426,2
0.7580079258863976,1.6029597013583152,3.33034228286348,2.038049314623601,1
1.6452518784768735,0.983598906337438,2.058956097779153,1.5068789378483796,3
2.6211897299876026,1.1171226736712325,1.3249570617615172,2.3150531736739803,3
1.6300652209559114,2.119290673365451,3.6643573483084686,2.4812777692620447,1
1.047832679159079,1.7762975220936745,2.9994494873103723,1.2918459553657198,1
1.5850895146525188,2.1480485723769696,2.8455663935432702,0.34635792929107917,2
3.5246308227008303,1.6986020217918538,1.8011405617416412,3.573235882213504,5
0.7692452281645856,2.5432527117647354,3.897558669392812,1.5022634576787188,1
0.7136669930007913,1.5715891029088342,3.3365053707659733,2.017084600976847,1
3.5089564972862983,1.6842745659874214,0.8691798908516873,3.121156208470382,0
0.9366683077259008,1.7114123027303338,2.971802999485229,1.2131466499000292,1
2.943633994422997,1.759396713969668,1.0519060872167243,2.038779212313619,0
2.5208663795382966,0.8213893155197736,1.1195631698694,2.1862019789868423,3
3.7593710576773693,2.1549554733250327,0.38445146166947347,2.918661721409051,0
3.7650113931566644,2.1742396373215462,0.3774202024993319,2.9306284605279784,0
2.1663956188705407,2.5699747854724255,3.2380678078421004,1.4888863893153392,2
1.0093256644597737,2.6303994408870985,3.9320711808696145,1.6191409663336465,1
1.3589989014559807,1.9794140443251076,3.104139451165112,1.5485809466512044,1
3.529870219986597,1.7333219812311584,0.9354798795176252,3.1420416578122126,0
1.6018472877759609,2.9078209849306194,3.8410414545613216,1.1060879076168286,2
3.925497466381765,2.456415911964195,1.10080433805141,3.131523633313942,0
0.9153603353898239,2.596820921220367,3.9244527127682938,1.5897392052888069,1
2.50739319035741,0.7469560639935894,1.1168581851189074,2.1716641103845133,3
2.497936880458506,0.7411667567665589,1.9362903564040914,2.7735822144091524,3
3.1103834685896503,1.97777800220988,1.521934394656686,2.2500304667113666,0
2.869245434956644,1.6059322115066836,0.8971588556381138,1.925027077247951,0
1.042312555389451,2.6407147362324,3.9397182438307277,1.6507920390319724,1
4.52916744072519,2.650940571957291,2.2394032777416784,4.448532927432673,5
2.532010033811207,0.8512837526284954,1.9673962544700103,2.808560152354236,3
1.5481029606898595,0.7148975926183466,2.5195734348534877,2.210076696201376,3
2.89518433773442,1.6622256610267794,0.9013136376671174,1.9569008911672705,0
2.090372664804875,1.60309335758654,1.8568236686689077,0.9291524969212674,2
1.5366912016299024,0.7248452819981615,2.535921831226624,2.2124827908404097,3
1.9654718713296113,2.4052393803583727,3.0986827222206763,1.1890378781298825,2
2.559204454092993,0.8868579583032765,2.037879450234167,2.8240563983164786,3
1.1227640376971082,2.649235226253047,4.302664153868752,2.421487395544014,1
1.7664923145083804,1.1004007666087907,2.1856357138308926,1.6041674057611226,3
1.146401422513554,1.8457248596917482,3.03599788676748,1.3690154296659198,1
2.8763976901019532,1.6149407173867374,0.8516951514294775,1.9255061801575593,0
1.4590336558863712,1.991898162217794,3.583507197703147,2.370869078342839,1
0.6741179961948547,1.5854400242692916,2.9285953716745485,1.0283709986023042,1
5.523689567172281,3.6563144277122435,2.414569340564845,5.081489160507128,5
1.6013594842632863,0.7933182182545228,2.574067033686847,2.2436485706637592,3
1.5294919711311357,2.045520123043905,3.6187661943783356,2.417453574252356,1
0.7056258903931065,1.5789230559835814,2.935262310110057,1.0278339100200025,1
2.091978976238804,3.7332072411793074,5.066526053477222,2.6489017072873113,4
0.9472703070920454,1.6970900223725904,3.3586870913619484,2.1110168217308547,1
0.9233198520130789,1.6553229483110177,3.3837742854781974,2.0891073180945066,1
3.2395458989380606,2.166677371635743,1.7791921064890939,2.4232982375559566,0
4.752705346487665,3.0560649225426855,1.399449718516924,3.995774368334357,0
1.9005054824398204,3.6541121313644194,5.203400636898799,3.0504053387988965,4
2.50569219031201,0.820683035304002,1.1533798873079752,2.1841582285220347,3
2.131950033386597,1.6795833887688427,1.8930159585614568,1.0551652545812662,2
2.5746674860765215,0.9392332647129468,1.306746176063124,2.2466264757478207,3
1.6335957105630226,0.8714209129778512,2.0631041210733634,1.4677700139556347,3
4.716160381465894,3.0002347501423854,1.2971840948025306,3.951043648825579,0
2.534766204360852,0.8565776226950539,1.9560854838712867,2.801950403252252,3
1.5552552102736175,2.1154857710383137,2.8312930732695283,0.08888130466241312,2
1.6089481804675168,2.915041319830422,3.8281017360550553,1.102108897001365,2
1.6360202229715481,2.1821309087474283,2.857234524851098,0.507553409816508,2
0.8293666602173564,1.6495591676655879,2.9397344064736313,1.1189146832224268,1
2.5347361848676333,0.8336662661025951,1.9463575200537997,2.8021331933764366,3
4.721985629622262,3.0052590705005486,1.307537169361726,3.959899541356613,0
2.178212272754211,1.7424770627143118,1.9356932826773066,1.1392966551245296,2
3.7638328201271043,2.175339171619351,0.40196341583160505,2.933808279792771,0
0.713391758131941,1.559291228646443,3.326813884350537,2.017437444741906,1
0.856052336111514,1.6487647280501272,3.341186551365038,2.0720344031963367,1
1.0151722345065486,1.7642573931894687,2.997997866890427,1.2706002221024582,1
0.7049019415605361,1.5642287947837075,3.3084173860873127,2.0062287023399232,1
3.60374266445152,1.820527712860145,2.008678372355696,3.649039996746939,5
1.5301412380970858,0.6751248044173153,2.5185561916409855,2.193109211984702,3
1.611446453853575,0.9068896500870984,2.025153857536343,1.4657145531473785,3
2.200478272511316,3.8120507920674704,4.8478276427204,2.1198677871365086,4
2.2049660742841986,1.7662189768977188,1.9433031099818607,1.17852578644853,2
0.7730030470640781,2.5357642793347615,3.8817605827611286,1.4779036300002404,1
1.589488227408302,2.8944383851137294,3.821069595364942,1.07754431708395,2
2.1403411348810764,1.6473396889577858,1.9026458523624648,1.0235688821727007,2
3.481087379702663,1.6076133887465942,0.7971968348040634,3.08642017452754,0
1.5243477032971104,0.7074581688857114,1.9695208718766035,1.3501829719874485,3
3.531131703617808,1.7250421775100713,1.8404878016332125,3.5890903834085366,5
1.3067214882937883,2.7242342267585826,4.35173260609999,2.5044764562569486,1
2.535565284543239,0.9093379197337855,1.1967317997013391,2.2171300849758047,3
2.879456982818304,1.6169556262618563,0.8650252301660316,1.9264585500117046,0
3.521319395556497,1.7136405124089717,0.9038034549381377,3.1316458601493435,0
0.8694093355652396,1.6359373287993688,3.3754532917558944,2.070583735220756,1
1.5351544579161998,0.6692983205220695,2.514227341008888,2.1886327137399073,3
2.247510943768943,3.855055162385097,4.859438059243578,2.179683061370224,4
1.5234315264868195,0.7005298481779977,1.973037243373586,1.3566518893407147,3
1.6613919843948466,3.5201347226076067,4.88729983726139,2.3295906501232153,4
1.774478155836811,3.574630711055476,4.938543519527992,2.4141825200808316,4
2.955626884783953,1.7467657426133145,1.1744219920058425,2.038956634761459,0
5.479347280123985,3.5899714786875774,2.333208859013862,5.032774844558054,5
2.9078088175988506,1.6865506857975603,0.9431165081943553,1.9840131912207692,0
1.757172688595057,3.558946703482141,4.919614138934224,2.3906251587674214,4
2.8695050437972873,1.6126694877021734,0.855739540609441,1.9220992861092063,0
2.733536143591961,1.3699245098629251,1.5107715331882832,2.436759370665372,3
2.751276637862953,4.581039129360538,5.939860377920415,3.3557674231122623,4
3.778196436284413,2.17507190231312,0.4981321625193232,2.9406873676472713,0
0.7722633100209751,1.636176647056974,2.9502102561224546,1.1115676780180082,1
4.730639856641044,3.0241836304934675,1.347046704952521,3.9714627608464603,0
3.4906356314646354,1.6361620001057295,0.791106554681809,3.0964824526716783,0
1.837285613253422,1.1724225139310465,2.7347367553508075,2.4105876333861933,3
1.6369739611490788,3.5086665911697974,5.127523062308961,2.89497339956884,4
2.266553898259537,3.867322321167009,4.872015738974864,2.2148264528202524,4
2.9984688946751015,1.8614724847185287,1.2009712503693861,2.1213302547130644,0
1.4218031280986174,1.9777911461911606,3.2025236866513103,1.591947329501978,1
0.6809673563181545,1.5552049504104695,3.3195269156504734,2.0070140979562763,1
1.9228697798527294,1.3235353124132376,2.321033111495483,1.7751157922866732,3
4.682815889561701,2.935376363731309,1.2137137872759125,3.9125175304232194,0
4.584278899104661,2.7739294637093197,2.3010061622661193,4.511314725719165,5
2.1154245956514584,1.6342901248612896,1.916849637580686,1.0098908312016603,2
5.680441418721849,3.8911784081459393,2.255668937718089,4.954093483179695,5
1.538582177081949,0.6838881156974677,2.527993563941638,2.2085363986764817,3
1.9811032743124006,1.4660031102455513,2.7789837121534533,2.5351696577587175,3
3.626174798145977,1.9281078958021907,1.2108429554706444,3.2482208065101426,0
2.0931430509252986,1.598515914128938,1.843883965309286,0.9302719489767086,2
0.8549429418424909,1.6670925948076878,3.3604221869543958,2.0828143932678933,1
4.58678906825463,2.772573651007739,2.290474702483367,4.509692138668482,5
2.207893916919008,1.7342593093633976,2.0096107883129735,1.17523068647902,2
2.592204277381912,0.9551897499394204,2.0676316348481545,2.85103833851222,3
2.4949178359449258,0.7457054508275639,1.1143119049717312,2.1684452432133825,3
2.5100686675690143,0.7920432788637729,1.959487587592323,2.7933451408698393,3
1.1683266991179575,1.8599582073572627,3.050903558755869,1.4076501224315678,1
1.7613543239407008,3.566107037999739,5.183339858069939,2.965425617166695,4
2.514436124455616,0.7929361768318104,1.1785242366002913,2.1769767457328415,3
0.8406966450254084,2.563393943130702,4.215648534093695,2.3095112430562823,1
1.5884019117631727,2.9031167956899324,3.8259836923968473,1.1004838910421404,2
0.7807007426877866,1.594109618238117,3.3476901543091264,2.031623380166049,1
2.8819584442068735,1.62495513978813,0.8508032384288491,1.9335020168288612,0
4.718754671856096,3.0031183318304193,1.306682629744188,3.9567797289868416,0
2.8770476621712846,1.6442827686560162,0.9077895606890771,1.9450807390532614,0
2.5691985958883397,2.1557403377669613,2.415329239772986,1.7510587129504318,2
4.4754631781984235,2.5781178145416144,1.4315526210754488,4.048525521048476,5
2.858631068659911,1.5977245532813262,0.8684771180466413,1.9112078236627201,0
1.6814630873109542,3.5369416554231945,5.1369566391891945,2.9195556893227432,4
2.0145355494169674,2.4191385541433092,3.857070164013824,2.745023516875232,1
2.8711306154689864,1.641612385443833,0.9176385389473016,1.9425050724884922,0
1.636569165903208,2.933483378243844,3.8371882639086126,1.1430344035360855,2
0.7699249498872653,2.5500446711502254,3.906660182721137,1.5091614134513394,1
2.707096559733043,4.110447629085736,5.115560049919051,2.6388741423933233,4
2.0974359426275755,1.605526808244691,1.8274677501758334,0.9394143874390839,2
1.590515346551028,2.9077311056026236,3.838568585798302,1.0949611757758384,2
2.878269793298996,1.625841723229663,0.9441105239459815,1.9330732780527524,0
2.5976340899317187,1.0397899926250282,2.0302682652202146,2.863383148830308,3
2.872225856370516,1.6270294116509165,0.8785331675976887,1.9346986335639822,0
0.7497725478958215,2.533007296996486,3.9056341302819617,1.4963367614586836,1
5.477824197340204,3.574280014905207,2.8108210213737674,5.320630578039113,5
0.6813602185837446,1.57140413497452,2.9120933961513455,1.0109017005051728,1
4.4909641361152,2.611690325723272,1.4297527332146402,4.062540551235977,5
1.8274737867465412,3.6171934470996514,5.183930648665358,3.008105835180771,4
2.871825344968629,1.628415021640722,0.8837434075806284,1.9364174213317091,0
2.49192563393486,0.7527614101613788,1.1144624684759534,2.16107675103637,3
1.0098379239239836,2.593403411295582,4.2590038627911735,2.36828772923123,1
1.5840378190920692,2.901924789489898,3.8387596948726297,1.0977790442913422,2
3.7653204109572767,2.170501733356141,0.3535504864447646,2.9292671282725555,0
2.5070789024557607,0.723638383343106,1.9346512551236124,2.7717122143331197,3
0.7774742500125258,2.523005398520734,4.200436663698388,2.272177031322287,1
0.7004775790675337,1.5778799894896236,2.937845234442284,1.0338551527697544,1
5.50857507326445,3.614423346606656,2.412211089253199,5.056348656605447,5
1.8734715405133058,1.2324611189531824,2.7715349575363213,2.4463969838750006,3
1.695680911095472,1.0614798152983078,2.0797450879805672,1.54742681429099,3
1.7590134765759595,1.1376322369287004,2.649055974014073,2.375488619155684,3
2.014618390630345,3.1760072999527056,4.00309954236162,1.6540893274073893,2
2.4262043333364396,2.0470199425694404,2.1727347271331854,1.557835504426626,2
2.172345796576639,3.802312386065967,4.845383928701437,2.109289036184604,4
5.490255188947511,3.6089843859152992,2.3561993315881913,5.044833926752244,5
1.6917688281800562,1.0108792680027539,2.5972470819008104,2.318915104815371,3
2.4964715600331835,0.7887693839816442,1.1462620569364554,2.1787512455169957,3
2.52046141269343,0.811869972984173,1.9506956862557718,2.794300998354097,3
2.15211334766908,3.7892795097390692,4.822222478339605,2.0811773843280985,4
2.96232501296596,4.730252783377825,5.825845668472552,3.0900319350490206,4
0.6749064102454199,1.5646431962891814,2.909110715723044,1.0014585532332927,1
1.741604574796329,2.956784705523252,4.224993971911525,2.1438133337671816,1
2.539616947659731,0.8627772107796783,1.9673463144100374,2.814125086101071,3
1.7458842199225935,3.5727487616703923,4.8990339740932,2.392018898975711,4
3.6534991465280364,1.9669917581197545,2.020832250804118,3.701229839420358,5
3.7616514397754583,2.167725129493481,0.35074362107771057,2.9249660641138493,0
2.0693346224230367,1.5987635034486638,1.8503818508395,0.9236720954820148,2
1.6340902144846912,3.5158080962166216,4.881308676913604,2.316173049456873,4
4.737437571212067,3.0044837751388114,1.3678089883676372,3.962958426775929,0
2.6291832374996065,4.522513015104208,5.86616296923545,3.2588979882974227,4
1.1769018935651228,1.7917056494349666,3.460543981554388,2.208474811765535,1
1.6116475285996077,2.9131640249323145,3.8232988874323164,1.0995636581359984,2
2.272015172843538,1.7813674376983886,2.6336823252082158,2.145630407773143,3
3.4789989871230915,1.5978962999143451,1.771886297442227,3.538474809396036,5
2.1948391050329943,3.8090608974022513,4.845915161770467,2.1165129104921747,4
0.7724765574271313,2.5379163068240596,3.9077614525124136,1.4978457452600284,1
2.2175440669010062,1.7480250071009729,2.029759088555178,1.201761144435978,2
1.9945849885357412,3.1592845863914736,3.9883417052790433,1.6260411525043685,2
2.2548213581868253,2.6439285507459727,3.303612392203361,1.6171722709106462,2
3.600994222334028,1.808432126735268,1.9821252927470172,3.6396611903036584,5
2.873988812457964,1.626408362394039,0.8744850531329124,1.9370709000519035,0
1.7916551436021162,3.028626342537231,3.896505562416391,1.363492920590271,2
1.5475239259480287,0.7487600060255378,2.534393983359943,2.21537111767788,3
3.0421372921626744,1.8318368468368944,2.641606818156301,3.2618274771530738,3
1.2078080675982268,2.6799799047712156,4.014085612003137,1.7399159648344475,1
1.6040216865833514,2.9083504736390062,3.845470481705711,1.1176776658461902,2
2.5126561178502973,0.7791768305015329,1.931691102028956,2.780032892432749,3
3.794829441574199,2.23947980418726,0.6317496944506313,2.9777660293244406,0
2.509212422107646,2.142418858777356,2.2497473056517046,1.6807288692506004,2
2.871563969731919,4.6778009524070105,5.97546976040816,3.4688057048802765,4
1.5321824520698535,0.7587304922043019,1.9878414732531986,1.3814428679314579,3
2.392738469252383,1.9208219320413324,2.7265068793955898,2.2620231288157884,3
0.7911821265771318,2.527935728309669,4.206905422036322,2.2821870900757224,1
2.302529499943904,2.6784100111671125,3.3243671270912127,1.6670870504925623,2
1.7346601892069868,1.0747583559453748,2.6097777742354715,2.3421949294633033,3
4.70387035773773,2.9711680845334225,1.2402867320045727,3.9346410383527677,0
0.7100826344595451,1.5943918683557132,2.925863809695855,1.049461222138511,1
0.7773508854118915,2.5206651514572114,4.1983938181153135,2.271728681623036,1
2.7304378933593023,1.2663710491286162,2.237000373631052,2.9632683001669093,3
1.660677665697914,2.1798153685072723,2.8982541731385374,0.5500874042906017,2
2.799497697786575,1.5034678285481915,1.6210627617049116,2.510671544103299,3
1.6658934615890197,0.9875505573296613,2.043750327818731,1.514290687373405,3
1.5469982075399578,0.7158546931586868,1.9836185448429118,1.3784560148847187,3
2.976513521839507,1.81816023450872,1.1285287333887455,2.0821724337303413,0
3.489915187875731,1.626616277929167,1.7775565663960888,3.5501954025108637,5
4.509504088327688,2.639381423864329,2.156796403848442,4.431533505148968,5
3.5021578659369625,1.6577758796579534,1.7804695765681073,3.554112023464119,5
0.8274423709927817,2.5494038637681853,3.9170662842177206,1.5202142157986414,1
0.7580772557802978,1.5981031675709967,2.952398779482009,1.0686308507797833,1
2.183382644436844,1.7474503114921214,1.9354893967710047,1.1413151076947106,2
1.555389022924423,2.107514785587637,2.8347892247820496,0.1670253274359593,2
4.691964923524221,2.9460814859319284,1.2388387155761609,3.9196830028115897,0
2.6518311679207676,4.5366427888581695,6.092623598228106,3.712154267836066,4
1.2179093533071597,2.677930491552212,4.318221573266805,2.4603636616444575,1
3.956579353396933,2.4260037928360294,2.608175713456642,3.99025387361696,5
4.546505090244651,2.6881494139644175,1.6478850463081234,4.117409991196617,5
3.981110621541637,2.544937541103022,1.2736050327879322,3.2048919459206755,0
1.698845854776458,1.060029286068308,2.0790584796844698,1.5537456907636809,3
0.8314466304043479,1.6375514399336908,3.3325858346013475,2.0531612316451593,1
0.6445740134998811,1.570687976147911,2.9311937392511607,1.0198171453533087,1
2.5253712689763064,0.8414859077884371,1.96921136114608,2.804864185649305,3
1.6208779838655416,0.8188351127455237,2.5804200468705583,2.253644364330885,3
3.981110621541637,2.544937541103022,1.2736050327879322,3.2048919459206755,0
1.6278054314953831,2.917098653385101,3.8421566117465904,1.1154278505001292,2
3.4951870910001945,1.6241653504684797,1.8128988421663124,3.551315603415987,5
3.49167022893594,1.6366493814923784,1.769813334735661,3.5449145117928613,5
1.6805131770562989,0.9219781365059853,2.624397191180465,2.29909570720356,3
1.6133707230377232,0.8785973606700668,2.556974496235509,2.2571952181587687,3
3.499000268954898,1.66877447622217,0.8580161716901787,3.1127487671424263,0
3.7905374809006553,2.217950438517473,0.5240296106336831,2.964153758782067,0
1.7103999758869162,3.5486691386773788,5.134402263820241,2.9254132646408477,4
1.5967886726868554,2.9070092948896127,3.835753185255387,1.0930248137256247,2
2.0171104462224454,2.4124677271662014,3.8486188629753415,2.744079217795866,1
2.96047511993412,4.731604475951071,5.8330667512772,3.095026020877695,4
1.8732445834085125,2.3409066831406307,3.048031749124518,1.0393855190039187,2
3.8793529639109345,2.3786649476915454,0.9514768953588327,3.0791636600672683,0
1.5522762293187191,0.7034868911772182,1.9438054504362923,1.3544597659943183,3
1.4938152965069758,2.016140863885355,3.222974072398799,1.6499716622293419,1
2.515234272495373,0.8325120227594527,1.155634551031089,2.196409387028738,3
3.6690467737520307,1.9977442693430094,2.052500099869512,3.7195415832524006,5
5.591555287914464,3.7366313040682297,2.6247777606383065,5.14814818078717,5
1.6164067712991212,2.175397716063095,2.860488083411615,0.4630989459627293,2
4.761004523369982,3.069709163683378,1.4193457087502628,4.002930881680459,0
1.5988726511294626,0.8286674996921264,2.5345255329509118,2.238715333666028,3
3.481801027309835,1.608679867688118,0.8309598499854156,3.092089566710075,0
0.9091389907818286,2.5930852424624304,3.9169712091255473,1.570333277274685,1
4.67740782014157,2.9323018261489766,1.199134774554694,3.9057456096813388,0
3.5637547797207607,1.7881044912633166,1.884540718006576,3.619668669723929,5
1.1610500847932663,2.6994871127112186,3.9778312614171734,1.7317898187848018,1
5.521071470885552,3.6460913940553152,2.873191472255802,5.36092824466815,5
2.684931368018465,4.548626132035504,5.911123081457538,3.3027907669004817,4
2.948399032972877,1.7661690130934327,1.0618149858415327,2.0471113910495946,0
4.476030530449192,2.571277486087763,2.1179249884874705,4.397170989158693,5
1.5331322939238607,0.6744874998413536,2.5197043665288588,2.192185251484969,3
2.8609532591773146,1.5979156148299898,0.8656032230164994,1.914471990167108,0
5.656440900056519,3.8611379763956055,2.223360003293897,4.931473264477149,5
1.5553821505328935,0.7438225527545211,2.5269803734801375,2.217209707834001,3
1.9009857830783765,3.6350063300361355,4.987350896515264,2.503624310358426,4
2.4028005530857905,3.950741852229426,4.92450515504984,2.343173635742036,4
3.762901126614988,2.168024004240684,0.35794754186408356,2.9294402604149345,0
0.7255018581896708,1.589269748866874,3.329128705180035,2.028589067955541,1
1.9493610994277744,3.6858661337866043,4.976088454916495,2.55337245413973,4
1.727829625248672,3.563880524012934,4.894975879849182,2.380890332705655,4
2.153542657865585,3.796918579094579,4.832029095481082,2.098967832019667,4
3.49235964452994,1.6362434469446288,0.771245347288961,3.0913429152302068,0
1.528395112106234,0.7040158183228246,1.9647079067583075,1.356183918950554,3
3.476092357836952,1.5946077570973178,1.7544808049589162,3.5298835153261434,5
1.7278592961039339,1.1019399415685163,2.0919143120099757,1.5793134335882346,3
1.5974148692607377,2.1635896597777475,2.860010256489049,0.44501843623260795,2
2.8929811998853485,1.6609847071881125,0.9081552830781077,1.959373274464431,0
0.9297433725449779,2.5953405427445944,4.230538192552979,2.346106725014201,1
2.0878526595134503,1.620604920462617,1.856723947024501,0.9599461770690088,2
4.7381624898606844,3.0313433515470924,1.3577626775394012,3.9806822421193218,0
1.7916551436021162,3.028626342537231,3.896505562416391,1.363492920590271,2
3.501343599669676,1.6406390800843276,1.8372123971427952,3.5572062553294277,5
0.771125508571033,2.5368737614774237,3.905756032759355,1.4945304926241645,1
5.638165177168096,3.83175834840573,2.188737429053985,4.909971208032278,5
3.0483798440557135,4.7902011930900015,5.863143449293742,3.176404611815072,4
3.7659573970724076,2.1733674625834873,0.36326054724980905,2.9294602905544087,0
2.865719683550353,1.6009813770211458,0.8782281432223759,1.92019614008465,0
3.862096979161582,2.3488112929679397,0.8878799182861089,3.058790810456655,0
4.494107570722383,2.6219429510242063,2.1516049399848978,4.420926716446523,5
3.5477239515169665,1.750622591211006,1.8589064252843934,3.6063441792538398,5
1.5649319229570926,2.120260012112203,2.825956391564417,0.16854235846282056,2
5.470070684726705,3.5641582428828706,2.3154666390767913,5.015545943629325,5
5.478098024635541,3.582601696985784,2.324904565335464,5.031198886892106,5
3.762367333636258,2.1562222177528114,0.4004553636686704,2.923776702314956,0
4.492999629362976,2.605916142111145,2.129575213717856,4.4163326013122175,5
2.186715172001211,1.7436499359737252,1.9267676257108013,1.1427051590537096,2
2.076922482493019,1.5880869071974606,1.8449168816972528,0.9169239871513497,2
3.8090476641634066,2.258950445725214,0.6493784997520113,2.985580353841807,0
3.537591095160164,1.7537215609678567,0.9726659499344278,3.1526866367129673,0
2.9252274850136324,1.6899839652992552,1.049625715775919,1.9896763222618996,0
3.779901414580861,2.199038687033549,0.4610112900478946,2.950113301821475,0
2.070550434325738,1.5835007060766553,1.8413901184389958,0.9123988556980216,2
5.483316329706036,3.5875777384738035,2.3274741217728123,5.034956118810848,5
1.5558720362356635,0.748416217741321,1.9995612286339801,1.3813006139806228,3
2.752161084309827,4.13586592515328,5.1332795369487085,2.677831078335807,4
1.8852586147191994,3.620325964209457,5.224573092026796,3.0355744747966096,4
3.7625955652386986,2.172251284964468,0.3779870960784339,2.9287480415984213,0
1.728101612892412,2.2533279612482393,2.9017685440129597,0.7672313111954305,2
3.835201290092256,2.296970194033007,0.7471266563370803,3.0206532444475704,0
1.5408155173409916,0.7006195000481139,2.544201713235698,2.216554095326994,3
5.465004033552323,3.553980022044318,2.79696107657675,5.305886332499276,5
2.16286918959133,3.7984542688899094,4.837977384656091,2.096768980368459,4
4.721985629622262,3.0052590705005486,1.307537169361726,3.959899541356613,0
2.7444476809868275,1.3976043217589127,1.5379792130632493,2.4512229558921557,3
4.7139690211125185,2.945728474249067,2.060562027206027,4.292065857729632,5
2.2310203133575226,3.840425333866346,4.848508087508042,2.168891176632119,4
1.5638797910908133,0.774239679062945,2.5321424695064114,2.2211569939247027,3
1.932213780493844,3.6705302597087113,4.96004973384431,2.5332425395105087,4
0.8482714419077796,1.6735098685316256,2.963090040578709,1.160160297597806,1
0.673000563935224,1.5648187414648573,2.91008764419595,0.9975705145594236,1
2.9737216787741043,1.7705068557929513,1.2242062901074056,2.0715569227752435,0
4.501257787693234,2.6306161559642818,1.4557686044994844,4.07462789504741,5
2.7793765620186774,4.621972757331131,5.938163279969081,3.3922741547322226,4
5.515236434635085,3.645051839647069,2.394114601706722,5.068283266659021,5
2.5071696468540363,0.7385474585982177,1.960085774480611,2.7841065497727286,3
2.8833242577870175,1.6267987259603003,0.9671647420151406,1.9500152166987224,0
3.4981048601114604,1.6335836999664444,0.8583178910922085,3.1006445912089053,0
1.688420537883103,3.5481256682761946,4.892036439882093,2.358994968240519,4
1.0142112611557623,1.714575278135922,3.0301623083164446,1.2588894612243797,1
2.881718123247665,1.6402347569126776,0.885268496563579,1.9444131686856847,0
2.6431175927108814,1.112385492298752,1.4683277241271149,2.328495502505877,3
1.7090135264156154,2.238147884530234,2.8910873311441114,0.7166383440206018,2
2.6236388588855535,4.5110897979245035,6.090290952110192,3.693852689236924,4
0.6482685046881296,1.5618224398048726,2.9246807612494887,1.0203970798176232,1
2.604287045506028,0.9973808487045521,1.3380725394551662,2.2717741468929167,3
1.6562026934196206,0.8924104895228177,2.6150056995827784,2.283113078328547,3
4.560302705626836,2.7351251880349854,2.261515849369931,4.487094531515066,5
0.8434129124516647,1.6282765473171068,2.9705834597473486,1.1227265151231167,1
1.7166539933489702,1.0742047824464427,2.07281394030434,1.559334314281403,3
2.8591670920955026,1.5943211184507138,0.8569693763069615,1.9158124257359477,0
2.0674494605886506,1.5797813229893616,1.8376373279038343,0.9144197600891091,2
0.84531677512439,2.563973106868806,4.219221047797476,2.3183350028760175,1
2.9574942979447725,1.751988875998536,1.1951381817126627,2.046937163133411,0
2.041933905778969,2.457958259075965,3.130391457854568,1.282442350926227,2
2.7382773412575503,4.590152429040745,6.12423842913227,3.7744188428832435,4
1.7319063031462791,2.995815820318848,3.880505071886437,1.2973359647490428,2
0.977110068359452,1.7286059902623514,2.9713613182120326,1.2254954739492105,1
1.7029348630480425,2.2410437006329005,2.9006414717210203,0.7261093975103786,2
2.9028667400549457,1.6563367342429858,1.0130185421687408,1.9709886648635169,0
2.0794665450197902,1.5981380736533037,1.8734699184032129,0.9331941615940083,2
3.482487941195681,1.6236983724163285,0.7785392110335974,3.0870036498033335,0
0.8588290061153135,1.6760436774021412,2.9597057121799066,1.1568895772296879,1
2.1047484976593998,1.6167837469938613,1.8871861232356235,0.9754999489349844,2
4.481844970278876,2.5780243928358484,2.1051534516050143,4.400182623459836,5
3.560593828744405,1.7342121689836298,1.9094180003667502,3.6031326599449494,5
2.650262190290844,4.523763774080776,6.1017268076154325,3.7086647088750215,4
5.701983184500915,3.926036230875005,2.306756674077171,4.980030018904207,5
3.4853730555334668,1.6016532589688444,1.7640294263578788,3.5383356150144594,5
0.7969412523613005,1.6163259513229002,2.9698031640829052,1.1070491424392064,1
3.5499189569410743,1.781089149605104,1.0113432174999017,3.165668973695785,0
1.5469623897891478,0.7185024776933799,2.5300349863642873,2.2188477667925897,3
4.6999635060313425,2.971513697031098,1.2429865200045302,3.930037569336328,0
3.4900200403015926,1.6198432909552125,0.795698533300239,3.0879379440626935,0
2.6021627216245755,4.50430873946092,5.869182369720968,3.2449665988187117,4
1.698736223230216,1.029740522791731,2.6024927252461354,2.3214903981341055,3
3.4859434162259935,1.6137902053469972,0.7775401049182634,3.090180032163358,0
1.5458130013469968,0.7102208550872455,2.526371664188061,2.2157496709780133,3
1.7278427415906756,1.0375956263043906,2.163838379010155,1.583809566468368,3
1.4018576785138572,1.9961845285995254,3.4954492732378717,2.3478431583848476,1
0.7253898911275659,1.5680759481467388,3.336412121457726,2.028461292606963,1
2.994057386287329,4.755376593275161,5.842577301927421,3.124532685992047,4
0.7873359207040184,1.639189539706847,2.9446554984309605,1.1046217196047916,1
2.064041505246517,1.5772333984757247,1.8505053165706167,0.9133496846486309,2
5.696360298086668,3.9020552840955385,2.358211829649398,4.974308011422512,5
1.1380399978709832,1.8391032812526065,3.0349863722696213,1.370039475200859,1
2.200897806387362,3.8193861450142657,4.832514510359437,2.1328329835244193,4
0.6728944965711487,1.5435502662212643,3.303896749236752,1.9900371413012559,1
0.9544055568449549,1.7192465229678544,3.377651399548982,2.1220793011803485,1
0.7330640014840554,1.592041903534282,3.327784396232271,2.0287035170115586,1
1.6078014176179247,0.895935603372776,2.0253418507144128,1.4704734478060768,3
0.8556760657261949,2.5756845317786805,3.9127415725168575,1.550104425963808,1
3.4915908625439345,1.6142430650797222,1.7936412281868523,3.54601642345435,5
2.6397696212340347,1.1656510524701658,1.3493343657857622,2.3273897632691747,3
1.697421960304868,3.551696496239155,5.153369630081677,2.9369747341317827,4
0.7516321036618047,2.541492207986087,3.90261450205133,1.4992258691514824,1
2.5039674661480906,0.7839926045692212,1.1314222523864985,2.183184390157677,3
2.731127949228176,1.3608088840936703,1.4977659384893285,2.4309080383528667,3
1.038350904651345,1.7694856151388645,2.998409258182329,1.2920757468951085,1
2.882986880119648,1.6201135865849512,0.8830696339695481,1.9317745965085418,0
1.7263391088563043,1.0216582424433078,2.136075900604985,1.5582676913381188,3
1.8450828894499263,3.6248994867194413,5.185909321668905,3.0157118161279572,4
3.826246255924462,2.2808697094209798,0.7046930791494237,3.0092911488488614,0
1.8012394194655132,1.2263811786881973,2.157975484085203,1.6681058352231304,3
4.591061980314186,2.791058429096946,1.6873929536904453,4.1739119341890945,5
1.7054290065046644,3.5405205862048454,5.161372882239224,2.9331736282961276,4
3.02635112517946,4.77265519981611,5.847562837585053,3.1506710376937823,4
2.2890305757211387,3.8799403889722432,4.876301311077716,2.227113278290031,4
3.7509258067691227,2.1438710437963846,0.3450805499397713,2.9138060931003684,0
1.5408432385500714,0.688718851405039,2.5309275474703,2.203135124166871,3
1.5230782317247251,0.7040770321430875,1.9724071946676112,1.3530178002088649,3
1.686231701586303,0.942849175705185,2.0874620047113845,1.510320690527277,3
2.2155698942081945,3.827692196941748,4.834699597308604,2.1391370963489598,4
0.7612270920437022,2.529160409020675,4.206857243132458,2.2839866503174977,1
2.8594365548687133,1.6043712186827712,0.8644155720593125,1.9238582612663644,0
2.6415283117080763,1.1831700304431425,1.3740577989996563,2.334539921268835,3
4.763452504365393,3.0727665897808456,1.430468266486712,4.00900308805985,0
3.8283508189005575,2.2922323849682518,0.7486295776515279,3.0141042984066875,0
3.489192755203338,1.6192342775897237,0.8053646753202769,3.088584191305747,0
1.0036706707418848,1.715257115325383,3.0331791187124177,1.2541686726344994,1
2.537546051919475,0.8737489172395302,1.148700257927146,2.2080214392072954,3
4.7561903810063635,3.040491045409991,1.4982729751212196,3.9929186578877927,0
0.8186122283041486,2.5469186271839677,4.196894089709079,2.287736172306361,1
2.8682642198270156,1.607780591977241,0.8560764544985147,1.9192188862916706,0
1.811580548787479,2.32955433100872,2.9572798023918754,0.9432204322606234,2
3.47800220533608,1.6107183323069796,0.7643913706360677,3.0795104901287815,0
2.302529499943904,2.6784100111671125,3.3243671270912127,1.6670870504925623,2
3.516233205275513,1.7021639968617748,0.877796870231451,3.1225924357000046,0
2.872782366389172,1.6097888529734643,0.8931253752462713,1.9264092867542408,0
1.1866236137792174,2.6687378990727817,4.315725277915035,2.4523017956600817,1
1.8751392732505907,3.645917342037235,4.950501897677332,2.4969912528129283,4
3.5243118599565286,1.7196228476675,0.9183346531136422,3.137287973905912,0
3.66485032768807,1.983648148318003,2.042421367662034,3.7179293791559735,5
2.215811299642173,1.692515895882061,3.020220543208047,2.7086062581467885,3
2.1496429925240137,3.788371810793094,4.8222683057901765,2.082146530924679,4
4.768815696284092,3.084298054894353,1.4516578188627094,4.0145276527508145,0
2.6215521359532112,1.1250177801466872,1.330567353538655,2.3136930884342486,3
2.159550159836725,3.797751315603399,4.834176954910128,2.0919145996633537,4
2.816929574778982,1.4509866554887842,1.7462467600931584,2.5100262416310954,3
3.552381840334164,1.769805542507116,1.8718500522638937,3.608549429127382,5
2.6088654821352923,4.506239127685517,6.079750167986929,3.680124374129521,4
0.8900361190362797,2.5599949391462866,4.239027222601791,2.3308391470331706,1
0.9418710899324552,1.670536498517917,2.9920991954289238,1.1807572879488744,1
1.5445718609735763,0.7725652539432896,1.9894151090646641,1.3985294206782073,3
4.804038673462763,3.14279555190783,1.5587130596249048,4.056471014692011,0
4.691191074722052,2.958543910173709,1.2362626821438603,3.928029996377049,0
1.591720305245181,0.8007464283518299,2.584550126745285,2.243057142797361,3
2.8842688895509805,1.6591136709500829,0.9276044851068694,1.9560787690130508,0
4.488259371925406,2.5898721611462565,2.160949906583742,4.413507943433311,5
1.6232289653093523,2.1434142648328622,2.857090214831022,0.39903287075539545,2
2.572711088977189,0.9454352774732399,1.978671662741885,2.833489291638938,3
4.500211369281721,2.610415284446951,2.1882342309141176,4.420260669933979,5
3.5351258598694257,1.702342739778418,1.0042809511515804,3.137387397060301,0
2.644950142823726,1.1713683178638392,2.0913395160194432,2.9055427890769168,3
0.91645766477225,1.715745947967058,2.985034328326008,1.2150886669328134,1
1.6558020268286315,2.2084470177379063,2.883351499603102,0.61012278282354,2
1.9100717324855,2.3643392862564974,3.065073884276065,1.0985730953664525,2
2.107903961520196,1.6353671915657593,1.85540598603049,0.9932554550639939,2
2.683117205426537,1.1721971033839553,2.1902637588339307,2.9292414834095473,3
3.4853730555334668,1.6016532589688444,1.7640294263578788,3.5383356150144594,5
2.085876718120527,1.594878713114021,1.8500863706287978,0.927188502993809,2
3.5330890992681443,1.7490323689945315,0.971585796273106,3.1488557510165682,0
4.485799763163941,2.59969243086108,2.129898476641847,4.4117419471315005,5
0.7575468537431127,2.523896636995435,4.2020459389811196,2.2751971693154336,1
3.7686752063086035,2.1713479978474055,0.5280596271162658,2.9299745952108776,0
0.7543368762288728,2.5215296345909928,4.199709501865134,2.2771601018202827,1
3.5715481327609333,1.804139459914698,1.8887926381822158,3.6225067270706077,5
5.462135543225977,3.5558765745411463,2.791995042339071,5.30303701976699,5
2.8745426005235712,1.610916409618298,0.86500867511873,1.924055924480473,0
3.7597896396530697,2.1531744392704653,0.3592291988986763,2.920829702091998,0
1.8389153597202654,1.2582481430571515,2.689532860868895,2.4288633712333048,3
3.814024349205367,2.271657551391384,0.7193246105320004,3.0028498594103237,0
1.6786680684014872,3.5341498505859694,5.133341895827445,2.915659357608665,4
4.476178401570651,2.5907999047052717,1.4135722724434678,4.050132318950838,5
3.8106357987620227,2.2663023082478784,0.690240090480772,2.992966454571918,0
2.170447396234582,1.6917463972238025,1.9520708006155436,1.0811061819343246,2
2.1495918655897057,1.6966638366269868,1.8992809689775147,1.0842012611055942,2
2.673113807508704,4.554629676793932,5.892203485663432,3.302240757731582,4
0.6785864629073678,1.5587028358646147,3.3157188740313845,2.0023619361407365,1
2.508115682847813,0.7317573476852732,1.94586556031907,2.777027749868081,3
2.5402002129299266,0.9033712269405795,1.1890527138619256,2.2235477484795285,3
1.7035155203055212,3.560666045957729,4.903716334889526,2.3738169308797827,4
1.5278696923193078,0.702500383697174,1.9665532594973993,1.354874868890358,3
0.8667409780493518,1.6709314557256165,2.945324858427234,1.1336020288460935,1
2.579991528441141,2.1687834965771984,2.41753782572179,1.751454270824901,2
2.5831537175495773,0.9509388507324434,2.0742746225834066,2.846494610220056,3
2.034957687291718,1.4787309189002074,2.421582770720643,1.893342476556441,3
4.516840229452148,2.6671634926321524,1.5052119956197458,4.089817833972229,5
2.6663713341761075,1.2465414087887965,1.4277451062624158,2.3654539128032597,3
5.474123336401664,3.568228342545339,2.3127079036397866,5.022621540582627,5
1.114759818325392,2.648343601342131,3.9951492717875445,1.6878880835594416,1
0.805729728923098,2.546721802294489,3.9175771151719925,1.5172265875391904,1
3.5782851245812504,1.8295643295101975,1.0676804601395335,3.193978074090455,0
3.597565641197537,1.831847974474566,1.2716317484479593,3.2141586131018607,0
2.175024692334938,3.80763892629272,4.830422019906759,2.1030875493576713,4
0.7540982184737924,2.5177741801620006,4.188911405748388,2.2733812484155855,1
4.494103933047695,2.6232082036468776,1.4538063994880344,4.069856123793124,5
1.7893590187401882,2.2831231258947033,3.0006438894394014,0.8855323519478017,2
0.9840205171212812,2.5842867685483046,4.24973384383112,2.3514151944178217,1
5.690062675622998,3.909596578951938,2.2833432643758513,4.965967895277232,5
2.5471330273808945,0.8564599483317447,2.0190637980035637,2.8103190211122664,3
0.6730911240502966,1.556114493467,3.318531546841252,1.9996753257420024,1
1.9649205560896577,2.3866181352391274,3.491936095475182,2.0905194136415686,1
2.5175037017829993,0.7814046576544729,1.16664362280883,2.1848413483482534,3
3.7362244299843006,2.062249974004766,2.25475415168622,3.778830707561412,5
2.3624900139443636,1.9593498138038603,2.0896220650876183,1.4455907786646942,2
3.7049310484879574,1.999768556220733,2.176456879178012,3.7398506778990694,5
0.7747159676099956,2.543153554519512,3.8961452854329583,1.505925131135136,1
4.728854713783826,3.0202772161349514,1.3395110842866491,3.9694354705219377,0
1.7649114963617567,2.291424183727421,2.9328244105166807,0.8570051320097559,2
0.8250948554196027,2.5609924736175094,3.903536467139559,1.5326494135801474,1
3.4967830632866446,1.6439756110730395,1.7876567518380264,3.5572035524796033,5
2.9469016152083696,1.7571211068387012,1.0435067566072411,2.044031968867182,0
1.8742174808089824,3.64476722658153,4.94900843213607,2.495308509098548,4
1.8027477485228611,1.1355263458118063,2.196436900828231,1.6358740591353618,3
2.6615164093068824,1.1518571234827035,1.4965747782320362,2.3452585428572603,3
2.5076936160308847,0.7411436082998413,1.951739061408018,2.771949326067301,3
2.071578605082122,1.5868983183748029,1.8574366318743738,0.918347018514587,2
1.739717706410267,2.9981358234339806,3.8789683039464595,1.3004679695016264,2
1.0254637047922672,2.6300091438850632,4.244593625448469,2.3830898611541302,1
0.7159796479323628,1.5871463460497466,2.913351996195572,1.029493905552354,1
1.6561098797551035,2.202222043383815,2.8782562953718496,0.6268279678086345,2
1.5391468636024443,0.7075281147499799,1.9535379490487348,1.3554466178617552,3
1.5854629184495657,2.902485748566897,3.828989525517099,1.089705486164901,2
3.800355585144355,2.1785284619745693,2.37726342148894,3.844348632893783,5
2.066266850490592,1.5832185220654704,1.8431137907606268,0.9091054346130226,2
3.507220063342847,1.6636181540609045,1.7932568519057066,3.5643298728446666,5
0.999208709947971,2.600784187833517,4.269420463280558,2.3720321886392033,1
5.70711970594892,3.9346696978132067,2.3212182344771404,4.9871356279959285,5
0.8717560923718568,2.584088491282181,3.920984797952948,1.5683373256821969,1
3.4813017507571264,1.610397571779399,0.7728605865122988,3.084999009483229,0
2.961311109704938,1.7844793166081612,1.076901472299785,2.060204743725495,0
2.7967854030613775,1.4091191792172733,2.3404278979624156,3.030982194870331,3
2.1395157933944207,1.674709625991442,1.870757045291258,1.0344265010423657,2
2.516158594356199,0.7996076462387316,1.1019872510393844,2.175382306863197,3
3.4894439778093296,1.619630494516236,0.7748722254634574,3.084202020772672,0
4.723810593479544,3.011227554522163,1.3154369198731237,3.9597076516454552,0
2.669116406339407,1.207943869543538,2.1003303207406887,2.9240117172695044,3
3.666702615194059,1.9504102531063015,1.425183327423361,3.2787652580579927,0
1.9819435631022688,2.4168199864410878,3.103584632104003,1.203622618225316,2
3.941697587703054,2.4852908390497306,1.1734458475262055,3.1591883686330493,0
1.5968079704331422,0.8560158317442007,1.9896299913048967,1.4240923091277904,3
4.787946971264975,3.1112308977594236,1.4900910808984207,4.033006367084376,0
1.5547967970308896,0.7204639354652892,2.55193544770029,2.221939631852054,3
2.66065761793798,1.1291413518037385,2.171658811264672,2.913833091863949,3
1.0030191979544367,1.739246518602493,3.381301892789082,2.1408737698949345,1
3.0955743965923723,4.805292148676451,5.907883464023368,3.2120331494093914,4
0.9566793531972518,2.613820354915756,3.928469993565743,1.5966698362428864,1
1.5515510989443277,2.1098272413768693,2.831642307714,0.09404921374058965,2
5.637882115596771,3.8347886872326113,2.192948216806575,4.911765929696297,5
3.476290490912912,1.6092774668203926,0.7684849706722373,3.0800115670530843,0
2.6345976073825734,1.155615147951086,1.3403665837386238,2.319759818323774,3
1.7378694180195515,2.9750408622994446,3.90383783843784,1.2816817547872064,2
2.11298238778759,3.7447019712001177,5.077252212059383,2.668440391841599,4
1.680356426461533,0.9486530372315066,2.1014129001840494,1.5154778501714936,3
0.9768497433009383,2.6069136311113286,4.230870079416219,2.361149452772481,1
1.5387029143682438,0.6875173746089985,2.5324316223761727,2.208864655439827,3
3.7601962721783178,2.1535466542515955,0.3707795975415659,2.921412181223436,0
1.5853372131594885,2.142114832135594,2.83629449109565,0.2823204680005292,2
1.612686306534173,2.91305541084431,3.822418329760537,1.101177229017883,2
2.892259640525133,1.6593005173496969,0.9102872737189204,1.962448174573223,0
3.083148554185334,1.912002407336083,2.178137863848825,2.804534019440792,3
3.9175446250604624,2.401533697077188,1.2305313679946257,3.1174378406954726,0
3.6727583371755563,2.005251284425925,2.067059054715527,3.7281194880531623,5
2.512504482270064,0.8182887686294986,1.1366220846404755,2.185316567453103,3
3.659957185744964,1.9928173925684793,1.2923379390674703,3.2823265569278472,0
0.8581481465627172,1.6357703431992314,2.978885420964465,1.142116619963746,1
2.0736743664664385,1.5879627460108607,1.8630071035016902,0.9267402647600052,2
3.078674947629803,1.987912843112778,1.3584579764097144,2.2287494646259267,0
2.5968704974164996,1.0652070583826547,1.2891512706186186,2.2854770993712785,3
1.2268990530869115,2.720531503820154,4.29307182291516,2.47620116270141,1
1.1683266991179575,1.8599582073572627,3.050903558755869,1.4076501224315678,1
2.6652010220244486,1.1392925473135582,2.1753100635988534,2.915704998971749,3
0.7311917519681722,1.562667507436722,3.3281327731691106,2.020100349036536,1
2.5366799469551307,0.8429845522430974,1.951485579475611,2.8053440487840198,3
0.6899854486773902,1.5622463578283716,3.3281531774069175,2.0084904885673893,1
2.9585570321080352,4.726401080554855,5.822231767662149,3.086167210650325,4
0.9563683704697344,1.7107788764437617,3.368546705517644,2.1182113375263394,1
2.0726132432471243,1.585642432029843,1.8460790322756686,0.9137681567159455,2
2.669116406339407,1.207943869543538,2.1003303207406887,2.9240117172695044,3
5.475748407030485,3.5633392437337474,2.795926520884468,5.310166153972359,5
4.486400571407692,2.590252587258887,2.1207137977960966,4.410764748361965,5
3.5650727725904585,1.7842857893663828,1.875182675941531,3.618363745376641,5
2.0734826078624544,1.5864262067365724,1.8395668289602618,0.9136636867699942,2
1.6989306489874902,2.9793465088378666,3.873089875025077,1.2561054155963076,2
1.6127498763518602,0.8563885048206689,2.5469963843150984,2.255610255969242,3
1.6974943001990994,0.9571189140270863,2.638138320791769,2.308038609355905,3
1.1436553667935583,1.826126044579178,3.4187558891147103,2.209462581127044,1
3.1034178381607456,2.0221091822721213,1.3958801317451208,2.25993632293266,0
3.492600131438167,1.6150150787641693,1.7892170807995198,3.5435090956545134,5
1.6623344401281335,2.9500527516570454,3.849024443509634,1.1946310124337363,2
0.7749812425474834,1.614262081861279,3.337691315484749,2.0493931865278276,1
1.6063046811071358,2.9163445138013526,3.833559981383015,1.1309603331244857,2
1.5729675896228565,0.7963979432379046,2.548161561997668,2.240591143575845,3
3.4931200919953507,1.6114477148026596,1.7764108861731105,3.54287839394689,5
1.5402235825911585,0.7216926623043626,1.95843501140613,1.3651387221040063,3
1.6018559618286428,2.9051804784888215,3.8312609003587004,1.0896754222339973,2
1.7696973083841914,3.5823351883396315,5.160907701651495,2.9722853129259343,4
3.646211515655622,1.9619371811040636,1.2510634196725658,3.2687754043089505,0
1.1314995327186506,1.8137772314965337,3.4100690763678516,2.2002252290557234,1
1.5315261987547035,0.7316748348352394,1.9679761465667744,1.3581701025908364,3
2.2066152154975547,2.592281284003489,3.248236975194259,1.53353139608405,2
2.064566590531777,1.4998865528840524,2.9109073937429732,2.5902671191946465,3
1.5349067178213254,0.6787567774608209,2.5202907593721995,2.2004868256363173,3
0.696378495318196,1.5542874550551693,3.3218055390637864,2.011069610818023,1
4.483943481491689,2.596430400156226,1.4913263772077656,4.05705754823303,5
2.858907577915456,1.5245581274924391,1.8185815069734181,2.5618583952032963,3
3.47941909602464,1.608413782815714,0.7749302470801068,3.084685252586689,0
2.5099113671371764,0.7767444674711372,1.9484825962468657,2.7889917189725204,3
4.779817328819484,3.0437083908466795,2.7307848816135936,4.6970999365085015,5
1.9298665827563388,3.1183611180082376,3.961535136797717,1.5509696923662,2
1.7207554826012976,1.1015579226531487,2.095239377944293,1.5724057585816227,3
2.4888368852687277,0.7321444043929054,1.116027649681263,2.161031972583685,3
1.6453334605735677,3.5172981358375095,5.135824962556823,2.901320921822089,4
1.625090223742405,0.821468956780094,2.578667722584859,2.2534770359332654,3
2.144775977185081,1.6614011891446328,1.9307023070153895,1.047833074174539,2
1.5410862417714144,0.758750307646108,1.9787831606599582,1.3815509929056344,3
1.6358846571990815,0.9296829039983234,2.0138652421709544,1.4678815714481377,3
1.980854431755479,2.417525131075638,3.1067102723204627,1.2073378490992452,2
0.6585892152459577,1.5649352975118629,2.924321807515109,1.011265878562082,1
2.670107646146914,1.1453393132573526,1.4612047560302543,2.341780983226644,3
0.7324782899753888,2.529290396270988,3.8963352712840784,1.4926475737216467,1
1.9567524885486194,1.3530100751679284,2.83225940731494,2.508004060103018,3
2.5776812753297005,0.9197325403827584,2.047521095924041,2.8369512946478674,3
1.7067879526076397,2.171575132280092,3.697078295621327,2.5338870788993026,1
2.2909700503089296,1.8814699572970743,2.0343177290596426,1.3306244641583203,2
0.9250644979317769,2.582278806013409,3.942751905228509,1.5683880989056707,1
3.6105605209003646,1.8381519789964464,2.031170224027892,3.6566746623182387,5
0.8145812767910617,1.6171870849025825,2.962908046628302,1.1010382725192276,1
1.552759610461536,2.118899255335557,2.8392793649157975,0.09347280357626929,2
3.7882003641351076,2.2000554076617607,0.7020739542815252,2.961913399216372,0
3.5468589172815532,1.7749121419154694,1.0002951950819117,3.1613646248897695,0
2.6302394434816705,1.132556146249771,1.3234730493850368,2.3179548431355395,3
1.6417627809746786,3.50413307657491,5.120670069917326,2.8794016158975992,4
0.729058777352559,1.6090328772063056,2.929648843115649,1.049611522351364,1
1.0193805998736507,1.75292671716916,3.3866154589396635,2.1458001266394975,1
3.862130946160637,2.2902502945033554,1.9013382784515007,3.494742961518643,0
3.5074810129577254,1.6371004053746199,1.806837015236829,3.5540370085171133,5
1.6308525725402063,3.5078153709251785,5.119348981567971,2.878438440418411,4
0.7957632858405537,2.543098152556447,3.9108996213546896,1.5035613095627396,1
1.544985801223626,0.7163840263637434,2.5184924163838978,2.205184528983569,3
3.5845337319274284,1.8514103940956104,1.1190070375058838,3.2073611029872526,0
2.106238055624696,1.6198305541903035,1.905005517124412,0.9993933081770399,2
0.7582363568639547,1.6159551815801538,2.9329098097964357,1.0858265862731464,1
0.6956589863610323,1.5737949292152513,3.3224631244900547,2.0128077201409296,1
1.790051090105433,1.096113305413021,2.692505411168571,2.3677097547810835,3
2.5393315203264764,2.1137127930071657,2.364600898387156,1.6968720817690555,2
0.8352572643960768,1.6230023477928897,2.967423034830303,1.1186400783404948,1
1.5302738568016994,0.7034762811328413,1.9753655499417226,1.3604390580271808,3
1.6077892899275106,0.8679825932763026,2.5635425519701625,2.264213268180424,3
0.8655742476972379,1.6726861510050464,2.9528510643034505,1.152624064369547,1
1.539128464504879,0.7250738421714441,2.000648994968181,1.3816779416792877,3
2.0031686864442113,1.4016240025435962,2.8477299703679524,2.5344989364689483,3
1.7031238037887575,1.0020437723556717,2.1433608024803257,1.554741329427722,3
2.0675350427723607,1.5855743204287593,1.8476209340414045,0.907380533702051,2
5.478907621338469,3.57719480584292,2.8071558120515667,5.318581484287142,5
3.7734168482947887,2.1716604749516213,0.4989593218457739,2.9354711497374226,0
0.6845474792766991,1.5606156571189982,3.3177953786851733,2.0081445746503994,1
2.6633482191971356,1.1457334878930023,1.4899005335782156,2.3492937960418363,3
1.9052845714233626,3.06755592351311,3.9791662208906335,1.4835895865738382,2
1.7630678208116275,3.586637776117141,4.915332690050091,2.4175846008557453,4
2.2607694626916714,3.86079628058397,4.863948119633006,2.2028610403702116,4
3.486194978612848,1.604118192261503,1.7710494661218412,3.5431857171845054,5
2.972560406934998,1.7814799737700187,1.2618890974057337,2.075761785457124,0
3.8726689629275883,2.3716005380622174,0.9347606244392042,3.068425391159063,0
0.7036893544372061,1.5751803037907675,2.9376752166515487,1.041394177506004,1
2.1042687956187076,1.6271861267494938,1.8463625976286793,0.9737049270371163,2
1.2585390304940702,2.731033424566232,4.296558280991116,2.4910443181285666,1
2.9998737560838262,1.852965063824545,1.1678862316973395,2.1119164389924374,0
2.7867296238680086,4.62015635460292,6.145548677630834,3.8136163105030807,4
0.7391908818025761,2.5282560639905634,3.897511880598664,1.4853344988920367,1
3.5687961179220085,1.7976605159479344,1.8916382247225454,3.624521768718966,5
1.8101671027026134,1.2272882151157258,2.681259934203027,2.4088857815671774,3
3.6053265825485346,1.8784236880580096,1.9544344772179103,3.6577303736477274,5
2.055125844286124,3.199029963109008,4.016536830987748,1.6994833488273688,2
3.48618262939962,1.6186500104973691,0.7613203750339066,3.0848112402788512,0
1.7635559175846045,2.991398664076478,3.9159815670403835,1.3076449703082387,2
2.2919867064800834,3.842406647605036,5.151579188128648,2.8037055755714633,4
2.9866017577721964,4.7479797653579086,5.833904092473296,3.109400964714286,4
2.734469048758123,4.567368392277146,6.139616708999891,3.7665867919996585,4
2.490483811067799,0.7320202241552632,1.11624519973084,2.1643139272188665,3
1.6187784016812365,2.167089713817731,2.8477574862800643,0.4433230152508464,2
0.6691020096103685,1.5593003285199076,2.9103384072054754,1.0001233760823662,1
4.492537072563968,2.5968446029347017,2.1667378267867203,4.413482949399783,5
4.7114634357151655,2.9694165558632877,1.2899427169805116,3.9380365474548658,0
0.7250186996271677,1.569663235468802,3.3350246276327233,2.0213447440108356,1
1.8479067275187373,1.2171375943354723,2.2528290924888594,1.6910211079439321,3
2.1083681159902765,1.6215249830469398,1.8904417768615094,0.9793297034593212,2
2.0585555236919024,2.4576464167850305,3.5400924144491754,2.1734187186932274,1
2.1556325571101116,1.6691031719526266,1.9395629597745083,1.0728441043212995,2
1.6185068461563141,2.906674195081763,3.833443555393489,1.1066921182185834,2
4.505142295457928,2.6175445026374042,1.4754676096733066,4.065414765657249,5
2.0930093824069953,1.5991235706130686,1.8492442198124723,0.9339361336590316,2
1.5767596951919929,2.140150461239245,2.8424949544674702,0.3370483460477916,2
3.8336503778396644,2.303535064844574,0.7845272579247441,3.0228351792212473,0
1.5890724233022433,0.8377394892658341,1.9911506220746895,1.4298807258207165,3
5.70115236669746,3.907333853071724,2.357524998823735,4.975846458171911,5
1.7537040784671882,1.153742750903148,2.1251469350995045,1.6191687878904522,3
3.6494713655218884,1.96305735315414,2.0241377304482664,3.700579878078533,5
2.5716574844376145,0.9355393593303807,1.2996219259068251,2.2398501993564284,3
3.5230994038704644,1.6797813691657597,1.8726520822332295,3.5736002607322903,5
2.6886219510518408,1.2643681430749827,2.136549257293529,2.945693599880359,3
4.678381447576182,2.934888175895976,1.1982853996024692,3.909122658198918,0
2.7097930005934203,1.322854348195025,1.4769193477398574,2.412024103045559,3
1.564946576005309,2.1154486998062003,2.824895970724,0.07820223144164119,2
1.638298626445283,3.5123342959389774,5.127297727993727,2.892131848768247,4
3.8338308654885545,2.305049930850262,0.7905142384093921,3.0234451776768,0
0.8532048801104158,1.6354246969881143,2.973368365820721,1.123048028511104,1
4.531278160313407,2.6833187922273702,2.2100260014637985,4.458567937918363,5
0.8668867333037011,2.57208226586777,3.9030246993885687,1.5441045550865995,1
2.1763481766314605,3.8142632358075863,4.842042975063527,2.1190797276433644,4
1.3371265319280572,2.730612294822748,4.352918667822126,2.5166122910397326,1
0.9882498690381613,1.7074384331088046,3.019195532462267,1.2183458917540602,1
0.81261874132253,1.6549285110643956,2.9567760309627946,1.1392758883412601,1
2.6039648355610354,4.508443375663898,5.866579988640921,3.2457098856368836,4
1.5534203187802056,0.7091685056916948,2.541262322357412,2.2127243555129903,3
1.5628280857781702,0.7273269902525331,2.5492057336893406,2.219029224403232,3
3.2005133778786137,2.0752364626325925,2.825038783402671,3.4082026563693453,3
1.5995948582481871,0.8950915456560699,2.024135637781593,1.4535472050174376,3
1.6837126420795048,3.530446644150025,4.8979020747841195,2.3466728642364636,4
1.6437574027796176,2.9322302952364,3.8677402859622427,1.1653670460812091,2
2.9541489486477377,4.723296441571405,5.8225111794710855,3.084239961673071,4
0.7687730957014699,2.5339429467597494,4.213321711326457,2.291636953410924,1
1.541459539252072,0.7545885419038427,1.9801712028520202,1.3890600387833152,3
1.6128435209089305,0.9014027758984855,2.0256150836120432,1.4748736067444042,3
3.4737469857581313,1.604182954952361,0.77709918824185,3.0817116888647456,0
2.892438017901802,1.602296845936181,1.8982261875754975,2.5995257703585546,3
2.6295133333511025,1.12892367569043,2.075956240731059,2.8960295581656292,3
0.7496108299335335,1.5973246889377475,2.946109837469475,1.0463548184551157,1
2.084422099117154,1.6063771596467704,1.8439854241408666,0.9507653724349664,2
2.8870900004937265,1.624198915115267,0.8749855919321096,1.933377313461151,0
2.9504276551610586,4.719899659819306,5.823100091702215,3.0829837952719346,4
2.209558220447001,3.8186588022944203,4.861008612291165,2.142190530496205,4
1.6443683297616887,2.1890490478048807,2.8658030385800597,0.5741591716002957,2
1.7439715063254948,3.5780437525464825,4.912703873776356,2.407800136089738,4
2.723200713802501,1.2693742264120857,1.598253457116374,2.416782498923911,3
3.7700907249535756,2.1665309557413703,0.4908616394165737,2.9341731758103635,0
2.493675088562694,0.7665321684188832,1.127971832862043,2.170007605069077,3
1.766514705826105,1.05586527468881,2.679992678963183,2.359606062103765,3
2.2306402041586173,1.761856485252764,2.031615823360849,1.2073391977016317,2
2.5487248125646285,0.9309501335380348,1.208308595131598,2.2350728588749473,3
2.972560406934998,1.7814799737700187,1.2618890974057337,2.075761785457124,0
1.0853725400524221,1.7986544193293048,3.005057064276991,1.3073064325793575,1
0.7796898554617402,2.527538622651348,4.208305985241851,2.284994745933043,1
2.5150912680377266,0.8249275253380608,1.1426115258022398,2.190800151929025,3
1.3078740396555146,1.9380792702805127,3.4702266953501764,2.2951650229253815,1
0.7217436092507346,1.564707031080562,3.302151911415941,2.0071680675516292,1
0.858034090640798,2.5539093853538954,4.2303816738793465,2.309143124928533,1
2.0201228267371505,2.494444206746483,3.068158375909213,1.2910048673345413,2
2.1060515421678274,1.620633750428374,1.899207363229264,0.9883955194217422,2
2.1325108036259137,1.6648535411636338,1.866159674801893,1.026457919888467,2
2.640252934658959,2.240456801530178,2.5027324874898405,1.8591883557916076,2
4.478634616329048,2.5730084802376334,2.0990158721817007,4.394083961747881,5
0.8253571490982075,2.5511585271880453,4.208517294166877,2.3063802499643913,1
0.7791144002579358,1.6069909537973115,3.329898552989241,2.047011423086052,1
3.12798943592687,2.0659089368992554,1.4550737560149585,2.293315040236236,0
0.9817744134623183,1.6847155403454444,3.400371806726073,2.1143097525129058,1
4.550206272106728,2.72463593085361,1.5922728524728231,4.128686695416746,5
3.0496451687415607,1.8808398878065744,1.386436273835241,2.1732746658515727,0
1.0640746441112177,1.7778591118115772,3.3963682308361203,2.166855152621217,1
1.6228025901608023,0.9215701443422639,2.026903524092007,1.474997636510967,3
3.626685675212899,1.922658531343139,1.1970593665139668,3.2476158881268464,0
2.289760540031303,1.7987945586136318,2.644746694591749,2.1639605396574675,3
2.9252685480277814,1.7241890367273576,1.004481257584378,2.014284444571116,0
0.9698054616097673,1.7185883106882909,3.3713261939364174,2.1236284103079215,1
2.1548682063738265,3.7925723509703535,4.82287349349336,2.086690672802185,4
0.6829226808080192,1.5787310227713676,2.9183895135826834,1.0198982163860184,1
0.8068326797359888,2.5304057074135478,4.207436012294354,2.28253667272616,1
2.496989401376539,0.7356218957081203,1.110714867208852,2.1646897828024407,3
2.5402899358585906,0.8655901905973196,1.9581462658315518,2.807275863909923,3
1.5836976466392279,0.8572317348540303,2.004614156639668,1.4252143515121625,3
3.497651263607508,1.6274331581262131,1.817448335587794,3.5550384583911594,5
1.5816824302509238,2.901402979187438,3.8350474775455057,1.0919099732144002,2
3.103318565382117,1.9173342542311176,2.688354649794105,3.305719236401831,3
1.5903864577350972,2.1410691331683207,2.8313572168342573,0.28319315904342224,2
0.7520749119778738,1.5821465063518598,3.3460463598967154,2.0357547711048207,1
1.5953140803460808,0.7655206504206595,2.560089093498119,2.2386625115093164,3
1.5657294061801486,0.7427313180044711,2.561155143306609,2.2280739019046014,3
2.858283951114136,4.6634166269340325,6.1711812215610085,3.862764459101891,4
1.3350969131444577,2.729459024821879,4.351029699271585,2.5133102057138763,1
2.0898496702957257,1.6047971520522453,1.8346422098982362,0.9312253173535971,2
2.746236892996329,1.3258164746440106,1.6514326635025929,2.4416005690002027,3
2.5046149600334893,0.7777326837429808,1.1193394572072666,2.1779282768128834,3
3.5216341720753688,1.6605952829878972,1.835266808512809,3.570051817381961,5
1.5233255421193261,0.714101032034733,1.972431271030431,1.3617924999060282,3
1.0573026271247303,2.6402842098316954,4.252145514566144,2.4038215971048897,1
1.0362456331398755,2.633162590292605,4.244876597727148,2.3862978473158405,1
1.7303318226245057,1.0352206139533164,2.1570300631031856,1.580279192912318,3
3.7703198045270128,2.165515888426278,0.3942369010285902,2.9283746042044574,0
3.77829855449051,2.1975431889669785,0.4712824460077023,2.9519426313208617,0
0.8399601074565045,1.6460617953024452,3.348763250965202,2.076742848770098,1
1.922211385976235,3.6433216971971354,4.995098606051297,2.5223671701235206,4
2.9552317542779853,1.7354480880629617,1.1628663770480616,2.0470780605791337,0
5.479968734285401,3.5854349924500237,2.3243396890526995,5.030994065758297,5
2.7152106537805007,1.3388415851004425,1.4962365324181068,2.421927001705258,3
1.1069926872967673,1.8126131923452926,3.020098928544261,1.3475412028048062,1
4.4859031431983505,2.612835088724488,1.439434758163256,4.060033748329938,5
1.658269573176326,2.9466445301379314,3.8463488507814834,1.1884782118946116,2
3.5738252676740556,1.81368878756215,1.8969213316159341,3.624212289751169,5
2.8368373858186495,1.463853675658764,2.3669408986838407,3.0645467483816002,3
1.7188252627718703,1.0191229450285921,2.139893229022949,1.5549587996284264,3
1.5373282929582985,0.7032496008239651,2.530022768328979,2.211448065281257,3
4.4918710991077155,2.6151245299487713,1.4280699721833434,4.060570091445213,5
3.576043787918646,1.8249926095493805,1.0463540039850743,3.185316830304334,0
3.747544264379711,2.151219390623138,0.32399601488649216,2.911739162538859,0
2.7806097790586066,4.6177233006836484,5.930959310754901,3.390898809086517,4
0.748705068408479,2.530451124542218,3.885439823339166,1.4675618255630785,1
4.84285267552632,3.203216938176531,1.660218405580352,4.10023086771945,0
2.618910897735146,1.0404286648143122,1.3835102286176928,2.29096071663817,3
3.4958110449338684,1.643593217732953,0.929530169486272,3.103793337916541,0
2.925385418595565,1.7332247766521136,1.035750938692262,2.0244047802043963,0
4.494181172732145,2.6116620096827945,2.144176372652715,4.422467698071604,5
1.5148839502955278,0.7119800406095612,1.9812364462681615,1.3640359493701546,3
4.553232567043001,2.733691830821954,1.6109554169233098,4.133879542451216,5
2.5381915453286696,0.8605042248374736,1.9616770471331777,2.8089752269783643,3
2.645723572690778,1.0958328707040605,2.148886330403807,2.8972624619392082,3
1.7302670505066022,1.0885750326725008,2.081043452313151,1.5812688758744058,3
0.6619915358217476,1.5600893416648347,2.9192004136173946,1.0105633838918913,1
4.749813541620913,3.0540355115910724,1.3940232216180017,3.990622979610752,0
2.2066152154975547,2.592281284003489,3.248236975194259,1.53353139608405,2
4.678114234397681,2.93294459424749,1.1996485854070318,3.90661903383687,0
1.4328413982110173,2.037151450361042,3.1428513719688125,1.6229231995982243,1
4.4684815195472165,2.571450541743174,1.40146038248993,4.037836506477556,5
5.723880623412423,3.9642922569654817,2.368123171102828,5.007850868941623,5
0.7932171257998634,2.5382894421242277,3.9064928054376997,1.5014261062622074,1
3.784328001996324,2.214126183781541,0.5345480699189248,2.9601671928479125,0
2.0659618950437717,1.578378380907414,1.8373700663730377,0.914777367645634,2
0.9620890574798115,1.7086367817776869,3.363136567177564,2.11583714112402,1
2.3577424640033704,3.9237630930951277,4.907803695881685,2.3010352263968024,4
1.637862255352145,3.5108278777694673,5.122935325107563,2.890736234839343,4
0.9738153797987508,1.7334272430943798,2.983736353561047,1.246489086907318,1
2.9106728535236317,1.600942575751806,2.4626497032221852,3.132305083482775,3
1.5540179987467075,2.119756482657276,2.837099073601956,0.0938783632655502,2
2.718816403899282,4.57687979406775,6.117512955525328,3.7644293492591583,4
1.6327263093060915,3.5183054722873783,4.8849524189571465,2.3226848642522198,4
1.5604047516212223,0.7800233141126228,2.539976153632248,2.2241619540722586,3
0.6965801605990077,1.5800264804953743,3.332296316200518,2.022466928902946,1
2.160678747837384,3.798254298586759,4.8271179518729515,2.095959334889363,4
0.7762742508110048,2.5475303662272006,3.9010660330510016,1.5085687285133063,1
4.525743775234013,2.65192584717407,1.5831104480874318,4.099070202011266,5
2.25740137500635,3.859440398781648,4.860418977488082,2.1880158635567604,4
2.1024234724793227,1.6056914329141667,1.8616126460294178,0.957309064166708,2
2.5349045330163475,0.8986669252561995,1.181949877132125,2.2120074361646633,3
4.480749955162784,2.604549148691186,1.4334690245046047,4.056519043266812,5
4.4754631781984235,2.5781178145416144,1.4315526210754488,4.048525521048476,5
0.7590713754544032,1.617385540398452,2.9352621997540846,1.0916558096948148,1
0.8505335480303259,1.6564570764733475,3.3551461419418653,2.0830197439778324,1
3.4801548864387293,1.6060921501539809,0.7886240555452083,3.0871696606705443,0
0.6864566373893812,1.5734338199190434,2.9100536752105914,1.0036802064361645,1
2.9925229368457718,1.8041448438168737,1.2854953554668251,2.099891213002915,0
2.212876076583543,3.832878729076924,4.8470010141440865,2.151005754729386,4
0.8439844997976189,1.6609135785206917,2.9527784749683104,1.1534698767187002,1
1.3760855135503347,1.9869165709069792,3.4966516531272536,2.337744790646864,1
1.9066937717994095,3.07321782364906,3.988810268442269,1.4955062563098283,2
4.773550319079402,3.092187708367547,1.467528592618947,4.020853780656034,0
3.5108889121421685,1.681210851787227,1.814207776316796,3.571950773904511,5
2.3308644460349948,3.901979779932771,4.888582485822048,2.2700824994152016,4
0.6779824796101929,1.5375769603900311,3.3003006038214817,1.9850261591900236,1
1.5676933948552527,2.1378599087107912,2.8449184429579746,0.2909597562285969,2
1.5900482816400383,2.1546102977479418,2.8511369595613,0.3821707963949053,2
4.479801345655395,2.5786113736480556,2.146276151875362,4.406753129685358,5
1.0485025985841259,2.610212236256329,4.2681671446613025,2.3770972290246837,1
1.6593860674720093,2.1990518776672006,2.869230935504561,0.6040948397037316,2
2.4957389831281445,0.7400577489764447,1.937653061568792,2.772236566776135,3
1.7705420594518915,2.2574490705890407,2.969654994790428,0.8272623999896082,2
1.5389085506545437,0.6923245997287101,2.5123498465600735,2.197928731626635,3
0.7959783396620973,2.5261494038246832,4.203765678020672,2.2788756148480704,1
2.154401889701402,1.6910462218011701,1.881750684968027,1.071393887398819,2
1.6867250020174143,1.0220949795953387,2.6054155395756124,2.3163250060692078,3
3.8012085170027765,2.2205456963976307,0.7361516801756803,2.969247750388888,0
2.865445272933043,1.6055040709363195,0.8769213689019754,1.9152535452393793,0
2.1317652475176447,1.643940868252067,1.9120565075384564,1.0233668234644155,2
2.5670227917734696,0.9299588365347661,1.3021470834578501,2.2375838560142753,3
1.7959805786040361,1.2226176985198376,2.1543819107095867,1.6576382938936214,3
0.6878008297847578,1.5780854837091163,2.9153512490577302,1.0171531170146435,1
0.7081400472137761,1.5679763119729024,3.3110927674925423,2.009099066030597,1
3.478374500305785,1.5975452101983754,1.7686055785993124,3.537228955661204,5
3.607291499939815,1.8844633852393893,1.9640906482056872,3.662040132594816,5
1.970161512651276,2.414826328881835,3.1125992091774273,1.2074501039306669,2
1.654283071983922,0.8822645721340694,2.6081385562716006,2.279367929763085,3
1.8761725103980353,2.334846690476228,3.034042483201303,1.025155368848324,2
2.5218372854672215,0.7642103306954762,1.9635444134742428,2.7886988436773374,3
3.5813522982020585,1.8433776001924889,1.0936979856277214,3.1981802394341052,0
2.5352030629186473,0.8607604441016297,1.9689141388065787,2.8105061653606027,3
2.894877844580869,1.669530723374054,0.924762228121915,1.9637933719078822,0
2.391414912276761,3.918921669370362,4.950806835208453,2.3214738944932813,4
3.490418505184358,1.6477146987936093,0.8209402405767868,3.1003492991465387,0
1.7367306803121945,1.0568388362693604,2.174142398868025,1.5910526848669733,3
2.506175232496684,0.7495955889035931,1.9395745499407449,2.783492105330351,3
1.617725055063115,2.9111222062181383,3.83872568267707,1.1092478158060453,2
2.9524473208875968,4.722585306786061,5.821695494464232,3.0868160515216116,4
3.7902018192496816,2.194917955477946,0.6092588358624631,2.9553432970489224,0
3.4900202716223903,1.6051178430511601,1.7589484705517593,3.5345196046450273,5
4.475446221343122,2.5713233725211238,2.119811528665708,4.400210109702047,5
1.7776976358682892,3.5936770865016947,4.916942782436046,2.4225100260837005,4
1.3433418346769543,1.9181640604065444,3.1638048097246703,1.5299105319649218,1
4.473417444691209,2.58338740168856,1.399515651373011,4.043573620301582,5
2.9819104564966468,1.722293426504668,2.5490913831936064,3.1979906341048006,3
0.9941717577980304,2.6260152046807432,3.9343225678486564,1.6215606523817303,1
1.6433342238808997,0.9246869020096571,2.573548989483454,2.285971543380263,3
1.5878719133850585,2.907867124586038,3.8353072140331026,1.0955593131557715,2
4.783583005636816,3.1069943477603363,1.4870961975862969,4.029372288987121,0
3.6827656607159804,2.0398705627371636,1.365798104681596,3.311537519246555,0
1.6635883198029118,2.9367712551574177,3.8686239980704777,1.1821803435654792,2
1.8713425559684962,1.2390553492951264,2.2581548748958657,1.7087998264783497,3
2.493881382766947,0.7674005300400724,1.1213121159927009,2.164712863769801,3
0.793783575930255,2.5516116239667475,3.8973491787760066,1.503393347321589,1
1.7548669529675966,1.1316430689721202,2.637741855501933,2.3610259852221387,3
1.6348868448136848,3.5084722602014438,4.87515179097461,2.3118892347682807,4
1.6234405677752124,2.921502274785915,3.829094379444659,1.133267484175148,2
0.8647515268124122,1.6607132379626834,3.351496464182991,2.081881026818611,1
2.5093588746466287,0.8373826549271175,1.170456465320131,2.194042776196629,3
0.6999479836481639,1.5574159140367656,3.3256462503812507,2.0155292609888176,1
2.9352414781909157,1.7010110507788405,1.0697076423766243,2.005096537772448,0
1.7268711004123278,3.5645912593971634,5.152939453753794,2.945025667726178,4
2.236795075088451,1.8060680556264381,1.9763999004956503,1.24542439363668,2
1.5687901537526139,2.127080800825038,2.8333313615452527,0.09896237095733824,2
1.6565778309321213,3.5281431412316224,5.141961284779637,2.910487110470817,4
2.9866017577721964,4.7479797653579086,5.833904092473296,3.109400964714286,4
1.2086784317719923,2.667903192238165,4.305759102933987,2.4464144830303263,1
0.7749812425474834,1.614262081861279,3.337691315484749,2.0493931865278276,1
1.7711821660853366,3.5658404911648134,5.175952763060994,2.955837960291501,4
3.4818686940811707,1.6035447018530526,1.7692320427432495,3.541422116825819,5
3.7645172306581434,2.1592291768541134,0.33203465930868736,2.924308503370851,0
1.2759137441981823,1.9177794704840068,3.0684260595671033,1.4761347731279053,1
1.0544155840375153,1.7723186954546177,3.398221302776524,2.1692247884445477,1
1.5703066933288718,2.123769671646712,2.826235252714687,0.14686750742193813,2
3.492288648462601,1.6103801978318228,1.7779456664387383,3.545033691106772,5
0.9832805407432171,2.6227127363859264,3.9380004751721462,1.6303151521183652,1
1.5579816930501467,2.1233070986549043,2.8344396646174967,0.19142021427816716,2
3.576365971976836,1.8296369934116066,1.0824783769818018,3.197107639181471,0
2.07703019093071,1.5941180600368094,1.8379402445241113,0.9270290231616622,2
2.495528519151271,0.7161111227797856,1.9284001494672922,2.767145223386701,3
1.9695421261699648,1.3724602269302035,2.3353663256829975,1.8066594319093094,3
2.613343980696125,4.509859484119821,6.079130924349982,3.685560332533052,4
3.498132566886237,1.6576835449724525,1.7934307713384712,3.556244981320608,5
2.1391333277624662,2.5295526992844097,3.594374833351507,2.248076384647993,1
0.8782698000133647,1.6316464079305368,3.373619549766236,2.078663294320998,1
2.1346966803554954,1.6739339591010476,1.8844887176414125,1.060833589265295,2
2.6160148595113344,1.0390832475177885,1.3983383090077361,2.2966900497238223,3
2.1045201680647034,1.6309455960903918,1.8538880531790214,0.9897033784662557,2
4.736454391295704,3.0242740887148147,1.3270362678781125,3.9705382517740806,0
3.5104525842384127,1.6595574956999077,0.921129505063332,3.111817043481684,0
3.9159179289825436,2.391424282352596,1.1758567426502264,3.106424071635879,0
3.814922811594429,2.264511736979048,0.6737950728452085,2.9981193820650316,0
0.8526158001547017,2.560726331691657,4.212223922534071,2.316412038108751,1
1.635512126843064,0.9159417931749837,2.5774502580014795,2.286723155451873,3
3.665160923682422,1.954505938398524,1.448591674451724,3.282702547634549,0
3.0052997299848805,1.7760515552656484,2.042017345824938,2.7158019323678486,3
1.527106385832527,0.7054422008362923,2.538755964900964,2.2081469458333927,3
1.658467898853968,2.9526868305830125,3.854181259751039,1.1904158236957403,2
2.091588042197208,1.6157984160404897,1.8475234213148108,0.963083150166895,2
0.8816752644850049,2.5866835158774957,3.915866372185518,1.5544404692664455,1
0.7717551209105235,2.5378868184496124,4.208993202012115,2.2874655846845235,1
1.9016382498854418,1.343556572555155,2.720988022669122,2.473368835570816,3
1.267736400249164,1.9125332757799882,3.461064102826809,2.2770497120080937,1
1.677042708397422,3.526524361062264,5.145686968070904,2.9099547606817384,4
1.115216601839793,2.633127068835697,4.284151245232802,2.4070951429003102,1
2.504164211163701,0.7231564220720559,1.940678605110798,2.7744668660792304,3
1.828211033709184,3.0522381946556694,3.917224870802864,1.4297318380314075,2
2.8748757974071277,1.6351099671883051,0.8885471336898549,1.9372767004616311,0
3.557360177801329,1.7697482759424612,1.861488633184208,3.609196360440485,5
1.537059890760874,0.7481129080011548,1.9781017133113952,1.3807047268797585,3
2.8850654149745867,1.6255044381331918,0.8819940025477087,1.9296929576110928,0
1.6369132732984126,2.9213780077141664,3.859055561194629,1.1611700047841849,2
2.365036015927704,3.9040150670708034,4.937682296277968,2.29484465251861,4
1.558583546829502,0.7049180140705388,2.536340420359228,2.2138368779884656,3
1.660816979298834,3.5368173883135223,4.890996155916955,2.3440922479587027,4
1.5452706336885407,0.6957901793756394,2.5338765280627316,2.2047048790218335,3
3.7502027610351445,2.14153463857144,0.3469570389977322,2.914973474239948,0
2.61522255393696,4.515330600723113,5.866855774723789,3.253296430204521,4
2.122686383590577,3.7843462459305055,5.040899725472844,2.6852477947546456,4
4.790288272765529,3.1198475863514425,1.5129245358716588,4.038008207032194,0
2.499078497135676,0.787842236663849,1.1453948269914578,2.1831753428347995,3
2.3109113752969686,1.8984761372568018,2.047157674166059,1.3713460105375148,2
0.7134831671168362,1.5963757762952477,3.340004284460638,2.0309560108573765,1
5.6429158005239906,3.831568338840165,2.197118369424631,4.914754417373298,5
1.5553396814381224,2.122520980817525,2.8557096948883145,0.21006767604762586,2
1.8044049288619874,2.3248354670309657,2.958427675417898,0.94685202709522,2
2.883827386288151,1.632240655170492,0.9533904185080838,1.9395070560568584,0
2.1466398348480467,1.7045659697935933,1.9133882738377872,1.0860848118938884,2
0.7773753195656784,1.5941117875245694,3.35505977424908,2.0469605530661386,1
2.720165360948724,4.560839740287373,6.134012343305653,3.756163849922434,4
1.715596122117143,2.2222648773167113,2.9442438668035376,0.7219464144990727,2
0.8528762168435322,2.5638965401681513,4.21428177747833,2.31492450250073,1
3.105415956260775,1.933289166406747,2.1834976416427554,2.821228579125996,3
0.8593763417152886,2.5650318305376607,4.217289433021416,2.3231583948974275,1
1.6150993766469612,2.919918666598387,3.8310489012802633,1.1154522784441205,2
2.534479740624028,0.8902184132197134,1.1702320447369223,2.2080550203743474,3
1.1212712155871645,1.8304097728263824,3.034401007161832,1.3651012876062965,1
3.486062485205532,1.633948226952366,0.8126714377874821,3.099328737500219,0
3.507053779317224,1.6673725878139478,1.799782806415177,3.5659612231996243,5
2.564648584753029,0.9348454876397891,1.985565996074304,2.832673780398794,3
2.12487863817816,1.6734569903112395,1.893786875556514,1.050724201134951,2
2.23830421059341,3.8360011425183385,4.878570238662727,2.1727083418702873,4
1.6482611418160715,3.511408470463092,5.133533176522917,2.9008677311828737,4
5.520216465180779,3.647174869592954,2.8767653547780365,5.361249567809927,5
1.5671944146602534,2.124140422938489,2.8318911781058276,0.09080086423296613,2
2.0874957765124105,1.6022630309619832,1.8352212956819982,0.9433952682032555,2
1.9997846589801913,2.4365974647421638,3.1268586676027543,1.2446273368860328,2
1.7441540909164417,2.9703954789689204,3.8924606009037035,1.2723421992937383,2
4.773365389241734,3.0928565058424002,1.4650276451075823,4.018373588053103,0
1.809213671213847,3.6012255833304008,5.167579087874767,2.990225135556767,4
3.504754755627751,1.6644523112373126,0.81696723416532,3.109284606254639,0
1.6015628620256495,2.910179066417283,3.8270649874525655,1.114806569071563,2
1.484253152725392,2.0043566810713935,3.5850164953762347,2.377337816766297,1
2.6243211919638423,4.517619566064523,6.08410277082567,3.6960414272865947,4
2.514652649709639,0.7813935226574027,1.9408441254821427,2.78819897663873,3
1.9053419544951082,1.351059688825359,2.721860228111536,2.472660804481819,3
1.5372568523383974,0.7178023921585969,1.9844350466886418,1.3652086561980092,3
2.530205523838325,0.8363372263226537,1.9583719656823362,2.804471467483276,3
3.4879989922724794,1.6031100977371637,1.740411260142135,3.5326738520389647,5
2.5129299811928587,0.7389190732329138,1.9490236718768224,2.782157673015131,3
1.7343402364152043,2.2271858737458516,2.9443268232591504,0.7558865399952873,2
5.48351267225931,3.5926497965528372,2.3385342764221217,5.038753913602273,5
2.5796845344720443,0.9896868502259552,2.0094986229323726,2.8470889407799334,3
2.552522522227383,0.8435173679540904,1.9985496794800115,2.8094770907411486,3
4.754648650042162,3.0612052953950926,1.4121693543246407,3.999171915271629,0
2.8817575470741548,1.6516895456676481,0.9262139914584361,1.9614340771008156,0
2.112105803645442,1.6357166155976974,1.851351464244655,0.9970871040777972,2
3.4862689940872564,1.6093704124846702,1.7972723043564944,3.5447080496780106,5
1.5460040193916433,0.7134615027699995,2.518117734792216,2.2066667908746727,3
2.5076595738525205,0.7504767180859024,1.103613875601753,2.1655940720134597,3
2.518059299780195,0.8408787965677059,1.150935070429184,2.19348806796992,3
2.2834394961136146,3.8789210105786722,4.8797207270612715,2.229600837448494,4
3.9175446250604624,2.401533697077188,1.2305313679946257,3.1174378406954726,0
3.4856504403172677,1.6146997260224036,0.8173738551466789,3.089388922691804,0
4.728288095599148,3.0175457856049954,1.328586533525147,3.9661907790664457,0
1.5695415174320015,2.1209619429881488,2.848679676046929,0.2463753223982968,2
0.866795123561144,1.6329515439973905,2.9685710171471418,1.1281349031489265,1
1.638051795793207,3.5171646076421155,4.872656664368801,2.320016377110256,4
1.5362267701467467,0.7170851204852708,1.9631483682724222,1.370537736063205,3
0.8613384808828938,1.6221473313066976,3.3640553769653345,2.063809002288466,1
0.8277785577983942,2.563295799449193,3.901434308194703,1.519947433296156,1
0.8307013899467407,2.572027511586307,3.9165398476266993,1.5444463894295182,1
3.3118175154161937,2.2758128778051963,1.9347010480937827,2.527080497279526,0
1.8030758273563026,1.1999772135087283,2.666123046896024,2.402404348889467,3
2.216441259633018,3.836486027775126,4.8501501182227535,2.1539443128864573,4
2.527244321340722,0.8074476467173969,1.1772159681120002,2.1883293367083563,3
3.9678147484990154,2.51946326769062,1.2218393316900635,3.1872627214039997,0
0.8343841793144382,1.6440981810403064,3.34784944572299,2.0735869146689363,1
2.0846810012521986,1.589776332427443,1.8330909860325866,0.9225521772920552,2
2.6646837511567467,1.192583915720485,2.097804700599712,2.924867086892382,3
1.9605619572510273,1.4321290068291028,2.761426678060146,2.5185708381678853,3
0.7578977488328638,2.524266395339391,4.202919042034247,2.279051055419438,1
3.766260157966824,2.166841616046462,0.5349488835937086,2.931513883633806,0
0.966592165407369,1.7266936164310593,2.977684350061927,1.2348007806276668,1
1.6010311433318953,2.9079226409812957,3.8424691729046154,1.1084455103180362,2
1.5962250362152635,0.8944587337506136,2.031473971910125,1.4612158903625057,3
3.790418004801305,2.220624361185154,0.5479813334866687,2.967610899483492,0
3.641763883002801,1.9468648485420157,2.0134841764779967,3.6951689191053143,5
3.6503956008522644,1.959585748538101,2.019131555135789,3.701296153724368,5
2.1631498612558815,1.7108016783084778,1.9040298832019118,1.1018282770306662,2
2.5561575506815117,0.8552564376010556,2.0057464708422104,2.8130830195915117,3
1.0548892169856858,2.6434223012921296,4.254400667148613,2.400648444295063,1
3.4852497978049297,1.6034376179139576,1.7447309213258246,3.5331425747058796,5
3.496976927190468,1.6249826008751576,1.8043837698783343,3.5477527857500277,5
2.6166559114553656,4.513696296905264,6.085123570727113,3.689941006856921,4
1.6746797407295,0.9865757841749812,2.581063661981316,2.2946930136260955,3
3.534159006598859,1.7218909640164937,1.8361932475658092,3.592241035598256,5
0.7360125643866324,1.5739946599005827,2.9265775334796023,1.0357541677385347,1
1.6395294889727152,2.9303605071754273,3.8328657729871476,1.155894231049977,2
3.481406875218958,1.609661934014836,0.778203429750882,3.0820684141385786,0
2.5579078596083327,0.8632231179987615,2.008201372550233,2.8120616780795524,3
2.202612359203866,1.7650571855458421,1.9444103403135347,1.176743599601682,2
2.6551632831655896,4.538669116684972,6.094446373373112,3.715852860598714,4
1.5416923094993935,2.107327217116149,2.8304482139594676,0.11252847805900584,2
3.5138067364065337,1.6800085354712715,1.8061413784067324,3.5717151728595242,5
0.8287190199950468,2.552384243614154,4.20237894328414,2.2955937744968566,1
0.8694572918319585,1.6704708019762753,2.950345619162939,1.1557953277517221,1
2.5876700018239482,0.9685216017765135,1.3357378563364237,2.264336099889192,3
0.7124450930629085,1.563162371216887,3.330652926681268,2.019154553094851,1
1.4339357106432435,1.9814701274317992,3.2022549903643913,1.5989944232431335,1
1.8659198185594998,2.2937186251280353,3.413675286955261,1.9844695666025765,1
1.5857729980067843,2.904338644434489,3.8304095789983648,1.0956935699805532,2
2.532864454665211,0.8353282497030022,1.237437763176764,2.2106536131513113,3
0.7666516349644752,2.548376991670499,3.904251553779578,1.5008723078116024,1
0.8880491826379535,1.6861942633971858,2.9583305659912797,1.1667069820571299,1
2.6129762828933316,4.515489762826682,5.881064786810858,3.256924980489709,4
0.7547889684283738,2.533860035000939,3.9059387503454723,1.4964536993385273,1
1.6308736830182404,3.505596157985618,5.1175774849138245,2.8825075380447718,4
1.9526362778933282,3.6810290244215498,5.219851239652324,3.084471064013394,4
4.711697238578002,2.9852104879284687,1.266076526801838,3.9451915436988925,0
1.7106357197154736,0.9815486326904523,2.6554289011179857,2.3267527663472194,3
0.8791361423001108,1.622157848504041,3.358054530135143,2.0611160976187284,1
0.8430431862681451,2.554835628596415,3.9202130805086925,1.5242042779602116,1
2.1570942225882175,3.7952545762936265,4.836709967017903,2.0955196477425693,4
1.3897659254709651,2.7577373907920726,4.370695502747041,2.5413051404513984,1
1.607112174619985,2.9169175797479063,3.832910329407689,1.1211568175821904,2
2.521695222147509,0.8099176848413979,1.193770768181446,2.1854017230463607,3
5.467993007855069,3.5558846340166532,2.7974656778253566,5.306307508771817,5
1.6831347212603975,2.9580121457583055,3.8492629495756066,1.2160366403594105,2
4.4783752148563085,2.5909505166899613,1.4070279867126525,4.04908771385514,5
1.4396510857717852,2.0409646491025955,3.1429135763627136,1.6247657365092314,1
3.779657346085368,2.1800100570956196,0.4372427077236926,2.932300531279386,0
0.7351981672898346,1.6010008345754225,3.335839352946262,2.0340563772894,1
0.7584885404944527,1.5879677065262645,3.312808935563811,2.025244679623608,1
1.5355190488921806,0.6873501040635518,2.5312463783228254,2.2082523889018058,3
2.1589691793821255,2.5443315866644225,3.6060469848047743,2.268844033662952,1
1.7386612270566264,2.2407128114516635,2.9641060147489013,0.7858381187628272,2
0.9365811107313271,1.7244471393046894,2.9861296860989164,1.2242016562240141,1
2.2351381999492492,3.2711464823487706,4.14991958092887,1.87976892626223,2
2.138073303915104,1.6583762998199525,1.9456475700013582,1.0609983251499877,2
4.660122755497587,2.854701536382195,2.494762235138035,4.574809701123223,5
1.1314995327186506,1.8137772314965337,3.4100690763678516,2.2002252290557234,1
1.6873986732201445,1.04076660255092,2.077244264467553,1.5518433490527113,3
2.1381066965658304,1.6677910046625626,1.8648800367133207,1.035718396793271,2
1.5249043046910038,2.052199907967768,3.258486384825403,1.6939558468904492,1
2.8753405968246435,1.6391231020859776,0.8962900967913091,1.9387028061729583,0
1.710550433576417,2.2165913473886443,2.9327609451851924,0.6865046273312085,2
1.651380435186096,2.939651144888222,3.8394375362041258,1.1724929512902653,2
2.1372093278312585,1.6577392037580063,1.9363246962944871,1.0452983629534744,2
0.8282756286124046,1.6635318226153628,2.9546403242250947,1.1303622126848174,1
3.54707874345923,1.7564928369047907,0.9412118970157349,3.1532385493050366,0
0.6543281432298063,1.5622575585512428,2.920678470372658,1.0141617575373085,1
2.1170107666423466,1.6303209712145617,1.9139089274251895,1.0179767966740032,2
2.2040777983640383,1.7299407039018702,1.9900141940935465,1.1436927896860571,2
5.670743237106094,3.878686009361347,2.246065104252845,4.947963831783599,5
1.8100365878443896,3.6038954480332657,5.175023363639636,2.999459900222932,4
0.7890796742103402,1.612858931421492,3.3296066598567267,2.0468959100517523,1
3.76194448148145,2.161735588336144,0.3226829498939584,2.9198312189340125,0
1.9193264061335897,3.6420506278211975,4.992009438620962,2.5156142408574977,4
3.4935671969540865,1.6537322287259715,0.8158907843720133,3.0993181665218956,0
0.8613270692592948,2.5732478308315048,3.9032484437186405,1.5335118790189795,1
1.6105544340491655,0.8762454468514815,1.9918896766013061,1.434833347620731,3
1.3333445827502821,1.9610896957422672,3.4835452737585064,2.3103586566254144,1
2.68379540623822,1.1960069267460438,1.5240082066132306,2.3633812288391067,3
2.510819652441033,0.7789355145811117,1.099658420247191,2.172939032674901,3
1.6339680144318316,3.5051184378856184,5.122228058009501,2.8821859690140514,4
2.9408646691080955,1.7108739123927776,1.0964020701060837,2.0164152205504733,0
4.646188788942532,2.882666928517762,1.8155716411022267,4.233081122759548,5
2.060115717252265,1.5825412559751988,1.8485124112300069,0.9032927943517146,2
2.8708993774855474,1.627646704986354,0.883149909654056,1.934419649746682,0
1.5424138158734475,0.6766572113141885,2.5126440660134794,2.2032951258989333,3
1.6689182408881393,2.187090592128933,2.9141865274122765,0.6133745954068572,2
1.7079708296668974,3.5409171185191153,4.9047462419834345,2.3575122706287313,4
2.121615603976623,1.6735300407518132,1.8932786227124017,1.0350039617310836,2
3.5988672658341154,1.878855783261108,1.1418770345590379,3.216632834546932,0
2.580019513896516,0.9486386398557195,1.300082459199922,2.2445774776645258,3
2.501703552185121,0.7490896642906352,1.9415183494520754,2.780008752983938,3
4.473498545705777,2.5769381142024206,2.112406411810529,4.39880423983804,5
0.855606100925232,2.559584444851738,3.927645837734557,1.5397582713596483,1
2.5210648529329713,0.824566394970921,1.9591912873515278,2.7974945397942355,3
1.1663765624427462,1.7954554647943326,3.4615673458401,2.196613710403216,1
1.661914392507846,3.522257417976583,5.120415487620555,2.8971495584699083,4
0.9031096858287124,2.5789920718576025,4.218646697239985,2.333000928763531,1
0.8180267585426373,2.549834326708471,4.212936258618986,2.3110386005382697,1
5.464348305693421,3.56089920121558,2.308392126604499,5.018521802185801,5
4.708247904014758,2.975900338366952,1.2403839769763836,3.9355480916072754,0
1.6121578890552444,2.177678343074727,2.8690290647088266,0.49471973500914274,2
3.7655222589881534,2.1639295598845347,0.3239797824959217,2.9244679928384567,0
3.673601582360974,1.9642511508345042,1.4663243507024593,3.2957292773514415,0
2.5876700018239482,0.9685216017765135,1.3357378563364237,2.264336099889192,3
1.5367221678118415,0.6975515463287227,2.5234838867698475,2.205474846752225,3
2.1745502986040317,3.8114885396687206,4.838534172193243,2.1148865342661334,4
4.704568598744837,2.9655972621761064,1.222733960213893,3.927973020353676,0
3.7469868100716677,2.1506132617932603,0.333891504398081,2.9150427659316147,0
3.5070471800982665,1.6714126132320437,0.8129665330606614,3.1067008330308328,0
0.763353133589249,2.53023064276592,4.206340753438691,2.2861290859697294,1
1.7226804175084487,2.991358184535198,3.878506794907446,1.2854940379889062,2
3.5082319799791795,1.6771802260087367,0.8525665472925683,3.118908154224265,0
3.5952986561590556,1.8576563810765663,1.9392205303077619,3.6491204714818415,5
3.939647875648892,2.4291134421929583,1.2713179761676614,3.1405988731921224,0
0.9359980777862897,2.592758753072721,4.228571036732946,2.351526249396241,1
5.521071470885552,3.6460913940553157,2.8731914722558023,5.36092824466815,5
2.6212987854046785,1.1251835337142275,2.0836556302857123,2.893341054613235,3
3.7683184417508855,2.162737552193214,0.42807758029402665,2.929563428442938,0
1.09835044777801,1.7589972485276464,3.4485845628325906,2.1766817560290326,1
3.5338800602136344,1.6773839910937876,1.840539329412156,3.5757941060717293,5
3.0165376877458647,4.753896313913157,5.859435147802584,3.1378425264638703,4
1.5340665437239847,0.6963906699787407,2.5411481320892855,2.212872792499215,3
1.8409599571677155,3.0333444715211413,3.95977113725008,1.4279823670207805,2
3.8341791742618723,2.3072560592692906,0.7893703697087558,3.0206931893854874,0
2.955648317637942,1.6904685410903486,2.532769809412001,3.17597319470671,3
1.633931759336007,3.507663117373591,5.1233057143035445,2.889125198029325,4
2.2105676752077854,1.7802182816105359,1.9600231607585425,1.1962066649428036,2
0.9349329600576766,2.59649027772186,4.227115873387163,2.341394700290581,1
0.7564744872124277,2.5252508855566123,4.198633436983779,2.2775245343562314,1
1.1557685023691298,2.6911444028853104,3.9705421409153128,1.729062785492529,1
2.5021099465502172,0.7970208761791453,1.139895981073953,2.1799865354398453,3
1.750721664622545,1.1240221167998001,2.642327013105081,2.367195719974026,3
0.7053073346290679,1.578897769234484,2.937250989176452,1.0329985650822686,1
1.883209389072396,3.6438761011522085,5.197849848526333,3.041710428285241,4
1.8859836895760873,3.0340347473276967,4.276390846824454,2.2506868827521966,1
3.4781401123405162,1.6106226229242977,0.7618547391165592,3.0782895502092993,0
0.7713781974738492,2.534530909204273,3.905196009291818,1.4978119980757814,1
0.785726930381546,1.603968315590813,3.361446808854872,2.048426641783474,1
1.9095458013431263,3.0465865206257816,4.28737174391104,2.274357971161928,1
3.768266540879033,2.1897515622648953,0.45753480463171803,2.938541426337843,0
1.6312822847123196,2.9305248102415815,3.838448625653615,1.155544167392854,2
0.9262049586332494,2.6058681004745665,3.93196917859824,1.5968968177101972,1
2.632017931858545,1.1469495997940515,1.3365318558128607,2.319289246491533,3
1.5503397139568125,2.1110348218388832,2.8421159307301385,0.1681017839661418,2
2.6015693661816726,4.503257494720299,5.868652226372189,3.244715799144631,4
3.5974405144092176,5.504467563031438,7.044855372008917,4.554971948463254,4
3.470552633761066,1.5965212181817745,0.7941348690788284,3.07848112372278,0
1.6990331533830287,1.0470802537413326,2.0675798968042023,1.5494914915424405,3
2.1434574276551044,3.2571830541282996,4.059144854070557,1.8083325993115884,2
2.631329525071238,1.0694791693191954,1.399848739138145,2.298892391465672,3
0.852053931255607,1.6506698025754363,3.3429624965481715,2.0700722752527136,1
1.8134302728589995,1.2333303549933818,2.156697934682498,1.6790018818859644,3
1.5536654590065602,2.1119429257746405,2.8265204104442705,0.11176604885065625,2
1.1382534295286724,2.6869118404589796,3.9718694266383165,1.7236092833253562,1
4.565231314918526,2.7420066747252934,1.6095709035343937,4.14324881455069,5
2.726150471308649,1.2531206812575626,2.2316679930027403,2.9634357067326724,3
2.5262951880181532,0.8361431036244962,1.9526343836363824,2.795599377409799,3
3.756984613441247,2.1530511048798315,0.4555702199884547,2.920961636081624,0
3.4872628154094807,1.6218096384217162,0.7643857957132846,3.0873920065871694,0
3.8455893399684755,2.324354916235964,0.8181803198718389,3.0312213403527632,0
3.6080657030428718,1.843198560836993,1.2665096259821553,3.218757886238052,0
1.7054468328431494,2.9811920497537545,3.872356966222964,1.2621280120079446,2
1.299175814444957,1.884313759985541,3.1305898293803462,1.469220475908296,1
1.336836359912137,1.905925576142191,3.532450858288933,2.3007749331854956,1
1.291128025884518,2.749814107760334,4.308734180796275,2.508667881390872,1
4.48574937701202,2.5986621510788677,2.1340728131317914,4.4142218081191,5
3.5977496738496866,1.8618557476466069,1.949342797250486,3.655607764902793,5
2.884268151636904,1.575172453780042,1.861060184673159,2.5849654210419497,3
1.5946162239011274,0.8042486513038828,2.024679307159926,1.4197273604598208,3
1.7502565527078802,2.2443892537802683,2.9567348294671585,0.7768449600297099,2
2.167138684753483,3.802197268792771,4.828161691596532,2.0939215647682015,4
1.5419537951483338,0.7276013103579945,1.9584953680155945,1.364912693308377,3
0.810234475546519,2.5556727353845803,3.9019521116755165,1.5275036709432894,1
2.2124850073778197,1.682043421836165,3.0102314516175004,2.70314042618311,3
0.6777305366701933,1.5721891135711468,2.9295874448412427,1.0130059856749445,1
3.7672289893345114,2.182282459291618,0.41585329338535787,2.9348845989690036,0
2.702039708888892,1.2224983789886554,1.5353889565783896,2.378808474994698,3
1.2546580882124654,2.690682888290921,4.3238505809777115,2.472721496604664,1
3.494342974381531,1.6434820438426887,0.7892519266582818,3.0969553566890293,0
1.5977833448748378,2.861332672128371,4.441109835584772,2.6569099853887614,1
2.887143529215235,1.6515425940982522,0.9041223076924411,1.956849157248196,0
3.559108017018262,1.7973086729641774,1.0414154222624659,3.1793221854306077,0
1.9286669910754597,3.6482050525102783,4.994814535630695,2.517225249888891,4
2.8579646299339663,1.5922555989911615,0.8953593153417344,1.91873009885971,0
2.7539915148865393,4.58262010518836,5.937378930087039,3.3503639256874567,4
1.6611732583181655,2.9344398245735537,3.8645458493599882,1.1737854251465563,2
3.650706541467633,1.914090099308093,1.359593696582713,3.2595377978510984,0
1.8141176022200785,1.138671343464345,2.714660650312278,2.3872856160165328,3
1.6436614570659143,2.2010036531801034,2.8810304146659877,0.5844462435404247,2
0.7087898917136464,1.5671741386050058,3.3337185591963183,2.0175167241495813,1
0.8879037749971161,2.588887319404378,3.920528866328149,1.5701632113793011,1
3.567198538300245,1.812557989855601,1.047553648747053,3.182100261835936,0
2.5095662275656614,0.7854539834494237,1.9526755020226667,2.789562037119623,3
0.6861634690300088,1.5702442023775987,2.925774737172254,1.0115286254234348,1
0.7686950687159421,1.5919693171573794,3.348857849976956,2.0322430713323243,1
0.9325516832541453,2.5916465689135557,4.22686065356575,2.3477240244245188,1
1.588532319608412,2.1319205582675913,2.8220603560614848,0.2676304481786554,2
2.7184674030363265,4.565191926644914,5.928131709625277,3.333526579002833,4
3.482705835649126,1.6010158658264841,1.7714063034170477,3.5407979618734187,5
3.556912985240253,1.7293157585830221,1.9063123533240418,3.6000330569548633,5
2.5042199924342046,0.733410403397775,1.9359640036456454,2.780244728422993,3
0.9740689896111626,2.616861839108339,3.931105101927672,1.616455501209093,1
2.6230659772963505,4.508668120642777,6.0846942936085515,3.6846017201626657,4
1.528395112106234,0.7040158183228246,1.9647079067583075,1.356183918950554,3
0.7783059764269709,1.6063462159886166,3.327557430588952,2.0433063412849517,1
2.590649462653386,1.0520474757602984,1.2857025374774107,2.281653852617765,3
1.5368066454747769,0.7190670416452108,1.959676324524116,1.3610033675623716,3
1.180594280346314,1.8619610104664779,3.0437117602737738,1.401306505808658,1
2.8785574809090897,1.6366456702474652,0.8855726166456568,1.9423536884930843,0
4.526335361805673,2.6560400487117595,1.576208077872717,4.0916893026016306,5
0.9654497305947323,1.7013077114849076,3.020403318991792,1.2116674027812349,1
0.8549429418424909,1.6670925948076878,3.3604221869543958,2.0828143932678933,1
2.122384559202324,3.749095525596995,5.074668004552003,2.663020663576137,4
0.6790346374751122,1.5655078917369323,2.9091061491776737,1.0117170560611595,1
1.6078829024863608,0.8392490028899416,2.0459124853577477,1.4358594668918658,3
2.574868299341389,2.1687634488436536,2.427854943678966,1.7556208978348118,2
4.755163572354312,3.062529120979792,1.4138925007427898,3.9992653995644596,0
0.7745052918793123,2.5361754827899587,4.205113386994061,2.286747248528408,1
1.4218031280986174,1.9777911461911606,3.2025236866513103,1.591947329501978,1
4.676128249131278,2.9340816600361244,1.8928224551028225,4.2678721780431355,5
2.2128318446342314,3.8142131295291635,4.851526491228416,2.1343007456898295,4
2.6429769687991023,1.1597530000885945,2.0828799645111116,2.9026221289408016,3
1.6040216865833514,2.9083504736390062,3.845470481705711,1.1176776658461902,2
4.481256529438527,2.589043073363796,1.3929253340643868,4.04404544779809,5
3.4897775600799585,1.6086110209203763,1.7803087824854498,3.543244764308277,5
1.8564382929016938,1.2872328518237544,2.703490517323673,2.4439097661603437,3
2.5120642711724948,0.7750923453274763,1.179281644002216,2.1862025153079783,3
3.5402258898300025,1.7394626906376838,1.8444648885041308,3.5949339667713804,5
1.6305245668135342,2.185932188365925,2.8673037538724366,0.5238193858150392,2
1.5230206339100207,0.7157058617265065,1.9731499698336417,1.3617612880893846,3
1.5804248677266262,2.124105878721208,2.8388498661395536,0.20274506430835243,2
0.9399329696792975,1.7168117087467811,2.9754202042776003,1.215163962104663,1
1.5747124825806567,2.8652984778917747,4.156256622841742,2.0118194700806526,1
4.629709816249925,2.852962919834258,1.775727353021151,4.216877880601159,5
1.1735430623665524,2.6955239379643503,4.277251595063758,2.446229782417084,1
3.488406456840954,1.6251639250197776,0.859715314762696,3.0912949530584446,0
3.4780943378621925,1.6197657598552069,0.7839834202823133,3.085161567085739,0
2.5006623102800103,0.7449280083345188,1.125820938786538,2.1644821629709035,3
2.503567529127648,0.7169316115150195,1.9229580752805788,2.7706324589353577,3
1.5239879652653114,0.708261465262259,1.9938381873377544,1.3693113319037817,3
1.3010195373420306,1.8905679648525584,3.1407985923714414,1.4823800576179966,1
1.2756000850246645,2.746186143615736,4.309769459678906,2.5036094775607465,1
0.8633399951748039,1.6690005293068881,2.952512502548172,1.1582437567180184,1
2.2980083458255685,1.883482614650914,2.0356152205762212,1.3492669166357607,2
4.630821738456592,2.8462747930033805,2.37405044978251,4.5578314106577125,5
2.574281339773134,0.9700048375004144,2.000597772438985,2.84186930949443,3
2.862164392364392,1.6033855112532176,0.8769583943967187,1.9119172878095572,0
1.6018472877759609,2.9078209849306194,3.8410414545613216,1.1060879076168286,2
0.7966054543186566,1.6451626964662653,2.950902252717469,1.1232868140102967,1
3.0573415802907085,4.779762077231644,5.884634529447657,3.1770839743932267,4
1.0222445697647404,2.6391754906789693,3.9433186492147105,1.6418631804322785,1
0.9403946088200942,2.5980207132888387,4.234421083036235,2.3565458960547945,1
0.7522950391906037,2.5344565397912056,3.9038393038893533,1.4902623794049772,1
2.1181996718551614,1.6629390877235573,1.8825851739044215,1.0256601559029197,2
2.873522819333107,1.628327293334467,0.8807658597587635,1.9386737327117145,0
4.704568598744837,2.9655972621761064,1.222733960213893,3.927973020353676,0
2.515528022479311,0.7498957551693822,1.958571389139103,2.785795427251835,3
4.4694662408014985,2.5715541528273347,1.4102368707812578,4.041674348079375,5
1.5912367441230237,0.7711204789964631,2.5669647337696477,2.2402588916250012,3
4.514544858869252,2.636423757793459,1.548119757569602,4.084257977324683,5
1.7422982563773526,2.2078118526827435,3.3555917262712347,1.8706293027973446,1
1.2214433071923176,2.7230509808812573,4.299640592771336,2.479541515727147,1
0.756523064680322,1.6081849395787637,3.3367932137746,2.0421684367741655,1
2.1487903301668534,3.199893664087576,4.406861091791798,2.480689822639779,1
3.493423133063681,1.6405072818995718,0.7904015388615924,3.097730530397963,0
3.5266112254010613,1.6933839879237673,1.0200122474473787,3.1363374286383428,0
2.947179776184075,1.7577574706012264,1.041279635015838,2.041884267558894,0
4.537061349138288,2.672497996832332,1.6185788320229988,4.107756895734344,5
1.5638797910908133,0.774239679062945,2.5321424695064114,2.2211569939247027,3
0.8259013494325859,1.6616499809554726,2.9531576330819083,1.12704183692682,1
1.6707420756012854,3.530302405916855,5.151466780939502,2.9150480708907334,4
2.5095170234404005,0.7683266355012441,1.1642076949925964,2.1791152073402484,3
1.519450146974696,0.6983640824701723,1.9863137354358322,1.3653351887365952,3
1.9204418391151883,2.4090380431085903,3.0041348971017934,1.1239480378140476,2
3.043956574715264,1.9353507232047982,1.2965989940773581,2.1842073086783564,0
1.2482715002023959,1.8973862054606951,3.453770216258269,2.267228587335551,1
5.5218387437269945,3.639494941386731,2.8612893143605285,5.359403353712094,5
2.532338797549053,0.8793780225328595,1.164532123626136,2.2066542075871522,3
4.501312401298762,2.629423244213552,2.1594927340450973,4.429158224461631,5
1.8512433855322066,2.3174021568973506,3.0210885330950235,0.9846082054489534,2
1.6621204396426008,3.530752122492558,5.139581426703707,2.9107378983558436,4
1.6324577673392642,2.9356667028902392,3.8442398056168283,1.1547617500277414,2
1.596127178575988,2.908791567196905,3.843282089004857,1.1046946288694655,2
4.7609067318356795,3.0710047071456623,1.4276038497368617,4.0054138326296425,0
2.633300127542058,1.1314579814191297,2.064548014179859,2.8906611252428247,3
0.7167421054687926,1.5830973962206005,3.3200437159512903,2.014558675159772,1
1.7776135095269818,3.5718781125265333,4.929945004817372,2.403190842883272,4
2.155710574763338,1.7089473714946357,1.9063958325429633,1.0859970859480437,2
3.5095687944545952,1.66735092950511,0.969862892287012,3.1161330354441774,0
3.7759776110269643,2.1752452433374554,0.4497010693708444,2.931571961697354,0
0.7473289467743807,2.536778952573051,3.9033295005820294,1.486328557527742,1
1.6257039645250961,3.5009121111015,5.115690105446206,2.8768208823847776,4
1.0721209155108056,2.651073415341752,4.257921225777859,2.4071849726361685,1
2.4974653867157572,0.723402032860439,1.9463869224917778,2.778392192692298,3
1.686231701586303,0.942849175705185,2.0874620047113845,1.510320690527277,3
0.9600670355923785,2.6119578029688713,3.9268872988093397,1.6019870325084133,1
1.5691863898701728,2.1279201004592765,2.8312431783440717,0.20592544952061415,2
3.48587773413213,1.6058254904708709,1.7712400465988252,3.544793538078802,5
2.0891783124156396,1.5957728331114343,1.845791787817828,0.9284905493528248,2
0.858034090640797,2.5539093853538954,4.2303816738793465,2.3091431249285326,1
2.960408081399665,4.72905306576606,5.8272220067473,3.088692145821459,4
3.1265687051139186,1.956330302099285,2.7244905558368484,3.332742444021881,3
2.538186803419431,0.8870087626682135,1.1694974974404215,2.2160319037936187,3
1.9403430472839507,1.3560372721716734,2.349391284780595,1.8019506722426748,3
1.8054461807366058,2.3212934065863156,2.9491932457946337,0.9272014322192456,2
1.782445013381327,3.5964391999967797,4.92099027125748,2.4317229498096378,4
0.694201854254152,1.5659844867917154,2.9138300032104767,0.9951655682601134,1
1.8048701814168648,1.2118950060248381,2.672557208107596,2.4035684139275646,3
1.0506776711246006,1.7354397680680975,3.0341782179954224,1.2624777387764443,1
3.9512238807667788,2.4567485262648634,1.339726794659156,3.1553674458742673,0
1.7560206406520091,3.55579989802462,5.171396276146905,2.955811352058816,4
3.4898944262731866,1.6269627548430368,1.7737583665772367,3.548178287117204,5
2.5024974380504905,0.7534005491900371,1.941812094960052,2.780447382832014,3
1.5442389550912816,2.1072591420227074,2.834846043373702,0.1021786342605784,2
2.638108979336238,1.1659931534247927,1.3583680547782768,2.3308176874988997,3
3.747167295817841,2.1408782278441825,0.29994196168967846,2.91689739215882,0
2.512580612775166,3.4616440174424308,4.314785891365315,2.205584505661875,2
2.3312426853722323,1.8731182117501919,2.139308235676493,1.382684432614295,2
2.240560632137554,3.2829735700266243,4.167119940541434,1.8977328431519458,2
1.5839892144231644,0.8098569090790876,2.5464310485844983,2.244879055620641,3
2.6253472300137433,4.523194466818113,5.8752093558220535,3.2690802328681356,4
3.747293844430022,2.1400145417719285,0.3249461369516776,2.911268734810367,0
2.998481394257746,1.8445351938658492,1.159425159524363,2.115789282979087,0
2.8646815526551848,1.5974550665243947,0.8797447213261493,1.9221702953187032,0
4.728854713783826,3.0202772161349514,1.3395110842866491,3.9694354705219377,0
1.6338351458392613,2.113368346923397,3.6594485552903646,2.4853374453499955,1
1.7372060111328214,3.5738811419318166,4.908495080200918,2.399274060275435,4
2.4920226236906147,0.7304680705030785,1.1219017053541012,2.1611573863093403,3
2.184283964211163,1.6578448748741499,2.9975934632584464,2.6786444808806977,3
2.696544583630983,4.554054331806923,5.9147767966556,3.309451268840707,4
1.6134471099091763,0.7983003242849338,2.5689952110912944,2.245044337088617,3
2.101182713080868,1.6097319975400208,1.8836396035926128,0.9762382048081355,2
0.8541298150030978,1.6598024574745396,2.9433408980344242,1.1390395334919816,1
0.7309119746235195,1.5903116166227587,3.322872754312185,2.0211797907700277,1
5.507900990791009,3.631557967705079,2.379905174797389,5.062162730632129,5
1.5786311024290904,0.8470715830840054,2.0054873088160843,1.4271157054121133,3
1.956241707282576,1.364985990204059,2.350367547199762,1.8168633915953658,3
2.572711088977189,0.9454352774732399,1.978671662741885,2.833489291638938,3
4.609107955575066,2.8292776770525987,1.7498214829706398,4.195612792600505,5
2.4983719827935307,0.7561175485065618,1.097739638618392,2.1559301695639785,3
2.081173632647059,1.593641849258831,1.8449925424901656,0.916678564556334,2
3.143365669586238,2.0862792083437016,1.4792270322674288,2.3147042718425843,0
3.482556727906653,1.6008060320357944,1.7739788866134685,3.540963906916946,5
3.4813017507571264,1.610397571779399,0.7728605865122988,3.084999009483229,0
2.6060506286931835,4.509541405412466,5.865669009474004,3.247220648199178,4
0.660873783741316,1.5576543851174693,2.9187141655036117,1.0137775824336697,1
4.474303257117377,2.580196180108475,1.4035697758881136,4.04674120135554,5
4.481300697365459,2.6027625828227827,1.4297804436820738,4.056662194979387,5
2.5475779589169734,0.8977549475160895,1.9792149813214472,2.8205771857188093,3
0.79641740853814,2.5526320299554417,3.899437888270734,1.5110558957179527,1
2.1522699807230743,3.194662960787404,4.680598442978775,3.0249395531886636,1
0.7832496184923127,1.6005602292128538,3.3591141739994312,2.0478090819842607,1
1.5634098402535204,2.13043979550191,2.8392283210029623,0.27014345018169295,2
1.6021532473017848,0.8537078720052381,2.5574214719187265,2.257686835895409,3
0.9179621521753427,1.7026177129789783,2.971726807795999,1.2092127568562896,1
1.5310731149630628,0.7085382213281131,1.971852084740267,1.3531677393060564,3
2.5760336865441884,0.9370830386614657,1.2970580527248883,2.244806694327947,3
1.1313358273330625,1.7739059726354172,3.454445921032804,2.189437143449507,1
0.8595506553311664,2.5572210317988637,3.9233058011472695,1.5358872634326193,1
3.194732343400905,2.112317387150277,1.721723126174382,2.369880808213658,0
3.491479466666456,1.6074390679697625,1.7644073907906621,3.5431603513355103,5
2.5158341159012187,0.7885867745002818,1.9506749859098635,2.794734627387683,3
1.4018576785138572,1.9961845285995254,3.4954492732378717,2.3478431583848476,1
2.86784918944561,1.6271635692786623,0.8892450288211028,1.93258246035811,0
0.9679027098050266,2.6194187657979153,3.935411178322622,1.6141093793220993,1
0.7671016190464336,2.5242117326563176,4.193479918735101,2.2812754722957993,1
1.5813174184082046,0.745433404498388,2.548531611786307,2.221970227646823,3
3.896770698743377,2.368313335893723,1.141564468574589,3.0864805280559753,0
1.5903601406662407,0.8166262515137832,2.5375005901217924,2.238393616093251,3
2.073582046071157,1.5935928841297458,1.8412515974852213,0.9319024370483097,2
0.9817744134623183,1.6847155403454444,3.400371806726073,2.1143097525129058,1
2.0149331762423053,1.4978183922034674,2.7889535989095986,2.5599204920456478,3
1.9168486415987813,2.365413336640365,3.056409840936779,1.0863892400805188,2
1.6264320653738606,2.162401519829027,2.8897080094928813,0.4770964606225332,2
0.9444447926784307,2.613861586006398,3.937015687693582,1.6087533803361804,1
3.5640097367168346,1.7918530747253019,1.8979220587216714,3.625395266604191,5
5.734496549013589,3.9792941134263957,2.3891234606775638,5.019628341154295,5
1.569143603106062,0.7733721746462826,2.0067341149926032,1.3863802247648913,3
4.525653589261964,2.6667889050367926,2.178097792702875,4.445300418218788,5
1.7118497564409607,3.5553003001256314,5.147474038602613,2.936798482468976,4
4.6802779751150725,2.9358072323809816,1.2005075565096288,3.911970009434074,0
1.7226804175084487,2.991358184535198,3.878506794907446,1.2854940379889062,2
0.7250186996271677,1.569663235468802,3.3350246276327233,2.0213447440108356,1
2.5810239197897245,1.0285823583555047,1.260477887490803,2.2634683055554614,3
2.2574272087560883,3.8389886841188847,4.871784677261974,2.1721984208218217,4
1.08572563586171,2.6330173263355348,3.985038864995114,1.6750032346024006,1
4.493837124451773,2.624867889249939,1.4575397792632188,4.070018453728319,5
1.8926731349307855,1.33550275513792,2.719451934490612,2.467459245783018,3
0.7386676651499524,2.5299803383756343,3.8955906816656523,1.4811844873447328,1
1.5441278823196707,2.0454466671114933,3.6167254527920987,2.427537118593533,1
4.623239569904194,2.7978177032674365,2.4333760691300848,4.544029190219111,5
1.6104742036043371,0.8675793165678987,2.5612335252280367,2.264595496609502,3
0.8673728914668316,2.5710559445647245,4.2150651372594945,2.3143813304577727,1
1.7357553729683801,2.9788051254919132,3.9085781523296608,1.2810336580372719,2
2.669100578991243,4.53604610065565,5.901710721955824,3.2942563830793303,4
3.9211330393528487,2.447268536109161,1.0923191514266892,3.1315358935395774,0
1.0431616333863196,2.6287932449312628,4.238053444939975,2.3863847434363303,1
0.6982622920813222,1.5769371533304315,3.3290772384257603,2.0214628426851107,1
1.6342836805980085,2.1918600359518066,2.8768877951923244,0.5763891818655491,2
1.7107786465085426,1.0197093466273155,2.1448204555751387,1.5489817147816656,3
1.5650459827090775,2.1176829783983893,2.8228271794693773,0.18845650719738985,2
3.676303669787653,2.0046411855244655,2.0602864858061585,3.7292517832618555,5
4.737314910949478,2.976546318911356,2.6465618283347094,4.652866394344599,5
1.6652013045469891,0.9172111089315126,2.075265604979629,1.4868097488840704,3
0.7908351417048803,1.6282914665653414,2.933501590980123,1.1003926559525627,1
3.487959933130083,1.6149161957259455,1.7613076354934183,3.5427567565376705,5
2.7088874847243836,1.2284749200445495,2.22676655366705,2.954231823344944,3
2.5802313211690646,0.9482076626810297,1.3053479677067659,2.2485143531108003,3
3.778554708820717,2.1879875717907162,0.37218398797947716,2.936297095797818,0
1.539955886106802,0.7041392908923613,2.5191440853712286,2.2035108676584976,3
0.7460112494962577,2.533596622393454,3.8938440373081056,1.4749382227919707,1
0.7942180447724927,1.6372740305891331,2.9389800073861756,1.0995923750578631,1
1.5494102631584057,0.7536227119877559,2.5312974327018374,2.2122577325423403,3
2.08642994709124,1.6087031891676462,1.8427057346587783,0.9411147750762227,2
4.47017430822565,2.5667933153788267,2.121924223375203,4.398237258682604,5
0.7147301423885305,1.589778525268209,3.3363139660847962,2.0321277262652675,1
0.6883281457718536,1.5626966887753793,3.330172232092772,2.0176372819945274,1
0.7666565286123718,2.5199224287548287,4.199227123403246,2.274350825750705,1
3.4856484421119784,1.6193224875805126,0.7577954747588587,3.0829213815315053,0
1.732294056421266,3.564574682275313,5.150962887198162,2.9478880475184615,4
3.051333579618976,1.88481684194297,1.3763816180540354,2.1649195525494846,0
2.151697865212043,3.7900581107272258,4.822440114791941,2.0835065538648565,4
0.884824224479197,2.5627278022220654,4.2387305646979065,2.3222144223730936,1
2.285224028011775,1.7732213489628597,3.0639418603560777,2.760050607798481,3
2.254690545921579,3.861176665693205,4.868265776892234,2.2005874206804044,4
4.4637578027990585,2.5698605487807398,1.3952447161207981,4.036827339161842,5
3.779880636723572,2.196719751295081,0.4401835210738574,2.9472347248040562,0
4.724671092993823,3.015873364703751,1.3325214271888974,3.9643046198673724,0
4.532889916378156,2.6644523150026065,1.5981005904074477,4.102065925445118,5
1.7968719024913646,1.21400820753084,2.1500285377534225,1.6629249147297267,3
2.6661663121595325,4.551026552379786,5.891679010963942,3.2990142007847942,4
0.6695357894667244,1.5635174451722393,2.911496885525692,1.0044832145366194,1
4.734948183841657,3.02681745603905,1.3404864123006353,3.9719570563275317,0
1.8794335314857071,2.3408646527760766,3.0464973774978077,1.049617385753869,2
5.508786182434628,3.634580441924429,2.3857316264922264,5.064173100903185,5
0.7106291678702936,1.5747513398337862,3.315077065446814,2.01069041395351,1
3.4880385422157114,1.6154659571477827,1.7607448559420984,3.542486807622287,5
0.7777967498929205,2.5431806884954895,3.911130675642845,1.4975248446936118,1
3.498542508461382,1.613493585778826,1.7599962223681411,3.541059011797522,5
5.593950185400363,3.733736389481078,3.064124238153834,5.432466193882141,5
1.5539658074512699,2.1139502761322237,2.8429741017692467,0.17062946487161015,2
3.4893649502673307,1.6265491864884165,0.8793897041834627,3.0967251012532686,0
1.6561505694469643,2.1694344615216155,2.8863998148441468,0.5317124831705929,2
2.078611645625883,1.5932929478161149,1.838430025240109,0.9156090205650975,2
2.1528036328119433,3.7904844990169657,4.826129699586078,2.0841125042464586,4
4.699550850684832,2.95706690565942,1.2842981821109265,3.9290057789795103,0
0.7282109279097536,1.6032792435542786,2.9257156579455215,1.0501886987934648,1
1.0940801804631677,2.642601344270636,3.991521935927561,1.6755403500215562,1
1.609633972505956,0.8618148378741389,2.55194218787508,2.2554346569203436,3
2.3215438500533305,1.8675503504308428,2.1288621129815968,1.355409620543045,2
1.7411891426053892,1.0300286006464727,2.6763932861660287,2.348711318762903,3
0.7593383771002499,1.576900045435877,3.33768850327175,2.028621312808662,1
1.459717075726981,2.001719918557573,3.2215450883993983,1.6329512028501254,1
4.6128165022233985,2.834550717573034,1.7543305617956908,4.198354637243472,5
1.8452299519810125,3.6213862835094495,5.181933313330049,3.0157758586948993,4
0.9495672501732059,1.6851161453102967,3.010917658159323,1.206465840499156,1
0.8573504587208641,2.5712691474068627,3.906042917486658,1.5452166638279214,1
2.082708790244474,1.5949707357897536,1.8463696137365422,0.9181954230467745,2
1.8884333396395965,3.090887501091052,3.9415914936928296,1.49748815637849,2
1.6867418105044145,2.233841066397766,2.900391929612683,0.6965000617610023,2
1.6318671080315095,2.929548824601782,3.8358099037962816,1.1480919537425365,2
1.8561582056481456,1.205183897664409,2.7579964894718905,2.4337850612356546,3
2.309202915783223,1.8609493686208012,2.1325502044494455,1.3458872330943354,2
1.5971049865732514,2.1455828522391567,2.8356530523010575,0.3806354058603388,2
2.5323287630990916,0.8625894270405774,1.976644440783601,2.8120351437656117,3
3.1425033310968638,2.0206732848337636,1.583881263209917,2.296861735057753,0
3.5250551162140242,1.7278568428929848,0.9371804142891407,3.1393556791641024,0
0.9687027663416728,2.6167302287572047,3.9343015232953467,1.6203545116834868,1
0.6754956223934028,1.5694746112617473,2.911953828851344,1.0009021763765076,1
2.5775058390627335,0.98300859008109,1.2062653877158451,2.250537294039759,3
0.6705874334113818,1.5618526630342306,2.9099611194303843,0.9992666902231532,1
1.349600534749339,2.78601245948115,4.0275795732147195,1.8619695138024268,1
0.7878795796752571,1.6075104149334971,3.319947993879478,2.0357855014223527,1
3.015377688137471,1.8829529149756565,1.2140243037404752,2.1362545361034324,0
2.0873697795698782,1.611896430268672,1.8458014529525197,0.9477711716852867,2
1.5365696713487644,0.707300597048933,1.960586770459397,1.3504182199847454,3
2.0673427594728424,3.7507492417504267,5.018192842182431,2.643846561782522,4
1.531749546727358,0.6839158653297913,2.5280229304554496,2.201678569694214,3
2.140718065488035,1.69359103937848,1.902695967813799,1.0697668415739452,2
3.764743004041115,2.159554027762455,0.40075321873210434,2.9246054893812583,0
4.69783606560892,2.96584146988398,1.2337953883676684,3.92791995973679,0
0.7221814717557287,1.5945512313372656,3.333558628724865,2.0283256119160997,1
1.6048038089446288,2.1549085275404916,2.8423134905166956,0.4118775467140827,2
0.7668637917549916,2.5302230633411487,4.1978087700530455,2.278520331655107,1
1.1069926872967673,1.8126131923452926,3.020098928544261,1.3475412028048062,1
2.899674366822058,1.5815187741589398,2.4453312941638847,3.1186583187948194,3
1.6925331604475358,1.0101901409028569,2.589508746951996,2.3107730642044317,3
1.029741414976864,2.6280815342153008,4.240277257161605,2.381555487089398,1
2.075710470752227,2.5467660894233317,3.108856106540039,1.3748394423913428,2
2.5012992705262684,0.7476344877998181,1.1322479122547928,2.1658363841072448,3
2.657801679811769,4.530279906136202,5.895336712619819,3.2834577038699715,4
5.515236434635085,3.645051839647069,2.394114601706722,5.068283266659021,5
2.8905437740736306,1.6630471167173113,0.9270327908270329,1.965703795170231,0
1.7136826314843774,2.9880031358513905,3.8775357821292524,1.2725368298603281,2
1.872387733406232,3.636811807713702,5.1900213494581955,3.0295038244501353,4
1.7067879526076397,2.171575132280092,3.697078295621327,2.5338870788993026,1
1.7425362206154782,3.5745396603382154,4.906585007701454,2.4007438739514346,4
3.809012575045398,2.2543709104134755,0.6464194095671489,2.990723425020792,0
2.380066147530235,1.9408525700822914,2.2111218664835612,1.465532998990781,2
2.1193833013733405,1.6321525043379022,1.8862244430570492,0.9784583854993676,2
2.0696413349380673,1.5847477422925105,1.8373432866205355,0.9206504687465916,2
2.0651358177389394,2.49030848339722,3.1676295836906716,1.3321191220618254,2
1.8416971072394563,3.062241441560797,3.919732681284956,1.4267945995071631,2
2.9269568573509837,1.7280696296359843,1.006827023108193,2.0138405978898613,0
1.208552347579778,1.8843305897580969,3.0608178046513124,1.4350992146451962,1
1.967093850188291,2.415920715454493,3.1123716550777254,1.1968575485290633,2
2.559204454092993,0.8868579583032765,2.037879450234167,2.8240563983164786,3
0.6894381565945548,1.5767652198424222,2.9400680113480218,1.0356309069524383,1
2.5028869127569187,2.076505964423348,2.3264706942412356,1.6365512964736673,2
0.7687848469569403,2.5299428890270343,4.199448797768391,2.28298417321077,1
3.4881146661054956,1.6460866497176017,0.8278597357582939,3.1005256046484972,0
1.5541278144426756,0.708475768917096,2.538442973394996,2.2090645827419135,3
2.64855187288904,1.100203888894719,2.1565403495607045,2.905149328786349,3
2.5281918995366777,0.8280485313712433,1.9524894401675343,2.8002719484132,3
0.7926925413857685,1.625812591824368,3.337862834063123,2.0489667661067728,1
0.7959074452157864,1.6381273885758272,2.942227785907753,1.1112741263929788,1
1.692235492779658,3.545887575948177,4.886606065627848,2.3588978528293074,4
2.243984997017932,3.8541674533986092,4.860858994339598,2.179805303705461,4
1.0415915129076079,2.6346881551535772,4.246266211193959,2.3903671543638345,1
1.8366573841652871,1.1736012253633121,2.736129889167846,2.4106763045633017,3
3.6332661129741055,1.9313391093824537,2.003889892379717,3.6887622925388035,5
1.6337514632019199,2.9319512133301218,3.8392445460118396,1.1597467983784482,2
2.079864233956645,1.592803940242384,1.8691989295833038,0.9391068831105329,2
3.7275918042805207,2.0504088589112635,2.2468870562650696,3.7719608747253486,5
2.8810710960269024,1.6344277655782653,0.8769430996013762,1.945496704541262,0
2.605962024676836,4.503333998872835,6.073020907960374,3.6776825105903503,4
1.674116750065519,3.545536742871678,4.8973499299811225,2.3559956856060538,4
2.2346056836984927,3.8451230170392976,4.85351720117063,2.17322753823088,4
1.5558023019250788,0.7516171847578111,2.5371105449101656,2.2262905687607977,3
3.6087828270959412,5.506502060683034,7.051453175221702,4.559646849345443,4
1.5583024309871696,2.070569981058713,3.260974874738063,1.7051152435046721,1
1.8052500102340003,2.32412559450286,2.954419959910367,0.9354524957559952,2
2.435442426560521,2.0601391121410533,2.182195218631332,1.567403837567579,2
2.2034201558375366,1.7676683601234637,1.9451084807511778,1.1730895324289121,2
1.0082524379457445,2.639527591609276,3.9500573205700715,1.64425587693873,1
3.00881367881958,4.734490530093977,6.2770202005281694,3.9645554051455645,4
2.39226514590504,1.915064843744666,3.1569822234224896,2.849163979501777,3
1.7376992655657861,2.9692425732572665,3.890255077423456,1.2595157375106283,2
2.601483514540846,4.505571606887098,5.867004588803683,3.242365432387269,4
4.518605251623713,2.6569323788046573,2.178718533420411,4.443353482727327,5
1.5312645392555546,0.6829470656756875,2.5273409731386685,2.200293215570265,3
1.533609339951794,0.6825962799726392,2.5221056533195028,2.2011754433292663,3
2.6115255675307782,1.0968526546927477,1.2964503756145,2.292944540792498,3
1.601168914446505,2.9124703786591106,3.8303041443313988,1.09988319761216,2
1.5737423763908394,2.140267913698843,2.845832075175174,0.35692649935638826,2
0.7917690942701949,2.545735254563219,4.2113233534065415,2.295296264434201,1
1.59464221214697,2.9060717274401453,3.826355896752997,1.0904977657262536,2
2.0782611819244154,1.603114948716492,1.847565045811468,0.9485231830332101,2
2.1305364638316684,1.6651617031915427,1.8710534212969707,1.0330006981097224,2
3.5180100653728723,1.6866348484031686,1.806365612535038,3.573806310640961,5
4.796151848762869,3.0926379700518773,1.5989267574202815,4.036980930602408,0
1.5399836420550506,0.6998378803386691,2.526609319800805,2.211531243935661,3
0.8225088878288642,2.5556576166281344,4.215070607377887,2.3083834378605927,1
2.5318767490692946,0.8797250352917446,1.167817810502376,2.207956709124005,3
2.901035673414997,2.5288510853744173,2.7715090871725176,2.20276003507384,2
1.595900906055939,0.8500708632520122,1.9885824653228354,1.4263184613066633,3
1.692892622566529,3.538043996179723,4.904911864622683,2.3535172779668083,4
3.124314066851758,2.058283833444257,1.449138663976822,2.2926037813392615,0
4.511157850934659,2.6468710043410173,2.175152706754606,4.438743046015932,5
0.7550445342477453,2.5330916428157044,3.903865677066334,1.4929914524220373,1
2.0369542453755134,1.4650463214018599,2.8887374126598195,2.564048880113651,3
2.2452883393210916,3.8366715752812883,4.873719021739783,2.168373020534411,4
2.089899362236415,1.5985372498935078,1.8379125546945696,0.9212986708123324,2
3.129858405733173,4.843531692995284,5.899335177133399,3.2540263716283637,4
2.1336363236679583,1.6709999689293515,1.8765350336097228,1.0421079034587268,2
1.9981337241368091,3.1661081649185303,3.9969430751913,1.6353752839610027,2
1.762193659276605,2.223591930032075,3.368444395102431,1.8920864725478796,1
1.6301528703984876,3.5133726128561666,4.872215865324416,2.3097722039733393,4
0.7096345780816011,1.5667721133318822,3.333544722514621,2.0182060118355474,1
2.432299968573371,3.967990100237332,4.935613201052694,2.372628382379368,4
2.2451857631415186,1.826865340687698,2.000183373685906,1.2669185895320016,2
3.601532499483324,1.8159043368352834,1.9945808047177456,3.6406629125261056,5
2.5323837535411204,0.8364044219432846,1.9431202454933303,2.7960782119010705,3
1.0441456803084646,1.7790506060206874,3.000453408300869,1.282519245632012,1
0.7492009112626667,2.5391224005985276,3.899207957357987,1.4886759898052202,1
2.074872830591014,1.5814198081982755,1.8327862610131544,0.9197553179831279,2
2.9872672179579065,1.8300248815813571,1.1391208424812833,2.09680300481611,0
3.54877019328103,1.7584449233995956,1.8538076943394164,3.600329003013737,5
1.79962048301346,3.599473985674422,5.173320484427755,2.9936663593430293,4
1.4882765004652694,2.019361146690065,3.2236147222361686,1.6377495223920855,1
2.215792183052139,3.8327946138769518,4.845895133314746,2.156040317378907,4
1.6913709838041482,1.0097132529283344,2.591242018521153,2.3118697452123502,3
2.8142821386840065,1.4520674018029283,1.7592352519395342,2.514437933321957,3
2.546854673954097,0.8761162433930424,1.9525825466883635,2.8077210682786222,3
2.532982814562286,0.7863798426237173,1.9627687545489327,2.788009691360614,3
4.795141860589702,3.12585179601046,1.5287051839254766,4.046999171739833,0
3.5415624684295306,1.7482600085626614,0.9539046199666127,3.155927376700851,0
2.0813043186625912,1.6067131091687965,1.84738558945855,0.9465100754870285,2
1.8165312673734906,1.2122795951701175,2.6660635109522017,2.4088185766006527,3
2.26558913934135,2.62574289773578,3.9963583430379295,2.9313627495578687,1
2.6073839739298736,1.0774367859914318,1.2833478444630113,2.2908034005316766,3
1.933821938799903,3.651073108503956,5.000390109084961,2.5281444121195835,4
3.573506692069579,1.8110247233594905,1.0242252502904765,3.1838834346874436,0
2.332694807057022,3.908235653425265,4.898187742760608,2.2785194358302814,4
2.1618350567785996,3.7937698547510026,4.832914477273099,2.0927027759493377,4
1.0469857097657334,2.628594132742242,3.981913018329147,1.6473085742902227,1
2.0677713989840156,1.5783805708108132,1.8550427384923698,0.9226110895701858,2
1.4709325900709738,2.018242708640575,3.2346012797687393,1.6422634876823572,1
1.805961432018198,3.6069482606945247,4.922907922522572,2.4403799947518907,4
0.7992647047857366,2.539238698357507,3.904898472968944,1.49782204545441,1
2.5593318856947396,0.9140048469402017,1.2955496125060977,2.232387698485853,3
2.5442013814598043,0.8757921378317042,1.2605878452103907,2.2139322241837713,3
1.0067107654187346,2.626258574824767,4.246631080375801,2.379343586125165,1
1.5397828281872612,2.105109588377056,2.829133789689577,0.11736333458280715,2
2.5201969103537927,0.7702463845398149,1.9759154019086416,2.793184225894858,3
1.5481089857044668,0.7774925539607989,1.9885279646063707,1.3995726972529863,3
1.6340902144846912,3.5158080962166216,4.881308676913604,2.316173049456873,4
1.961431981568244,1.3544205565987215,2.825949269084573,2.503398952612697,3
1.6559917784676905,3.5354734896544024,4.892222558901893,2.342011753804712,4
1.3857338245825956,1.9353363019752197,3.550244357635253,2.3310795494832526,1
5.482689639442459,3.579559477606462,2.805246102809956,5.319868040398249,5
2.8615984469767946,1.602691953671019,0.8562772740309099,1.9195870178361572,0
2.6974689527077236,4.565701065104092,6.113434336791699,3.7512456047560976,4
2.6171249484073686,4.51106974091936,6.074747861889365,3.6844759151242554,4
0.787144502442205,1.6240198457331552,3.3440578303816766,2.057517014390649,1
2.391940201050161,1.9272604827004054,2.737219618687842,2.2659897753045355,3
2.9109984386041514,1.6898586744718898,0.9335727207007481,1.9785477174384898,0
1.5328877416379594,0.7028325848407477,2.529048179803334,2.2059052337488625,3
3.5856731504654626,1.7913850421250157,1.9813818734008675,3.631349464046013,5
1.5520319966284801,0.8030542949969592,1.9962490691026862,1.3990920126457715,3
0.8990019282641689,2.5597212365395876,3.918443772505099,1.5404230819291882,1
0.9507264588047046,1.7288333030568934,2.9852223775804254,1.2300357910762632,1
2.2972130399262607,3.8860151869151713,4.8830635200621035,2.242320555449437,4
2.23224941434584,1.7204214655051229,2.5802658717723306,2.0953920455695987,3
2.54006457084844,0.8299932877945466,2.0050047046078583,2.805986420057962,3
1.6117438437873441,2.913433804448076,3.8458509744968863,1.1156398162068415,2
4.504307588971465,2.616627735940066,1.4970275051638662,4.072641727672854,5
4.542850071077423,2.716709005575353,1.591749401096924,4.124875071595719,5
5.658357480908298,3.8557954857990966,2.2136319785390812,4.931263505203723,5
2.2515743597534263,1.822156431354294,1.986112962035597,1.2687181539699315,2
1.6583474496979544,2.2033591561935277,2.8715691394263456,0.5766786463396798,2
1.4475241581851117,2.786602025535443,4.393360619984242,2.578087166269245,1
1.8049887079887086,3.0027710669226515,3.9172070000495034,1.3422691538085647,2
3.848393784848873,2.3229182462929607,0.8209271424898076,3.0397952710827996,0
3.496807218582215,1.6318428691254265,0.8272485452021383,3.0926221223959236,0
3.5181970031961116,1.6917736413668447,1.8131561421968858,3.5752068151373773,5
2.2807337799480187,3.853715467059089,4.8903108027719515,2.20583826928205,4
4.515277711429196,2.6552414810293983,2.1859180753186367,4.444254978632152,5
1.6441485879581668,2.928512668683793,3.861194691850827,1.1576402178504157,2
1.5613688601949027,0.7343677725656268,2.5590722719826884,2.2277469040693387,3
3.5379405467591973,1.748704843261041,0.9556483511945584,3.1505401234444266,0
1.5350198395911083,0.6995467123494321,1.96041437180872,1.3575583479822435,3
1.524434834978735,0.7135899182332254,1.9737211976824263,1.3692660717313194,3
3.942304086660385,2.4784123400973206,1.144545976591748,3.1553224163819538,0
0.6855032246802164,1.568668531228951,3.3243653739421934,2.0122651445242914,1
1.5920820328472924,2.85909364422055,4.444105940566274,2.66246823221269,1
2.7537649223216505,4.585379070891443,5.946559526709458,3.3629893062930747,4
2.7049933346736608,1.2381701407363876,1.5661454447215184,2.3912893925856653,3
2.497627996426611,0.7149361456507802,1.934134897656622,2.7702976751711925,3
0.9374858640179318,2.5929468438360117,4.2231421003355525,2.341997649798344,1
2.8098216711053996,4.616190162324387,5.96842726085607,3.399058708261558,4
2.1606200079729136,3.7992861631115407,4.840052658234721,2.0985618203717835,4
1.5694905619149986,2.1303207202833314,2.833763262857081,0.21661808657994822,2
1.5724865584510923,0.8294820912649271,1.999119891725093,1.4202469870186314,3
1.0313711037237636,1.7358465310003477,3.049478459173101,1.2805452578571925,1
1.6051765326973053,2.1568697995531205,2.8451719891607414,0.4251888999842233,2
3.4926674231660155,1.648021397681703,0.8163784256152379,3.10177213395074,0
1.5994179034693112,2.911927971172338,3.8310217118697203,1.0980337203361756,2
0.6818786708157124,1.5699341043439408,2.935026545368593,1.0332772912629178,1
1.9714404446676694,1.4629353579005933,2.2778649198282555,1.8453802412506424,3
1.6419380787630344,3.524583385445938,4.88307085308856,2.3263467184544635,4
4.513553105756572,2.6476279568850836,2.1774183710559742,4.442333934080896,5
1.5862454321900594,2.146622424822687,2.8429792984502353,0.3437049994630457,2
3.5017855807880087,1.6257639221605773,1.7938812050981134,3.550177551693383,5
2.088352291973751,1.6055008567402473,1.8372626946596626,0.940879942788998,2
4.48538216319513,2.6006288198570586,1.4123603241359712,4.05425599092262,5
0.6669615802492738,1.5643593608574662,2.917816732917945,1.0012286893768483,1
4.476110732930987,2.5949254903523657,1.4252356893067382,4.053289823164132,5
2.557328023326421,0.9658744152753027,1.2307680601841147,2.243548800492411,3
0.8272947820182699,2.5521023374041545,4.210133303950034,2.309074966093244,1
4.536325496364177,2.669810652623445,1.6129854550284126,4.107666760045287,5
2.2015658091664947,3.814076049949467,4.854539737720075,2.130394104583824,4
2.5551614793424293,0.9150967364239305,1.9729705160307802,2.8189389430762066,3
2.1671386847534833,3.802197268792771,4.828161691596533,2.093921564768202,4
1.8089678221063736,3.6078014113844716,4.924868487859625,2.4473750195495847,4
2.3293763876373195,1.9345001312595353,2.0846084944438106,1.4064056344767815,2
1.6652013045469891,0.9172111089315126,2.075265604979629,1.4868097488840704,3
1.5855715419756464,2.90042466573612,3.827552927155007,1.085186553541723,2
2.616374467706519,1.0265146243784666,2.111464484010452,2.8733085131365232,3
4.1460874060695705,2.7479564287423623,1.8562038095631952,3.396609705178355,0
2.5080931714820354,0.7673724080231885,1.1695767610809058,2.17993653553006,3
2.9618190973316705,4.70488990678258,6.254996487506351,3.933885619204227,4
1.0431616333863196,2.6287932449312628,4.238053444939975,2.3863847434363303,1
1.978379608286976,3.693469593275221,5.225891402884615,3.099288513394768,4
3.4746025363038435,1.6049714117803675,0.7662026508880125,3.0763326178459685,0
1.6549476707709534,2.1299582539659854,3.669745172471358,2.498642921569888,1
1.5855715419756464,2.90042466573612,3.827552927155007,1.085186553541723,2
2.530205523838325,0.8363372263226537,1.9583719656823362,2.804471467483276,3
3.7707233727314975,2.1709857477652115,0.5231887165891267,2.93381734993588,0
1.7058492566418915,3.5407367633858047,5.1589619643811115,2.927243775960989,4
2.2253941467358342,3.840351791668024,4.850351517989487,2.160082575215775,4
0.9703075954655866,2.6137471768036686,3.926182894691317,1.6064921505458287,1
4.502433129468586,2.630631922809985,2.1642765200059855,4.432281643985222,5
3.750098532148929,2.1452958874972716,0.3520948370359559,2.910683255886153,0
0.8262539104717589,1.6081146477484225,3.357169622764073,2.0525372744525168,1
1.633910200509456,0.9013523933144586,2.560586813749833,2.2724260911522407,3
3.530629884112878,1.71602090779262,1.8268323890789486,3.585754452200252,5
2.621741741424842,4.51504653325738,6.08144981401616,3.693521338669495,4
2.9614654644393963,4.728334436794589,5.828999307150956,3.0879399724289542,4
4.544627938258892,2.716518553421873,1.5804183291003742,4.122175424546872,5
1.5414824270167893,0.6942850666966897,2.5129967472310253,2.20096113698566,3
1.6769804391277343,2.9088229112824697,4.181669822756286,2.082085442036348,1
1.5302368896697685,0.7096350889293345,1.967997762485024,1.3730619699284874,3
4.561224628787434,2.733136903318554,2.259750094024136,4.488777424043825,5
1.668670666239741,2.9124091999963486,4.193289637680313,2.0912514991079294,1
1.5426755994767545,2.107734327023479,2.830122191350045,0.11310060611659004,2
4.486046388231157,2.591332395902771,2.1213664301005375,4.410568147726715,5
2.11484248628898,1.6223376928930184,1.8933067580440224,0.9981693406850096,2
1.5726559028810358,0.8390851475360471,2.0050893508369403,1.4225299539500906,3
2.0966774343609282,1.6211371526421248,1.8476778946997612,0.9663474826076938,2
4.470211224754349,2.5736976328469336,1.4189026943903265,4.039679037743493,5
1.6299318128884255,2.1540308807257906,2.8745918547328233,0.45910418644623896,2
1.3668298348803671,2.792291463712962,4.028603200856151,1.869750413927102,1
1.7102833483535775,3.547276665279072,4.913794410386451,2.3667404088599704,4
1.046901172022392,2.6432725041922165,4.256575780922611,2.3988599210894916,1
1.5376634414997352,0.6943160350680286,2.53849760704693,2.2096767686667436,3
3.6070795297092135,1.8756574897254976,1.9504233040513188,3.65958268499536,5
4.682815889561701,2.935376363731309,1.2137137872759125,3.9125175304232194,0
1.5916362066591787,0.7532236124456777,2.5513040481520677,2.231143443790911,3
3.578456022574015,1.781335575710295,1.9801982949302894,3.629159790045106,5
1.6999303350761825,0.9953830354117975,2.1266166688272836,1.5321633910935972,3
2.6455163856347186,1.1978695974984452,1.3938228490883153,2.344207768852067,3
1.265690709385287,1.871873622180633,3.1327041315304167,1.460062784813813,1
2.2941813724234974,1.8429089116157251,2.1214670360711945,1.33090755251606,2
0.7381434171943422,1.6085542057594118,2.9278847007121027,1.058242639812124,1
0.7942528257937466,1.640785300589574,2.943725729324895,1.1067472467000843,1
2.059304604081362,3.1518786936839165,4.375084181773075,2.4092425975442544,1
2.949981826904541,1.7275400679388757,1.129321299942541,2.0295203685517564,0
1.6625385294784358,2.201181177117961,2.8647252769780875,0.5666710856633846,2
4.475220628731399,2.596074793073101,1.429033526237059,4.053286803938295,5
2.1852701359506446,1.7461313988656937,1.9388390909824376,1.1611901617979898,2
1.708829385094803,1.016730966100859,2.144977891096016,1.5495404988621646,3
3.4808884057962195,1.5971543553822145,1.7493318931901107,3.5307718977620524,5
0.9022664946662216,2.5963032569319004,3.9254075597429874,1.5785036315172376,1
1.8037911260200366,1.1991642991441827,2.6660622084627357,2.403753356409244,3
2.562607366050181,0.9897633747135459,1.2460032640572714,2.247658093605224,3
3.542300221428678,1.7532198730888089,1.8613510085924463,3.599236753838938,5
2.1218183714050216,1.577010756531532,2.954639928388869,2.634782982462715,3
1.4690916691324962,2.8031598655785723,4.406939618701543,2.5917547892271213,1
2.6261784428916486,1.036390552138608,2.104731935904709,2.8742299374043236,3
2.1278764890965554,1.6789156419441729,1.8956974461367844,1.049039085132831,2
1.569416482052593,0.8170521099698294,1.9949598397522803,1.4182241357330105,3
3.0459836604470714,4.788990479709062,5.863835278648361,3.1775664028306028,4
1.8085566949604126,3.0099181945522386,3.9305453780744877,1.3643708455983463,2
4.695208566006191,2.9640706496263016,1.2387851872143385,3.9291175325855576,0
2.911938118523665,1.7099016770989226,0.9969082263450023,1.9985341086516029,0
1.6659858190691752,0.9798552991841832,2.594458852614284,2.3052665216998536,3
1.528395112106234,0.7040158183228246,1.9647079067583075,1.356183918950554,3
2.166711065841594,1.6209299020835561,2.970914663098061,2.6629662572194768,3
3.631859281775121,1.9424742805334272,1.2387155766178597,3.257436524167894,0
1.6752288807760152,1.0185248072031465,2.0632648849962467,1.5307668178341665,3
1.1017251927169516,1.7993490775231815,3.403262625373701,2.182186940607338,1
1.8419372730741865,1.258097544461515,2.68634609386472,2.4285894657801896,3
1.6059598770682586,2.140677293271946,2.868739097341906,0.4101239293922017,2
1.536770713163022,0.6956655205946904,2.5400991965148547,2.2154705446848073,3
1.641775045810882,3.523243973862715,4.879712837411127,2.321588531686461,4
0.6812848679884416,1.5468081497756654,3.311045924451611,1.9950368155061926,1
1.6856283963502903,2.9562564384506094,3.8421405618832383,1.197235096927398,2
2.5903646270732836,1.017862608376796,2.0123589101329684,2.8503816553904606,3
1.0349029293024088,2.634127046227064,4.2446256604473875,2.383047634399567,1
2.998942455622493,1.8096503858450486,1.273800344260901,2.0987876974792057,0
2.5022651186984137,0.7810417258315576,1.120361230816335,2.1730555105132097,3
5.698558964661274,3.9223544603830045,2.3094956628190095,4.981232731914019,5
1.549581912321208,0.7588827578185037,1.9713579328651665,1.3842774993413185,3
3.789355195968474,2.2177540410985173,0.5247633307443936,2.9622812358722204,0
2.284312863789789,3.8803585393251736,4.882107629082996,2.23327423065935,4
2.53033487749772,0.8236697935996949,1.9403982138451976,2.7954802445373788,3
4.80314008192758,3.1353988437693157,1.5385020651702754,4.053686502001046,0
2.49020911623815,0.7135274087551946,1.932598240018013,2.7645383733715465,3
1.6074273925614468,2.163169224142754,2.850419710204143,0.4233986041126295,2
2.6035891974808085,4.504948883557207,5.868031929306962,3.2424151841349733,4
0.787144502442205,1.6240198457331552,3.3440578303816766,2.057517014390649,1
3.474711689205994,1.6059084282358322,0.7702433418902808,3.079292208261324,0
1.9583939879500847,1.3856793426093534,2.3715475166692195,1.8239111564616592,3
2.5694991682138903,0.9626121540101578,1.997723854300148,2.8366964510194057,3
1.0352148946773836,1.7142750444165729,3.417038814382088,2.1380786298741223,1
3.804303100617973,2.220470617955343,0.7454469336882381,2.977400366073707,0
3.5089430507971495,1.6635495383641086,1.7832068872026945,3.5610857325794942,5
2.9079319351867996,1.663226650597311,1.0108150604362782,1.9716962049620792,0
2.8519579234330203,1.6082110917192964,1.7106358115715414,2.5679601704075754,3
4.7683975534464285,3.083567559454286,1.4472252626464701,4.012431751716997,0
3.5550942159944237,1.7565586334689354,1.1460877708504031,3.1665233236686987,0
4.479283868425968,2.588505737869794,1.4083327563435935,4.051488437683475,5
1.9016230364467759,3.6534365110472744,5.200750208015015,3.0481097500342504,4
4.1460874060695705,2.7479564287423623,1.8562038095631952,3.396609705178355,0
2.5183330679863416,0.7966634283701326,1.9433381837252461,2.790595158839612,3
2.7066450192707348,4.568657052599149,6.109012682746644,3.7504368028850616,4
1.0957134479673907,2.639374098712515,3.9874747709837957,1.6740555024178327,1
4.109684433536315,2.6954277748417694,1.76249729462635,3.34678115340587,0
2.508394099799004,3.966549745384957,5.4861717256787115,3.4451455637812867,4
2.6764460164098436,1.2523852032376488,1.414678763864221,2.368274190194393,3
1.5774111901605383,2.12007755922713,2.8454111367408914,0.27095469120896865,2
2.962171746399744,4.73133313760288,5.8289564938303196,3.0922966395394895,4
1.6369798898608114,3.51860968360496,4.875941138764613,2.319513409309567,4
2.963205360329011,4.729804285515212,5.829258021981437,3.088188679456114,4
1.6745737212590388,2.2155956145016,2.8844569575770316,0.6650315850058733,2
1.7641241268441807,1.0683017207806387,2.1539129625686106,1.5910703920213658,3
1.5052093208070274,2.079147820694958,3.5414076866320134,2.4120792304453516,1
3.765788788812779,2.168833005623099,0.3495786168335537,2.9314218099523446,0
1.5900715989845575,2.899096548027035,3.8302511430736805,1.0887239505625141,2
2.4931306185551287,0.7350522369865642,1.94419524797333,2.7741557832902672,3
1.6180951150189828,0.888005412559738,1.9951741810541557,1.4435255136220986,3
2.0704900250784046,1.5883907755343867,1.8399957955283266,0.9172855290593928,2
2.530933829345951,2.109260114365037,2.3630931177593424,1.685534758409295,2
2.4942558250218956,3.4588047333302283,4.318486696830514,2.191701495344023,2
2.544187482397447,0.8787766995747442,1.1389539917636833,2.2100912494280305,3
2.5218899982743332,0.7581117902829014,1.9534092641149903,2.7838090270262685,3
1.8881019538680328,1.2710576676219467,2.288958087190954,1.7401819362341584,3
0.775190175339756,2.538542203891034,4.205987989174078,2.285019480945892,1
1.6537245033654684,0.9057624835355351,2.626625845982783,2.2861936963176595,3
2.864999317952202,1.6236522632417447,0.8910598033187268,1.932932830333105,0
2.58066131029789,0.9537623171124657,1.3154635223118762,2.2510999060972927,3
1.1729107253921565,1.8623186617577694,3.05075980598778,1.4083037001608147,1
1.6306617123475875,2.191838574498746,2.876690047703751,0.5507301955830379,2
3.478867272754183,1.593742251115582,1.7499376543086873,3.5279494760306753,5
5.465655960447859,3.559097819645734,2.308170454596961,5.0149651847527235,5
2.114689925254664,1.638421943245804,1.8523015375884475,1.0018892848275662,2
1.6143931265817388,2.1439731664017163,2.8589829912678044,0.36807569538015034,2
2.5098251467821604,0.7918861309360723,1.1077836855480743,2.1719917909380078,3
2.500167087770146,0.7714087708457745,1.1127353921938559,2.1674370969960406,3
2.50451832661102,0.7154208090126147,1.9194044605824254,2.7692154450744186,3
2.714189394303701,1.2651538350422016,1.594198814952694,2.402161973104536,3
1.694439312938882,0.9815816883134294,2.1187425385443124,1.5271879018571124,3
0.6821561063787236,1.5634027173495961,2.9298024860522323,1.0341578406010843,1
1.715817313131875,2.2532410312590248,2.9081655517035347,0.7486201069090599,2
2.514922065934974,0.8070985544169598,1.9555123028051464,2.792413750582398,3
1.5968538856895391,2.91058706166648,3.8319456201543622,1.0933482072695213,2
4.76401356500677,3.07431835152583,1.436069492774944,4.01090261902786,0
2.8766944376480463,1.6306463331224383,0.8691855753750498,1.9291403995324554,0
1.0358457995469827,1.7264671033163455,3.430145888699387,2.146125323954102,1
2.302523727596168,3.8913843217197472,4.887726487309004,2.246711720661813,4
1.8409723934031987,1.1723851298455157,2.7291712756510247,2.4071148104093205,3
2.3468225824423126,1.8640108664096724,2.6883660869815786,2.2200322080311836,3
2.863319062640116,1.6175504604235602,0.8740032319590719,1.919286942680438,0
3.5006075505344247,1.666333830833136,0.8521662895088152,3.1146828592262437,0
2.1093464405226863,1.5480580726250908,2.9298988660755487,2.6180959738227703,3
3.8110596129683247,2.2280710815071294,0.7349260349302127,2.97900369465151,0
0.7756698698169169,1.6089726287318238,2.9663827002479284,1.0967065768376802,1
2.792402368703208,2.4089376935875086,2.6570900176641814,2.059552756734589,2
0.9376598587691247,1.7196166972664308,2.980208293761222,1.2196909903924236,1
3.8916572609292093,2.3570657738669123,1.114604388130226,3.081358573749223,0
1.569888472434858,0.7515051559791144,1.9904011148225322,1.3856814165510145,3
1.6260138981540033,2.1664748327294245,2.8430491351558302,0.46151918719825213,2
1.1383012204119864,2.6846219488627026,3.966407313207811,1.7146994753880909,1
2.1629624214689356,3.796153151677614,4.839039586936407,2.1006100859703793,4
4.484925833943459,2.5994912620874664,2.136987094620226,4.414522841438265,5
1.7084411948904275,3.550788817039466,5.143503932657404,2.935100253239461,4
1.57559853333982,2.1361001186634425,2.835856274625591,0.23386964099002655,2
5.495458350568717,3.603207851825916,2.83499214556819,5.337886424136962,5
0.7974712463556642,2.526767073063031,4.203154442179476,2.2763084908421365,1
1.3443829147523862,1.9123488925092873,3.149689171787475,1.5106334474932348,1
2.6747374641408763,4.554215682974107,5.8920992127726075,3.306611102883477,4
2.5081978878764732,0.7924865276682802,1.126312556056778,2.1828787735089366,3
1.6663361579735891,2.952904087779616,3.8531398605934326,1.2128224607851141,2
1.6713066305288002,1.0157225997965587,2.067886536981066,1.5346663151730966,3
2.957522294996447,4.72685961938902,5.830698566239266,3.090217055570413,4
2.858283951114136,4.6634166269340325,6.1711812215610085,3.862764459101891,4
2.162219815776686,3.7940670914903736,4.833243375393333,2.093099443172824,4
2.6197598710976737,1.0931201679683429,2.051571746507861,2.882627131501458,3
2.4239568891064565,2.0399161528187624,2.162165416148041,1.5496054725258932,2
3.802475713334966,2.2182816249105346,0.7505304772930641,2.977632587524767,0
0.7625639726719347,1.5868346664227984,3.3429721388029465,2.02476031285824,1
2.122668675176723,1.6411104926595885,1.9158539905881848,1.0120793912125656,2
3.494689747643034,1.6465250493303052,1.7900902375416126,3.5551188452523235,5
0.9031096858287124,2.5789920718576025,4.218646697239985,2.333000928763531,1
0.8261740854047513,1.6186368833459923,3.3656944140012413,2.0538132526138595,1
2.4999415601231463,0.725811643968203,1.9537191940676897,2.778970771574825,3
2.112105803645442,1.6357166155976974,1.851351464244655,0.9970871040777972,2
3.8612666583294746,2.3469380670426645,0.8801473302801589,3.056487422691766,0
1.5524516246749085,2.119053207290261,2.833775936413214,0.19471714085737282,2
1.721240831576925,1.047101294432533,2.599398622281446,2.3321936981095197,3
2.16078361330432,3.2265771767622793,4.118450867802812,1.8044592683279295,2
0.7500931992438128,1.5674852346584536,3.3264053645752685,2.01474593850505,1
1.5262450854720955,0.705099320267053,1.974439135658168,1.3545197336279524,3
2.0642643534800706,1.5918226743543198,1.849175015867173,0.9234541522324802,2
2.1706121889130574,3.806168960332574,4.833354796325178,2.1152594300601177,4
0.6713204730497452,1.571302760123187,2.9377192856716254,1.0318867636660638,1
4.165695340473243,2.7460401393872256,2.930196463203517,4.201123690029031,5
1.6002702861295133,2.8730593591515587,4.159984992758909,2.0299969719015265,1
2.504078757869014,0.7393069809583567,1.928323170933229,2.775232617500837,3
0.7955566800903348,1.6214113442511542,3.3335487475318994,2.0484953161461776,1
2.1663956188705407,2.5699747854724255,3.2380678078421004,1.4888863893153392,2
2.504966131906439,0.7266015712085911,1.9461726488275923,2.7811944670719595,3
2.5575373635338234,0.9652960291268314,1.2236330629653966,2.2392367193541545,3
1.5359607067834613,0.6822166408978266,2.515645542958638,2.1989395734808794,3
1.8859836895760873,3.0340347473276967,4.276390846824454,2.2506868827521966,1
3.5099454164969015,1.675101286075156,0.8363554367649959,3.1169909075351683,0
1.828323790466433,3.6091761117713363,5.171787008718988,3.0031365763601445,4
1.44396844452889,1.9883478400855352,3.205220079831246,1.6041478351582983,1
1.7547243651862805,3.00908876146634,3.8883102633166273,1.326501857392888,2
5.536520212929122,3.673599376935011,2.910336581554967,5.381089887142802,5
2.953547130528761,4.720492590818099,5.824791932266401,3.0840538413601313,4
3.8490447736893088,2.3271644213484364,0.8409737305826652,3.0433174376335574,0
1.600951571341865,2.912396523970988,3.8305714612845407,1.114932746216629,2
4.697465070242991,2.9545088160813124,1.2896989960371479,3.9294444166768554,0
2.096756691003411,1.6048832132413133,1.8437423666871142,0.9272571551432452,2
4.499723871659789,2.632065047467936,2.161092895329632,4.42662696059276,5
0.8803691076506965,1.6624977071262064,3.344048600402133,2.078167463485768,1
3.0987972870502194,1.9259773237934297,2.7091700446767875,3.3098894764433213,3
1.6467807756689261,2.9375039636113147,3.8395164670717077,1.1712602703440167,2
2.109432627900722,1.6196657376760262,1.9023548631320595,1.0038146527004452,2
1.566165997150167,2.11794949701683,2.8403148239155676,0.18480945809286545,2
2.9936370418310365,4.7530256492556715,5.839246100243531,3.125374765704823,4
2.3336156570585134,1.8794015877929622,2.1465592623529335,1.3863636799713168,2
0.9053442943520394,1.666195512534746,3.0028353000491683,1.1834172394162632,1
0.7064852789165441,1.5721615020162694,3.3263792484349715,2.0268588735694673,1
2.911825581926419,1.7069342705359933,0.9923940884130946,1.9996550223051597,0
0.7896934610062856,1.6327105940663629,2.9346638387239925,1.0903162714983345,1
3.5425782170067146,1.7516786695946602,0.9611611236377889,3.157672149898848,0
2.719908785837306,1.3366234766590679,1.484035153466881,2.4227405121451255,3
1.0945860754680798,2.6713224868289274,3.9653705876054994,1.697486520372052,1
1.7100891572942558,2.1802250114073924,3.3431067273162154,1.8568251823599689,1
2.3715772849397196,1.936009884602945,2.2136315516810665,1.460027607007053,2
4.464885738673911,2.5677631251511532,1.399126147457256,4.036633027551557,5
1.7288615413680761,2.2662024982833513,2.9162062589890696,0.7690345652081612,2
2.9084567907851873,1.6981786636661564,0.9629432785759522,1.9817693403126426,0
2.073870265444957,1.5865828186596815,1.8445138804970274,0.9139043340539565,2
1.5610847985366836,0.7103368076769344,2.5383076653110477,2.2146029525997624,3
0.935477552086392,1.6525892795702681,3.3762066025499258,2.085092181098524,1
3.211831337601461,2.1275432416623787,1.7285230303538641,2.386929592853733,0
2.071639844978587,1.5994096638822515,1.8497001512009899,0.9361405601320538,2
1.8680128474331041,3.609234614348068,5.214808704125072,3.0236434388878406,4
2.327182938617375,2.676259377246441,4.030406189578051,2.977805643955622,1
0.6905363418972059,1.562514162904194,3.3299145441548896,2.0146115078743994,1
1.8569126942386627,1.2128368664030602,2.761507375475206,2.432097888445364,3
0.6780224258688716,1.547585283561062,3.3097881307321764,1.9984330850684966,1
2.026058810940442,2.4608937621839897,3.147180955617307,1.2822808067560905,2
0.7476803500535211,2.5375544002709187,3.898955287391595,1.4952863653847692,1
0.9254338565606371,1.6709360189542655,3.003185189125891,1.1933623071493935,1
1.7203909841255878,3.5470332765373236,5.1668448958897475,2.941083120611331,4
3.7564070079551763,2.153203380942651,0.312412255936113,2.919286916065914,0
2.949626916312962,1.7405780407599674,1.1846725214852938,2.0402787900899186,0
1.542675599476754,2.107734327023479,2.830122191350045,0.11310060611658905,2
1.7649114963617567,2.291424183727421,2.9328244105166807,0.8570051320097559,2
1.595836001860454,0.8410271036469837,1.9847273501376785,1.4279562271667636,3
4.711697238578002,2.9852104879284687,1.266076526801838,3.9451915436988925,0
1.66106113355374,1.0079697497678248,2.0621814040116244,1.5146045908581878,3
1.8746070242433597,3.632820855949931,5.183854276512831,3.028760695097063,4
2.9575222949964477,4.72685961938902,5.830698566239266,3.090217055570414,4
1.2792007384887367,2.7026242655644,4.334903362225777,2.490571894764808,1
1.8220334026568838,3.6142268906919073,4.927486776063222,2.4543228223618283,4
1.5529727798709996,0.7265434635847876,1.9856871846685322,1.3791825069659287,3
1.5692025890686376,0.7649002553694705,1.9992678833606006,1.384165900310973,3
2.029592448057564,2.4575651135334473,3.146870042613736,1.2985230442530407,2
2.166711065841594,1.6209299020835561,2.970914663098061,2.6629662572194768,3
1.655477779483312,3.521317703794294,5.140713363968227,2.9018003544211908,4
1.6365823529102175,2.929730178167669,3.831625641474022,1.1378067942339831,2
1.8421819733390787,1.2712570230151055,2.693431069775347,2.4273766958142895,3
0.8174910031716947,2.569337904455416,3.9173236133901046,1.5398542185228494,1
1.6548807008286621,2.9457403944190568,3.8460799314688305,1.18014631600611,2
2.526711000007611,0.8022145443714758,1.9927890742485759,2.794120531687637,3
4.487729704473413,2.6098826835134066,1.4345991944774552,4.062106528023057,5
0.7762742508110048,2.5475303662272006,3.9010660330510016,1.5085687285133063,1
2.1539918995799217,1.7065810082611463,1.9040078722382143,1.0805256228588855,2
3.4961066932580978,1.6592261227185108,0.8171516265227193,3.0999691419850772,0
2.6684163419929416,1.137981134006942,2.1610365842575257,2.9083728265881805,3
3.5170036664839905,1.698069139021096,0.8705509240914177,3.1241034006523685,0
1.0910474425071865,1.8165397544148265,3.0273514268471766,1.3353713561127436,1
5.5602277811293765,3.7028493921639436,2.9317386448461358,5.40025876580976,5
2.647076356855318,4.518181885030793,6.095165112040776,3.7027021780278098,4
0.7070744154899994,1.581859403270901,2.912190276739383,1.0260849603145363,1
1.5913655825001245,0.8262231773552088,2.050209608810131,1.430319805528322,3
2.8818898119241876,1.6380346422031176,0.8734169198446574,1.9359333514616148,0
3.7741614518307927,2.1924911418728956,0.4319395908954149,2.939206342819572,0
1.4689303977272408,1.9953463423208282,3.2031584463416753,1.6169081416827815,1
1.5451163993358705,0.6513852823812454,2.495759150979588,2.189487513204771,3
0.8309544026101976,1.6510373952105444,3.352257751740317,2.0708343611965683,1
0.7107470681974952,1.5921519219087235,2.9227086300929903,1.044456758006457,1
2.8880552086886593,1.66169326693594,0.9246646312953606,1.95921258063927,0
2.5608172396673847,0.9076338207524852,1.2929518615303734,2.238340758178998,3
2.6241413515728715,4.519299131095452,6.084734919241066,3.6922418828453827,4
4.4775128408047715,2.5775080583201655,2.1083496286326975,4.399673427111462,5
1.7965979917682517,1.2170180224906162,2.1542870276498096,1.6655809542041862,3
0.7810530012025573,1.611184947702544,2.9657468465718715,1.0942707303609795,1
1.0128294065124475,1.7618015717368691,2.998864771622917,1.2760265662168542,1
2.6342285060280703,1.0791993174415317,1.4312717023093036,2.3165238425091497,3
2.52181560284598,3.9976175192514622,5.022965211348263,2.4601402165507493,4
3.5483754453394414,1.7520679841707938,1.8487112036163784,3.6006437649458025,5
1.7369194590470358,2.992676986133555,3.8717948078043976,1.2896560224247755,2
3.8462994786420066,2.2878488085360753,0.9408953800584162,3.025141779727709,0
4.698351675369687,2.953569424395798,1.2234646442102122,3.923138018621801,0
0.8264719155281747,2.556662120456672,4.215469272271583,2.3102980091555367,1
2.642483541733016,1.1678986157341193,1.3506310169397282,2.3312992923060043,3
1.9082923603827808,2.363018491467613,3.0645701501087035,1.097247306451243,2
4.717946691627838,2.9983745335947,1.2969201822023793,3.9561024145833437,0
1.571745150706141,0.7492079048055482,1.9802713735597632,1.3767129702647545,3
3.7714121773026728,2.1888274039434537,0.4398518168403458,2.941071793245681,0
0.7949393282774223,1.639673600779052,2.9444720267524076,1.1135267526892296,1
4.543916540689161,2.6818739195218924,1.6371357385143261,4.116294373381955,5
4.555750722697999,2.7045377981519927,1.68353716302219,4.1287735291694725,5
2.537214260927241,0.8804985443514589,1.1586272494743386,2.2104894723846904,3
2.0797505620774244,1.588811267455328,1.8354514401826203,0.9184495847342229,2
3.4933308742114435,1.6122925298312525,1.74988561620806,3.541887326262571,5
2.0827356255477603,1.5998012925662544,1.8374484817724899,0.9348909536386671,2
4.821065067359916,3.130951388922875,1.6889802744171925,4.068818299361602,0
2.0348220158746635,2.4591473416770087,3.1453843745030143,1.3013669639581609,2
2.9853686368079835,4.745604555298328,5.832306413588789,3.115253636069069,4
2.7056200232477536,1.31157655764122,1.4589411761797704,2.4011099303657892,3
2.758708596324759,4.583070900657356,6.1531644697578,3.7839688243512337,4
2.254990823645116,3.859334610978861,4.8652672897018885,2.1996468267330163,4
2.921012382851478,1.719843149561906,1.0010003443670321,2.0080553580141194,0
2.357532080627773,1.8674412673198426,3.124428880383491,2.8196216657865194,3
1.3608303763993626,2.741465101153405,4.35773458471936,2.5234078348411573,1
2.9142414627649273,1.700030732058024,0.9599529220914329,1.9912906721072907,0
1.8959505411305375,1.2647570811769369,2.7779138113135278,2.449752757938391,3
2.2419616423367743,3.8463141375670538,4.851069398579974,2.178231199444084,4
0.9889463228427806,1.7315824836783902,2.972389484968575,1.2382341039525224,1
1.7758780536942882,2.9704447824766684,4.523827255029138,2.774139590974213,1
1.6969241023625563,2.201299859295757,2.922893942941007,0.672710637394387,2
3.573550563449078,1.8093628698018431,1.8976671375257648,3.627005844533753,5
2.5118197917208187,0.7272469781510322,1.9333298806645254,2.776172286024499,3
0.9171513695805897,2.587491032070457,4.227072531864442,2.3441578252713984,1
1.6381837022390815,3.5111193214519205,5.12829321755275,2.8942500560464843,4
1.5584115964784997,0.7478859177204892,2.533630210722948,2.226473895440855,3
1.7362139973000412,3.5519627518833405,4.911275049732825,2.3702533979105134,4
1.6666331082064232,2.9001144387427256,4.4697066983849005,2.7008212919496946,1
1.611722480780824,0.873687761161294,1.9896860632814322,1.4356848008085146,3
4.513738485224185,2.649844169488287,1.4712426221011181,4.083771389837098,5
2.9937711932892452,1.804096733745176,1.2852016314975925,2.1023516740785384,0
0.9319351439216201,1.704971181855299,2.9636259151927655,1.1972475867271284,1
3.5573920888430695,1.7390912773237222,1.9306970667088343,3.606002294097984,5
2.917963519045058,1.7128761435766147,0.9839216542753824,1.9983113646920767,0
0.9205436771156874,1.6901335213248783,3.3653035434494427,2.110872615301606,1
2.5363751716891714,0.7973711156852616,1.9753223695679416,2.7971179528990655,3
2.6674256811404757,4.551907022852459,5.893657694669094,3.303242913762103,4
1.6169199103039427,2.1699557107248895,2.85608768882312,0.48718869281025823,2
1.6878424815514013,2.9178554131543657,4.489698681108616,2.726197221420849,1
4.72506087704286,3.008670500194768,1.309500335266167,3.961782925619035,0
3.4746025363038435,1.6049714117803675,0.7662026508880125,3.0763326178459685,0
2.703347873271849,1.236104423525555,1.5701363025458455,2.3932451239339434,3
1.5752230176821507,2.135305158113464,2.836508590105194,0.292549076970279,2
5.51044922295487,3.6075087275646127,2.8740208601465653,5.344592645404661,5
0.7895459270324657,1.6458533739498005,2.9516632150283986,1.1140384113031798,1
0.8590222884218087,2.5641855597601433,4.212032209165738,2.3146942674388704,1
0.8628998978695371,1.643169584749704,2.983248049054993,1.1416825509013995,1
0.8865667433151277,1.6835678576242123,3.3667441445042052,2.0966020245907426,1
1.659471495299777,0.9330973513732584,2.0960166475689403,1.491654201967781,3
1.7417027640031515,2.9985231311212335,3.8799664085834906,1.3089082161087855,2
1.6706308142979716,1.011034445909811,2.0584129578298653,1.5223267244200522,3
1.374234491886395,1.9301215823794629,3.5446113190555257,2.318520252803586,1
1.754790136684418,1.1492562106257678,2.115594199595005,1.6107869844694163,3
1.793106366295429,1.1228651429753285,2.188132082318106,1.6234302883565794,3
2.0868485948299025,1.6213359239220406,1.8578321052034434,0.955317698909347,2
2.209268428085795,1.6923514234300823,2.563834549644256,2.0757686730434832,3
1.7296394773626211,2.2302332136649907,2.938971823318953,0.709298912911016,2
2.1012450918438748,1.6236914767321826,1.8476600767274962,0.9799251905987023,2
1.4076887777337301,2.7662651538530962,4.374031853533814,2.545590546877004,1
1.5302738568016994,0.7034762811328413,1.9753655499417226,1.3604390580271808,3
1.0283223301953395,2.6337854316253955,4.252642589626159,2.39392383658185,1
3.5108730059356192,1.6412023341297188,1.8089022725766346,3.5567212677259903,5
1.7764880789776385,2.2980436765540238,2.934221029705593,0.872248267489027,2
1.531089826189103,0.7242811121456736,1.9714467301443206,1.3721424184250721,3
3.8346871401872358,2.270763151623134,0.9179192195870872,3.0173801143653867,0
1.605418949433193,2.917889912643355,3.835533244982681,1.1225483538951309,2
1.5660177577310987,2.1271078886228683,2.8603960380940356,0.26644261167960975,2
1.6287640569259372,3.513758776784056,4.879696825130003,2.3171255123416272,4
0.7756698698169169,1.6089726287318238,2.9663827002479284,1.0967065768376802,1
1.680097172793741,2.964949364616538,3.861416234953183,1.224572701642506,2
1.4342891961021542,1.9670034816501054,3.564752895285834,2.3522387300569565,1
1.5699521767632947,2.1234680923515534,2.8265065503513247,0.1331724157641468,2
0.7593168792169419,2.52391060579699,4.196030927753188,2.2788643484305084,1
2.0593046040813623,3.1518786936839165,4.375084181773075,2.4092425975442544,1
0.8418347868703223,2.5643622362119007,4.221361466619413,2.318998401063101,1
3.0239139500769445,1.8461675920551555,1.3178459998735093,2.1262090880715103,0
3.797128966706708,2.210178205387265,0.6969961715630195,2.9659751799453367,0
0.7652054222435569,2.5330648838326333,4.20685818644328,2.285267656748007,1
1.7427244965040058,1.0247995810289612,2.662664567961322,2.3353898066362984,3
1.4094581116552576,1.9706029073259788,3.2011244181531917,1.5881945999332376,1
3.5180545824335514,1.659761506630355,1.8425572410609035,3.568922077123429,5
0.884243309488395,2.5840986192696644,3.9167240954285303,1.5696038805324797,1
1.5323535433252173,0.7044546765697233,2.526859635640887,2.2030190336043343,3
2.5080931714820354,0.7673724080231885,1.1695767610809058,2.17993653553006,3
2.5029223754406997,0.7210936600315672,1.939336498811148,2.7758511509753507,3
2.133160613983445,1.6843831919798045,1.8973639073222706,1.056037378814073,2
1.0910474425071865,1.8165397544148265,3.0273514268471766,1.3353713561127436,1
3.4759565473002607,1.6055237818036965,0.7735057630094545,3.081363468820376,0
1.5794650512958772,2.9016788781214946,3.835706513394385,1.0929343093436226,2
0.987535630019403,1.736211524244143,3.378292382531536,2.127504190020787,1
3.8796474149330624,2.385522818099488,0.9725622449725343,3.0796967923198153,0
2.6269976816350393,1.1346864705704833,1.3343532873957165,2.318495567807307,3
1.639758298636868,3.507370528127635,5.112216004661429,2.885550552584084,4
2.5162462630929077,0.8275202778955046,1.1310051958448002,2.183064223039054,3
0.8299343616089593,2.5665739935237983,3.910076377544937,1.54112058721965,1
2.263239918897624,3.8611284604908587,4.86088304216061,2.1968125407121706,4
2.5021099465502172,0.7970208761791452,1.139895981073953,2.1799865354398453,3
1.7227614741339377,3.559073115505473,5.146519179681016,2.9401406352370096,4
1.5513437291844465,0.7148217242156435,2.513274454003989,2.2068531552538517,3
1.8711489977052425,3.6338626619328465,5.188212818342251,3.0308575723412914,4
2.534766204360852,0.8565776226950539,1.9560854838712867,2.801950403252252,3
3.477679913368575,1.606086970033974,0.7819717536187921,3.086920669402489,0
0.6926594367885974,1.572621435682906,3.3290743009371178,2.0207406283251386,1
4.497295369017038,2.5967363268686046,2.1487317720988326,4.414221578708994,5
2.603929954185879,4.501340047493737,6.068933237306188,3.6733373960344844,4
1.7390430398286452,1.1317868944498066,2.1126953874056538,1.5986612976490635,3
2.0724702334994287,1.5853849804951168,1.8424316273399788,0.9128649868986234,2
4.469455460811898,2.570336080460215,2.1042810490554973,4.392669914995632,5
1.725652525281568,2.2266332607729273,2.948365729454778,0.7483842575153471,2
3.4868846285490593,1.604112683593944,1.7725830472213138,3.5405513675941647,5
4.657156154342767,2.8563324502232184,2.5078543016739903,4.5759670116873545,5
2.5135480761076177,0.7559348340146429,1.9244280610630062,2.780789013081125,3
4.476010076626893,2.579783751607099,1.4015227266603294,4.041764924112567,5
4.476741175273275,2.580243905760145,1.426186868955007,4.046240559671296,5
4.605209747794694,2.811864492095431,2.3430109256991463,4.533296159683835,5
1.528637741998917,0.7278243266603454,1.979862614383722,1.3830404531659137,3
1.6740148066325713,3.5366665508085844,4.883052730624088,2.349002092091368,4
2.0898496702957257,1.6047971520522453,1.8346422098982362,0.9312253173535971,2
2.1581105249261228,3.794816300252977,4.826786532561272,2.0853835124670166,4
2.144608636406335,1.6633378804599264,1.9500646314400838,1.0739468533718308,2
1.5405249232890126,0.7675872675283176,1.987055260193893,1.389710304786575,3
2.617234535982552,4.520327082072798,5.87624967742568,3.2597549755354485,4
3.00881367881958,4.734490530093977,6.2770202005281694,3.9645554051455645,4
1.6717081592142826,2.2206472693306885,2.8896217319084614,0.6453405456169934,2
1.8746416627556288,3.6469803100887916,4.9523519638424425,2.4976966020280105,4
2.0712693884325497,1.5293534229998949,2.46000501219153,1.9371085477542669,3
3.477435354081423,1.603104184216362,1.7603752062479732,3.534233710509558,5
2.9636102892814007,4.729637045526169,5.829840826101933,3.0885648233044165,4
2.1341276378378122,3.2123613678121825,4.10671253353561,1.7717980303097025,2
3.530517363745779,1.7094595958437329,1.0622335871616841,3.140699616906188,0
3.5595840624983337,1.7600959480940603,1.1334987696111651,3.166168485710562,0
4.709332701673373,2.9672025714803154,1.2911525239992534,3.936917383103678,0
2.073864348831742,1.5103009980919624,2.43442503925714,1.9307374016044998,3
1.5549656617768648,2.1170488565459897,2.83550643384699,0.0894887984729085,2
0.6635801882699458,1.5667091526706258,2.93312911453596,1.0270679081615852,1
3.0527470247088497,4.796932228084089,5.871950359217384,3.183962159352297,4
3.5701982595144486,1.8157927804876774,1.056312432558774,3.1878543641929205,0
1.5738062745469428,0.7642254821005956,1.9996963309656526,1.3920999171173543,3
4.494397060411954,2.6232902551791946,2.1586709608278647,4.4242125556516525,5
1.7278592961039339,1.1019399415685163,2.0919143120099757,1.5793134335882346,3
2.282023616518915,1.873343141214476,2.036715278250937,1.3313738167541669,2
3.492758589809098,1.6227567142656598,1.7639352591743613,3.5472410526098037,5
2.6961633170699293,4.552591993770998,5.919122535668708,3.3202392607755864,4
2.1235014283202944,1.6448502498566915,1.9259520393667215,1.0218600708451142,2
3.522689027172975,1.6723199418345003,1.8617879081652697,3.5748467232195584,5
1.671922478460171,3.533338217162073,5.140226080019972,2.9202468201045986,4
0.6733429057953412,1.5497103689721,3.3121629298660586,1.9945528980287779,1
1.5946627811535006,2.900042815618181,3.8268613925912907,1.083925591701111,2
2.6517054899994905,4.5367799195885326,6.096034108311672,3.717256374810217,4
1.414164365024126,2.825446720147284,4.05653637149413,1.9139607907570388,1
2.8023518598862527,1.490834781905261,2.2574891436127964,3.0476230066154852,3
0.6600139883299205,1.5743086210557025,2.9239816708322888,1.0110066816091186,1
2.2682671914889734,3.8666154400036716,4.869441462930248,2.2135336486023154,4
1.6815304735702756,1.0100394632173033,2.6049373340358084,2.317325763442695,3
1.7184378545788281,1.093193204675916,2.0968942886439725,1.5808722018137777,3
1.16510126973658,2.692255583278321,4.27845487633268,2.447445763072914,1
1.636569165903208,2.933483378243844,3.8371882639086126,1.1430344035360855,2
1.7018437666039294,1.0674814959777,2.087557949745034,1.5650083092836646,3
2.329710109649332,1.8781622249928331,2.1480729242616143,1.3821738485418233,2
1.4321543808769621,1.9777253562558537,3.198239040768315,1.5954424459679355,1
4.731127241587128,3.0010033785625376,1.406706493167229,3.9666193804839796,0
0.9585388511161658,2.608865790800868,4.239393133866611,2.360245401029403,1
1.9749177871706372,3.6656064257374488,5.00766352105952,2.5516669448937774,4
5.509803391634708,3.6365185604003805,2.3872828089089095,5.064713029012387,5
2.5670227917734696,0.9299588365347661,1.3021470834578501,2.2375838560142753,3
4.681463440770123,2.9401280433817454,1.2018191085915453,3.911073357531249,0
2.076159709781099,1.5912232453377642,1.8651115596582006,0.9286589057916751,2
0.8316532119544451,1.6361969485581753,2.980622610965905,1.121810137637506,1
2.2750862612964475,3.8695536593659905,4.870708029606852,2.2212278525784894,4
1.7085626004349586,1.0373860303999278,2.6027523403677826,2.328087597672949,3
0.8551352793750046,2.548246139094069,4.225112664424904,2.3067416996432266,1
1.6426185848355004,3.528856164017872,4.892363112709902,2.3326137977309,4
1.6585449550605347,3.5309275923291805,4.879953307882214,2.33067480043641,4
3.5009991040274038,1.6565974423471581,1.7888219213150705,3.5576605596591766,5
5.530728494024549,3.635699517015057,2.9131883923782675,5.363570172843897,5
2.080813862884,1.5964485059914197,1.8367398536856072,0.9409363666024233,2
0.9204401631692885,1.6739288693286778,2.99941438787301,1.1713524624155913,1
1.1374246012673666,1.8354666086875324,3.0333262336526254,1.3733320449110542,1
1.6967719232408238,1.0402049750825686,2.60799765210552,2.3194184767361574,3
0.7404988429082143,2.537852820643449,3.904276770374937,1.493107414906083,1
4.476741175273275,2.580243905760145,1.426186868955007,4.046240559671296,5
2.510418380913457,0.7405161440750195,1.9548277771902978,2.781830962937309,3
2.531097706820943,0.8505120397439521,1.957879361739677,2.8007345828022445,3
2.8610772036112495,1.6106336999897828,0.8676547057238643,1.918134592188614,0
2.160548157708083,3.796436961629031,4.835733044689441,2.094294701220831,4
1.038444162630576,1.761346553497442,3.387056983012247,2.1510923590692577,1
2.9485502397197507,1.6921493160768655,1.9719917909000226,2.6562692205276583,3
1.708777017494404,2.2416036054642365,2.898564164199655,0.73747300151938,2
4.500626510844927,2.6025309987324174,2.1630932346417735,4.420049204336567,5
1.7004730948690543,1.0612933605287331,2.082846376731066,1.561686238103021,3
2.4986089588546894,0.7470217287330209,1.1031825737475558,2.163382976690544,3
2.2547356874334,3.835452126700551,4.870951603483563,2.174809116906498,4
2.6348054727765478,4.524781939093513,6.088015884891904,3.704007462279781,4
1.580493786780394,2.0760403536012784,3.6329181553593193,2.4439827260818086,1
1.6814630873109542,3.5369416554231945,5.1369566391891945,2.9195556893227432,4
2.1738100813214127,3.802043295674007,4.83979484566308,2.1009318331426936,4
2.157723081347404,3.791220768086972,4.823953329525193,2.0812214340237087,4
2.527193104306794,0.8459189033207525,1.9666880622116074,2.80385729465243,3
1.2748813589988033,2.7033838230282994,4.33292035759064,2.481772245311021,1
4.716774182703415,2.996627778727181,1.296641704067505,3.956181152110515,0
1.5554884634073385,2.110243354671498,2.8342186205524773,0.13592653090949333,2
3.355953146388648,2.3293928946584663,1.988170022077581,2.5768698287965597,0
1.9964233477737028,1.4796027607297506,2.786725959490155,2.5510801023450136,3
0.6879715687460568,1.5848620368052602,2.9223470496975694,1.0272472875323413,1
1.6675896860821249,0.9862874848740721,2.040576398655345,1.5133377088031512,3
3.5304672111455617,1.734194764893157,0.9377872685425721,3.1431918239626455,0
1.5649250726243582,0.8301646299963993,2.005187903076282,1.4162147739480406,3
1.5247738496908079,0.7006464406253169,1.985987614307096,1.3683142349862283,3
1.7258096205243332,2.9436719019444264,4.2127746003486335,2.1281417306098853,1
4.684026218338361,2.9413364468439207,1.2043765559896877,3.9145826383389646,0
0.9421476321154576,2.5827408776787744,4.255555164966344,2.3474117844715385,1
1.6507179560527978,0.9538093766098589,2.576418116845012,2.28141344017058,3
3.7563865231774782,2.151941488360984,0.3474016370771321,2.9155989316822124,0
1.6206934510026685,0.8982281674226182,2.568056219631089,2.268473654433172,3
1.9873005404636745,1.3824863079704224,2.8389962452681603,2.5233782294345035,3
2.1905757439413556,1.7618496631674612,1.9564658128151076,1.175425762979082,2
2.5376991343578457,0.8931473235705353,1.1765482328137562,2.2164773591704594,3
3.7685809082982535,2.183353688737252,0.40244936923861285,2.9322090214295553,0
2.155710574763338,1.7089473714946357,1.9063958325429633,1.0859970859480437,2
1.661874520101266,2.207531295821126,2.8782544469273463,0.6147037751629231,2
3.0559882744891884,1.8979302362228418,1.4234853076202154,2.1861344070333883,0
1.582497046602435,0.7881471531839964,2.0179450709591418,1.4076759860513195,3
0.7138139245148205,1.5984865112075521,2.9280856478598096,1.0518147798452824,1
0.726769029031488,1.6054461900109667,2.928496395795812,1.0524406807342297,1
2.3708975181189156,1.900239905380453,2.718518624062138,2.246699547602686,3
1.653473726687672,3.5187812264269556,4.888215031300059,2.3300410915573626,4
5.4799631726304,3.5808498283378514,2.321214471784743,5.031408838820719,5
1.5488203070260615,0.6849312178325306,2.524036666864832,2.202004883243145,3
1.5826823952645708,2.131834378877495,2.825552785117094,0.18623135230373283,2
2.5081417495179714,0.7658738738705605,1.1288490699727178,2.162248901327342,3
0.6612767693924531,1.5674344421296458,2.9220109558294536,1.0038898137582775,1
1.5622094760938006,2.1203261704282674,2.830610606808377,0.0967343699225431,2
1.5757760275108943,2.134335204941712,2.8350628603212873,0.2941974990051964,2
1.5906996657698143,2.9097550728631214,3.8409824858051937,1.0973463484106172,2
1.531529260184501,0.7140955080264821,1.9660246969317652,1.3676958077474421,3
2.8523030104017604,4.640430245286558,5.990461465631879,3.4363175288640218,4
5.6358574716522725,3.8254836884309973,2.1877009738355793,4.90770613096499,5
2.1324324761071844,1.6036752452256895,2.509814960063908,2.002316317257595,3
1.6691991687888257,3.5432060885128083,4.895656400401945,2.349872719675749,4
3.682865326949104,2.0264153738847255,2.085357075165779,3.737637024489303,5
3.76551127417974,2.1661518481504007,0.566414057560106,2.9351915405878395,0
4.469719207924917,2.5770785905362312,1.4005077605615697,4.042736268097408,5
2.2376165319274492,3.846456124785743,4.854346257144587,2.177782002432029,4
2.679137538654436,4.551485880528675,6.100246019405117,3.733457586749097,4
2.8807901940408724,1.6268367396720407,0.8552873090297188,1.9319451179530933,0
1.6683552850342531,2.180386551466025,2.9016539022849273,0.5887496401413507,2
1.542238282346334,0.6950042769051528,2.539264518277316,2.2159462970678647,3
0.803706073732927,2.533605424387747,4.215736680934006,2.2969560458228795,1
3.48952367627238,1.617191336576093,0.7875085748240013,3.0904299369444512,0
2.190866671336989,3.805454999073876,4.847503846701067,2.1222995218082423,4
3.7872687485365724,2.212173439855111,0.49525110226911684,2.9568650117489446,0
2.0694462460913146,1.5890926470665727,1.8423337516072733,0.9127956341766564,2
1.7357553729683801,2.9788051254919132,3.9085781523296608,1.2810336580372719,2
3.4811849396431165,1.602018245112413,1.7883726530244874,3.5397041179359894,5
3.005329878853984,1.8539607157581024,1.164710756743465,2.1206963527540337,0
1.6500805677297787,3.530790032021199,4.888743165893318,2.3377449385406477,4
2.329869035258186,1.9323506276807623,2.080563807327081,1.405221601988161,2
2.5667288859787507,0.8784498886734392,2.0114738272793704,2.817550389660701,3
3.4783571104745583,1.605699186460272,0.7803414886867462,3.082352987511665,0
0.7046348064828811,1.5691332055158487,2.9206928845092257,1.0106157165180865,1
2.6548566126218924,1.1765397114619218,2.0874922382819245,2.912685790685013,3
4.7072642426309015,2.988177468282128,1.280809016648951,3.9425950485540957,0
1.6714972743331675,3.5377174470854373,4.887804090870558,2.3537397152104993,4
2.109723675193448,1.6435201119198253,1.8671138557038627,1.0112874302111907,2
5.640707495200722,3.8317637836976814,2.1911368899742,4.912666233716138,5
1.5616122541721913,2.134029014260962,2.844186587089208,0.25064681582602677,2
2.2255153061040356,3.839632421944922,4.848313606899857,2.156328766842103,4
3.5781381330026885,1.7874257396664444,1.1691654505780091,3.1846517430158428,0
3.5575894564365655,1.7529000948088318,1.1201962765171496,3.1652657934859034,0
1.2414766642779582,2.7401047613752336,4.004414742265878,1.7896674669156452,1
3.4877788662675413,1.6276672240358272,0.7660720082206809,3.087181636740283,0
2.632945529747402,1.1465616164422845,1.338575470659751,2.3227073425719182,3
2.7167310988005724,1.2514007375806793,2.2422944881972713,2.960685234445309,3
0.7255018581896708,1.589269748866874,3.329128705180035,2.028589067955541,1
0.8714613637771982,1.6573180811518016,3.337816154740825,2.067217656894502,1
2.5251199666518938,0.8066080949988526,1.9381954050509258,2.792439048254513,3
1.648223916550547,3.5140039121689646,5.13511512617448,2.900467950739414,4
1.0980404928372425,2.670405958386119,3.961788600058507,1.6939979036556188,1
1.5900482816400383,2.1546102977479418,2.8511369595613,0.3821707963949053,2
2.414213314831655,3.954137189779348,4.924682390373792,2.3550171026681697,4
2.110565746478162,1.6425307630645964,1.8615627462950486,0.9989837304885409,2
0.9230151915880753,2.5830257408232926,4.216759613648042,2.336814476905196,1
2.5161916295297866,0.7473409546718486,1.9524331751668824,2.7828649642908037,3
0.8651264902830382,2.5738692858782297,3.903948077309118,1.5385852213361235,1
1.633261796558284,3.5107435167519085,4.879316586605233,2.317047299677291,4
2.5369828707681856,0.9059837512159833,1.200191895839259,2.224156644578579,3
1.6023502170102504,0.8518672212453011,2.558136020603346,2.2596199084565223,3
2.516392856541988,0.8345099348349958,1.1601078922249732,2.200598622671618,3
2.60770053769948,4.512509244620378,5.871540288653371,3.251062943630896,4
0.9476818083385189,2.599043760452521,4.232391711199304,2.3562876762232623,1
2.5318767490692946,0.8797250352917446,1.167817810502376,2.207956709124005,3
2.8765461130383323,1.609847368951878,0.8692131557923033,1.9286696464577928,0
1.977038334981493,1.4001354758402875,2.3743937920366536,1.838479197703348,3
2.855431129475711,1.589783036881386,0.8806679227091551,1.9140312028877988,0
3.0024025542324972,1.8103841442604363,1.2780433476960853,2.107376765588175,0
2.5060231370692634,0.7190574199900065,1.9201334051467602,2.7717589762097106,3
3.514310222587342,1.6556437628155611,1.843914005037299,3.5678696045610305,5
1.7837130625469448,2.96960759524545,4.522539412111037,2.7803317689363682,1
2.2912283394062833,1.876356466569936,2.0308956375544334,1.3383014566965412,2
5.475461108854146,3.571831146307169,2.3451679953079183,5.024617622034147,5
1.8030647903340629,3.0147077482298155,3.937428159626184,1.3610736718769907,2
0.7169191120995637,1.5736652708520495,3.3399489319510343,2.023030037926719,1
2.8974058918728764,1.6739739398706615,0.9302893987439428,1.9675000683684494,0
1.5891656972129766,0.8417236367065836,2.562934941823124,2.2556933570420683,3
2.531651901846288,0.8224409413185181,1.1835719423949074,2.188390410964956,3
2.913569947475553,1.6067474652200686,2.4665116100012323,3.1345179704914483,3
0.7951917623409229,2.541108142083363,4.202691753342639,2.290898480523507,1
0.8907210802193907,2.582876005943204,3.9101485981896458,1.5600456187943386,1
2.8708933465079185,1.6160620124765663,0.8579246733128841,1.920242189570157,0
1.0334658762971682,2.6426158397858748,3.9455065448807707,1.6515052283528766,1
2.6732321466915354,4.549279525731411,6.098948596455862,3.7272764895921013,4
1.0508149958843456,1.7335612956630602,3.4369194913619387,2.1591093248821633,1
4.555750722697999,2.7045377981519927,1.68353716302219,4.1287735291694725,5
2.244072646981902,3.262706628430572,4.732022969070506,3.090723864788666,1
0.7343181383448478,1.596329856907475,3.3261313393490806,2.022585447567965,1
2.6854957268285147,2.2870900340208533,2.536169618524456,1.909077149680853,2
1.3522705875838175,1.9671880416778256,3.484940696110046,2.3222265513410534,1
2.1518506935358923,3.7874805995656238,4.8301373319419625,2.0900880960124395,4
1.0748407324849674,1.7787615226156137,3.388248503907858,2.1605023201945106,1
2.5704317167702264,0.9466710570282021,1.9807525544408953,2.8316475878918834,3
2.202441696228775,1.6692819548539954,3.002244379063091,2.6945336828565285,3
1.6697806806384408,0.9081888285276213,2.617107147819253,2.288036252917515,3
0.6908787137199287,1.56023507602902,3.320365652405415,2.015877559658257,1
0.9517093319847447,1.713246045380939,3.3735436904250853,2.1202975902636614,1
2.330296350186999,3.8826497304786423,4.918889364841266,2.2607299805599066,4
2.2139005138287255,3.8339123828113464,4.848366228844021,2.153794532922175,4
2.211566363310474,2.6004496778237765,3.255480024485303,1.5382865370292225,2
1.7918205723233462,3.5725606317571894,5.183541469959861,2.9734057435609147,4
2.717505201952577,1.2359760997324492,2.225778327090339,2.9598157143035424,3
4.709517958671166,2.967987759881712,1.2629984947861175,3.9306774089758614,0
3.1398112374133014,1.9841423060740393,2.755449424148538,3.351984838806872,3
1.6104213828079215,0.8685250920642147,2.554109264389162,2.255576316024355,3
2.200478272511316,3.8120507920674704,4.8478276427204,2.1198677871365086,4
0.6842106457836131,1.553663660235522,3.3142375330860387,2.0069081048127555,1
1.5364632302903973,0.6864076922921928,2.5312978650388596,2.204617374843886,3
2.2957916419353466,3.3143225002638306,4.191588314586041,1.9604991848942173,2
3.481287025630797,1.6200955961737786,0.7869470839342261,3.09024285598278,0
4.48364139804681,2.5905017705481286,2.117023878948573,4.406548367194808,5
1.6420792640306738,0.9238172179700133,2.568840038193689,2.2793818895309133,3
1.6736597317071238,2.9572791388099935,3.8537362646582674,1.2119524627999605,2
1.5457076376170567,0.6843176801604195,2.5230544051183093,2.1972997625091972,3
2.2752467081468293,1.7600028259191414,3.0575339332930724,2.7545212424442664,3
0.783904469074279,1.6028503076545857,3.3154079841776514,2.0305920397473898,1
1.5989913950327612,0.8621818360459489,1.9985111333671175,1.4387863300499413,3
3.489452794208315,1.6051028442879158,1.744773462006811,3.535754252217969,5
1.6895067473913596,2.2306332209815123,2.8948530243178943,0.6980855450766137,2
2.0841091873394593,1.5942907022363912,1.873303886204644,0.951605181243718,2
1.578695171125324,0.8044955362368205,2.0439166894305045,1.4237276445996352,3
1.9071650100145285,3.1048145864027528,3.954552346193111,1.5295440018763102,2
1.67674769130807,1.0203769321994487,2.063781442458101,1.5323659602408932,3
2.598694176096808,4.502300208015836,5.859141109576815,3.233639076480806,4
3.509297664314838,1.642234535994349,1.8205247963309015,3.560025481463961,5
2.217977846397544,3.8405977820785124,4.857514481411021,2.164958875265381,4
2.2294058693174033,1.7978291809691114,1.9737753096395039,1.2394192097419798,2
1.1428320860675871,2.677520551093036,4.26794252515031,2.4355699367589287,1
2.537109061206382,0.846248241160922,1.2258094502925747,2.203489221078802,3
2.391006260426838,3.3793889198761797,4.2451685595932815,2.066416857544789,2
2.0769800611062417,1.5891980470628346,1.8334776503639751,0.9332270403024148,2
1.6042173590015127,2.9141327673611404,3.8303392774458516,1.105584089275161,2
1.5732668367157132,2.1350502575065584,2.8371455750463266,0.27360935041566875,2
2.5363571613323885,0.849032196554732,1.2456400265922907,2.2113993506373455,3
2.605606227110576,4.507056269171273,5.860950494131945,3.2469724637824093,4
3.4941572208048153,1.6288667267166992,1.7662529268173217,3.54834602210786,5
1.7199447614840961,2.176872054504714,3.699024001280873,2.542258038024634,1
2.9947524605729763,1.807309378114255,1.281085363153038,2.097588285529655,0
0.8554844716458504,2.5682278241244596,3.9006118061330657,1.535157031894982,1
3.9416975877030542,2.4852908390497306,1.173445847526206,3.1591883686330493,0
2.5071935993773278,0.773112750924726,1.1033919413636604,2.1717693645925515,3
2.6264554727322738,1.0738113874171997,1.4293893148617822,2.30624676370665,3
3.9679980742230905,2.458582490439516,2.1160732858681195,3.6125103814613038,0
1.87188482113361,3.0858770956266057,3.943434612636431,1.485571565583909,2
2.2114027629735133,2.601478919749663,3.2664428556542418,1.5595595194298038,2
3.492058545486671,1.6368740441990872,0.9122509961038876,3.0990483517358056,0
0.8216787274674441,2.5385751501823637,4.215311257586815,2.2902248684408857,1
2.6033020980711408,1.0407004446213153,2.02179603864584,2.8637557142586307,3
4.479069413922562,2.5843508965953808,1.39776628237849,4.044742480586989,5
3.4852181916574883,1.6261242608821864,0.7835462554519896,3.0913471887088257,0
3.4894439778093296,1.619630494516236,0.7748722254634574,3.084202020772672,0
1.7544974442854726,3.0074359351491777,3.883645878013281,1.3137499329323912,2
0.8870323364281976,2.579145689920003,4.220911685150703,2.325345433210166,1
2.877505747370109,1.6185598145947284,0.8980674772324041,1.9267151938983176,0
2.4780047726774694,2.029668653603963,2.8214057664246677,2.3651836858579163,3
0.9770698338488223,1.7263043618931513,3.3784051104372343,2.1318666478869734,1
5.473422404203103,3.574309264481935,2.319460880657288,5.027865701113936,5
1.1015840451246732,1.7651302865284655,3.055953805973801,1.3097914475676058,1
3.601332425740617,1.857912998065088,1.9331960327679816,3.6535043952859807,5
1.6340005245850464,0.9442674798467572,2.028456999795241,1.4747331136968336,3
2.59881676933648,1.035282923451534,2.022221678401723,2.8608225034432953,3
1.2923621964297554,2.720703358493447,4.045748810119276,1.7996677304361792,1
1.5935607533683238,0.8184053630700264,2.534323701449754,2.2373486172644492,3
0.8113224239434261,2.5510355705922745,4.211763814487236,2.3020870932813415,1
4.474399457147034,2.5742646516395538,2.118244032199874,4.402123485296047,5
2.50653775208463,0.7521454562084057,1.1283087941124956,2.1699551667782333,3
0.7812121675224346,2.542645514150273,3.8901868539791113,1.494677673531357,1
1.5325393845934117,0.6987758098345832,2.5387011238486603,2.2131852342248273,3
1.5490030126127148,2.1141192678937877,2.8361183602618785,0.08991472158771367,2
2.662533248385111,4.542416589234998,6.094611748484041,3.719151687610065,4
1.248073154341557,1.8985366478783838,3.4525971846200565,2.263552369243803,1
3.1634752079555244,4.865072384912467,5.913672278549497,3.284985234044391,4
5.8062405889841004,4.04863859535277,2.6033305813519836,5.0928845727708465,5
2.975387537708931,1.820318272299393,1.1399952749721478,2.0851058972797576,0
5.582869999813597,3.710526594086386,3.0172192970742997,5.4154657743685455,5
3.4783947374759476,1.611505313052271,0.7740607879935181,3.0842825740781312,0
2.11879388131484,1.6357118763380836,1.9060360363583537,0.9987589752995002,2
1.4920773218397196,2.015075712359842,3.596293562579333,2.3887324978923057,1
1.6540053447223568,2.203766080122576,2.8754471766007583,0.5774795787125501,2
0.7638215502652325,2.5205853563966585,4.199554851658584,2.27364955178083,1
2.962101075415069,4.72797687198308,5.829400324153585,3.088193493300977,4
3.683836813897225,2.0286458388478565,2.0883924087733954,3.7391990107973903,5
3.5814238546555424,1.8225336893232473,1.0372003897382347,3.192258301306985,0
1.8221408213184558,2.33776178122719,2.9606548604124603,0.9542206457429631,2
1.6253011909495927,0.906109414379622,2.5693566785110713,2.270973999395945,3
1.1701076132559856,1.867537607882641,3.057482147505075,1.4099877467656157,1
1.0793933286601642,2.651825721458854,4.253854726394003,2.403773402296841,1
1.6231487968289975,2.92967482696766,3.8418880051589688,1.1490301622508223,2
1.5546345564419404,2.111782205976772,2.824303644804783,0.15622605814359536,2
4.711724072452757,2.933895334121518,2.5879270828308716,4.624082638470489,5
0.907675939983842,1.6860659111469205,3.357651937060589,2.0932737797682206,1
0.7714566709919102,2.5350443496190214,4.201227130289341,2.2800592656094096,1
2.1613935981697505,3.7993696435173168,4.828518240214002,2.09953066442524,4
2.8910965867535072,1.6399013184836106,0.9635383761950186,1.9482565803378726,0
4.702184016007279,2.9619602561673797,1.2236209197634567,3.9305098343713296,0
3.2146005753284626,4.875487163710177,5.970709936875592,3.3245323423394555,4
1.8723744463436125,3.6188403711760353,4.974921080621793,2.484902677598362,4
3.619781878289791,1.905179410361972,1.9776946591398998,3.672892398421086,5
1.9409271147628224,3.1265134519187914,3.9658079419923196,1.5577904867323296,2
0.98562382976222,1.7506951985625718,2.99729932065787,1.2606306534270575,1
2.53787352176356,0.871363450786388,1.963273843195587,2.8060643947469273,3
1.5794330889774246,2.147026908214804,2.849382441134098,0.3612616003375803,2
1.6648562308325492,0.9939227254082612,2.0443888417485176,1.5063762795425637,3
5.663534036499779,3.865670688559727,2.223800799355386,4.935827170481922,5
0.8911158200321294,1.7014650624212384,2.976116667638325,1.188514218293068,1
2.5072945182480866,0.7681793872101946,1.9331340714553864,2.7772598449785995,3
1.5310191337979562,0.7240978992311424,1.9663501053800447,1.3588692343114976,3
0.7803852785160322,2.535636312937848,4.216530290557693,2.2910310901750326,1
3.103010108240888,4.8086695939139155,5.911019123982623,3.2192470538760345,4
1.5565625354962969,0.7715229318720083,2.5421491485836167,2.2257501855628767,3
2.9900569825133863,1.7980241275133297,1.277128883178512,2.0982288061728966,0
2.980310273473526,1.8160090529602015,1.1226040211336785,2.0901719923713604,0
1.6182325436688358,0.9272171829259939,2.0307316210120425,1.467231745310245,3
4.779637573912069,3.0513696309892544,2.2322313490215513,4.368015377402381,5
1.7203909841255878,3.5470332765373236,5.1668448958897475,2.941083120611331,4
5.647906065524405,3.8373082216433128,2.200000786567041,4.919012631538895,5
2.184493876747263,3.8113137409131634,4.831281504902478,2.1227405955456033,4
1.846676315193546,3.0662006086809717,3.927069318175953,1.4499107425628226,2
3.477473464188426,1.6041543040284225,0.7837826675189323,3.0833364879941083,0
2.497681854752129,0.7177611054354822,1.914981896448511,2.7617885744158,3
2.552161457614262,0.8574478691006145,2.0188134367730557,2.81741396170405,3
3.489983265181263,1.6232689959178368,0.7605255570590249,3.087848679394788,0
1.6406881481672329,2.8906259086578343,4.468868876557907,2.6945622607736857,1
0.9140429901803581,1.7047474423979156,2.9664735337727794,1.181156627823675,1
2.548986530665075,0.8885972084598168,1.9689263044011307,2.818018948043362,3
2.094467617659609,1.6256826997218874,1.86070135400059,0.9890823093492619,2
2.8558328423401305,1.5980261399823203,0.860194167190436,1.9177877001350694,0
2.647757388242679,4.54095170869277,5.888031413233492,3.2860670848623474,4
3.7426365745811303,2.084196788728642,1.625711848888673,3.3657704738643375,0
1.3405605825003835,2.7691814853593066,4.318243936457916,2.5355910568775055,1
3.5458511872367047,1.7401568608839502,1.8302414540096656,3.593838824425004,5
2.3039179301462474,1.8971146253188464,2.0512573232582905,1.3629421719074621,2
5.706192034037057,3.932055757804136,2.3183096098222395,4.986934373787447,5
2.8942168616268624,1.6827982745080237,0.9701468215594439,1.9772828711985686,0
3.7541539194559226,2.1608238210700845,0.361130550908559,2.9230627461535312,0
3.846325917668811,2.2883279532719745,0.9556051187768061,3.028912119506948,0
1.8914357968295221,3.64979520329059,5.200774032911392,3.044187719679645,4
4.5465476870994355,2.684897618980137,1.6436731952501833,4.1201351699712045,5
4.506185051146633,2.610602105311779,2.1749986495380687,4.425471570181771,5
4.489874052731228,2.6247723808002204,1.4651325792252443,4.068359582551884,5
1.5262450854720955,0.705099320267053,1.974439135658168,1.3545197336279524,3
2.552446601391896,0.8512799137621836,2.0017929199872726,2.806407746726103,3
1.5628256592253271,0.7303453847814357,1.974603143048014,1.3745402383909884,3
1.5493038455153811,0.7456747593303423,2.5345445432001155,2.2184572365787614,3
4.511157850934659,2.6468710043410173,2.175152706754606,4.438743046015932,5
4.704078659856817,2.9834829543277324,1.2729408042612798,3.938935431648503,0
3.4936753584857008,1.646188301711729,0.8202481908701436,3.1057574837475754,0
1.9714084274994854,2.381820796025721,3.832984086363858,2.716115044043259,1
3.5265012737891173,1.7345877863633796,0.9504266139017753,3.141530696944476,0
2.6548566126218924,1.1765397114619218,2.0874922382819245,2.912685790685013,3
5.47347597559831,3.562050292692099,2.8009501283828184,5.312224000782606,5
1.7240023066735526,2.2534128470559867,2.901151050381422,0.7438734658345153,2
2.5924504951608456,0.9609753668615197,2.073622180490756,2.852525350124468,3
4.4703796901018675,2.5748729522714613,1.3969371582774466,4.040057006096384,5
1.5364192667268521,0.7255637546744227,1.9605278036252904,1.3568481251185716,3
2.517422660875319,0.7915348598490305,1.1857229254367148,2.1870309849485157,3
4.502433129468586,2.630631922809985,2.1642765200059855,4.432281643985222,5
1.8285786762785525,3.055085124004612,3.91869874285416,1.4227433531601492,2
1.5731146789317565,0.8336183197050002,2.004242406565294,1.4272036904043788,3
1.6450173899375051,3.517903871515294,4.8825053092454125,2.3165724568227097,4
1.547625904338514,0.7717612314056744,1.9849623308008184,1.396593259127582,3
3.083148554185334,1.912002407336083,2.178137863848825,2.804534019440792,3
5.464348305693421,3.56089920121558,2.308392126604499,5.018521802185801,5
2.606734164105768,4.503811513819665,6.071631371571609,3.6767515093654297,4
1.612764258668827,2.9103718769905753,3.8355702311173547,1.098556876234715,2
1.5908327762034076,2.9016280363603233,3.826911978009533,1.0830522858798541,2
3.1268932807761822,2.0553474844427746,1.441796695179263,2.2968671194244243,0
4.496717320813116,2.616614454665985,2.1378072966828507,4.419534802271245,5
4.692444024016909,2.9491080413438535,1.2793484669770003,3.9240822008078715,0
5.473814880997976,3.57508112336725,2.3172567633040235,5.026425253683112,5
2.508483991054267,0.7588264468700671,1.152837115289653,2.1789077248567876,3
2.0863437401631457,1.605542750645719,1.8392944335043868,0.9377887595290744,2
4.4901315259584385,2.5966041209856514,1.4473280211938244,4.0559396883901195,5
2.6190424424991696,1.0859242051969675,2.036834296346568,2.873824956062517,3
3.7512538794359878,2.142192466321329,0.36022494800027266,2.916496734962756,0
0.7118754357291907,1.5696712711293679,3.3170647041068766,2.019049960525656,1
3.7718046780397416,2.177849265712099,0.36586371235850096,2.9356174569775826,0
4.50157584435205,2.6079452417026077,2.1769633659412193,4.420638512660471,5
3.160639828123502,4.842942606950404,5.93985346037562,3.269768251885224,4
2.621203844965162,1.055447433610464,1.413853220794655,2.302283252716882,3
3.556534179015686,1.781725878872895,0.9933040562739476,3.168430397329788,0
2.6357191341074295,1.1574574480864608,1.3418554343193507,2.3213519278580796,3
0.8995002718479959,2.562155794056011,4.235785130612713,2.3225117701977367,1
2.3570483535629494,1.8797527848304498,2.699474827305363,2.22856784743564,3
2.5234295095682766,0.8170884602853323,1.9565160837321856,2.800559964677011,3
2.8918524956809772,1.6433459044311642,0.9720016364768786,1.9486830691284767,0
2.3720782409266965,1.982097974543653,2.123843728577229,1.4814337403245685,2
0.7451863451710387,2.5263344448525813,3.8964799334692652,1.4858191658116888,1
1.6688575294050183,2.9410548801888745,3.8737211857671086,1.1920286647123592,2
2.0674006137030396,1.5912975890187078,1.8453553508986658,0.9158103446703506,2
1.5735857577908114,2.1364500249481053,2.840409034375096,0.3300238858112876,2
2.9555387573117615,1.7737782953913015,1.06544352880707,2.0548445295847633,0
0.7611715546726248,2.53188511302603,3.8988763827499446,1.4846404363914891,1
1.573747354486649,2.12916300180828,2.8299519180740353,0.263620091898006,2
2.6750714204580457,1.2410895712596681,2.1267580015222887,2.9337367659870863,3
3.747029408015712,2.1535651501298014,1.5124288968323871,3.3825786824106414,0
1.5898548852427634,0.8335322477354421,2.5467382049790572,2.2410789141734373,3
2.562260426889313,0.8968478898587148,1.2628946245060673,2.231205963872686,3
2.23885790010261,1.7769289217103195,2.0494524250594024,1.2236164336148951,2
3.4910813374777856,1.6220169175044965,0.8177931579162301,3.0913228761626073,0
2.504881003012612,0.7444745465545017,1.1204780991482663,2.1705055269966262,3
1.2439625221203736,1.8516841519141316,3.5047560529968322,2.254787787385576,1
0.8737514401413676,2.5751779066065335,4.222193176388863,2.3250533970658083,1
4.517870196592461,2.656083621154339,2.180807331727383,4.444116602133438,5
1.5618521552733673,2.1285409486702522,2.837536657314745,0.1790360692028136,2
1.7051972501023405,2.2103576543009424,2.9234230801117893,0.6600983188618735,2
0.6774253414773991,1.5612813364043368,2.9058059391727924,0.9909838978287454,1
3.4835422047713966,1.5992091133038613,1.7587165646691305,3.5348959374253086,5
1.7702103306284378,3.5928613418356097,4.920022262917081,2.4212837998003063,4
1.7423435422383011,3.5704072239630467,5.156930009334685,2.9583066489850123,4
2.1999379617431183,1.680444604971123,2.5553547711978255,2.0659182609402107,3
2.653297067958441,1.1240094985556042,1.4611050633924743,2.3311528030435635,3
4.469613718906767,2.566423979336835,2.109176049097273,4.393881123132028,5
4.6241760306089565,2.808996260445384,1.8612265934456829,4.203050098784185,5
0.67435083242555,1.542684274963519,3.3051628551014365,1.988048625549659,1
1.805616008953591,2.325786842919025,2.9564574300691824,0.9373367624373562,2
2.564395868534894,0.9463590749912385,1.9905956785369983,2.8315162019060285,3
0.7750640853751778,2.540954292915959,3.8929112587840726,1.5033248282581193,1
2.5809718579575542,1.0001400428476326,2.019687975736914,2.851931058906043,3
2.1415273803035113,1.6793394207339312,1.8769155989270274,1.0455901617564993,2
2.648318391028426,4.532561997654615,6.089175646748275,3.7103319327993214,4
2.6520167386973648,1.1876221756317837,2.1051031315089586,2.9167579668355983,3
2.514194272289,0.7435129586820435,1.949894565264501,2.780179445394919,3
0.6848877590543351,1.5554790732132806,2.9079537368772983,0.9997840412855034,1
1.711961866011097,2.9847868013831964,3.8739332567331037,1.268837419773584,2
0.966089387571156,1.703726554275556,3.0253269903226028,1.2200781552392719,1
1.6873174429076319,0.9504816603536334,2.6389332452608434,2.303443297798784,3
3.931104461757201,2.466229841343793,1.136635293886584,3.146483937408476,0
1.6632580506539005,3.518160443750787,5.1388184784941275,2.904357111571879,4
1.6380037724593495,2.9386354872504135,3.847031719760001,1.1735923499492662,2
2.9574942979447725,1.751988875998536,1.1951381817126627,2.046937163133411,0
1.6605852174571258,3.5203816764740514,5.142048500550696,2.9076866742855736,4
4.550206272106728,2.72463593085361,1.5922728524728231,4.128686695416746,5
4.6803136329659045,2.9399275675828003,1.200955469249886,3.9094667438503943,0
3.540041193897777,1.7105688675167043,1.0324444673122843,3.1471364260337404,0
0.9895284099779653,1.7067629374030697,3.0162360726456456,1.213297085528747,1
2.5095637479369466,0.7620937160518482,1.154738041406414,2.179269147715438,3
0.9920821130465723,1.7453021513365437,2.98352583856612,1.24172362300509,1
3.7541601164247607,2.1483810544803403,0.4094807843836475,2.917323849644171,0
2.9059244558799664,1.6811106067700354,0.9263066440249342,1.9743511781129797,0
0.8289671882164259,1.6110527487536936,3.3600033005858387,2.055356647500062,1
1.5408859580152208,0.6917305419128564,2.533720981394366,2.2051038558137024,3
0.750371788336104,2.5312950837616963,3.8968421087722684,1.4795819870014584,1
1.54092486170951,0.7252564646843557,1.9559374199107604,1.3572503517491539,3
2.24503085424607,1.7297532270172056,3.046000609291848,2.7365583411723096,3
2.927754290671592,1.6515329297465935,1.9302567488864102,2.631780844637651,3
1.0721209155108056,2.651073415341752,4.257921225777859,2.4071849726361685,1
2.504339469788059,0.7585214756344969,1.1731122975432466,2.181519878105217,3
2.909876245478447,1.6951331751634795,0.9646572419807508,1.9922877345702157,0
2.532922650569068,0.8408216824893601,1.9556012059153352,2.804403037765449,3
2.5399066046730696,0.9135162155585752,1.1918525772706348,2.2187704902648244,3
2.1948391050329943,3.8090608974022513,4.845915161770467,2.1165129104921747,4
3.850901830215305,2.2974511450352764,0.9762403709643283,3.032515401317344,0
1.6630418661423185,3.528343450751924,5.13251546729734,2.906044534628503,4
3.5260107736096953,1.6809834451510948,1.8762781362011358,3.580246247958764,5
2.034660491130777,2.469396378866802,3.1569344550613314,1.3006763145443718,2
2.1083681159902765,1.62152498304694,1.8904417768615092,0.9793297034593211,2
0.7146505431829111,1.6055045638893262,2.938043064459446,1.0715520431720913,1
2.8819745577627445,1.6192547869136438,0.9015840902450825,1.9350895858379378,0
2.609913186891431,4.501780222908972,6.078194732158444,3.6781783062281477,4
5.6593846538646275,3.8631186896479135,2.2234321396942645,4.9331360786541785,5
1.734022205134539,2.9988447937382325,3.885191670864663,1.3083239189691327,2
0.8241234337839622,1.64638303361294,3.3516577980428996,2.070417657599058,1
3.4817626565659356,1.6217871958064012,0.7860324204567494,3.089773911020277,0
4.471703413743224,2.5760567357546806,1.4032220127865773,4.044806250479663,5
4.477681135697175,2.597748514090883,1.4253840685229762,4.05344418358347,5
1.7173190030288548,1.0107079116388664,2.1326992414542953,1.551392676825106,3
4.488437495000435,2.5948715977530363,2.176462101630401,4.413786250871478,5
2.579076708656493,0.93681131349276,1.2971187167933826,2.2504326814664672,3
3.5056618645046997,1.675767090965774,0.8649239398211455,3.1205377709304396,0
3.508101592558525,1.6594888651302173,0.9183630578984417,3.1064332520397313,0
1.8761585117298616,1.3035082475367485,2.6997715401675335,2.449599025735206,3
0.682224048651153,1.5660828041310844,2.910891984940894,0.9861444778099132,1
2.889627334858501,1.6375260780398433,0.995741447606949,1.9605756328201491,0
1.5920211397339383,2.132857563391982,2.8562515666756956,0.32367811441908995,2
1.555632300356753,2.1127754955168956,2.833361011640539,0.10522828025884243,2
1.8034960305758172,1.1512136642250026,2.2191381187687793,1.6516795903185157,3
2.54885594946519,2.1334639193905236,2.392519342564809,1.7187928579526046,2
2.5099222331616846,0.7877079342245097,1.1143695698723284,2.1791297245709513,3
3.0031311861198833,4.758953791627976,5.841503209404169,3.131411092037632,4
4.61293920022762,2.826198071077456,2.356144863336362,4.539689940873652,5
1.6692239640911208,0.8997389800968785,2.608965951030729,2.282595454910877,3
2.4994947629571325,0.7427604048843481,1.9376276651041726,2.775920450406808,3
2.109158689792639,1.619034831205696,1.8821811314858836,0.9745957594899628,2
4.702797029601873,2.9676113482161086,1.229505315140205,3.9299860245624982,0
1.6740158796582094,0.9363025828368939,2.095961433089858,1.51081917534042,3
0.9864713859871544,2.615083183697379,4.240255917307775,2.3717531766570894,1
3.1890731644329273,2.09627168287504,1.6871774588964192,2.3561289861783257,0
4.526918676792019,2.670978200066166,2.198920760207453,4.455351709724364,5
1.248073154341557,1.8985366478783838,3.4525971846200565,2.263552369243803,1
2.0778378182900044,2.490041777620315,3.1598968898187096,1.3406495176283793,2
2.4236217621559444,2.0480238236770556,2.17278969276808,1.5484580291491123,2
2.5298033529828308,0.8360206968870227,1.9560189591878228,2.802378635313997,3
1.8376798633885634,3.590452712132646,5.192238035428461,2.9896407051412788,4
1.991951751006193,3.119550741605459,4.023505118458307,1.5912168476482385,2
1.5424138158734473,0.6766572113141885,2.5126440660134794,2.2032951258989333,3
3.4970060551568607,1.649051001549564,1.7865528376360174,3.554930542752188,5
0.7976088071338178,2.548873011558854,3.8933966767286945,1.5054138515428248,1
0.8021594646493737,2.5572816317357456,3.9079277061320745,1.5319331951622825,1
0.8752963097040722,2.581787532253606,3.915741577123147,1.5632729666266054,1
3.510034821794501,1.6785514135707889,1.8023813430361653,3.565797889615569,5
1.831790939620172,1.173071448960071,2.212316849747988,1.6601324643980426,3
2.865889847093406,1.6278961947524,0.8977317536424142,1.9341123189173652,0
1.5678676666028561,0.8278882610539903,2.004155989352102,1.4222910064739451,3
2.949759250071338,2.5851585054747783,2.8280283972842257,2.267830002603943,2
1.027485360791979,2.635607192184023,3.9342791104810604,1.6318997243173683,1
1.53773622404312,0.6996648665921031,2.526440370510258,2.2090200462092717,3
1.955013438906024,2.3755392682519685,3.480556315153953,2.0766429935478157,1
4.502727970887348,2.619737348603546,1.5251319758183337,4.074980630661725,5
3.660015945369055,1.9284959161286421,2.123202795062678,3.7053909046688607,5
3.8213534816490955,2.2486194777136292,0.8275966364811586,2.9949964591797107,0
1.636569165903208,2.933483378243844,3.8371882639086126,1.1430344035360855,2
2.8587561541132307,1.5993003755997113,0.8626421930929933,1.9113678754831391,0
2.0944757957779134,1.628015698374029,1.8590547799880444,0.9713684200532955,2
2.6408583044276783,1.1547735311381015,1.3389720115316461,2.3303962199563353,3
1.6425830959478145,3.5170179946571745,4.8842335259796394,2.3206510060239673,4
0.9031251947657273,2.5785189843762346,4.213699759431892,2.32450149270926,1
2.5367908902936347,0.8578657761665021,1.1285883867879916,2.2015294083695354,3
0.7224157985931264,1.590068652219741,2.9123444345738023,1.0267545879285227,1
2.300017465767225,1.7946057222437704,3.083485342167701,2.7795414733910633,3
0.8431702818453902,1.6218174472103057,2.958925561338624,1.1049010535896546,1
3.6057824544039114,5.511753016964671,7.049529273596044,4.564197784372746,4
1.5563692329206127,0.7336838805945197,1.988892739584663,1.3814103522232775,3
3.7755793864100022,2.18103489335588,0.5924933875654567,2.940861032930876,0
2.668125863033051,1.136170359360858,2.1681704194412816,2.9160771488118007,3
0.8026613110008154,2.5419231498793224,4.201590907591118,2.2931332766399906,1
1.7909361189449307,3.582807714743145,4.942251600843329,2.418711252457164,4
3.179142008844126,2.0562924241623586,2.3125120550731646,2.9090619297586877,3
4.554610755749424,2.732551662283684,1.6043490220897751,4.133756595187325,5
1.6260162987219442,3.507964573429719,4.868130027354774,2.301226389421172,4
2.516392856541988,0.8345099348349959,1.1601078922249732,2.200598622671618,3
2.2608171679602855,3.820144699575145,5.373321487337493,3.2692331035539466,4
0.7875889830723942,1.610647022029507,2.967782580274839,1.106569528165648,1
1.7486826000839235,1.0536372669955212,2.6909410000254628,2.356815042236989,3
2.499904088077772,0.7502608290527063,1.1009924485835947,2.1630387181561135,3
4.727057417353325,3.0103690209227185,1.3089577568471453,3.9626712911293334,0
1.6597022760621707,3.5376767759583685,4.8944744634241815,2.3483454467986413,4
2.890178032969504,1.6427303918844207,0.9729645423439655,1.9464562267254748,0
2.868717251381985,1.6205644708004785,0.8752956216197387,1.9334784724863934,0
3.7650027841563567,2.1603963954781538,0.3943745982320975,2.9238494680791964,0
1.633961451846405,0.9151638610164066,2.573624607537435,2.280840581772919,3
1.639592077199201,3.509721087291696,5.1297924348477535,2.8963345125837057,4
2.2422250165389395,3.2688499106581013,4.462190207118891,2.5617989520728113,1
2.5208663795382966,0.8213893155197736,1.1195631698694,2.1862019789868423,3
1.5392264470889963,0.7116786496781493,1.985666890795001,1.3748898795619158,3
2.615569816086904,4.517835495410576,5.872974342671532,3.2583679558291627,4
2.904726233728785,1.6929254100196522,0.957955676575411,1.9769696745757386,0
2.920098731469971,1.6796806786923724,1.0348102495601699,1.9858320719420055,0
2.2399227265226616,1.818122304348545,1.991535805784799,1.2554929421449434,2
1.7497213464449233,1.0418778494858185,2.6798003988929002,2.35268204705619,3
1.5193249308783867,0.7061671156413969,1.9743929322701361,1.3597732145895005,3
4.544857883181451,2.6809091776294967,1.6228060721866493,4.113442237334329,5
1.5891353785448914,2.9114238968491706,3.8391970213768807,1.1006735598699886,2
0.9937001684316107,2.6120775736233575,4.233693442922832,2.3700282940379975,1
3.6568837931757807,1.9873622174487142,1.3004299086543492,3.286381205456246,0
4.549616846217378,2.6810778775292867,2.2808310030038377,4.4704476859194875,5
4.747381197359335,3.0514816067071284,1.394728434235095,3.990091048302993,0
0.7638457904139817,2.539292120795789,3.892152471652884,1.4886258113850972,1
2.186601562922305,3.8122515253426137,4.831285149890225,2.1240845422360812,4
4.696476718770384,2.968146151917708,1.252206005299038,3.93395592075758,0
3.451885990502852,2.466289422087601,2.1617363774076064,2.7016236681503005,0
1.017136408593446,1.7081061905254638,3.4138284473220204,2.1288303953159415,1
1.792368381398737,2.3118364925749697,2.9415578237330906,0.8927873744760473,2
0.883617175261686,1.6511247918320051,2.9869931184143006,1.153402281973519,1
3.8242339144701973,2.2805612450025294,0.7192218259114252,3.0109632691748827,0
1.1033257747149945,2.6735398836568485,3.9589081655074922,1.6824245078332067,1
2.7101589550640113,1.2187518858903021,2.2163152479326333,2.9547742577909775,3
4.6839470883248655,2.93945359049999,2.4727111796625336,4.610019069975913,5
3.507856077317803,1.6571981976636272,1.7766654141537874,3.559029557221397,5
3.559682482730894,1.7412270346063914,1.9331729335312982,3.609386998782467,5
3.4838667310468976,1.6199900214515384,1.776295408130987,3.5450721921080577,5
1.7423435422383011,3.5704072239630467,5.156930009334685,2.9583066489850123,4
2.8706186771300377,1.6094941914707481,0.8843084702066555,1.9211068465492815,0
1.5626188334481759,2.1145250863636567,2.8270446316421842,0.08101702828350402,2
1.6357350024978141,3.5030035039988134,5.120385053756188,2.8801376475845735,4
1.653934812744076,2.198311798093759,2.8693204908696326,0.5773670434830799,2
0.9715417857422727,2.61874815877218,3.9341996613252426,1.616944544398891,1
2.8523030104017613,4.6404302452865585,5.990461465631879,3.436317528864022,4
5.638043103290958,3.828281595781543,2.1891268404017343,4.910774389444948,5
0.7724765574271313,2.5379163068240596,3.9077614525124136,1.4978457452600284,1
2.854982244431951,1.5968530541419454,0.8934188359563371,1.9082366098861188,0
1.5973608865338516,2.9121672110083288,3.8326831491565003,1.1036186381827529,2
1.5372982804184945,2.1083521133637597,2.837275310571985,0.0946380634502983,2
2.087063580327832,1.6161472874049878,1.8538330242324965,0.9647300629963235,2
2.6169641480671864,4.51765312317016,5.8721144562366145,3.2617634778564994,4
0.9403946088200942,2.5980207132888387,4.234421083036235,2.3565458960547945,1
2.868717251381985,1.6205644708004783,0.875295621619739,1.9334784724863936,0
1.592687799646008,2.1438409814369668,2.834981039435979,0.34243210659378565,2
1.5953187432920402,0.8034381705646196,2.582616541634563,2.2416857431447172,3
1.5534108312407404,2.1132754113319385,2.831152059801052,0.08486666444042378,2
1.876560829472272,3.6081970684133333,5.206688704815434,3.014775490217961,4
0.6635801882699458,1.5667091526706258,2.93312911453596,1.0270679081615852,1
1.5407873487329866,0.6855316547575384,2.5280793856072696,2.2013097750406034,3
4.5015389902569956,2.63886341130068,1.4680909598248721,4.074443859375976,5
0.6993828324847692,1.5770488803362652,2.9086353653473243,1.0114380799035836,1
1.8259953656216705,3.0035937865560687,4.258422798741317,2.209296946375487,1
2.5428023221725398,0.8197861780045166,1.9886795234949588,2.8027566935711308,3
3.96106438243881,2.4452224773963036,2.093047834969082,3.601696325756824,0
0.7863979060618872,1.583342653070048,3.3396255602131735,2.0345995485413555,1
2.0370035427371778,1.4708125351300052,2.409691123363566,1.8902378558282238,3
1.208552347579778,1.8843305897580969,3.0608178046513124,1.4350992146451962,1
3.5151815919837515,1.6762994804902978,1.7898582445562672,3.56638331976132,5
1.726296026345832,3.5621164467947306,5.149522857784987,2.9433652057202813,4
1.6982490319687307,1.04723101296825,2.614619280978926,2.324729620322224,3
3.744037594943527,2.136275314699613,0.32475386492517544,2.908946919898029,0
4.546448896027983,2.708911079951831,2.237276971144874,4.474868676468689,5
1.5344015796977437,0.6928490733280651,2.537735974905508,2.210185675697754,3
2.9259717383617763,1.7302563909172781,1.0224185255377376,2.020178790988456,0
2.05963700432249,3.1409053480009677,4.642485103106761,2.9583271557685094,1
1.895305131272168,3.632014391261268,4.985343389129555,2.500434416514417,4
1.7792506643952433,1.089225566593191,2.691379504452023,2.3599137346737846,3
3.7686752063086035,2.171347997847406,0.5280596271162666,2.9299745952108776,0
4.473044067025501,2.569210018976685,2.1239657725453607,4.396113360345702,5
2.5391488924879537,0.8772541263218859,1.975077203345346,2.8143236444948556,3
0.6710206561232854,1.5758736294369158,2.92237368440406,1.025506474453084,1
2.8692232663815442,1.605377830026531,0.8804246646653062,1.9221874327581614,0
4.518005551274758,2.6572284405738906,2.174300719743266,4.440074944655958,5
1.5936225512236004,0.8584947779099215,2.567571609625099,2.2581703289506767,3
5.507241273629689,3.6288420039353593,2.860065850729122,5.349223666309457,5
2.339039698796305,1.9471654733145727,2.094326010676921,1.4204280710501862,2
2.496061883742401,0.715375352440635,1.9147077041736262,2.7600667340652607,3
1.6210804079387697,2.927889076196934,3.840713095502779,1.1472713564466723,2
4.526918676792019,2.670978200066166,2.198920760207453,4.455351709724364,5
3.7494098882995686,2.148005752466283,0.3110016204766047,2.915184116355959,0
2.5312751508731393,0.8484466613588028,1.9683005977234846,2.809222022257252,3
2.6501545410799476,1.1043931892935075,2.162103935556986,2.909362577142228,3
1.643107395018028,2.9262984541625774,3.852450926998604,1.1382559094828677,2
0.9057216239632658,2.59878482944593,3.928670963857339,1.5849785996047008,1
3.768961955393837,2.1665687703949654,0.5112854356129324,2.934210568547182,0
0.7413670516190937,1.6171739146941297,2.934940336301993,1.0647724255601896,1
1.8255070624380643,1.1666780041138436,2.739383017093894,2.40887821315604,3
2.0967283329896507,1.6129598690387315,1.8918421078389496,0.9702613353493293,2
1.576203628027291,2.124134469296227,2.8559456182183345,0.3084454424720617,2
4.597225474725676,2.7941065985371725,2.320606809332859,4.523885290640427,5
1.7770620276292226,2.228348197063632,3.733869048260264,2.581190628941264,1
1.588578100994418,2.138977786186236,2.8316224436173276,0.3198534888471117,2
2.548826694311452,0.861514776272563,2.0297331285300464,2.819371780441644,3
2.076463113352228,1.5837720466821432,1.843332591514889,0.9210538634401896,2
2.5184685279308,0.8165952449866402,1.9566692539603978,2.7948528718188794,3
2.9754044985061268,1.7746180336559771,1.2075777120840285,2.060336027287388,0
4.481695387329392,2.600024977137909,1.423025121316349,4.055651499093285,5
2.8607519872918594,1.6192909062891037,0.8904142130200905,1.9279568343684836,0
0.9281888537043972,2.603820369555571,3.9269432161028073,1.589991911167749,1
4.717594703271459,2.997119084635003,1.2874958460641925,3.9519958602332736,0
1.8223590655810886,2.991733629139626,4.537355110473387,2.8037140829632916,1
1.744206379494032,3.564057888267182,4.932340689397314,2.398694980174349,4
3.475423952152509,1.603896118042517,0.7736996002476894,3.07741590381083,0
3.4288025314973654,2.43008469272264,2.111606471557039,2.669360390730879,0
3.6267477875365683,1.863876967698518,2.0549678622628686,3.6725154393157653,5
1.6473402829225,2.1985630238630534,2.8746112317217296,0.5771179450539782,2
1.6999303350761825,0.9953830354117975,2.1266166688272836,1.5321633910935972,3
4.510294313791369,2.6325090394509267,1.5427187214666058,4.07898137301484,5
4.707894528408923,2.9827732439144943,1.2681651554968962,3.943292847427235,0
1.667940060642894,3.5309571268071576,5.132904151785236,2.907747287222947,4
1.5539465511579358,0.7985674999123769,1.999485808064124,1.4136169480522136,3
2.630815968119274,4.524634797125029,6.093170917873576,3.704460260635897,4
1.7353921722632675,2.272246502066968,2.921480478649695,0.7890167395395509,2
3.2347928427535875,2.1567832150759276,1.763884918508893,2.41666323192029,0
2.2305468066101626,3.8455588772705522,4.855284293903421,2.1659190935132595,4
1.763707350285169,2.2267695492079964,3.3743798861188123,1.8998062386554306,1
3.522254945025146,1.6635235573429055,1.8402791843258055,3.570771718668995,5
2.5306289127909727,0.8401380440904865,1.9633287402388864,2.807409877427428,3
4.587967926579737,2.7540832026378235,1.7714334843977653,4.16433733098271,5
3.041197553643244,1.8718836316962557,1.3651358211735622,2.155069349617524,0
4.839345877496478,3.140877645496519,2.3599401036591683,4.4322826028542925,5
1.6382841283877452,0.9430816738382348,2.028269903792593,1.4837996013261592,3
2.579991528441141,2.1687834965771984,2.41753782572179,1.751454270824901,2
1.5976477335918684,2.9097574712930445,3.828936586970261,1.1090883507780223,2
1.8690187242283511,2.335283101729771,3.0402255524679087,1.0249038152117,2
2.0630861986811695,1.5785051470807256,1.8426682435873671,0.9091379883334981,2
1.3408795870700794,2.781826031068482,4.025414847470204,1.8565137770242985,1
4.561086211599312,2.706060177048353,1.6635161556345686,4.1283919231763555,5
1.5842157041466003,0.8231746083781492,2.5448976624112074,2.2374823036818197,3
1.9836492377383357,1.4052564526376616,2.372627369813775,1.8396562463629003,3
2.9620287563795884,4.730719669286317,5.82706260110869,3.0926461682728976,4
0.8153236260030529,2.5480039822446843,4.2029841122557325,2.2945642771244916,1
1.140308542101774,2.6544563913497585,3.996158981741202,1.6969432480106208,1
3.484441973280046,1.6219682193935065,0.7729174773527848,3.0878890133302654,0
1.528470966006014,0.6981757224314538,2.5260748533095887,2.1990384525817595,3
3.109988876392319,2.040597918228603,1.424964601312677,2.2690022139235655,0
2.863998067672616,1.6057834840744887,0.8752354804385282,1.9125859151978424,0
3.5078177715264105,1.636827601018539,1.8075861733313348,3.555789850591508,5
2.7043779232735923,1.286037430568056,2.142304664215845,2.9581063134330714,3
0.7444795422455722,2.529910061505804,3.8880554868791375,1.4712874847831625,1
1.704752620288451,2.9716859326590837,3.8576564156533575,1.2447477896348609,2
2.6069685737787656,0.9906132070431823,2.0801517536144547,2.8579622337641317,3
1.0171364085934458,1.7081061905254638,3.4138284473220204,2.1288303953159415,1
0.6926961211986685,1.5784358404897099,2.917996335053706,1.0376530546705305,1
2.1293063342365324,1.6612053168533256,1.865469022263409,1.0241244452987772,2
1.7366612298916997,3.5643688785747822,5.148580729970657,2.949083748585807,4
0.7444795422455722,2.529910061505804,3.8880554868791375,1.4712874847831625,1
2.663389822685358,1.1878968555278147,2.090131377149497,2.9197059565030146,3
0.9084189974104417,1.702848994912804,2.9727681615021804,1.1984668449853957,1
1.6981741626087419,3.5404052852736365,4.908660056784797,2.3606377409777872,4
2.325090071357053,2.683475708810283,3.7096935921928376,2.424070697383181,1
1.5849898028027447,2.9074792047807634,4.101012265891851,2.0357994818217047,1
1.7207554826012976,1.1015579226531487,2.095239377944293,1.5724057585816227,3
1.6309314252393983,0.8978602775243845,2.0921007730014303,1.4792689201365998,3
2.5246594529041837,0.8765971052742826,1.1793320880016276,2.205179527976838,3
3.6188463218450395,1.8564834897325402,1.2742303109996984,3.227229026225582,0
1.6312575237177036,0.9374095099964495,2.0244158602237614,1.469678457730615,3
1.5601580823618006,2.1221688078208807,2.832430828995662,0.13466590824340763,2
3.477514668311795,1.6067336668722492,0.7785917020086993,3.0853293865561087,0
1.5239317701714958,0.7120685906044282,1.9704904296232115,1.3589629333738236,3
4.507564097174746,2.6250326790844034,1.5263089053663168,4.077837630720494,5
2.5328969290071686,0.8153099985665397,1.9956201495949102,2.796683373779684,3
2.750867665396149,1.3330275573910337,1.6525601728192072,2.443392183121558,3
0.6809673563181545,1.5552049504104695,3.3195269156504734,2.0070140979562763,1
2.1934567591159686,1.6645892420105195,3.0055546856397335,2.6931746101598786,3
4.713698361319288,2.980660301569678,1.2468468225497051,3.942075989953597,0
3.7699066508094856,2.166508277959768,0.46540717890268546,2.9312999460874423,0
1.7093561005216564,3.555792549361312,4.893523324135161,2.3732217710485033,4
2.861712212670185,1.61342615475751,0.8699702115435997,1.9168638627528338,0
0.8261864437823272,1.6408342098483348,2.9319092092647985,1.1111466486690176,1
2.5245110576436582,0.8229527377339279,1.1177786852755445,2.1906150293197917,3
1.5354966676811876,0.7081213085276455,2.52461263189303,2.2034444430731357,3
1.3666592115852385,1.972921922036088,3.4854531541590843,2.3289524053711186,1
2.2212012082256787,3.839152313011739,4.851680926139679,2.159516520160369,4
4.695995404505345,2.949700063109394,1.2408657363807292,3.9237217659038275,0
1.2052689062569473,1.8185663281057898,3.4848796689189103,2.2366749657952454,1
1.9839117304929168,1.4722576056763463,2.7819016681000868,2.5365967782324246,3
4.696238519029145,2.9612100906787355,1.222600626904893,3.9234668950844283,0
3.480057093579476,1.6002900659120542,1.7718848062456254,3.5404263574484247,5
1.6444107859475583,2.190671568444907,2.8635771391458396,0.5380823632801888,2
2.152913733196831,3.785644145898851,4.821861098865913,2.079836076069447,4
1.8065621753455847,3.6096491951947436,4.926194461066539,2.441369629942499,4
2.5549925243552885,0.9251827253600858,1.1683988580095641,2.2218060405904727,3
2.089295339017929,1.5962990392887284,1.8362698474701638,0.9224129019923283,2
4.706397176731131,2.9750220311941122,1.2461931937868775,3.937534777790922,0
4.494103933047695,2.6232082036468776,1.4538063994880344,4.069856123793124,5
5.5432128028568535,3.689466289324763,2.45786779475308,5.102694888705767,5
4.583428463648705,2.772131223599058,2.2949880069515363,4.508159380299385,5
3.7984882297148643,2.22140187735991,0.7872034388279059,2.9743037742996377,0
2.232660866775126,1.8060904321390712,1.975543310718505,1.2296489755271671,2
3.1664514552680374,2.0301794152578467,2.792632065225985,3.3765972585186734,3
4.706278704901142,2.987217712202319,1.2791553378779008,3.9412824294111855,0
1.6621204396426008,3.530752122492558,5.139581426703707,2.9107378983558436,4
1.72316478609301,3.5695851501969162,4.905852339958911,2.383048079406747,4
0.7658594261887185,2.540145016811555,3.894538314387748,1.498536108092133,1
0.7476618666382843,2.5256852932915357,3.8896574090100446,1.4720941356630097,1
1.633261796558284,3.5107435167519085,4.879316586605233,2.317047299677291,4
2.8537201393895195,1.589594712089659,0.8634622147993246,1.9108848925420858,0
2.330172676902675,3.90688432869733,4.894501301551241,2.266661033119871,4
2.303981028059396,3.8928040959914494,4.889121631980769,2.248534866966966,4
5.680126049442511,3.8809250355597307,2.311294615090422,4.953009803436353,5
2.612920811997878,4.505037453290842,6.083254787127014,3.685956734437175,4
1.5385138093875774,0.7127013387818756,1.9848811015329502,1.372073726470465,3
1.6746626332964267,2.1957145960295312,2.9155775722469897,0.5971678711147876,2
1.8270689355765704,2.300578471720027,3.0156434237905185,0.9662774863425014,2
2.513858102385192,0.728908233152816,1.9068752277687733,2.772624154133399,3
0.8680699910837896,1.66922002940724,2.9442780057496076,1.1367050559139484,1
2.593748321521615,1.0584908143619016,1.2830988379840642,2.280553350938978,3
0.9327721201405033,1.70047307913233,3.3657788567034634,2.1083360528366772,1
2.7754168444272214,4.598063331106372,5.9533362424903835,3.3719624084541624,4
3.6407738247318284,1.957418406253836,1.2547101167489847,3.2658218087699145,0
0.7737947262294461,1.6125623553657373,3.336908723690343,2.0491205645802126,1
4.545822677654194,2.7063377338679744,2.2289074284586943,4.47127778818463,5
1.6740923630240956,2.2148335646522215,2.8799841104153243,0.6364206393615037,2
1.5176683801749231,0.7040819802870574,1.985299315368069,1.3573748148870501,3
2.8889513373581663,1.6398147066237798,0.9881841817037913,1.9533887144025062,0
1.6786474813015688,3.530023990608692,4.894491121632439,2.337014481592197,4
2.856836456489858,4.663172355892218,6.171016772836426,3.86102445983938,4
2.609261142606609,4.505250501013678,6.076895489334432,3.685467961930875,4
1.6528791679869965,3.5285942114919187,4.87922790380431,2.3250216105136468,4
0.771294890945472,2.5377823721495174,4.214150234449948,2.293031784494663,1
2.895004175004994,1.5917890730387865,2.4679394360992455,3.1231165258511253,3
4.692034631093435,2.9508378405466256,1.21119117650208,3.9193432830325228,0
1.6467325145304466,2.1978663919388026,3.2408717590663296,1.8170454789444284,1
3.978609586444469,2.4922657368556327,1.4116891810843584,3.192994250913137,0
2.534678177008051,0.8675866759830773,1.1546974103619518,2.2107004246471242,3
0.6879715687460568,1.5848620368052602,2.9223470496975694,1.0272472875323413,1
1.5616913946980382,2.111486429040376,2.8275292691564116,0.10129356385172154,2
3.0482587365046707,1.8480869168205556,2.113498475179008,2.7655274298814243,3
2.111002021064498,1.6486619790702253,1.8730201769793755,1.0171767633601385,2
2.61792834758306,1.1050739583592677,2.062916601106254,2.8830279062446973,3
0.9544440443959797,1.7177890964984739,3.3777096291199924,2.1239739785149436,1
2.882223708461784,1.6229547137722862,0.8493023852863792,1.9297982612077391,0
2.5047977543536306,0.7250439142225943,1.9391511302540916,2.7699369218167846,3
1.5469623897891478,0.7185024776933799,2.5300349863642873,2.2188477667925897,3
4.522643715208757,2.6496617729626224,1.5893193902918101,4.098493431434651,5
4.508691930139933,2.6426404507675936,2.171243559103409,4.436294098259656,5
3.490803191203944,1.61237393719181,1.7412212072240187,3.5360808537313306,5
0.8261343462119736,1.655805159605905,2.9469373671864396,1.1219839211711577,1
4.736336023305059,3.0243399800987585,1.3319007790499744,3.9728349765395934,0
1.645492579257773,0.948860359276563,2.5824826408212944,2.2857959289118344,3
2.9109984386041514,1.6898586744718898,0.9335727207007481,1.9785477174384898,0
3.035890575560408,1.9107616480662595,1.2510698568630396,2.1685001201833853,0
3.4931200919953507,1.6114477148026596,1.7764108861731105,3.54287839394689,5
1.0401066590673498,2.6449662351451373,3.9438775287587022,1.6473226415065998,1
1.5407873487329866,0.6855316547575384,2.5280793856072696,2.2013097750406034,3
1.3533910166321095,2.778311651077429,4.323023635452556,2.5396740335463464,1
2.9127420300330593,1.7032718583751065,0.9748077376245831,1.993956907019385,0
1.3135727548447322,2.761341798456841,4.316019834577539,2.5214616805218784,1
1.551017777921092,2.111444708309428,2.829498503722735,0.09107870672691155,2
3.5733488625163927,1.806354541528743,1.8836667797025741,3.620558982664034,5
3.5083475526354633,1.6695707442186372,1.796330422813794,3.564686427704264,5
2.5302262701751776,0.8171666227128395,1.929498505566948,2.789443088125786,3
2.694640558190775,1.1924835063169612,2.201340521656785,2.939825020121805,3
4.459835805984674,2.562175170041655,1.398853374410958,4.03311829609773,5
0.9596804802309239,1.667029655009313,3.3885731236318803,2.10339137315542,1
2.516201150445692,0.7927098300703506,1.9472053591300953,2.791777523391185,3
2.86973289218016,1.6076890343477426,0.918270632228338,1.929594991007751,0
1.700950150033208,3.552482379785038,5.150642058315758,2.9350163779079033,4
2.145123794347644,3.2148993128884666,4.108614689020293,1.7869967091520194,2
1.1780419170287246,2.6606420779798245,4.302842728136105,2.434100275366472,1
3.769613908386459,2.1699659263076456,0.544019376785996,2.9355314861326813,0
4.6806163054647385,2.9348731310873397,1.2010276824112462,3.9125688213887297,0
0.8866680633903349,1.6930382294990731,2.9705991352098704,1.186667547187617,1
2.7168078349167195,1.3252227091595092,1.4643937303161043,2.412623668991885,3
1.7171121387136925,3.555489336811067,5.142657132299653,2.9339822263797717,4
4.767041673065978,3.07595200794755,1.4323701898384373,4.012062155230418,0
0.8171335401500528,2.5511676876364864,3.890220697259041,1.5118261852280852,1
3.5394149528395267,1.746126920207228,0.9552232069028035,3.154728513507499,0
2.2933850730362253,3.880160790716092,4.874890125627677,2.231975964485501,4
5.637659491334991,3.8270404036108925,2.190475555765066,4.908853198833708,5
1.6537273848143315,3.5285757318098754,4.879776834405684,2.32915190505588,4
3.5497821859800816,1.7598224760576606,1.8543776044294435,3.601159580051192,5
1.8253485425026286,3.6091984405509683,5.173473535707009,3.0028758241024054,4
2.549484204604088,0.9287242953813485,1.2007284057858034,2.232470432642586,3
0.9137387800981847,2.5865483965927956,4.2245450885016735,2.3385694612897785,1
2.6579107404030164,4.528372032762897,6.105192131222887,3.71226004532554,4
2.2780108349048116,1.8158709134249904,2.076239164523821,1.2782863358327663,2
2.6741143233506826,2.2853362181965178,2.5473392380971402,1.905149252595078,2
3.7590392279275373,2.155482610636965,0.32272031678273716,2.918630715525774,0
2.5076595738525205,0.7504767180859024,1.103613875601753,2.1655940720134597,3
3.7665491305586283,2.163404416905498,0.41162459126010625,2.924294902643972,0
1.5929068541734526,2.9078558904804486,3.8296292371580285,1.1076961845620923,2
2.5370863620026456,0.8406701224097036,1.2210381003903317,2.2049140633302518,3
2.223018082031886,1.8047354071649078,1.9869611659427295,1.229141575755381,2
2.1798418646201947,1.7038471393072356,1.9715816282555263,1.1097354063988834,2
2.55595323975585,0.8563769897761634,2.0034779727523815,2.809727463499136,3
4.493527996182117,2.6163022917168854,2.14033330008188,4.4174609817026775,5
3.525707650892724,1.7150087600388886,0.8826598502356028,3.1295583643343914,0
2.0701374203380203,1.5847676115064655,1.8531291268228696,0.9151972778033503,2
1.5735121831331085,2.119690481578453,2.818859471273172,0.1675059339797893,2
1.5800933009457605,0.849797525664529,2.006366582554848,1.428926445207224,3
3.524681788213838,1.6748026386022115,1.8565634017386332,3.5719283580116934,5
3.4905842126190993,1.6364906973785573,1.776944172033585,3.5474334035235042,5
2.6546695373111,4.536486715588546,6.091982552579367,3.716082335713855,4
2.933369901628901,1.7412236300001198,1.0261118696236426,2.023177904521448,0
2.1488881818351993,1.603896009413416,2.9685158734693213,2.6568869619150366,3
0.7543250019454117,2.5391240118788247,3.8987464328764627,1.50049753441019,1
2.013963714795419,2.4198615750111214,3.510921749275915,2.1297452731250512,1
4.472200597927648,2.5691897450621637,2.1068228401154006,4.394823627313325,5
1.139849019643094,1.8463058941671306,3.041313298498287,1.3727680467362875,1
1.5994659816276204,2.915711973212838,3.836386290488206,1.1063538099416577,2
1.6984249024192768,2.2014647151846916,2.916600821018652,0.6510216498664543,2
2.249460847786085,3.844790956333429,4.887138843833609,2.1843706578620936,4
2.509688391725615,0.7752856499204216,1.9366872830898083,2.780929489031577,3
2.590649462653386,1.0520474757602987,1.2857025374774107,2.281653852617765,3
0.7113927126230393,1.5622727951952189,3.3271113175031446,2.0109669240610173,1
0.8073267148270721,2.554874957232589,3.8999447305114248,1.5193685336146185,1
2.0735786018629723,1.584329338989067,1.8326231357210463,0.9284025718771831,2
0.7556045683333702,2.520739111442961,4.197560117142867,2.2669727817015084,1
1.6609549881307235,0.9706084794841799,2.5912416090031507,2.3011512424722858,3
1.7464979506885496,1.0557866636378817,2.691549073701018,2.3532069907153272,3
4.501239271330026,2.628936802971349,1.454640675190346,4.075310470213884,5
1.7435248478319159,1.035522354340161,2.680297309629427,2.3520535221717993,3
2.496206950915064,0.7315899124855012,1.9296854268907386,2.768560215999662,3
2.088776435484556,1.5999852584425838,1.8312714413224331,0.9342542085855767,2
1.5615796854494195,2.11795414352363,2.8439807747284194,0.18865621537314964,2
1.1161646488899102,2.6767684222721826,3.963311894057266,1.701680879766788,1
3.4831902511013606,1.6012446812504126,1.7503218214691652,3.5337891585190833,5
4.646971614554351,2.8511077999282,1.9349581521112245,4.22700918574639,5
2.868196714430604,1.6332257162821187,0.8990899835216298,1.9317951094632573,0
1.5500390043627328,0.7247578412369577,1.9846406180354585,1.3755352049233476,3
2.912405534031124,1.6143702750398154,2.4802508890314687,3.138309569754659,3
0.8523409912768612,2.5600477167258084,4.210870339050609,2.3148984447914938,1
2.531310441902262,0.862407109991142,1.9725652526494395,2.807841204760028,3
3.528525602282571,1.6793938802559996,1.8610024260224802,3.5766262789113497,5
1.1892730222621897,1.8642859480755158,3.4386710607981166,2.2330473545803273,1
1.626498644115902,3.5111080310168497,4.8735423843643275,2.3111335179167964,4
1.6917688281800562,1.0108792680027539,2.5972470819008104,2.318915104815371,3
0.8811056386339392,2.5761699682142822,4.221037303031202,2.3264937192235324,1
0.855134074494304,2.565994411885883,4.218600018925725,2.320848622903024,1
1.273818490637247,1.9268233853138854,3.0788732246432287,1.4789114755746682,1
1.6289433171598204,3.5127821582897596,4.873407374084389,2.3168835645656047,4
1.9717414540237272,2.4044909490722866,3.088923365783567,1.179254775526055,2
1.6718326022239476,3.5351625470499193,5.141124927823659,2.9176961451572017,4
2.0376882723464904,3.734681800586916,5.005775350768408,2.615928773321816,4
1.978779294854561,3.1437113214312293,3.973871527711495,1.6039203841121794,2
3.5392975961429967,1.7083145580863233,1.0075610613989492,3.1398067186701453,0
3.7712093105210007,2.1897512172930313,0.4657572606500867,2.946820294177259,0
2.971137622776396,1.7680735171868243,1.2113102897400032,2.0623668407347573,0
4.579686704463415,2.762661811642222,2.2860514299364594,4.5054571795638445,5
1.2369807995041233,1.896703903498364,3.4548734143236794,2.2599341832458864,1
1.6596613859504494,2.9553622803830297,3.859998018612105,1.2098674442888102,2
1.7711821660853366,3.5658404911648134,5.175952763060994,2.955837960291501,4
2.643382982785307,1.1172780191911873,1.474776233919374,2.329112486351813,3
0.7014083957918225,1.5542863003101521,3.3175075633190545,1.9988923163520034,1
1.7369194590470358,2.992676986133555,3.8717948078043976,1.2896560224247755,2
2.5160930630934892,0.7687638109119551,1.9771802030021806,2.7884646870147907,3
3.7734168482947887,2.1716604749516213,0.4989593218457739,2.9354711497374226,0
1.213768289197705,1.8346298261589533,3.111284016493411,1.4261429333809916,1
2.180726142412292,3.8140762345948134,4.8379640649698,2.119189348112594,4
0.8634690401338257,1.6673401547906106,2.942726489988367,1.1298180399987738,1
2.08642994709124,1.6087031891676462,1.8427057346587783,0.9411147750762227,2
2.6126074288372614,4.504443477952305,6.078713271491062,3.675316153615997,4
0.7005764868806226,1.5918926593135858,2.9217909067909136,1.0238736962073711,1
4.578905064750556,2.771121681776696,1.6633993918174017,4.16277022151332,5
2.5109716791656598,0.7243086105343507,1.9288095401020136,2.77224307566235,3
1.7832263555969592,1.1133444346790473,2.1849354349312664,1.6143264679494598,3
2.3409059168774915,3.889505434618806,4.92665949175689,2.27474192829009,4
1.8052500102340003,2.32412559450286,2.954419959910367,0.9354524957559952,2
2.2222986053334686,3.800484780923977,5.1159024368197255,2.74420214296499,4
3.5692716773009345,1.8049564964936722,1.9004146370372748,3.6256867181837498,5
1.6203830821310097,2.9263847063222572,3.838486690724366,1.141170522850858,2
1.7339137109694365,2.2232018519691534,2.9328054314955727,0.7280077287034248,2
1.6355706607640488,3.520668331820309,4.883557455960086,2.329593691421335,4
1.5759517553852767,2.125846618992782,2.831761910114141,0.0959379823918931,2
1.6340401141457095,2.1575399908987465,2.8784373204143443,0.4750723458246454,2
2.2819915674855964,3.8731333130509995,4.871135888764191,2.2233183050715946,4
1.5517834579963277,0.7485744148582087,2.0139496874381537,1.395359694339946,3
1.5902664115302936,0.8831665021722203,2.02109112782871,1.44235876493919,3
0.6743709080110131,1.556137962841033,3.316386354107429,2.0004016150582506,1
1.6263086170219971,0.9309880929930126,2.024370722768929,1.4670745892587078,3
3.7588802691303225,2.1539610324682,0.3993472859240559,2.9195163829127555,0
1.001474601608504,2.630485163371303,3.939491651119404,1.63223512966612,1
0.9521957102043727,1.6841157185175233,3.0029972409692856,1.1900335779854367,1
1.5672534495322943,0.7352895450565599,2.5563663548790823,2.228620847744125,3
1.3989983983537373,1.9618925370331106,3.194415643267298,1.577982030750234,1
1.5589765406229448,0.7142627814422984,2.5367094338998077,2.2056835164290316,3
3.4930967274077918,1.6266491100391727,1.7596788587632968,3.5445690089466173,5
1.623863571667758,0.8897963894356204,2.5589712724095204,2.2654161713505956,3
2.1557218843329737,3.7929153428838642,4.830263915943488,2.088078660193219,4
1.354652454289467,1.913492914648642,3.537341908314773,2.3135715550485885,1
3.0703985219700463,1.9741977484498925,1.336672175929832,2.2142102560276764,0
3.478448669639614,1.6077217124407182,0.7693954521158536,3.0798287834331317,0
1.5177319276024257,0.7031648179702911,1.9786669962487151,1.3541121081014709,3
3.5447633517595416,1.7470251509971895,1.8465456937545495,3.597654077175589,5
1.6190114344134847,2.920648225983622,3.8302669597225734,1.1268619980138017,2
4.767041673065978,3.07595200794755,1.4323701898384373,4.012062155230418,0
1.6488830975111857,2.9475005675742456,3.853997732079244,1.1914671273360564,2
3.5892097778757406,1.8107871549679433,1.2099613081641944,3.195942591590161,0
2.2149806125755958,3.831803396100282,4.842803388407828,2.146584243822959,4
3.0376922927916223,1.9206677856689622,1.2665063380046415,2.169012845807498,0
1.044767392267811,2.6489284469815932,3.949024591563535,1.656286532346798,1
1.5273370354776235,0.7322480945129579,1.9786999835851762,1.3735116529150404,3
3.1090331906507007,2.0355382810167706,1.4191637090932443,2.270246600846392,0
0.9373878339240466,2.58824562048332,3.9507773666643504,1.5836096234226016,1
1.5819174909795075,0.8076761230488836,2.539668181530906,2.2356765251025403,3
3.478357922564817,1.605396607280407,0.7881756978576466,3.0824124472830032,0
0.9848034982024333,1.6880229100065263,3.404302464300118,2.119203991336085,1
1.0650236111940576,1.7346929751976377,3.430978041410568,2.155281590258502,1
0.9737823502983048,1.7126507041104337,3.3608193909512063,2.1158492985386745,1
5.475371253000659,3.571759445649233,2.8082317976567057,5.318005087898864,5
1.730544920704067,3.5637817617703216,5.149114867235049,2.9441200621977046,4
2.6669535790574854,4.548336669133727,6.103197573823207,3.7267948381463274,4
1.8315748343753993,3.626413845720236,4.940353384566541,2.4643514370122874,4
1.6018559618286428,2.9051804784888215,3.8312609003587004,1.0896754222339973,2
1.5618864165673667,0.7913467855371822,2.5451288727819197,2.22720284172534,3
1.7975236409387725,1.108499487845873,2.696729741959538,2.370877867560451,3
1.599905314304636,2.908907983766281,3.82586133788574,1.1004076697996301,2
2.5013532809089276,0.7795378134969325,1.1324277572851784,2.1813556851694913,3
1.8266833097129236,3.6142536883511793,5.180611018629688,3.007159724395853,4
2.872831443441143,1.606842725541527,0.8772745046174434,1.9264581077933127,0
2.057656124690936,1.4780238222119446,2.88568770848808,2.571137532339519,3
1.856293817586428,3.636532261006876,4.944363489969025,2.4813580305808864,4
2.5659157286468752,0.967300008520305,2.006796446959343,2.8370527327058745,3
1.0187927782474562,1.7132661384656782,3.4240557404692096,2.1427584216960325,1
2.1185852322076446,1.6380255556029755,1.9141788799667292,1.005721967942308,2
2.4972793254593335,0.7180217237791321,1.9407484333520284,2.773725426842934,3
1.4019697459016536,2.8054645978573522,4.341369322422501,2.5694766822924904,1
1.6310249510614576,2.937456427944688,3.848694298949535,1.1637521080365865,2
3.7592115687843433,2.1557544335043795,0.39400412013937086,2.9178498883949797,0
1.6211421388816138,0.8705411497838934,2.0709825224496767,1.4612235809034189,3
0.7448463776588287,2.515220321581404,4.190037974306245,2.2686305629669983,1
0.7923336062637084,2.525841034875602,4.202589415346182,2.275365795458076,1
2.11325656934871,1.6265193309325119,1.8954956581982683,0.9885212952650141,2
0.6771288645238897,1.5847344042915021,2.9269136659968167,1.0286313607997146,1
3.4941035925888597,1.6397099517485751,0.77823089088319,3.094576626356282,0
1.668017715088346,3.528397069240693,4.892444758929264,2.329842255303315,4
4.4853269958175055,2.596975236885544,2.1284210405041963,4.411614773990457,5
5.479621165968512,3.5847276245049837,2.3271625195519476,5.0328411458253814,5
2.6912098776043463,4.09901336952408,5.104465178550069,2.6208207454404,4
2.966641386546426,4.728390645763897,5.8354296016238365,3.0970369764579653,4
1.9089258427713363,3.6644649773414004,4.962680651335635,2.522850113825507,4
4.694528446387993,2.950589321455686,1.2636686966834234,3.923052868561005,0
1.6795762140370676,1.0050959543213525,2.6022482438672196,2.3148651478342126,3
1.5695239506167937,0.8226904560005731,1.9973647203437113,1.4176093625905977,3
2.574463749432225,0.94324625811042,1.3137237188553748,2.247407593346784,3
4.6863861862770815,2.95059299297909,1.2153733024424827,3.9170388280758264,0
2.1271245943595516,1.636551867662287,1.8976855840332087,1.0055498832438352,2
2.8136788552406475,4.614496637161901,6.1781391279619635,3.8208773523749895,4
1.724741956290886,1.1228291264810613,2.120845539536239,1.5972644579612993,3
2.908171957496925,1.7029676652274381,0.9865531011864669,1.9922788288131255,0
2.0015498752561256,1.4165031509451407,2.37286160273945,1.8535724583506012,3
2.859203041694616,1.598751743799148,0.8591100737814118,1.913457683592744,0
1.9262007338896803,2.4209635709864488,3.015320938665371,1.1313579720324403,2
0.7583362870484988,2.5259878451474145,4.197429143944849,2.2769096932760684,1
1.7916551436021162,3.028626342537231,3.896505562416391,1.363492920590271,2
2.184415975346396,1.6725550996989593,2.55216229359429,2.047984827726419,3
0.7639602819920556,1.5998174565205954,3.3238008216212442,2.0345317220650627,1
3.5591604174110985,1.78621847574315,1.8897539709417701,3.6177747644409797,5
4.5033078661838015,2.6344179012992335,1.4606849234410173,4.076788397117263,5
3.819901103510162,2.277721532124358,0.7106722411730998,3.0031472436422852,0
3.759729898271144,2.169691534932231,0.39821093446824,2.9323765098043055,0
2.539046792795321,0.8999019240221936,1.1839219276451165,2.2199940951611765,3
2.5620886447933837,0.9716696398567787,1.2338204533714647,2.2502581996025164,3
2.201782794786562,3.820677982608856,4.8337256139824865,2.1329232915776046,4
3.760898794084504,2.1067738322114016,2.2969903771043128,3.800721351117854,5
2.505322375762142,0.7450107387346332,1.1009007167989673,2.1690044402839734,3
1.028081449570292,2.6393464534500635,3.9433707910510294,1.6486766767334775,1
4.699357927430132,2.966990245751011,1.2450271198456275,3.935662670089068,0
3.4862749765103547,1.627105549951222,0.7807411660797778,3.0912004744914783,0
1.6010351434454473,2.91531078965329,3.8348946657158223,1.1202768895812891,2
1.6149366772972655,2.154658937080245,2.8841962013609486,0.44809291897649234,2
2.865220167204679,1.6089953603752807,0.8979741268426257,1.914647773248936,0
0.6678540856142406,1.5670573211907628,2.9145604373443676,1.0011497000036054,1
0.6939399718732331,1.5607839790973657,3.328695025460157,2.015725560547108,1
1.213768289197705,1.8346298261589533,3.111284016493411,1.4261429333809916,1
0.6890017402562543,1.558653224287142,3.3251446192378236,2.009002529988285,1
1.9168486415987813,2.365413336640365,3.056409840936779,1.0863892400805188,2
3.00494607001658,1.8605074574120573,1.1917506075716844,2.1307131667163084,0
2.0857072063337365,1.6074590801909812,1.8427525321863432,0.9450239631521297,2
0.8361953224077818,1.664362556185587,2.9577130460190006,1.1498363362766315,1
2.7587085963247584,4.583070900657356,6.153164469757799,3.7839688243512333,4
1.6688575294050185,2.9410548801888745,3.8737211857671086,1.1920286647123597,2
0.8347414181033651,2.5582411062915145,4.214877276788549,2.3125884515417616,1
3.1459187687911334,2.033109662177424,1.6121162179630342,2.3059809077378257,0
1.8239284087282652,1.2372340224086686,2.679878007243314,2.4156220251991716,3
1.708923590629826,3.5345346664724944,5.150961278929647,2.9227710665012183,4
0.8552681488123803,1.672274960763383,2.9526284316558327,1.1381277269732686,1
2.0807614239689847,1.6053845170291727,1.844582282324188,0.9268957424420119,2
2.904361493074073,1.6889818353185326,0.9563521177138671,1.9816491112197978,0
1.6635719774549604,0.9567499270237029,2.5770198813131246,2.294790004453203,3
5.658136974632561,3.867245844877298,2.2360137571916914,4.936335465070245,5
2.496963756653853,0.7202090604546875,1.9334197852410073,2.7714494909825604,3
1.6441758206501644,3.5239874170800283,4.880460137553077,2.328345329038816,4
1.7622209973042662,3.0145642330397373,3.8926809283623744,1.3379108203968173,2
1.6702161665314224,1.0135471754787628,2.0658486855842195,1.5315924129636513,3
1.837497826440751,3.622172232193813,5.188513014192795,3.0176510404190937,4
2.0430038618938897,1.4782351440171675,2.900714539535067,2.5735636065974816,3
2.1222293810427035,1.6571850753608603,1.8720617370924517,1.0306921868611036,2
1.570772384340149,0.7814945446385972,2.0298824556498567,1.414042954676433,3
0.9989873041339912,1.745057378164447,2.983156161165374,1.2512361758333561,1
1.6759936237599455,2.899918576016363,4.467176362690569,2.704300674666218,1
2.1349578759259766,1.6697960551460223,1.8707725697601856,1.0335284852511513,2
3.7706355460621266,2.1696335484092995,0.3891828677818369,2.9241787258998437,0
1.6421318274851038,3.5223636544306256,4.878840697471022,2.325349664698582,4
1.0401066590673498,2.6449662351451373,3.9438775287587022,1.6473226415065998,1
1.1866236137792174,2.6687378990727817,4.315725277915035,2.4523017956600817,1
2.884761222484087,1.5606404403335068,2.4370064559496813,3.1090773366992703,3
2.498207391602147,0.7415419612981728,1.9343766937513218,2.7725881829219494,3
2.5409506005293085,0.9122720789600882,1.199870873463485,2.22706308336118,3
0.8573053057549015,2.5613815539273443,3.929441439971893,1.5413123425328967,1
3.547694539105661,1.7579398094779957,0.9601966604194436,3.1604293504230867,0
1.5538389024298898,0.7638027336753914,1.9691937828487356,1.3845419492761841,3
4.47569033268048,2.583726905175404,1.3986457578206506,4.044667830899724,5
3.9217650842116734,2.4440353818346883,1.0792548332098482,3.130931211904338,0
1.551017777921092,2.111444708309428,2.829498503722735,0.09107870672691155,2
1.6437352754871468,0.8715630973521954,2.609459032370846,2.278618486807633,3
0.7751817215387581,1.6092155984552918,3.3345376718435142,2.0496701505320325,1
5.479347280123985,3.5899714786875774,2.333208859013862,5.032774844558054,5
2.955648317637942,1.6904685410903486,2.532769809412001,3.17597319470671,3
2.2933938618711025,1.7996107847220304,2.646666961110334,2.171164376029876,3
0.8305612570307516,2.5594535249547095,3.8944790122005633,1.5134406880597882,1
1.904185900868618,3.662191230604617,4.96290861276162,2.5230116170287062,4
1.7988767837388726,1.2312893322329568,2.167887891081747,1.673795681970754,3
3.48720244211752,1.6438092511769709,0.8244320951787163,3.099374407651529,0
1.5747982505444957,0.7528009984149174,2.5578597436299644,2.223442449136349,3
0.8719661264488078,2.5751516413964883,3.9076086135368415,1.5551310491151076,1
2.282619943242954,3.875437031742096,4.875424734301984,2.228887348928479,4
2.7250870063248827,1.2820670519886563,1.6045992008334318,2.4125666793838527,3
2.5686715219404785,0.9914683006245931,1.240979978404715,2.2536152097551865,3
3.7750658548581457,2.1919867864839833,0.4433050195787914,2.9450348918168556,0
1.7458577402457562,3.5707264384168957,5.154486266398946,2.957261955238581,4
1.9527249461235987,1.3501318578040469,2.8250903908204523,2.496157502899666,3
3.0079117495663272,4.7501555097449355,5.8567536390424,3.1317242496675046,4
3.4975266017275812,1.634999733973283,0.872720929289352,3.10139982694161,0
1.1271957024373653,1.7779199550148257,3.461788204640685,2.1947255478448637,1
4.548028995452265,2.7204761587271946,1.5902825224417134,4.12833452160198,5
0.6878008297847581,1.5780854837091165,2.9153512490577302,1.0171531170146437,1
1.6095248595048561,2.158526244216564,2.84266871616841,0.40967363429500697,2
1.8952156372125633,3.058838690367702,3.975129320122003,1.481719916310169,2
0.7624012067013332,2.527894862495899,4.206964887797496,2.28575366399018,1
4.523265142995628,2.6683740155744924,1.5015180315850465,4.096094322242623,5
0.6789390502324314,1.5668760643820834,3.327199355758629,2.011502514765059,1
1.6521147343815512,2.9485493111277052,3.8542722250386006,1.1978516722379053,2
1.672867410812807,3.531297532145833,4.9017930130738625,2.3473610521258945,4
3.5626839530451444,1.795661264424053,1.0161562723026019,3.1760305388757395,0
2.51026522501398,0.7351885949374959,1.9439546099281233,2.774739532613125,3
1.6746036715324872,0.9202222443381883,2.620960914186295,2.288845182178946,3
3.9615220755207474,2.517882598418799,1.2270033011304466,3.1800041674462176,0
2.992725990961338,4.743488971756607,5.8494466773648375,3.117270563218245,4
1.1902411566541522,2.6761061379874587,4.012804892967081,1.7305068855532533,1
2.5075709181805945,0.81386254816056,1.1548712966406633,2.1921559320870454,3
2.3531255007708283,3.9190763343124275,4.903489299627495,2.2964506122787958,4
0.6761097418877744,1.570755997597891,3.333541826441035,2.0135390295392757,1
2.1052872681408474,1.6192031168619219,1.8736907173189152,0.9530398693840971,2
3.6036516883134175,1.872910183749837,1.1257271317584416,3.222472119660533,0
1.5241203159425851,0.7339178782391863,1.9822265605012164,1.3726428208294101,3
2.193361120750656,3.8216169125627624,4.8430188215558,2.139154460781933,4
2.9000601788421063,1.6546944525827159,1.029065501837084,1.9741824826857954,0
1.7234490162988843,3.5494131096708705,4.912467891944482,2.368718818667693,4
3.2121856213314315,2.1304746851117358,1.7471352043177693,2.39738303859707,0
0.8297752126232905,2.5449369796424492,4.2260321669264025,2.3071138122647694,1
0.8067980443576036,2.532077796584329,4.2110499896607765,2.2884582175136554,1
0.7318209707346729,1.5768442202061839,2.9259978548885583,1.0247654006338343,1
2.3546906602510926,1.9633454685564442,2.106622531367232,1.4472280157604929,2
0.9822493821920526,2.628873468704232,3.943487068529611,1.6262688851782463,1
1.528029886320002,0.7192574827674681,1.965786295599457,1.3514868244067464,3
0.8246557692541779,2.5632521031930215,3.904054104948634,1.5253235434225816,1
2.668989702575528,1.1377052806808623,2.1731306474471612,2.9207421579570894,3
0.6920408671471506,1.5664863741239348,2.9285386838324996,1.0295685889612098,1
2.0687525739703387,1.5949433037519178,1.8475404452494795,0.9270769498919561,2
1.8000961583317512,1.138768559350141,2.205492057690775,1.6411146745614618,3
1.6507533887304877,3.5272267783776234,4.880813680373497,2.331319831654902,4
2.6749566914646437,2.2776749050031015,2.536078399255697,1.905591919316522,2
2.5352806842807647,0.8870671342862713,1.9821860902438009,2.8113112292670444,3
2.494942346720685,0.7446245332816086,1.105223430371023,2.159158993383105,3
2.093243987455269,1.5993308960619728,1.8642295358087095,0.9514365953639465,2
2.510755400793741,0.816762378825937,1.1318283433902392,2.179473252028978,3
1.557968019120448,2.121032531522459,2.832460859737016,0.1468316385397737,2
2.102716228998045,1.6241947184525614,1.8465468551604505,0.980762476325305,2
2.3053240647814595,3.8512616197627083,5.160916778749168,2.8186298949413535,4
1.6647636632264444,0.9708216970116724,2.5887495886743097,2.3022379375597444,3
2.1580595393644124,3.792361265755587,4.837385278046287,2.099583684938434,4
4.534342797062573,2.6951398827849338,1.5463714214405715,4.110075580673961,5
3.5028724375807276,1.658090176899529,1.7901053184848406,3.559905585963474,5
3.4902700533506996,1.635989621858399,1.7803495465803696,3.5490217861787965,5
1.6093778234486715,2.9132942029754942,3.846487023993544,1.1151152572960645,2
1.1455300338056273,1.8430768653929732,3.0361041755027594,1.3744609784829949,1
4.758250276054295,3.0655397947737133,1.413947795078145,4.000728020900924,0
3.0106054236767994,1.8317381003637512,1.3218171476186908,2.1210473675789974,0
0.6539468321239771,1.5647819455847523,2.9225761165075976,1.0280358790280975,1
0.8752408082608139,2.565491537915213,4.209604088660609,2.319543890186126,1
2.0891783124156396,1.5957728331114343,1.845791787817828,0.9284905493528248,2
1.5432238826616531,0.7115221692359448,2.548521879795668,2.212792446116944,3
0.9479774841559242,2.6044078073137285,4.239551653380356,2.360583878805465,1
4.509367234643672,2.6484400814883284,1.4841621791930844,4.085032007166472,5
4.498007333988753,2.628703941269838,1.4645261277593913,4.075923824995227,5
1.5558720362356635,0.7484162177413209,1.9995612286339801,1.3813006139806228,3
4.4684815195472165,2.571450541743174,1.40146038248993,4.037836506477556,5
2.9046263030483828,1.6917156795435995,0.9597149241868551,1.9803442195830907,0
4.517241414078184,2.664886987954164,1.509644539681762,4.094416928858806,5
1.596106625910773,2.1625572771582995,2.8604711817178,0.45307540949884056,2
1.5337069495779698,2.8850040682541658,4.0899259229252785,1.998072837772551,1
2.962162546227064,4.7296653811954235,5.824245804822279,3.0939849742947607,4
3.7586085995172698,2.161708817473968,1.5108650311132106,3.392513678802778,0
3.482705835649126,1.601015865826484,1.7714063034170475,3.5407979618734187,5
3.9531677780096834,2.435210304610413,2.0870577659586167,3.596293615513257,0
0.8374633955578992,2.5405747298346273,4.221467477241484,2.3072681580855887,1
1.7667378696471148,1.0652875989558315,2.6861132479806145,2.3599939798238068,3
5.638656597330316,3.831485186949977,2.1894707161444082,4.9111411712176185,5
0.8154641846468175,1.6126184173785998,3.3658661160971257,2.0586102595099005,1
2.892702150584283,1.600350589134585,1.8970984202588277,2.6011953547940823,3
3.1010984568900524,1.9558229016427129,1.4825453032521083,2.235663937982839,0
0.7632371091599894,2.526907186058947,4.2060987390365066,2.280365867698886,1
1.9154029454985853,3.109393491588349,3.955082700190922,1.5315263822911662,2
1.08572563586171,2.6330173263355343,3.985038864995114,1.6750032346024006,1
4.158704899245442,2.7622895769533735,1.863384701026489,3.40482501041338,0
2.9819080762082195,1.8189151353112794,1.1116944633260448,2.0804615119353858,0
3.7429855772945095,2.1365199519505795,0.32898029892898367,2.9065696312569025,0
2.4950928057106267,0.7280902797076753,1.9433225377175423,2.775776379452341,3
4.773896019154806,3.0877914020813853,1.4539134021224973,4.019936237562944,0
1.5396338835580392,0.6663865807052415,2.507825248716609,2.19546675361364,3
2.1244096517523894,1.6791558482591749,1.9046221113830684,1.0615004348360728,2
2.615573837623487,4.513107675283138,6.08520429241367,3.6879721982175484,4
2.981005702646613,1.734737412686074,2.004959100170291,2.6907764691768965,3
1.6374786071515242,3.519965072429625,4.877630592696264,2.318193146980749,4
3.470858383023883,1.5995150587874258,0.7817118042920784,3.0811016777088276,0
1.92974574930013,2.3719197479204017,3.062702650095314,1.1132410435264357,2
0.6627311713562933,1.5621273677254757,2.917905244452954,1.0057567946120616,1
0.8102521850333116,1.6303062428910353,3.3389515371181506,2.0576221965571726,1
4.5242613356663,2.6513450355173056,1.5825054539870906,4.096632090919271,5
1.6005778445600993,2.9097709605329856,3.8266791021724575,1.1047731725335097,2
1.7118805585059134,2.9580915583547576,3.8866110251580923,1.2426087515454356,2
0.8747859520280712,2.5727039325015544,4.2208087448822535,2.327523100034693,1
2.8646591791590064,1.6006695616749576,0.856056898765651,1.9186840062253137,0
0.67606427226756,1.5719788517011057,2.918812890377611,1.032257029475537,1
0.8343683714528719,2.561967505851229,3.897472075108531,1.519706557644022,1
2.331451592085881,1.881903226402945,2.1591561091418847,1.395595529174605,2
1.6561505694469643,2.1694344615216155,2.8863998148441468,0.5317124831705929,2
2.1951798055214153,1.7656277925850166,1.9515091534269673,1.1669156610606508,2
2.262599293400516,3.846684516920965,4.88745168938401,2.194855111351275,4
1.5905894597673056,2.902073427204565,3.8259852073407576,1.083472551488309,2
2.377305583398663,3.935365242669977,4.915719387742242,2.321850756951681,4
1.5488390286413611,2.10955557219389,2.8376642497439435,0.13250265180440132,2
1.6190966202790729,2.922705824884674,3.833977934746971,1.1366115334158282,2
4.809223913798853,3.1458090543702473,1.5568133512421416,4.06051141733405,0
1.5734254428649825,0.8189462414087463,1.989775521913294,1.4144325594464622,3
0.7686887437091109,2.535114823800819,3.8843527288476443,1.4845306404045202,1
0.6718955450855305,1.5520239480848972,3.3122067702936087,1.995280740509766,1
1.6565778309321213,3.5281431412316224,5.141961284779637,2.910487110470817,4
2.2715723796571354,3.8713667109490197,4.874342019784323,2.2165716891776044,4
1.7386525039319864,3.5664018057022515,5.15346324635479,2.9560761567578155,4
2.645750563215568,1.0891389656615396,2.144872300798054,2.8990221171759356,3
1.6780029479000766,3.535560179010587,5.139154832124918,2.921818363155938,4
4.482829229944218,2.580110135486397,2.1131083864870743,4.404675022125502,5
1.5449580758628638,0.6895974542938549,2.5293821030131713,2.202923359526816,3
1.5435713119970724,0.7077870951130766,2.54706130587671,2.2148983825495754,3
2.0868225149775723,1.5932159565943165,1.8292528239583572,0.9256965865599552,2
1.59822769462318,0.8931700222650377,2.024318163024185,1.4532603081798243,3
2.634202583588652,1.1218889880392953,2.063165511550577,2.895800840888985,3
1.6113827279292208,0.8367474970493678,2.0462511413292463,1.444232632251051,3
4.645742007326389,2.873534920888865,2.4009914275732402,4.571246596432805,5
4.49662359646498,2.6299298564824074,1.4623033881723044,4.07209525520444,5
3.5159444784387452,1.6598080061496097,1.8539591310975314,3.5725725459120286,5
2.984918587614884,1.784282638717369,1.2435863152131863,2.086957294301391,0
2.9501730998762543,4.717419986012792,5.819910381592272,3.0791022910479513,4
2.206614409332956,1.737782276588771,2.015694177918362,1.174164523841432,2
1.517332002420904,0.7079508041125993,1.9762872571962957,1.350319375286821,3
4.4821955347368725,2.5863834638707632,1.446998466917889,4.054568076065544,5
1.9418273511562008,3.1228381313165254,3.960041629284724,1.5553605629338922,2
2.22153342918763,3.8378224331235806,4.847318980877854,2.1503335586601384,4
4.487145906353875,2.5905727050788157,1.4279135788770847,4.05455243159674,5
1.6942265909619838,1.0486183030445795,2.0754260739714114,1.5522584031126112,3
3.5024282295001705,1.6518139974803911,1.7799530579553786,3.5566335614299125,5
3.8205080674940595,2.2496170665896877,0.8557202614619857,2.9992541184282544,0
2.1324324761071844,1.6036752452256895,2.509814960063908,2.002316317257595,3
1.0469217206889596,2.6303701860892867,4.239094006099377,2.3884768539622194,1
1.700950150033208,3.552482379785038,5.150642058315758,2.9350163779079033,4
5.473814880997976,3.57508112336725,2.3172567633040235,5.026425253683112,5
1.5530385097282993,0.7754799324304853,1.9799120627526363,1.394264455150659,3
1.665810788986391,3.540378002988665,4.894768554353489,2.3516645587245115,4
4.6960665033594955,2.949648685913285,1.2408627461982293,3.9239524867401285,0
1.5801314051112227,2.1465263428622077,2.848412756464564,0.3633150139961905,2
2.465734795680271,2.814383480842607,3.4439657881492374,1.8889525047458289,2
2.1544772202444924,1.6097759597613066,2.9698531671225425,2.658973395584184,3
2.918449355471006,1.7064500699810765,0.9673796853415001,1.9972002293873603,0
4.547065842401385,2.7077367552238956,2.230025719976872,4.472484644924051,5
1.3161050637115619,1.8936216509683446,3.140218514665813,1.4929804486900171,1
0.8158811318497223,2.561121382514298,3.9072526149921853,1.5331710040073332,1
2.0941465452543055,1.6061535370892819,1.8321063317867847,0.928304140019694,2
2.2122674050683533,3.834147380795669,4.8492230955753275,2.150706994163994,4
2.668989702575528,1.1377052806808623,2.1731306474471612,2.9207421579570894,3
1.6034043151536153,2.148038733228548,2.832857522893735,0.3664345908187616,2
1.0554694460212073,2.627534591424284,3.9763562246861777,1.6417346810013476,1
0.878759160523196,2.574950478438306,4.219187466336679,2.32347829085331,1
3.6036838915988465,1.8624275063208358,1.9422707282390044,3.6590148617046583,5
0.9297433725449779,2.5953405427445944,4.230538192552979,2.346106725014201,1
3.490615371735159,1.624898939461409,1.7751552514965196,3.5501517093196324,5
0.7067277234552213,1.5700651163932862,3.321818896186523,2.0222331386758343,1
1.5354984537872287,0.7337191075333416,1.968073125595442,1.3668577661221826,3
4.721985629622262,3.0052590705005486,1.307537169361726,3.959899541356613,0
1.5505224599588896,2.1264607694150195,2.843602106665426,0.22391704710645513,2
2.0733382195700902,1.5889367187984937,1.8519232101698917,0.9139434553307629,2
2.983520154811474,4.746568532461788,5.835320054862316,3.1127489318272286,4
5.477480039221468,3.57782110588564,2.8101350711373168,5.318751635248897,5
2.4878365727384733,0.7269720432588558,1.1235635603599543,2.168462314260775,3
0.7450056461136003,1.593733101803749,3.319874346746112,2.022009009710097,1
0.7002461180238995,1.5983469021034415,2.932380246110827,1.0482417386618799,1
2.522762341579788,0.809275557348359,1.9518347492553705,2.798563411932282,3
1.7119282635333684,2.2485494693101886,2.9052870655141296,0.7451964473537891,2
2.552522522227383,0.8435173679540904,1.9985496794800115,2.8094770907411486,3
2.701350688647271,1.296293911666695,2.1582434283631775,2.9606296148579263,3
1.3103819998066593,1.8927675063114935,3.524825531791639,2.2842792433613934,1
3.9249581135381817,2.4143768274395754,1.264059410602487,3.1284703461599723,0
2.510418380913457,0.7405161440750195,1.9548277771902978,2.781830962937309,3
0.708819168233386,1.5704907386488023,3.3132118288294317,2.0105226657368527,1
0.8542435620632848,1.6523763881570224,3.3439900980515755,2.071383931309041,1
4.699375718392033,2.9592121660675375,1.2927976935731478,3.927681590747582,0
0.7603439645801768,1.5984570212602338,3.3584761563093473,2.0392622042927537,1
2.8344112407941133,1.5684831802178347,1.6716237849634161,2.5466251057321547,3
3.758159425932038,2.153025538557728,0.3181867689499851,2.9198780171512873,0
1.5523576879502512,0.7675897906223039,1.968288366561783,1.3758689156016166,3
2.606552053561368,1.0136849631750817,1.360973499432067,2.2769069975480845,3
1.6731108232289682,3.539667429055288,4.88798631017031,2.3499141643338137,4
2.6436092923467345,4.520217233263375,6.09953340486803,3.7066676941458216,4
1.0409403506649104,1.771334824834128,3.400223459594592,2.1631597076182802,1
0.7405078189561798,2.5289880147453663,3.9012357936813875,1.4919635639901365,1
2.881080063506462,1.6592843429372575,0.9326217709928649,1.9514192367956835,0
2.232019037225841,1.7059915997208253,3.021482155977106,2.714978909074819,3
1.700950150033208,3.552482379785038,5.150642058315758,2.9350163779079033,4
0.854458491328684,1.6214173172531443,3.3669607334003797,2.0674297691543484,1
5.472927634393689,3.5715732340989423,2.8066785610276015,5.315239260745297,5
4.493435337255839,2.6049332382608066,1.4851505367018965,4.062559587560078,5
3.5802458052000397,1.7921962970343304,1.1873200996015807,3.19056683142843,0
4.821065067359916,3.130951388922875,1.6889802744171925,4.0688182993616016,0
3.785217914584067,2.192798434971038,0.6637138469005084,2.957549456561495,0
3.1339528225395727,2.0017909525030237,1.5388437456434474,2.275250464684339,0
2.193736465130543,1.759765533356,1.951281172757498,1.17979322708005,2
2.6494473785964767,4.537288199162722,6.098749145913303,3.7166107873688343,4
0.8563321990263478,2.5658140305561377,4.219694536801069,2.3240132470052304,1
1.6342836805980085,2.1918600359518066,2.8768877951923244,0.5763891818655491,2
4.9894892658555765,3.380455891999008,2.1553316900952755,4.266218734910612,0
1.641532153187789,3.514419768265588,5.131720424558221,2.897064042771414,4
1.8835090596936872,3.092433325387501,3.944821612515233,1.4901227698729758,2
2.1170049976968714,1.6291407015879495,1.8983478560743003,0.9966910199171883,2
3.492257255596845,1.6401837832704056,1.7771090225989827,3.5480303648754,5
2.24357926430997,3.8525218323342774,4.861336630810516,2.188941779545166,4
1.0864521328581285,2.6528334958650746,4.249889113031922,2.3999236348557034,1
2.166921265543627,3.795956110620926,4.838711329535104,2.1025518340059817,4
1.0696433900822362,1.7439712991202254,3.0444880892140667,1.2912575146333376,1
2.5467070186364,0.9185325132460315,1.1953257030413638,2.230138029285527,3
1.6662342836672805,2.950019546162725,3.847025317057538,1.198008289056008,2
1.961208791468342,1.3589694496129798,2.8311541205731166,2.505599723582925,3
1.758044414485539,1.1336833888415851,2.639568274977855,2.3654876062684695,3
0.9864953443008694,2.6010305588622495,3.9564340135792913,1.6016782224649302,1
1.60475001168356,2.166595243591107,2.8580651062730444,0.44720188972044633,2
2.5222360797710497,0.7748203475500781,1.9752777329722935,2.791955267863341,3
3.7774876821573553,2.1760535396102667,0.546029075578934,2.9439245607011832,0
2.1755747564846515,1.6567459849684265,2.5344750470465045,2.031365970755694,3
1.751935633749057,1.1491672214684907,2.120483576135064,1.613834884334055,3
2.882743106501678,1.624082687520731,0.9221675151168045,1.93685238785865,0
2.9256105433780233,1.6838847958446805,1.0265941287789941,1.9881761091861887,0
0.7615380712087079,1.6118348802233224,3.3399622980848642,2.0468165286839293,1
1.9583881448685745,3.0835714303176984,4.322703197095125,2.3265538250021187,1
2.5672833561630886,0.9436848341265192,1.9800728587956868,2.828338966066607,3
2.8828719966625407,1.6447849615513332,0.9008639684171497,1.9543622398336828,0
2.5205144895437424,0.8050096027009511,1.1062763231396,2.183903228340252,3
1.6606645073408286,3.5333776008995654,4.886734987044728,2.3456433883127668,4
1.6087420277954723,2.154481036318513,2.8397001972523266,0.4236880619107239,2
1.481810555475556,2.8468434162249086,4.361263034603996,2.606689818027556,1
1.6494410073104036,2.1766723268044674,2.9005596250253576,0.5377339617346668,2
1.589167647530709,0.816900499709258,2.534632499997607,2.233583451079171,3
0.7215619404140527,1.587937064287605,3.333937779169884,2.0346487426274584,1
2.119959817951565,1.630804365225896,1.894577557522596,0.9949941163322699,2
2.19337638289964,1.7131636495044362,1.9870851251259845,1.14850490071921,2
0.8845308228431751,1.6726387242510683,3.3551500862503207,2.0882153114002073,1
3.4948629498273545,1.6256883661879467,0.8183547455415286,3.094778854506409,0
0.8327508994563999,1.635640192714999,2.983297227200723,1.1315034188036508,1
2.0936633391175716,1.6168837200129322,1.8451613807455436,0.9577521584913831,2
2.11585222933058,1.6326576172128657,1.8402707442778434,0.9850126661396056,2
1.5638257651132217,2.123868069497122,2.8459679488134495,0.1650736579117549,2
3.5279861493276425,1.6946868107931603,0.9942619283124415,3.128921662428286,0
1.6774855918761276,3.522499040757024,5.14177557410392,2.9086769962271104,4
1.5976658116062743,2.1568340881730763,2.8494189768648797,0.40580416578617073,2
1.3778151520582655,2.794241715149704,4.336302976281369,2.558094420679676,1
2.0016149262053835,3.7051294202691256,5.231321757552778,3.111817731878031,4
1.7184383081715735,3.5618166983396433,4.898875646797702,2.3826214709750677,4
1.5805325998302489,2.1252588992415133,2.833162005892525,0.1421638530371237,2
2.582166437747219,1.0084980757447248,2.026961961708217,2.8553173539060754,3
3.536001621245293,1.7181091835309266,1.818405279066657,3.5867834109891255,5
0.735298091949363,1.611609317541257,2.9366352941396494,1.0787454061141346,1
4.482853026145043,2.604272132223202,1.4243670172081606,4.054979133712494,5
1.5448596282850529,0.7025982179654993,2.512969280997026,2.202768689144931,3
2.523401225694486,0.7893415033422475,1.926013084732112,2.786285976043711,3
1.6475270695839834,2.1933488033748203,2.8638774787051062,0.5347912616831811,2
0.7367290625284746,1.5929020844195636,2.9131772412483152,1.045102200003987,1
2.9815068942985956,1.7525000857371111,2.0327389459708423,2.694638357487603,3
0.8667042678148156,2.5629747109730974,4.208398908239787,2.31555628343286,1
5.6696544003412495,3.8783573290876494,2.2426873887923993,4.944374859227078,5
4.6910325660171,2.951492083118613,1.2147742686544165,3.921480086225275,0
1.6323509865858545,3.5155860454457093,4.876228855549089,2.310286609291951,4
3.482500773993366,1.6206800525958684,0.7881730118866213,3.0919999366058137,0
2.5191137512954307,0.7590532751331104,1.9122959552108427,2.7784389713013877,3
0.8231428161939262,1.6355468367900459,3.3414955957009695,2.0648072928734953,1
1.9062764327754427,2.357654748774199,3.057200068238325,1.088822063259601,2
1.8508767771774355,2.3162443382580333,3.0210350044464884,0.9874833603543397,2
3.487040799608495,1.622004585987392,1.7670460260508019,3.543208279005172,5
3.9562349386376052,2.435402087575848,2.080202958144048,3.5969333561370904,0
1.615757799515238,2.1708147635039508,2.8600153133301345,0.5092675473873821,2
2.7567957168365607,4.589091434948505,5.949204965302064,3.3639217960333907,4
1.7768468781396853,1.1807817422931315,2.13463460771314,1.6432141403167118,3
2.881225081327493,1.6313983965030534,0.8633993315898821,1.9358537592633702,0
2.9096689774030864,1.6636853582698468,1.0064514478482458,1.9728374826082957,0
1.6249628190290504,2.9192134770923213,3.850504515969699,1.1287053433148155,2
1.1614966912918785,2.6697892137353003,4.013453440804454,1.7226137022743995,1
3.007022979453371,1.8678069237930308,1.2018059381569368,2.131711171862947,0
1.279862505875989,1.8721549741145858,3.1295924717420154,1.4690667864934563,1
1.7098524550674272,3.5567096047962994,4.895981304489813,2.3776088266087605,4
1.5531352229220012,0.7698692723386938,1.9775608103372522,1.394825871400948,3
2.204096781247218,1.780109385819106,1.969342389493113,1.1975766507126122,2
0.6676170341136419,1.5399158182484871,3.297823311816713,1.9814365282354212,1
3.917941481708151,2.4003607920285996,1.2004312149990803,3.1080649265042832,0
1.529759359107546,0.6977394315648049,2.542477872342213,2.2098882967031503,3
2.0246790620734503,2.4543529108349174,3.1423388112449255,1.2859276327717069,2
2.613973474938955,4.518101955645425,5.876202724592455,3.259347012200823,4
2.946909569569631,1.779969016294213,1.1062422450377674,2.0560638184876936,0
3.4915908625439345,1.6142430650797222,1.7936412281868523,3.54601642345435,5
3.7879664858282105,2.1971097349883926,0.6803773589613501,2.9608042340855696,0
1.8412395596323978,1.249097590271231,2.6807341681252863,2.427801003353924,3
1.5655999740865796,0.77570392323491,2.534806205297477,2.2255082113441547,3
0.7566681674250127,2.5218653745742285,4.200574391133381,2.275836904983379,1
3.6564985263783365,1.9885896953288895,1.2903735761878798,3.2796868078464883,0
0.8177245172440533,2.540432564967269,4.21998585670478,2.2971898936682957,1
2.6265101077591746,4.515601909630115,6.072102580375704,3.6861684803240755,4
1.6154650827058943,2.9195557623633177,3.831600263324174,1.130614929492908,2
1.5403115606878133,0.6969306819984007,2.541512717324098,2.2168912602068342,3
3.258936813681399,4.907441065036212,5.99981264983352,3.3668904119099277,4
2.1846237638287995,3.8039081134304937,4.842443451618363,2.1101629949374203,4
2.7307174011480337,1.340599391195008,2.1698627642488106,2.981296595228104,3
1.5986718748789674,2.0888896947551654,3.642882885000484,2.4594946747050552,1
1.639592077199201,3.509721087291696,5.1297924348477535,2.8963345125837057,4
1.673023919216052,0.989482847201222,2.588732740885774,2.300456521662315,3
1.749319017112006,3.572586147137113,5.1562178342301435,2.960559118416419,4
2.24679290438575,3.851802413357108,4.854614169076358,2.1765076137813666,4
2.558884589972728,0.9613245060831634,1.2141837908866417,2.2375577786846867,3
2.5015252963333103,0.7404188223433086,1.948509458051446,2.7849267161529365,3
1.6717456063505804,2.184533351662385,2.8998326164948973,0.5717477014362724,2
2.694640558190777,1.1924835063169645,2.201340521656787,2.939825020121806,3
2.1647319768695845,3.7918725602268246,4.825303804081905,2.0839112667126996,4
0.7299095745429817,1.591154902701425,3.3305852893751524,2.0319298001337063,1
1.5906895560808885,2.130921093347921,2.8457033349923453,0.25760749942504085,2
1.6227448272106226,0.884590229741766,2.5553511187930256,2.262514827481972,3
0.6780224258688716,1.547585283561062,3.3097881307321764,1.9984330850684966,1
4.509573756571911,2.640311797666334,2.1713586332983623,4.4387620254352615,5
1.5614640213911262,0.8001944670492234,1.98282234701723,1.3944594520400373,3
3.025261740918874,1.8453060107161083,1.3324790330337137,2.13898308137929,0
1.8056199424311972,2.3258486859395475,2.9547858676905774,0.9293259738159874,2
3.495701832669003,1.652769721409573,0.8113771542426469,3.1014196742363005,0
4.5129863756789375,2.650104750752997,1.4760532116185825,4.08481514433258,5
1.6739145249851004,0.938477574818928,2.091302899548284,1.5013908669887948,3
2.5876700018239482,0.9685216017765134,1.3357378563364235,2.264336099889192,3
2.0976788322818862,1.6073760727173467,1.873780376685971,0.9586309621929604,2
2.8726021138434246,1.6279017178528357,0.8713248646196765,1.9236186794254364,0
2.6378478976432076,4.530426412459474,5.8744123219264885,3.2694568171235603,4
0.6872669623421189,1.565222253237406,3.3320606805203803,2.013701573608644,1
1.2179093533071597,2.677930491552212,4.318221573266805,2.4603636616444575,1
0.7610115879294564,2.536600230407943,3.9020959461762237,1.483996611607199,1
1.6738111581508224,2.9603786633162557,3.860362917004881,1.227871368783371,2
2.8521791723127814,1.5922877259798767,0.9013783336397821,1.9095601490907108,0
0.7567887112861357,1.6244960327696345,2.943339012682422,1.0977421522919808,1
0.680981413046652,1.5465619482395419,3.3099431683344402,1.991030378842521,1
1.7135293237545401,3.538702487565014,5.1535507229082755,2.923039080819083,4
1.1683266991179562,1.8599582073572618,3.0509035587558686,1.4076501224315665,1
2.949059821808826,1.7295755982302035,1.1165338630800663,2.018599827664819,0
2.9754235293233395,1.7287531000162557,2.004881792697134,2.688036367816807,3
1.5847504283065548,2.9053693414041764,3.834509626560431,1.0937996602218796,2
3.804151021437227,2.2410960453715707,0.574298766600513,2.9753660002371976,0
0.6596371886087559,1.5618097240292337,2.9168712297428208,1.0095699685415331,1
2.05853377523311,1.5077134952973907,2.4445647949725466,1.9243541068168513,3
1.5572643562142907,2.1190425576958734,2.8353924615321215,0.08820310342927339,2
4.515921877440306,2.649038719219323,2.1763968716341826,4.443744576684353,5
1.6615604935429547,3.520978168890643,5.1414130888610865,2.9050012507115723,4
1.066567742046444,2.6235731895199175,3.972565724324774,1.6499603860638334,1
4.476931355935234,2.5883893176191015,1.395936651804567,4.043092936704002,5
4.468121615215654,2.5680237676360247,2.11146768370598,4.395045293271262,5
1.0618269552896145,1.7903476129757923,3.0124998840205452,1.3151784103194801,1
3.8317947701854997,2.2613618333125167,0.8506603949219177,3.005343498750083,0
1.6842072924498919,3.535142657900807,4.903033097945604,2.3495203202869255,4
1.6287016221183663,3.51066439412622,4.873911931857878,2.30794624769278,4
1.5262135100036105,0.7001497812642231,1.978120071920392,1.3622912335612862,3
3.8076826765671763,2.2265484254936463,0.7534487016487577,2.9782613861363103,0
3.8755008899525665,2.33733270331556,1.0833350048166897,3.0643634391451045,0
2.076699699391003,3.2123777258221233,4.024046381318428,1.7204549040516304,2
2.5068228401482227,0.7670494504646389,1.9501559906554624,2.7885183360347283,3
1.6564389644261546,3.5257275887102106,4.892418209264678,2.329148928969337,4
3.528920147200598,1.681473758997528,1.864792354201566,3.577340885032842,5
3.6698969974978897,2.011376674146509,1.3215087926549656,3.2954147260115976,0
4.526640008296953,2.673854540714371,2.1956703692823525,4.4513592653433625,5
2.493078209938463,0.73311835791594,1.1127485056923812,2.161756443690988,3
3.482479991252703,1.5995813164222148,1.7700693403027539,3.5372969228390363,5
1.0648086471753684,2.6281665692710083,3.9787228967651616,1.6536797345732377,1
2.434830768576627,3.944281965469813,4.97328502776414,2.365816660542223,4
3.010974202580622,1.8695084205278039,1.195699611847115,2.1332606785061556,0
1.6797555906064856,3.5382192766922205,5.139094352648029,2.9183217676131616,4
0.8154023112912794,1.652154581489945,2.953744434152,1.140334264821413,1
5.465867480441557,3.5587208905392362,2.3130329638286002,5.017482344305456,5
0.7755859982216349,2.5389692561323076,3.8893432109856425,1.4987115921645937,1
2.0836160657366087,1.601024028380008,1.8376098014769597,0.933522882785309,2
1.8063642055698526,3.601236869944993,5.1692141297951135,2.990015802618978,4
5.466820361819507,3.5595265775470173,2.3148194051194673,5.019459705932572,5
4.694727578185752,2.9543354492292466,1.2889315305806255,3.923870202590279,0
3.0573415802907085,4.779762077231644,5.884634529447657,3.1770839743932267,4
1.6174907079978125,2.909051912198786,3.833182830634337,1.0999139782411647,2
2.4907556105615476,0.7350519653524591,1.1157994924729913,2.164410961523193,3
3.899213593604567,2.4123737610021974,1.019060661401501,3.1022302316969097,0
1.7570196814877574,3.5844325579867378,4.916290340162999,2.417526330988085,4
1.299839829044977,1.876016067322838,3.510489075089139,2.2739399964793043,1
1.0940801804631677,2.642601344270636,3.991521935927561,1.6755403500215562,1
2.7356921455786223,1.3817218745774877,1.524398593233471,2.440198224669683,3
2.7704738423129838,1.3475226842624937,2.294024001886494,3.0044332785370855,3
2.883407137228547,1.6389940656927597,0.8719918036623457,1.937097258518928,0
2.645723572690778,1.0958328707040603,2.1488863304038066,2.8972624619392082,3
4.683101968629793,2.940912938485297,1.2026682217616402,3.9122507643951905,0
1.616229483265468,2.1676001230741613,2.85084474748389,0.4507723733583695,2
1.6640803866179212,3.534323079283048,4.883246402618085,2.3386471030136193,4
2.8992135554906917,1.650575693534593,0.9853689691728701,1.959623638436593,0
2.3596895851968425,3.900755843619643,4.935280254477325,2.290557694483181,4
1.5484082927672158,0.7161274493752257,1.9721053578601435,1.3657272507263853,3
1.5618269675516772,2.1214674969603786,2.829683392884397,0.16657536532227624,2
0.7113130137247213,1.5779438826656036,2.9061135998116647,1.0195399187895995,1
3.7780316445962914,2.1986787411388313,0.47048199652551426,2.9496128896475096,0
3.4859052590118145,1.6017707035744797,1.7639981525532793,3.5355612290426333,5
1.6242048939411322,0.9073008429874215,2.5787630025503887,2.2804461164055634,3
3.865484612194428,2.35154171859332,0.8709242353806047,3.0546761560950797,0
2.1862801597235086,3.806576291574543,4.845617430380122,2.1132299982065996,4
4.509573756571911,2.640311797666334,2.1713586332983623,4.4387620254352615,5
0.7890396883225891,2.536092971513784,3.900509589525143,1.4891108455159596,1
1.1548873198391718,1.8508022188863342,3.042791525235374,1.3879124464660424,1
3.7526241372792333,2.146607379795885,0.3171193232465164,2.915375003018924,0
3.670356507322362,2.0129108317525812,1.3350974900990136,3.301479499763598,0
1.586088032782025,0.8440956706995205,2.5625623901334507,2.250834579970102,3
1.6523537445731842,2.947874547037383,3.8526032806378465,1.193813591376742,2
1.5887112484091257,2.910356728362064,3.836783891369358,1.1045954013573456,2
2.9866017577721964,4.7479797653579086,5.833904092473296,3.109400964714286,4
3.5270661684371634,1.730748213279995,0.9413230481806184,3.14187894596869,0
2.4804314054754495,0.7173460996059711,1.1286360808380076,2.157417022941508,3
1.9718597584027473,1.4474894314973854,2.7690723111767537,2.528152909407742,3
0.7954352353515263,2.5393415292386745,3.9086787342090354,1.505721876211294,1
1.5429506063407439,0.7372696792802922,1.964615274084509,1.3736963574274434,3
1.8280605518541295,1.168871761276332,2.7363715395091552,2.4054771795991137,3
0.8911699280052943,2.58569514410551,3.917319252849441,1.5746069235672417,1
2.107602363407377,1.6496118432932587,1.875236924511056,1.0054160759931778,2
3.489393226701863,1.6362553117565535,1.782416682976724,3.5490098314989846,5
0.7786651745504469,2.522284988578441,4.203108618676428,2.2818364244677767,1
5.555603714401106,3.677453084103301,2.9898545823794174,5.3959953942941095,5
2.9900569825133863,1.7980241275133295,1.2771288831785115,2.0982288061728966,0
1.4184716327825722,2.7701176417725732,4.382068948774052,2.5634436842739814,1
2.538008004963482,0.8925490919081077,1.1786633354796405,2.21887505277102,3
1.6719484349101736,2.2054226507758883,2.864681919673014,0.5871747965731624,2
1.9100980035659945,1.3624477538888329,2.7277017067026423,2.4760562514760234,3
2.970307511103802,1.810408275065774,1.1318087603922873,2.0827531042791176,0
3.6740085351609197,2.0256850453962896,1.3504531838987353,3.303018219408084,0
3.543852056502508,1.7615978881746788,0.9879635672070786,3.1623960910474094,0
4.4864667107281875,2.5892778176498754,2.1588883969986137,4.40838704255242,5
1.2753826638493189,1.874477462259855,3.1307750843124817,1.4615896087387694,1
4.74023738416857,3.0279924044096918,1.3350872591260095,3.976437292361075,0
1.5529936705096152,0.7087131097029176,2.539951671345659,2.2103196988419285,3
2.751178543095478,4.597676718494701,6.127781799646009,3.782202425211598,4
2.651973311054753,4.531762991533386,5.900953646683899,3.287933839925731,4
4.07370698823885,2.624004523575646,2.3233551381875723,3.7309883547917613,0
3.6633145888605996,1.9929927356297592,1.2990842853803577,3.290938103884841,0
2.6302394434816705,1.132556146249771,1.3234730493850368,2.3179548431355395,3
2.585052856427465,1.015269832969554,2.026153351510645,2.855339241173973,3
1.589365200095332,2.1528520299613443,2.847958570736011,0.3503631934596804,2
0.9188221792524832,2.5776837032093276,3.937534595379548,1.5613712366351062,1
2.7080795561174207,1.3147644306800201,1.4684446085302463,2.4097688994209006,3
1.6342836805980085,2.1918600359518066,2.8768877951923244,0.5763891818655491,2
1.0372354929977232,1.7809913050357198,3.011172714954067,1.2992612600530742,1
1.7588625074045532,3.581460735098411,4.908444404166801,2.409460694070219,4
3.7525795837767935,2.154186760117705,0.3334098500897297,2.921005411519074,0
2.5024347526131625,0.7135043862038418,1.921935983338032,2.7680096407094212,3
2.515734100282429,0.8070237347881107,1.1269372289814854,2.1896976840962816,3
2.1714143435960556,1.732129337904799,1.9255358262222122,1.1209305020137996,2
3.779983640608479,2.2087020490727793,0.5198036108975091,2.9543978568884075,0
2.5449160918354305,0.924123547170446,1.1950169132414437,2.2232565418593464,3
1.6101824561719635,2.911780759080433,3.8223431928464353,1.0957015317987948,2
1.8985169199347176,3.659698770448629,4.95935607507765,2.513154794292202,4
4.496923689202696,2.6152040155631604,1.4249941540491826,4.065071297403083,5
4.737636640809173,3.031542409606641,1.3456683140921324,3.9732515396320336,0
1.6863869467998287,1.021843335751838,2.605745352014721,2.316505100153963,3
1.8191439055535215,3.0230477609651283,3.944939841781376,1.3827877293339466,2
2.207772876101768,1.7381833919826875,2.009694252640585,1.1665525601105635,2
2.9828574812549533,4.745110694013518,5.833144366439188,3.1115336853148188,4
0.9726818040612105,2.5918075348348952,3.9489151701961775,1.5940898569942918,1
0.8880321665605038,2.5803573293843955,3.907892216073757,1.5579317936989974,1
3.7197795790963686,2.023288229861416,2.1995260443616202,3.7550602042415573,5
3.5967471637438244,1.8098060439057124,1.9915573626823029,3.6370407369314663,5
1.9765091401453363,3.6999628266521496,4.982987747866471,2.5696906754540514,4
1.5636040086863112,0.7942171321962394,1.9830563130082706,1.4050376970962628,3
3.298857065763134,2.2611380642140984,1.911149205815218,2.5045317605962323,0
1.7742542770575396,1.1061213132034033,2.200199104148693,1.6312806167695284,3
4.542382989072755,2.7115185821006986,1.579039435350694,4.122773031967576,5
3.8672437711787815,2.365612273336969,0.9351782520492752,3.066150251050922,0
1.6033895075350306,2.142146893976182,2.876917994234234,0.4364950250902357,2
2.126149561141355,1.6426435547508909,1.9063537537038704,1.003063724221384,2
2.153400338698716,1.6665473178625092,1.925435329816623,1.0505010785521243,2
0.7957177351145006,1.6337095921627176,2.936556987009251,1.1031720408097445,1
4.50072735096479,2.6334230914274253,1.460954768193217,4.074249711236069,5
3.7681825520793684,2.1648535180137696,0.42590170614025474,2.9266947143756616,0
3.745041073768914,2.136259478129714,0.3624856204851529,2.9111559004603045,0
1.645126302276592,0.9463303832291751,2.586940052643555,2.292208129772101,3
5.468326770519574,3.5625446609573115,2.8000543350760156,5.310451342361238,5
0.6728306044712039,1.5675877446689417,2.9254982715622364,1.0110031081661186,1
3.6249667730931168,1.9146830916387816,1.1778720901349522,3.243242114125092,0
1.6164402244157392,2.1686497280664074,2.8499280958494686,0.4252500538858341,2
2.605843366065591,4.509153801426553,5.870493475252675,3.244720955382741,4
2.1270789000746184,1.6568732612970918,1.8632201291390087,1.0235979877965213,2
1.6224024108744963,3.496006078596975,5.110941965633201,2.8686126595718675,4
0.8846363603083913,1.6906615209671865,2.961572956106154,1.1604692273352155,1
2.2061117982917513,1.7835161548656586,1.9687999142968486,1.1925579110849223,2
0.7756743511366739,2.535900363154693,4.216383570622498,2.290561194006744,1
2.141942416597838,1.6101826644125221,2.511532232471171,2.010751689158942,3
1.8880974016558243,3.094221624799794,3.944513207297486,1.4923836894288385,2
0.890894924933057,1.6876264915732848,2.96113507158042,1.1761722123615599,1
1.6374786071515242,3.519965072429625,4.877630592696264,2.318193146980749,4
2.5530252416114436,0.8627567230312297,2.0273403417900058,2.8228549488363672,3
0.6760264262868364,1.5447487543646579,3.306540944707585,1.994244660786863,1
0.9761893012333739,1.6866636089551785,3.402788305134739,2.1126029547763774,1
2.872112804116057,1.615877732381751,0.9203519028902035,1.9254125920600271,0
1.8582179596877684,3.6261084777254458,5.183001588937616,3.022624969931659,4
1.9560047780893008,1.3701448526322555,2.349569528130491,1.8086151389493599,3
1.7486558090483642,3.577569658479852,4.908207733232969,2.4050544423909033,4
4.533791882214884,2.6568909952825615,2.243816893032774,4.451583292641648,5
2.1761931617845423,1.7297077946304404,1.9185589634771203,1.1277896323965508,2
1.5857729980067843,2.904338644434489,3.8304095789983648,1.0956935699805532,2
3.4942783318340793,1.640840190302586,0.7878057489115289,3.0977684992354835,0
5.655071768879651,3.8458069492245333,2.206354317406935,4.922493112447114,5
0.9002748791152867,2.5632539092235045,3.9240333376872427,1.5478093482305864,1
2.1125422280537074,1.6256304465099862,1.883235108853621,0.9707660989227016,2
0.9041662519593149,2.5952349098438283,3.92170547728053,1.5723431608626757,1
2.9238417011013333,1.719879109054706,0.9905127465442966,2.0067395130546126,0
2.082432044253803,1.5894024054545888,1.8522926140225742,0.931535091042313,2
2.5126017595439882,0.7567923009017911,1.9636130184617073,2.778814510969051,3
1.90741983897787,1.378804970520415,2.2367806056045474,1.783438964580725,3
0.6560567316614087,1.564288705148848,2.9202172858830835,1.0184821252852527,1
3.603613240899284,1.8581262033514978,1.9293026512843636,3.654138740749497,5
2.4955803350441017,0.7215395845425757,1.9528466452488973,2.772709623123825,3
1.7448155032596322,3.573352049823932,5.159362554239999,2.9594503514468915,4
3.751680619694677,2.1445476876273064,0.35270947635575883,2.9145698101175053,0
0.9751196563352547,2.6140978168759816,3.921584651165593,1.5967058129883602,1
3.77400892826115,2.196449646472645,0.4662892624498803,2.943379504716681,0
0.8134512124480126,2.546591209022368,3.9170843757905334,1.519762011893164,1
2.5063461227599935,0.7379398324550092,1.9293024392843412,2.77829068695698,3
2.5184642663118657,0.8368803956688915,1.149202339395995,2.1951464474551585,3
2.5097885141047573,0.7957084733524555,1.1133669920031775,2.1744289752724018,3
2.4262043333364396,2.0470199425694404,2.1727347271331854,1.557835504426626,2
0.7401778552763061,1.6083416377241577,2.929761169407532,1.0693130597619358,1
5.558756685694792,3.7027886683622575,2.9377227584522245,5.402102319009646,5
3.05169090136576,1.9450485495768386,1.3060112954439362,2.1938449137695577,0
2.2821128702327065,1.8805768009899855,2.0491970287266423,1.3387316149988644,2
5.469366793836421,3.572895998498467,2.3164347312148763,5.0230800825574216,5
2.8623278279167987,1.6115268193115948,0.866323466345745,1.9181284255877653,0
4.468345478719131,2.5717125677663435,1.3988267875955325,4.036074037823392,5
3.5575894564365655,1.7529000948088318,1.1201962765171496,3.1652657934859034,0
1.5608905282229406,2.120296451719974,2.8517438990056054,0.22828606477225036,2
0.7965513386698317,1.6397680348345296,3.3536009952319374,2.0624768340237263,1
1.0385700650703524,2.645113076361499,3.9440693096127695,1.6455322852285115,1
2.505093661139768,0.7203774898111301,1.9107305122130565,2.766401036978471,3
4.490348000877293,2.59962900134358,2.1212972568740267,4.411975207554234,5
1.688780392991876,1.020305657960394,2.045041454101228,1.5224956538296948,3
0.7353217761391972,1.6075874161691726,2.9288426890068173,1.060588548389348,1
3.7488255611514743,2.140525223014284,0.35536474204027685,2.9135386266383483,0
1.5327907545734285,0.6668377680459071,2.512231557383472,2.1871356855847917,3
3.0024541236429014,1.857038704843744,1.188448165695463,2.127886192172241,0
3.562512961135515,1.7858715864038675,1.883988103937618,3.619077942593844,5
0.7837798675085136,2.5452512693078364,3.892350203765404,1.4958332875032763,1
0.9395157236186997,1.7070142118942968,2.96538982643869,1.2084244554235186,1
3.480876060939134,1.598487484933268,1.7720367622682553,3.534103404769431,5
0.776547884060837,1.6079315462958845,3.3279816276624556,2.0411563943880786,1
0.6902901252133432,1.5754415050154382,2.9154830057882783,1.0319037972008618,1
3.5826461732932575,1.7861495013467248,1.9761315790059646,3.6283226819486805,5
2.911953932409237,1.7006767672302283,0.9669661995033365,1.9899540087225758,0
0.9606315014140285,1.7244161737284485,2.976436665258157,1.2282575516568675,1
1.9078020885141496,2.33744039371799,3.448639521072102,2.0245908678511406,1
2.408260400704697,2.0247373535285815,2.15306928853098,1.5282828889402686,2
2.3531255007708283,3.9190763343124275,4.903489299627495,2.2964506122787958,4
1.7117991550909495,3.557839189021976,5.152410700601659,2.9401988297006945,4
2.1611442206330738,3.798205193800941,4.829106867177299,2.0885460977645125,4
3.4911338668632093,1.6049230828267707,1.7530632158916648,3.534970160279977,5
2.869859781255303,1.6094250669139436,0.8990167878371292,1.9228104980810234,0
3.4904403854932617,1.6150421473590708,1.8032281504344967,3.5489932083642173,5
3.0065752095009954,1.8260802292680103,1.3066024014547457,2.1113758367357027,0
0.7873497881897105,2.5412125113547406,4.208320170812084,2.2941800957552623,1
2.038947103343133,3.150288088418444,4.053774746317952,1.6580682857550053,2
2.3541739219849913,3.9213226553613763,4.904596248755543,2.293051871310524,4
5.4873323919096855,3.5886157985044833,2.8160587504165546,5.3264741598307035,5
2.1979834104408797,3.25251703425488,4.138304627486208,1.8422782162846276,2
2.0878778523494086,1.6206489411466447,1.8589719779448781,0.9703392386510293,2
1.6033895075350306,2.142146893976182,2.876917994234234,0.4364950250902357,2
3.8106357987620227,2.2663023082478784,0.690240090480772,2.992966454571918,0
0.8769148199860792,1.6644675380470297,3.341835845144987,2.069592665964655,1
0.7360125643866324,1.5739946599005827,2.9265775334796023,1.0357541677385347,1
1.7263391088563056,1.02165824244331,2.1360759006049865,1.5582676913381204,3
2.6192415942290674,4.515704202890865,6.086408010901513,3.6927780187274033,4
3.990375243657425,2.479619119292975,2.662779859262957,4.024622772438071,5
2.899674366822058,1.5815187741589398,2.4453312941638847,3.1186583187948194,3
1.858054087812712,3.070551346437445,3.924557596145959,1.4489949078918811,2
3.1182379748021325,1.9863068532892785,1.5366579592367966,2.2639257027135113,0
0.8471681680579015,1.656384782526446,3.3478705388836523,2.068440364665718,1
1.1025503165682826,1.7728495305959915,3.071407008846344,1.3332981549451286,1
1.5487746393623312,2.060428676064332,3.255004614320518,1.7004283309603863,1
2.63901369524055,1.1667183506523955,1.3643141130383964,2.3361822484747607,3
1.6335074828402025,3.508036661303623,5.120746690582269,2.8857350999819587,4
2.8696761337212067,1.6262997751406532,0.8773284693553449,1.92601927543892,0
0.8428266486073244,1.606641917835824,3.3507121673044855,2.04980440311569,1
2.657151962150677,4.539134758800597,6.09627836685065,3.721044201726061,4
1.5571887901767354,2.11994695209819,2.848722638251268,0.18502257367727543,2
1.5360368307268406,0.7299431211127371,1.9665639917382953,1.3678045642674868,3
0.9531606900987578,1.7334478516779315,2.992203080835593,1.2431973056892227,1
2.312434977023781,3.8948847871306347,4.888965008955148,2.258900096348606,4
4.498759856792084,2.617177879604236,1.517463678330377,4.067452661512256,5
1.908123469669994,3.6393623761871075,4.9909311362320565,2.5087118689861954,4
2.510019329256307,0.738467527651098,1.9549739219931979,2.7840019039691173,3
4.480655430737846,2.5914250298825316,1.4109104750295365,4.053028637281975,5
3.5047917229419308,1.6344075171355492,1.8159510214117194,3.5589651162579967,5
1.694085033215455,2.948812778896673,3.8756985716800383,1.211801040093963,2
2.512878730716795,0.7906333632527921,1.0965817723425237,2.1692990925277686,3
1.6066799130391014,2.908854788043452,3.8320713962526693,1.0893601045868642,2
4.4968661275716535,2.614675159132603,2.1287106571222623,4.415974899587135,5
4.542382989072755,2.7115185821006986,1.579039435350694,4.122773031967576,5
1.9165080870157543,3.107576605933305,3.9518859856451494,1.5306513968381414,2
2.521277273892492,0.7937701444725719,1.9280295164693269,2.7840619964805664,3
2.5266051167155337,0.8772156276103364,1.179916857133458,2.2086805516689045,3
0.795072567888357,2.532301083804693,4.214295059772528,2.2939110627144785,1
1.7923375297645403,3.596264674855009,5.171453452627328,2.988593883419361,4
1.6489320455468455,3.5199942113738945,4.88368112799914,2.3171182791458396,4
2.067389103027543,1.5863841013221769,1.853190942701742,0.9080848206720302,2
2.2223444624090334,3.7941368152748236,5.352127845684819,3.242270861168169,4
3.081021977689697,1.9333725461673577,1.447879200352152,2.2035022399583766,0
1.2942726458000389,2.7143391676198827,4.346186241620899,2.502861412646696,1
3.5191312555909238,1.6820214546103156,1.7992086098417759,3.5734960082071208,5
3.0402976265430026,1.914024039520869,1.2500338355750684,2.1725062564225377,0
3.510821084260433,1.6963389747303796,0.8808874650759568,3.11964485168206,0
1.2543006576744324,1.8566745915904759,3.507127634485503,2.259975522538966,1
4.476987678312462,2.573918621307739,2.1327051011765805,4.401640987971821,5
4.490792307218638,2.588411322016637,2.138528405765258,4.408860657745933,5
3.4953116440825225,1.6615261085892172,0.8469127147051627,3.1080582661290213,0
2.6533448236815222,4.528301159784685,6.106166276781796,3.7118831042238,4
1.1086166709945977,1.8026124942816941,3.405479320546352,2.18752985655193,1
0.7215409849852459,1.5932290401404046,2.9194266988020074,1.0450570940856891,1
1.5997910013081622,0.8087995932159757,2.0255036085418254,1.4242306356246182,3
2.5870460118611533,0.9514978913826784,2.074163766026313,2.8520184846124574,3
4.800383915551293,3.1289647253960142,1.5237725993768738,4.0493998227448715,0
2.8578975104508104,1.5933643815959537,0.8517697821101994,1.9192535721362258,0
0.8558807167689263,2.5647775064084555,3.891068661398546,1.5150278370884835,1
2.952522991833375,1.6754383608821752,2.5177110783919976,3.172243440527583,3
3.8730112554057072,2.3644563973498793,0.9076293552190526,3.0672065702319604,0
1.5790479574457488,0.7999681520259369,2.535816462317984,2.2313584040384113,3
4.5141371918655135,2.6453460967275326,2.1658612604611402,4.438250641452783,5
1.0067850841428654,1.737451831863221,3.3787125185934053,2.141567131677367,1
0.9173582337285722,2.600857849122899,3.928268612970587,1.5909441278190461,1
3.7972462999603627,2.2310937089406826,0.5722710492552678,2.9745932362200813,0
1.7463195012504635,2.23793808864051,2.95317449394923,0.7786982315455294,2
5.479215933796669,3.5749429780310713,2.347676858009107,5.029156547554223,5
4.711521087593019,2.9832828119473387,1.250262673296531,3.9379515690412945,0
2.202441696228775,1.669281954853995,3.002244379063091,2.694533682856528,3
3.8428239222266423,2.320545198657501,0.8211835727932081,3.0321506441766886,0
1.5501825265655658,0.7200268826319847,2.5106326760604727,2.2011711172786415,3
3.5880018557121938,1.8618345565375758,1.1361548401097177,3.2114508080321262,0
0.8483365798091883,2.565530246483559,4.221690635502677,2.3223287279755063,1
3.7586085995172698,2.161708817473968,1.5108650311132106,3.392513678802778,0
1.6341798100843432,3.506442349440828,5.119194324826423,2.889034944659907,4
2.3709683243284156,1.988580853344856,2.1302186304133883,1.4741375439441533,2
4.539091252000211,2.698623782749573,2.222201076739459,4.464478525957577,5
4.857048902081002,3.2190117444372595,1.6815300305144132,4.115988149786233,0
0.8844942574387988,2.556744443749921,4.23116649984658,2.315933495669586,1
0.8846363603083913,1.6906615209671865,2.961572956106154,1.1604692273352155,1
3.057787059819924,1.9541248205110398,1.3205323375736724,2.2049834677372386,0
2.861201466557368,1.5946997343151263,0.8765513860865066,1.9184335377780464,0
2.11879388131484,1.6357118763380836,1.9060360363583537,0.9987589752995002,2
1.9649881082232632,3.088847133156841,4.325946830720064,2.3297821257030575,1
2.501175515531291,0.7494121870462466,1.1404498653615986,2.1675920105846953,3
1.9610182737566808,1.4495506853273403,2.2703867214477214,1.8339894850472325,3
4.5390992998296635,2.707913704381496,1.5736533396891075,4.118634489603648,5
1.7334856777855876,1.0975986726308593,2.6345044945299985,2.35595017785011,3
1.9947738457471,3.699502702222531,5.226951657366655,3.1074689542755873,4
1.5383950281922685,0.6866291898694408,2.5219440854212123,2.206555205524463,3
2.302596222201524,3.88992236921761,4.885483138232937,2.2459260437186925,4
1.5277933305025182,0.70295894041616,1.9740503230612787,1.3574852404538555,3
1.9218001254688153,3.635260197999258,5.232449742374657,3.0510509707640963,4
3.7751168584158594,2.1744934166495935,0.5653481116144936,2.9438193347557013,0
1.5437953028869142,0.7157861924314162,1.9819788229895674,1.3723081075340882,3
1.6969411790362996,2.9733763623696188,3.8668559789826675,1.2554475202163822,2
2.89278479666018,1.676812615689558,0.9456346498520811,1.963140161131782,0
1.5859711751264207,2.907178269116067,3.8340217030524646,1.1034377376144742,2
2.494696722713971,0.7110157497622321,1.9354081185196315,2.7658446593424766,3
1.6002539204309547,0.8140016683911775,2.589273749125396,2.248478164485655,3
3.522691944159717,1.7111234406088296,1.829908606179713,3.5800438573452995,5
2.8742551864724617,1.6215549859104539,0.9600000397751887,1.9357542487689579,0
1.84004716860725,1.2744662849536965,2.1764386243627483,1.7057597546737255,3
1.7177334716486474,3.5637901765882303,4.901876905250001,2.3828267846745503,4
1.8226928295228289,3.6103483562218206,5.174121210905431,2.9986673495945944,4
0.653430356837788,1.5708942092163336,2.9256659161991365,1.0122413648967967,1
2.537288859143725,0.8572035335967431,1.2600713984131091,2.2153665960539763,3
1.2524768901043448,1.8973283370310572,3.4518673320954814,2.2678517483531575,1
1.5846212627975564,2.0691546926456175,3.623205698467434,2.4410022757151317,1
0.7700421965564009,2.533109455617256,4.206607701756848,2.2894924366229636,1
1.5326964816344417,0.7317121938575641,1.9721525717239718,1.3714755776801408,3
1.6058787561305217,0.830076587346055,2.0401242242741975,1.4335677697840485,3
2.733536143591961,1.3699245098629251,1.5107715331882832,2.436759370665372,3
2.9631566761490404,1.7913516429542156,1.0845230866092546,2.0592685850211208,0
0.8965659280816134,1.701659108252756,2.9764636297034093,1.1967710671857632,1
3.5706152659796464,1.7761551257878387,1.1732971841546678,3.1846681452613255,0
2.0890616379487654,1.598292358600958,1.8488684016013537,0.9268878730869534,2
4.696516610208229,2.952467158505564,1.2795619362587345,3.9279646398927066,0
2.5081601401338256,0.7627587427670813,1.9378477716966287,2.7825350628157417,3
0.7401712963725292,2.5310353875944647,3.9011955775148373,1.4893169985225023,1
3.5089569472225786,1.6923403399084942,0.8750144028303618,3.117514018268853,0
0.926376298823737,1.7041548465742782,2.9640307996081328,1.192666634361958,1
3.7786791250028426,2.2024611821461533,0.49850074962998014,2.953944005929058,0
0.7027501610683919,1.6005152181674698,2.9348291613282753,1.055598927421548,1
1.581862442297822,0.8473599542072127,2.004841804320662,1.431948844102027,3
0.8595506553311664,2.5572210317988637,3.9233058011472695,1.5358872634326193,1
2.288534623953181,1.8258126865433397,2.0908222836716077,1.305430832262612,2
2.1082129598775667,1.6146801727759061,1.8760103720782366,0.9725641658786726,2
2.499334107215481,0.7485731844433899,1.1512199319226077,2.1696843436863,3
0.8707749783184375,2.567357232304495,3.933136285406429,1.544844283649436,1
2.928585199101683,1.727531314570535,1.0007664547219188,2.0140217851904056,0
0.864517863595371,2.563100250495706,4.21307517037656,2.3224327387687898,1
3.513187982336048,1.674255183150584,1.7936429458610714,3.566936608453664,5
0.7097277145579227,1.5619013501704335,3.326732583558029,2.010182482922219,1
5.649644096658501,3.8466045883337263,2.208059987030984,4.926062055991542,5
2.5444621762329636,0.8529648082985222,1.2221577804268589,2.2094508499615975,3
1.6776380571888132,1.0057184425009134,2.599894474523908,2.309453775775923,3
2.088776435484556,1.5999852584425838,1.8312714413224331,0.9342542085855767,2
1.7581174777245734,1.1322505584605733,2.634717278949925,2.3606070550351625,3
2.099033231810385,1.6319495374909179,1.8595607893499442,0.9795461975350929,2
4.548028995452265,2.7204761587271946,1.5902825224417134,4.12833452160198,5
3.6009752045700862,1.8244917511834864,2.026972102825852,3.6523793746940094,5
2.186996732883651,3.8113427541785727,4.856129714023766,2.126049020833007,4
1.3675288794523088,2.741755915927871,4.357860380834512,2.5281062014844755,1
4.6858463347766985,2.940527367647912,1.2308701882021384,3.91304268949511,0
4.49572334793021,2.599582707181531,2.1676831693896284,4.4166082926715555,5
4.014828128686667,2.5469748517030344,1.5068865625455474,3.2342357492366425,0
2.2273093814784817,3.842814029998788,4.852734237079036,2.1614589421737773,4
2.863387398095831,1.5993667316617721,0.8865694663771865,1.9191669224443968,0
2.495825898378463,0.7480607601527105,1.1140955412200348,2.1692190838603547,3
2.0861621916938495,1.6107899773855099,1.8467015238262732,0.9516885587856969,2
2.048355873644706,1.5761015453609306,2.348342330901761,1.9286210115892566,3
4.532192636181496,2.6830504071793193,2.2039199419830604,4.456564887452436,5
2.8814850278811406,1.6417963784235252,0.8844506946153124,1.9394940372610276,0
1.8105674151656563,2.290382900786469,3.00048142340903,0.9130205149524823,2
2.6175097102781186,1.0983453844682347,2.0640574607887268,2.8868173314600094,3
1.6291395527050199,2.183128716802245,2.8663720634794236,0.5351770546363981,2
2.5560460553751083,0.8515391738231566,2.002018137276814,2.8122477176656564,3
1.5731328348974971,0.7618023155276028,2.5251880079819693,2.2279586776452383,3
1.629126114564776,0.9170008773165443,2.5703950203768486,2.270629516247677,3
2.675390795481903,1.1668226029010682,1.4983608664861265,2.357298430948982,3
1.2468560587709188,2.7343200738626496,4.3065758581696905,2.4941055228201177,1
3.5096213186659,1.6780168797771302,1.8042332481540957,3.5665465712159556,5
0.6741179961948547,1.5854400242692916,2.9285953716745485,1.0283709986023042,1
2.8714934528346223,1.6053131958759128,0.8694430322488225,1.9245963704330171,0
1.6459037686437166,2.9409615162200518,3.8446083993371443,1.1719959597516827,2
1.662879736235293,3.5299386923937917,5.139535367561445,2.9135760934371473,4
0.9794886659294726,1.7396382392214553,2.985199565960763,1.2432202047610823,1
4.481888021060546,2.5871396946647507,2.1234033351035406,4.408985859590353,5
2.0866151903530192,1.6133340095830013,1.851021759020344,0.9632334228417545,2
1.6638647586775095,3.539397129169335,4.892567900040099,2.3446733006103755,4
1.9016382498854418,1.343556572555155,2.720988022669122,2.473368835570816,3
4.47877855343388,2.586204580389849,2.1274300219439626,4.408502568637389,5
0.8350917131903055,2.5648901226382743,4.224984115358994,2.3196206503596604,1
3.4787191800870945,1.5993873442230202,1.762376188522018,3.535833402685564,5
1.5664309870937685,2.1218919464038652,2.8524226716245678,0.25059885420495187,2
2.1341212390915474,1.678187882424101,1.8918794131242536,1.065683238985648,2
4.462704708373577,2.5654511024941744,1.3982931623305945,4.033757368039353,5
4.753762230890493,3.0556806846528137,1.3988447460718858,3.997733540470224,0
1.6438255462344444,2.9371552512744725,3.8379882966186485,1.149867711988252,2
4.48481488964536,2.6022502735704403,2.1363260034628246,4.412851946244429,5
1.6435269855208525,2.1653917755732706,2.892388311889857,0.5363972099947214,2
0.8570437260390342,1.665916546876917,2.9447784193129416,1.1313784139666865,1
2.6147534049226233,1.123763046977372,1.3378032060814578,2.308025012389717,3
2.6296216843004667,1.1238815342741035,2.071322484390698,2.895169174064536,3
1.1082191260030454,2.6450115894562747,3.9902403801131614,1.6778026640852843,1
3.495182662397224,1.623350131437497,1.8090583614235891,3.54980136612513,5
2.1261729006185863,3.7479744687605874,5.077623878374401,2.6756628875864665,4
3.523658042199588,1.6652927653203122,1.830040937733259,3.564112567446623,5
1.5360955039738962,0.7226698203698367,1.986625087881841,1.3618892516838546,3
4.479983826234781,2.5904314100928296,1.4093930869134321,4.052011898898248,5
1.8572513219246292,3.0422669644687224,3.9624655537885265,1.4351276332717766,2
3.4833542173500454,1.6106373146444948,1.765530804147435,3.54112818236367,5
1.5470629514809378,0.7021210934804266,2.5388770641562295,2.2090617218243565,3
2.013963714795419,2.4198615750111214,3.510921749275915,2.1297452731250512,1
1.5383237234824452,0.7268524675002238,2.001075831252945,1.3795090738564117,3
1.1104644684207945,2.669143015351565,4.264074289889645,2.41699800520541,1
4.474698949764917,2.591882026293052,1.4164469281136207,4.049269879168379,5
2.9501531408381214,4.7199575293965115,5.823235084410943,3.083293788225947,4
3.765619484674109,2.1760719520897567,0.39044084791697287,2.9330777432416975,0
1.1454639915016807,2.6627991843787266,4.009351433702301,1.715309952659382,1
1.6291337628014826,2.9283754586747213,3.8351618730836727,1.140514673049735,2
0.6939889700391674,1.589883602295687,2.9276609666905764,1.0449014130548766,1
0.735298091949363,1.611609317541257,2.9366352941396494,1.0787454061141346,1
2.519872795592591,0.8085064048304662,1.214276014867724,2.1943408805069793,3
1.5775378930595787,2.1152006882865932,2.8243339637746376,0.1391372087288954,2
0.9675959810808904,2.6054601549282483,4.231733455983101,2.3584628128277516,1
2.1499234880695055,1.7139404052090512,1.9263300507563714,1.103511308696237,2
2.6011816776568395,4.496648495789849,6.072825000033947,3.675110604385665,4
2.5050954661779343,0.784602076925222,1.953603345458194,2.785192081472773,3
2.5154906088556843,0.7614144616109108,1.967099537135961,2.7834830160065693,3
0.684115716824011,1.5842256046182561,2.927570522140389,1.0460542692182788,1
0.7671016190464336,2.5242117326563176,4.193479918735101,2.2812754722957993,1
0.8185704350368892,2.543439702924308,4.1997018653513285,2.2987346208859796,1
2.612463166761681,4.507212033293072,6.082264628253545,3.6807380968167647,4
1.7697576820531025,3.579303063714842,5.150069489209789,2.958571558817086,4
2.1076911937015583,1.6155024583975075,1.8643739522142806,0.9540390394063489,2
0.7356154232751635,1.5894880833814327,3.324814820837675,2.0281508685961516,1
2.5210142227644186,3.9955459195575442,5.017590259253439,2.452416321066111,4
0.6981120693765244,1.5706214354675372,3.3186151320726913,2.011444089599581,1
1.118480346044553,1.811269304258184,3.408840890119014,2.190429198038187,1
2.62392844919952,1.1141372019812306,2.0694090038887114,2.8912950252636316,3
2.7140105514479216,4.579033157955891,5.909064956443174,3.340675283685386,4
3.5155677009070128,1.6847664342752955,1.8017113619241387,3.5692119896324708,5
1.767083571607068,3.575991516620426,5.148302444880271,2.9591968565367694,4
1.5512348118214248,0.7637369515580981,2.5393216308918802,2.219677121632696,3
1.5927087608396318,2.901993124987691,3.8339403598200827,1.0935245651235699,2
2.596404699494333,1.060461394218619,1.2836537605898632,2.284185496072391,3
2.8869005603464792,1.6640481832412934,0.9361149115548959,1.9618762059476111,0
2.6617923358256568,1.1128150020162715,2.1487525359427533,2.907694874078161,3
2.164693217272886,3.796964483339566,4.824387058067892,2.0822052609998893,4
1.0500369531675362,2.6485140053314935,4.261173356091324,2.4007091057261887,1
0.6528335314586056,1.5657196140044773,2.924683154743499,1.0129269242263106,1
2.162553476474011,3.801259226177554,4.83107977994117,2.097077206679932,4
2.059779337516288,3.148696071412673,4.368139575046669,2.4022520210936222,1
3.5200443686191965,1.6670629216693296,1.8482867972449535,3.567107534583807,5
3.5180545824335514,1.659761506630355,1.8425572410609035,3.568922077123429,5
3.7640051992693584,2.1714046344118096,0.35088105123949825,2.9242084809831828,0
3.4871234116419823,1.6156618327736243,0.8023667699803066,3.0886696671478684,0
4.49795186145871,2.60209087773655,2.16881802270255,4.41786541886587,5
1.6390785151759715,3.5173341618913585,4.884815651602486,2.320890237279005,4
1.7465548181838695,2.244966909035444,2.9550576183062276,0.7579126985186394,2
3.6341862996310415,1.9428268989550277,1.2306660630143331,3.257107142806805,0
1.6360347338010208,2.9389888974974987,3.846597136941312,1.157902736961412,2
4.72474079408547,2.9877787581417024,1.3157743807365794,3.9462633678458334,0
1.7098988873834953,1.0116553309968208,2.140254165641537,1.5499022710426367,3
1.3058989103887026,1.884362011872718,3.5214491713957803,2.2870693294608864,1
1.2256671486661004,2.718588964306766,4.288682234898693,2.4702726947433367,1
1.6994860430327179,3.5480846434823063,5.141791147595032,2.9268704251633584,4
0.8297530791332259,1.6376589503674948,3.339243047908028,2.06316457858611,1
0.9896806985494917,1.7399245103502865,3.3846925557142438,2.135575321371577,1
1.1912005048566208,2.6634222277922426,4.302533129349036,2.4365302904041037,1
2.6155332643768747,1.1120057809897286,1.316073900852717,2.302621224543877,3
4.717983523616421,2.983770994381412,1.3636934689233686,3.9508333446808317,0
2.5024974380504905,0.7534005491900371,1.941812094960052,2.780447382832014,3
1.5553821505328935,0.7438225527545211,2.5269803734801375,2.217209707834001,3
5.648021545501263,3.8417493802441776,2.202102679201542,4.923345942660342,5
2.096361709063611,1.6005771695302125,1.8497100683951262,0.9390268062262175,2
5.509268561554415,3.608778554953556,2.8808009302659796,5.34376024912146,5
1.1910526363805036,1.801350575451505,3.4652208912012505,2.213736643258748,1
2.9879407682663146,1.7947099181503134,1.2782576191381012,2.09902818312424,0
1.5479001878754122,0.6953123264440854,2.534091655055025,2.2086571331228892,3
4.695427029655623,2.957562136382936,1.2200753476470827,3.9245274627366142,0
4.533791882214884,2.6568909952825615,2.243816893032774,4.451583292641648,5
0.7420221350520079,1.561386348097007,3.323604869505928,2.015723236794531,1
0.6895914238403299,1.5673615512013697,2.9340042206394834,1.0404469885079495,1
3.496182886876602,1.6346866778703872,0.8585290793776859,3.0953159825658263,0
1.100228390733956,2.674887567965073,3.966708948996338,1.6975439706109028,1
1.583126555471401,2.0871489226486477,3.276283189500583,1.7365965392164884,1
1.64345160967594,3.515928163712945,5.1249193599326075,2.8919328637725155,4
0.8873659258588257,2.566225886146674,3.927670926609443,1.5426255403067435,1
1.6129647795210789,2.9231184934860837,3.8377866706543315,1.1270888753479482,2
0.7887632302758597,1.622669108470281,3.335317260746267,2.0455367368394266,1
1.0281175738772255,1.77210797562047,3.004948036845582,1.2900915351095863,1
0.7029576798180192,1.5620870084133325,3.3309124254021563,2.020368434212127,1
2.6409731472582916,4.534560421834206,5.8827904917614715,3.2815956169543337,4
2.516737867143883,0.8322870561842068,1.1520570312376286,2.1966193906142997,3
1.823829658195181,3.0456788306195155,3.9054051328861212,1.4024737950266069,2
1.7362469126670945,2.233842677309132,2.949358247457244,0.7528067758768489,2
3.506471686233876,1.653488757235361,1.7754109851321893,3.5582523335691203,5
1.5358981030069851,0.6796045789102634,2.520508656267923,2.2019222955711903,3
3.552187124118426,1.7852881843169157,1.0165279505922196,3.1679537235427415,0
2.976432672234523,4.736634038137994,5.843333483778171,3.1056391298557577,4
2.5981942372702087,1.0518605726252652,2.03813230447609,2.8644525537119105,3
1.6661170080051306,0.9543770475360562,2.573557150755276,2.294792360967435,3
1.8322247004903336,1.265259108968168,2.1695949973094844,1.692718644577762,3
4.737636640809173,3.031542409606641,1.3456683140921324,3.9732515396320336,0
3.038118010812079,1.8675970264754758,1.3673885957307785,2.1560849296632942,0
2.509144221363438,0.739139247369619,1.9507609726279767,2.775865092176678,3
1.9156096639092557,1.389273752872294,2.241487115007392,1.791169382214393,3
1.5878965408995076,0.7940807814370078,2.018756285945927,1.411085036027423,3
3.4849985830454413,1.619882976821219,0.8620270776347915,3.091377407771691,0
1.1634338426889632,2.661573791700756,4.311698758648174,2.4425992933468397,1
2.068933357435773,1.579909223984351,1.8423870256953998,0.9137227511600328,2
2.371972780561873,1.9060164805099737,2.7231734519470896,2.2463521381067664,3
2.1456906401916482,1.6902569477875107,1.8955723139797565,1.080352530516938,2
1.401825630094231,2.769683418615035,4.079723371907373,1.873339621139542,1
1.5732668367157134,2.135050257506559,2.8371455750463266,0.27360935041566875,2
1.532170304973642,0.6972961720495336,2.5235581644694944,2.200744723035234,3
5.4954583505687165,3.6032078518259154,2.8349921455681897,5.337886424136962,5
2.0358014754869047,3.6953766309366807,5.277029175740664,3.118620618147824,4
0.7165450799934785,1.5716721331711254,3.3392041320309973,2.0252117075774403,1
0.8302738033051825,2.5512387623713813,4.201577938546727,2.297210606274722,1
2.510471746854965,0.8014744950934514,1.959665254044543,2.7915724015434216,3
1.3145624719132725,2.762373474024904,4.007949411027941,1.8299402771067472,1
2.2054104709704623,1.6843951652177516,3.01967248370786,2.7042714822517357,3
3.8465488506964136,2.316583496967934,0.7952336294450685,3.0346943044939847,0
1.4945411082964557,2.0184929107336727,3.2224828127927916,1.6450427053850782,1
1.7995779136860346,1.1400758512304585,2.2111886032057253,1.6471313885612422,3
3.522903932433412,1.6719193221307023,1.8585500969303912,3.573544646486604,5
2.2250554124896555,3.8399699735525945,4.851738091550392,2.166691733103419,4
3.7824846062019724,2.2180158310380125,0.5746098895729536,2.96365130106365,0
3.7879552920860724,2.223509878693994,0.5716883335296885,2.9661904952449367,0
0.7800230548387348,2.5324828290078023,3.8938721409802137,1.4765680098548066,1
1.6819847488543511,0.9566529301585707,2.1067891621905708,1.5173102416998603,3
4.699076207844165,2.9695729141276854,1.2457125650847978,3.9325871894191664,0
0.7781040035583201,2.5359552568010546,4.204618492578836,2.2892414290303513,1
2.5054839477468893,0.7933711599617551,1.1204108327922842,2.173160173645161,3
2.5170782233018216,0.8222188924156393,1.1428100503051188,2.1958946286914682,3
3.473323387304501,1.6026967607641278,0.7687991525947381,3.075121906811118,0
1.8896364578255318,1.3341680382417385,2.1973843921402194,1.7494486827313638,3
2.726852268082401,1.348400873195317,2.180107346629817,2.9794226621811752,3
1.7935253208850106,3.6005164673802454,5.175544964897493,2.9886331069400605,4
0.7718645505330387,2.5487755911513785,3.903299338626376,1.5045352815503492,1
2.617777056554321,1.1167580740953873,1.3202962449535727,2.30597764891843,3
0.861891733942443,1.6594403526512482,3.348940807867539,2.077003558505634,1
2.4903341542869346,0.7544208475821685,1.120240866932472,2.1626085158622046,3
0.8240290049235461,1.6371801610448398,3.344565721400236,2.0687389239503613,1
4.492214645519377,2.601482160176525,1.4818668969981292,4.064134934954063,5
2.831991135786692,1.4740228666232107,2.386789310525897,3.066428659336105,3
4.734619799033793,3.026869983355084,1.3366421621367939,3.969329132161734,0
3.5372351368533503,1.7376380555015398,1.84030116927488,3.58979442903779,5
2.482130387180773,0.7292564067242453,1.1198676140270312,2.1536072614697055,3
0.8965659280816134,1.701659108252756,2.9764636297034093,1.1967710671857632,1
1.5674341834885914,2.124676465191711,2.8521177397667707,0.23068895808130016,2
3.7787042880341826,2.1770721972044256,0.529164517949929,2.942915269065949,0
2.9714201402274774,4.738370365599521,5.8320350116510875,3.1052958804214605,4
2.4949906930404295,0.7371777618954192,1.1206265874878965,2.159599316106943,3
3.0987549067258753,4.791595064795388,6.120768481133691,3.6459067018716045,4
2.069221240330718,3.754933973327304,5.022429465148669,2.6449695284570964,4
1.1985661314094482,1.8556986579472108,3.428970278702656,2.2358154837564816,1
1.693071756833048,3.5426844024346025,5.139233293998838,2.9259017725140417,4
0.7295276420558103,1.6121141483223715,2.9375487926115995,1.0721859723195102,1
2.7711344734856738,4.608992598958149,6.137354050626027,3.8020507775684926,4
3.5356218747144346,1.747337149732886,0.9637066799102373,3.151106943629773,0
1.6026365696405587,2.136223919241324,2.8512100824458444,0.317286762132212,2
2.1774665613402147,1.6443813556123263,2.9895670698361063,2.6747893114653642,3
2.284272187606239,2.6624119349154305,3.3125310918440705,1.6467284301907508,2
1.8795419614005382,1.2411690853397181,2.2604453001152183,1.7225583780951237,3
1.7309399026514551,3.5736831898230643,4.911832619319004,2.39845928092561,4
0.9744906404019588,1.74316913592885,2.9934366591462704,1.2522497841204272,1
3.6840999950654454,2.0207627676082045,2.070037194285673,3.734028504788202,5
3.091278587578544,4.801264692132386,5.905063870076098,3.209771302947877,4
1.6002505826735167,0.8948301631823293,2.0264436752981867,1.4592929840062754,3
2.263408269752207,3.862014946479064,4.863209798314989,2.2012111572096127,4
1.6089481804675168,2.915041319830422,3.8281017360550553,1.102108897001365,2
1.6241404341403982,3.5078093037739446,4.871195532748153,2.3071533402929507,4
1.3284512073040797,2.7792547013635316,4.024652543176778,1.8454719893060976,1
5.465981883731361,3.5539974924576683,2.79289039400775,5.303536928285686,5
0.7409985769520337,2.528544752754052,3.8952156526425705,1.4803938922705941,1
2.036438284906001,1.4558503764176565,2.884619312664239,2.5677652709151855,3
3.5611458252283152,1.7867793859829466,1.8927876878638386,3.6217754558398467,5
0.8532124224801003,2.578839911714534,3.91667414448703,1.5490124117115323,1
2.927586911229085,1.6365105373774123,2.4894822690750953,3.1475008288877584,3
2.1315589631749265,1.669769537550689,1.8748229137722532,1.0320824034982283,2
2.136145696877594,1.6393248455362077,1.8976689509437497,1.022543599429011,2
1.8105032275808095,3.6142994409621787,4.933470825280177,2.4516878210452906,4
1.6127498763518602,0.8563885048206689,2.5469963843150984,2.255610255969242,3
1.9665621865400031,1.3537024476027046,2.824871734227809,2.5088726841715174,3
2.2133648222515654,3.8300339982077847,4.842627919495892,2.1512312788668653,4
1.6348875586666305,0.9172713015665527,2.569937695208775,2.2762942545990303,3
2.100294056041329,1.6274483808223648,1.847520616833132,0.9522458239770446,2
2.2586715053347164,3.2933597330878355,4.1774206982948785,1.9232722771582251,2
1.5971885357717783,2.911330673526597,3.8321806781724996,1.0964931859557512,2
2.167875386471113,3.8085945072707323,4.839589978980157,2.113927363781365,4
1.663451051165575,0.8871505046846557,2.6025972145789558,2.2773336079127926,3
0.6513611709167425,1.5723389837503887,2.9281660959607763,1.0222740733485178,1
0.6730911240502967,1.556114493467,3.318531546841252,1.9996753257420024,1
4.884188651078184,3.225454606534616,1.8630845367517133,4.136425167649536,0
5.7187063214603,3.954360824300396,2.3547604962446664,5.003240732083987,5
2.0521706005133185,3.157756312244851,4.057416147781684,1.667765745790143,2
3.7061080411512553,2.063709661060034,2.1114792321975377,3.7578257732339213,5
2.999051731406438,4.756425242419328,5.840725171237576,3.1294355124114506,4
0.8665354616788609,1.6564917194709337,3.3471268319912593,2.0805858628883938,1
2.6029219962811188,4.506074806340489,5.861263876060532,3.2422624194426723,4
4.497187817565763,2.612911099826573,2.1294726793535554,4.417557807593382,5
4.4956102807129845,2.606730721627421,2.1296510537566293,4.418669475088348,5
3.779064049742403,2.199258654562245,0.4748112856178501,2.9521482232031904,0
3.089312337039187,4.8177553452086705,5.883454556080403,3.218923659725935,4
4.524926374861956,2.687160914177884,1.554581837939319,4.107452316420808,5
2.3080416622080473,3.326076831523662,4.201708111815037,1.972896124758421,2
3.795965465112308,2.2428445292159775,0.6354859648631223,2.9767241358143948,0
1.5622194419384514,2.1194814997670557,2.8269552352256477,0.19461481144228046,2
1.0160152857665266,1.7047463638898441,3.415419557594255,2.1365625585366206,1
2.4219249201688258,3.4012301401085088,4.265290183040433,2.1048765618592404,2
2.195053203774289,3.821572879681982,4.841608667617429,2.139032112860118,4
0.934822935803532,2.6058954559585716,3.925633276680095,1.5869636535931981,1
2.5175560435973217,0.818552408129414,1.9640818163655414,2.798519442576644,3
3.7651884701146465,2.1836950224546077,0.45176427192824875,2.9390467492853567,0
3.483104480263037,1.5994414199655809,1.75437449756399,3.5343487823038,5
2.873724811274575,1.6157570871944669,0.9056279667288446,1.9246239822081737,0
3.5559314631321515,1.7652655383059364,1.861427516892037,3.6099353046825406,5
2.4949298315517416,0.7413896204213783,1.1421809482552567,2.163513595507045,3
1.8442201904376496,3.600534088703889,4.950838891733427,2.445518607362903,4
1.2498155342707575,1.8436447908762321,3.494339334482167,2.251758144469868,1
1.6851310869080334,3.5387566651426696,4.909138282927754,2.3567693293484804,4
0.9305415721617472,1.7055125900985395,3.369717892715439,2.1073808332627246,1
0.9491624296232402,2.5733051400690075,4.242766592039043,2.3396258514456765,1
3.9407031373134997,5.748687403293375,6.86624156780472,4.167652341488465,4
5.536520212929122,3.673599376935011,2.910336581554967,5.381089887142802,5
2.9073876054209298,1.7060414319773056,0.994433063809003,1.9914276511849864,0
1.56047578426674,0.7724409918779144,2.53998574403567,2.2271521510683487,3
0.9738526110371046,2.6187119929850455,3.936057327857955,1.6256901548691494,1
2.733536143591961,1.3699245098629251,1.5107715331882832,2.436759370665372,3
2.96473312665385,4.731845873942036,5.826973420680762,3.0890986956712463,4
1.7057445018268198,2.974399113205656,3.8613819676965484,1.2499518412459547,2
1.7022120392937687,3.54888999778717,5.146527563024163,2.9369400508975945,4
4.51970562949971,2.635866607667012,2.2193202228172315,4.4399737361705585,5
2.1938630799712997,1.6753756204012,2.548362269766609,2.0536567892203297,3
4.530734622018364,2.695398357852546,1.5613460544616315,4.111782731991794,5
2.4880371365975873,0.7285147902640317,1.1211851708725171,2.156318514162653,3
4.7525234175802895,3.0601090220212757,1.4095496796089757,3.9955894837300385,0
4.471769037680303,2.567569209253013,2.115821728525091,4.396231694564584,5
2.815060159273368,1.5278158571168454,1.6373778188289279,2.5265090741465484,3
3.274584066774849,2.195712038103396,2.4469548775433934,3.0153885437795167,3
2.600069517264133,0.9740127259708432,2.0752814053328867,2.855732532995991,3
1.6214525563066409,0.8601612418475355,2.5400938033026654,2.255125469338625,3
3.476001226503134,1.6041277241524294,0.7848103052693275,3.0778066312416836,0
2.644411899426842,4.074172955777392,5.084125630830563,2.5733140176422973,4
1.5542415944970154,2.120657946114642,2.8342644988169403,0.18865477696621125,2
1.5415729820804056,0.6792965053795839,2.5226871372240707,2.199276738620443,3
0.806798044357603,2.532077796584329,4.2110499896607765,2.2884582175136554,1
1.7832465446964902,1.1176143622400851,2.1874981221115735,1.6130582847899528,3
1.6394191823213755,3.511905171200766,5.129813898208838,2.894074223793774,4
4.725946870664047,3.0119356181178563,1.3242699408118785,3.967000097484495,0
1.6432375612647863,2.171913468017184,2.8938237343302493,0.5080626889561283,2
1.6652316907103684,3.5272227914650234,4.89027491736648,2.3258867216934385,4
3.750514745989252,2.1543620793536764,0.33352619826263336,2.916499856753501,0
0.9280922392212025,1.6908316543165574,3.355781824503748,2.099311071659954,1
1.0360586171481851,2.645569291695521,3.9495064914668165,1.6575693019584676,1
2.927754290671592,1.6515329297465935,1.9302567488864102,2.631780844637651,3
2.963780050557018,4.730576879428808,5.829870388493754,3.0888882456599465,4
2.6266208044393675,1.1057507223676966,2.047672497822493,2.8821045155368865,3
0.8539705081640123,2.573933609948965,3.908697576995761,1.5403524289487052,1
2.55784903352784,0.859780606962933,2.013356145822963,2.8195508394236897,3
2.061978645142886,1.5851005897798989,1.8475200631755269,0.9050658782435885,2
1.8770391124347048,1.2269940176618546,2.7566774454416545,2.435170843639382,3
3.5752388528704113,2.6331709363502966,2.358865149022143,2.853985879235398,0
4.48481488964536,2.6022502735704407,2.136326003462825,4.41285194624443,5
2.518989854183823,0.8408565795795154,1.1509875172908353,2.1951927708527355,3
1.5396081018599874,0.6729467043303295,2.517443702846787,2.200787526162339,3
1.7584621042748247,3.5750648156639433,5.1547142084193,2.9631618744721306,4
2.530005633662728,0.7981324419669646,1.9919837347094298,2.802297505791578,3
3.5706152659796464,1.7761551257878387,1.1732971841546678,3.1846681452613255,0
0.6709005097244781,1.557400627147705,3.3143350528024556,1.9956469105691403,1
1.809783054322361,3.0367900353790445,3.898797982307942,1.3815255629324183,2
2.5196336618176622,0.758312130760364,1.9589542874260977,2.7853748546479187,3
1.0233619273270624,1.716466190154174,3.420944947626349,2.134505537474728,1
3.4795761989426777,1.6076944693399462,0.7774159166686595,3.0810649585874854,0
2.7168078349167195,1.325222709159509,1.4643937303161039,2.412623668991885,3
3.0871831809004204,1.9404697490513219,1.4664325443712896,2.218279083108946,0
2.3417429282797486,3.911519037391714,4.8970784402288485,2.2819047307947002,4
0.8318016386042669,2.559976234985194,3.8958603819469593,1.5180838464691566,1
2.8655596487240187,1.6038369625934545,0.873774542109539,1.916694930443243,0
2.881601041596505,1.6575913588016402,0.9391143255983431,1.9616763647372535,0
4.492059055798915,2.607310355816314,2.131682917002447,4.415826739613726,5
1.8823797733956769,3.619109749295679,4.96840525835804,2.478842137813116,4
1.5251665308196862,0.7037631353238419,2.5396849874077936,2.206826765828461,3
2.7055636331268476,1.2454727754475972,1.5798373222782327,2.3953283663577603,3
3.496807218582215,1.6318428691254265,0.8272485452021383,3.0926221223959236,0
3.760898794084504,2.106773832211401,2.2969903771043128,3.800721351117854,5
2.191866884824665,3.8206942682237583,4.842574505671892,2.1379759414126207,4
1.5809389277047805,0.7935672649014212,2.5306006763915914,2.2300341760007756,3
1.5865491140674972,2.1499796895086467,2.846997518106128,0.35359450277803206,2
2.1823469109524507,3.8138039613861294,4.835503820175594,2.1148678553071925,4
3.109988876392319,2.040597918228602,1.424964601312676,2.2690022139235646,0
0.7180311828969783,1.5828710324594868,3.3248917004235006,2.023160274178296,1
3.7526241372792333,2.146607379795885,0.3171193232465164,2.915375003018924,0
1.5616913946980382,2.111486429040376,2.8275292691564116,0.10129356385172154,2
1.523979434930569,0.7071687396678054,1.9814167751613982,1.3566671302484934,3
1.6471263983006401,3.514748613757894,5.1354863136034865,2.900598384747043,4
0.8558807167689263,2.5647775064084555,3.891068661398546,1.5150278370884835,1
4.484165656887139,2.6099089597111353,1.441291957081342,4.060782242543278,5
2.647076356855318,4.518181885030793,6.095165112040776,3.7027021780278098,4
3.8104938892642006,2.185671299304975,2.3742081611047285,3.8506697089576503,5
1.1667512644026388,1.8552370600758072,3.0394504142764016,1.3854533638354818,1
1.8285728732426247,3.624338061716128,4.941187799898776,2.4682032280452963,4
1.6696403725093687,0.9744036117472683,2.581400984711171,2.296669990522789,3
3.497951969210935,1.663183123167395,0.839444870095609,3.108174079347419,0
1.6113912615546506,2.915073310774142,3.826802689742287,1.113169679108116,2
2.166461854451213,3.8057518043487266,4.835409834093982,2.1052719452998763,4
3.502476236773253,1.6594861408841006,1.7981585782191107,3.5631033815560182,5
1.5407964969869363,0.7217442912330431,1.9596419772890903,1.3697700142176104,3
3.251918677497155,2.1557568890145484,2.887676467823004,3.454143148406791,3
0.8067408123789092,2.545376911228434,4.21143880894869,2.3074103746859493,1
0.834736378478524,2.5599800761712124,4.217929023106204,2.315104205681398,1
3.5107508650748076,1.683575502032408,0.8528926893029705,3.118404638389073,0
2.631797426321059,4.531065951514813,5.883044926331685,3.2728779747326064,4
0.7439235100093752,1.6165977703623473,2.9374314266052433,1.0798713470435062,1
1.5447668418331317,0.7262039723730629,2.532229187575558,2.2168709857328364,3
0.8323535274329833,2.5523719564224248,3.91831808101663,1.5192874566978647,1
3.7796825330438804,2.1766807227676956,0.5082085555275417,2.9428041554572255,0
1.1796785213265242,2.7021556710483714,3.9766778709953,1.7440742559509592,1
3.4726276793979856,1.5989319848641035,0.7870206320790969,3.0797351813992515,0
1.7177504693001981,3.552598766454712,5.142364575299041,2.9403303133999894,4
3.6897666449271695,1.98596312933406,1.46679653597024,3.3007349375992723,0
3.5762932194693016,1.8251904260462921,1.0428974129440371,3.1841137131333133,0
2.307590211786433,3.8902708284514356,4.881503037953831,2.2431734381175796,4
2.0717724524023073,1.5098693194161104,2.435322693785845,1.9292711467824226,3
4.648993922501688,2.842375713836032,2.486633333900014,4.565807592325228,5
0.7018926005615225,1.5682016345309906,3.3199757126990943,2.0178486149495005,1
2.8704937709959015,1.6235581756539617,0.8675263839148225,1.919418197181155,0
0.8007219916600359,2.543604902981323,4.206515136038859,2.297450981090632,1
3.7502715056388554,2.1510677909281504,0.3241206574137129,2.917760211287642,0
1.1127008412246249,2.6412435459499295,3.9844367318240654,1.675419649706793,1
0.7574812064136381,1.6023388620922205,3.323249539788367,2.026711787618692,1
2.1553932946619616,3.793532502620021,4.834630476334772,2.0932846111894476,4
2.507468399688159,0.7682992380055661,1.0938930067165802,2.1657919135337442,3
3.00967623658451,1.827726444259353,1.3185743862548578,2.122676450565,0
0.9179317030591013,2.5905747934924257,3.911405411320588,1.5715827530419106,1
5.750238252971338,3.953211644683638,3.3417958488512336,5.588749768979157,5
2.6212987854046785,1.1251835337142275,2.0836556302857123,2.893341054613235,3
2.151638908113017,3.7886366217478598,4.82737029018127,2.0854699021335774,4
2.2580358816936394,1.757893762313785,2.6161767942012193,2.1328036174721956,3
2.5064693321931553,0.739992546568274,1.95592075737711,2.7755202103583683,3
2.540388636897568,0.8496918722806406,1.2352152030729509,2.2120593460337017,3
1.5682928397502909,2.138896012515301,2.847508238055659,0.33995543262781214,2
3.476931262906065,1.5949003852820178,1.7538145965512113,3.530082394888398,5
3.0851950437241187,1.9912175905900509,1.3506387016141694,2.2315175525240463,0
2.528121394357399,0.8680241769959738,1.169681659770787,2.2094381644463246,3
2.208807606735757,1.767663044736677,1.9399429132510801,1.1789312044547644,2
3.6011405867262694,5.513110007268427,6.869483130556758,4.221016076060323,4
1.7081591104265998,2.977142467031128,3.861647002849194,1.2417556405312893,2
0.7079375918682081,1.5774547830353545,3.3214919734841186,2.0163049681536753,1
2.8629589397507287,1.5995069628530607,0.8644950170625499,1.9161400596704408,0
2.0831546849714835,1.606978374781426,1.8475097098655446,0.9585353455414212,2
4.716811274287486,2.9893630064552785,1.2665026856805235,3.948436050521366,0
1.7107336956131691,3.540768975762851,5.1598896250667625,2.932034937264944,4
1.6678598729280134,0.9294541944545966,2.6378482367162968,2.2982233081456065,3
1.8678744305757171,1.2208840310456281,2.7636682801471695,2.440165048847287,3
0.9796806089051716,1.6907971070271335,3.00719821604879,1.2147538588586733,1
3.990375243657425,2.479619119292975,2.662779859262957,4.024622772438071,5
2.9208405360383196,1.7183555788861844,0.9954634390003735,2.0056768252536235,0
3.80824387107435,2.2244214779689955,0.7127265967908559,2.973393453136839,0
2.003535525991783,3.7048841961837846,5.22935335228471,3.1108356567255466,4
1.4318297099860067,2.7952022442068896,4.107656219831201,1.911264924715522,1
1.5336474776849367,0.7024499533237334,2.520325994183483,2.1983173640997475,3
2.651312791283229,4.541750656194738,5.88635992271185,3.2871961945064236,4
3.4801193250046154,1.6339096321043698,0.8159902899944848,3.092105896035827,0
2.5177727953315623,0.7681800444619512,1.9689831323393323,2.7834060627740875,3
3.18517592833601,2.1461284049985494,1.5521454191670156,2.371433892411441,0
2.282956195963779,1.78922855737895,2.634317221158632,2.1525126517025535,3
0.7474690686797375,2.534223246841326,3.9061773009505623,1.495367561436897,1
2.0941465452543055,1.6061535370892819,1.8321063317867847,0.928304140019694,2
2.701469345027048,1.2215778435715936,1.5512329259230713,2.3899461497783085,3
4.817419750244541,3.1584215451003943,1.5851480191709162,4.07356234850401,0
3.7277533504026796,2.0561377423787057,1.5765381735720965,3.3451515161218626,0
3.5731516678886406,1.8188105854243777,1.0493995491296848,3.1871664443400856,0
0.9780279088986216,2.6267049612865043,3.9405234532977866,1.6188426513648217,1
4.549397170937303,2.681190822398921,2.2735297114063533,4.465096618167601,5
2.5014912889505903,0.7529120067225824,1.1363310671622024,2.163700844392816,3
2.208737840201747,1.774709375176132,1.9508386964832862,1.1840535919352864,2
2.1167605447410374,1.6604986113210354,1.883905819422324,1.033204519875714,2
2.6449137112633254,1.1753260398708778,1.3538445822694285,2.33194943132742,3
0.7668554049270844,1.6353628615850946,2.9497194077309827,1.1044298092917315,1
3.4829979981930776,1.6220678529147419,0.7837903829351818,3.090358292064863,0
1.5619003647297014,0.7438565987346948,2.000245259476056,1.3950771670184958,3
1.629699200111766,0.9152457443816344,2.0086378939943192,1.461971658318639,3
1.7965664051550487,2.325606569222792,2.962170904659064,0.9310150539159754,2
4.737962938244103,3.03370788765147,1.3636146414198713,3.9804284799249343,0
0.6740071033408273,1.5608102995068986,3.3241468544331063,2.0037221781645993,1
1.825995365621674,3.0035937865560705,4.258422798741318,2.2092969463754897,1
1.81951861041962,3.6133997282966446,5.1812202302626185,3.001924992240443,4
4.657156154342767,2.8563324502232184,2.5078543016739903,4.5759670116873545,5
3.0236655611930083,1.8917645497540445,1.2222534022187208,2.1478296280019693,0
3.1339528225395727,2.0017909525030237,1.5388437456434474,2.275250464684339,0
0.6942839343182938,1.5504376271549185,3.3158385792064182,2.001454488397548,1
2.518076568161931,0.8056956865535676,1.9497477321260275,2.792457976770645,3
2.5024347526131625,0.7135043862038418,1.921935983338032,2.7680096407094212,3
1.5913803838605043,2.914809739058445,3.8412005375955167,1.1111186240578583,2
1.7745485837730721,1.0921516712594084,2.1766883940108404,1.6133943062823863,3
2.8865316461354413,1.6386706096365435,1.0068555957966512,1.9574455583748431,0
4.522154921009875,2.679918404154003,1.5366376569147548,4.101274149613286,5
0.9376598587691247,1.7196166972664308,2.980208293761222,1.2196909903924236,1
1.9652793090766183,2.407586560622332,3.1002965459152203,1.185836993561836,2
4.485149667556776,2.5886200906476926,1.4160952454167453,4.050828489868077,5
1.043427041863625,2.6381729347511187,3.9357339823501527,1.6480429202425768,1
2.1268339256278335,1.5753081478652313,2.948919553150234,2.6351370020196923,3
1.3879913474525862,1.9485651741291092,3.562182044030532,2.335052888354501,1
2.0467341434634694,1.554874388439101,2.819023373435533,2.5833646314924494,3
2.2387338624812405,3.8449795601013332,4.849350355454973,2.1697992855838066,4
3.5443543668730535,1.75017087558807,1.85766996332244,3.601573842287658,5
0.9014915296849415,2.57724038072812,3.944582344513522,1.570359949540797,1
1.5759517553852767,2.125846618992782,2.831761910114141,0.0959379823918931,2
1.7268230226246177,2.2558095587421696,2.90339252003191,0.7541931510192229,2
1.0957303802922556,2.668469352033566,3.959248181110431,1.6895380924239403,1
1.5718536586790792,2.1206469458037125,2.8211159345491295,0.17572461062870628,2
4.720721314944736,2.9972056326895204,1.28401994975804,3.955009669934938,0
2.238093370504959,3.850731429898815,4.861509414817137,2.18375719316874,4
0.8560970827036775,1.6328909268989975,3.378180192863554,2.0739332821058105,1
4.591102584026269,2.790511346083482,2.3204171339171946,4.5184622568871236,5
1.856293817586428,3.636532261006876,4.944363489969025,2.4813580305808864,4
3.542278101001263,1.7057812931282519,1.8940621052938522,3.5927186837862353,5
1.640270729204939,2.160946741640999,2.8817624526884207,0.4965315688551995,2
1.7060146031839603,3.549684828831369,5.142785600956496,2.9332154168346305,4
3.7385077319156004,2.13689181111827,0.29989884713832504,2.9058852944349995,0
4.609107955575066,2.8292776770525987,1.7498214829706398,4.195612792600505,5
2.9076181854828,1.6893828937157027,0.9419282396414086,1.9774231145140335,0
1.6534199731158354,2.130081526657073,3.6674344813598996,2.492800739875938,1
3.7122246405768524,2.0774574369231105,2.127824135042967,3.7660449684648496,5
2.08232503959833,1.6083425485307403,1.8465342179006332,0.9365455139407023,2
3.610641519567301,1.8904880269237034,1.1425908351788965,3.2257502734147727,0
3.2146005753284626,4.875487163710177,5.970709936875592,3.3245323423394555,4
5.723880623412423,3.9642922569654817,2.368123171102828,5.007850868941623,5
3.1172189099610055,4.8367204702918976,5.896926186995849,3.2452917996727244,4
1.6097548417527958,0.86312566227239,2.5500970774428713,2.252719150595799,3
3.5095687944545952,1.66735092950511,0.969862892287012,3.1161330354441774,0
1.901857311922028,2.352103667657975,3.0497133184915266,1.075034560722958,2
1.5773907934297562,0.797966173896804,2.546663723400227,2.2429913675681856,3
2.5159300759327277,0.8109520972983705,1.1324434546192057,2.19211497104938,3
0.6977410006236182,1.5660898190504342,3.32552076437418,2.023822398688508,1
2.4445143298434,3.972364067853405,4.936833946088672,2.385361331147258,4
2.0467341434634694,1.554874388439101,2.819023373435533,2.5833646314924494,3
2.523373122206787,0.815369946946812,1.9493161772418237,2.7958368924466996,3
1.8654903076725187,2.331016972458776,3.0348278480146638,1.0146152528617085,2
0.751062362683414,2.523531389734327,4.1965280486713805,2.2718490708055494,1
1.6437587005930543,3.524177206212723,4.892073639733083,2.3278953323201947,4
1.744639967642871,1.037058788916127,2.6811371142297866,2.3531518506376212,3
0.7663512183535096,1.595369848213625,2.9425715146198033,1.0540221929394493,1
4.7532798895873105,3.056590692046406,1.3986045188518725,3.995645461506791,0
4.734118389072093,3.0301227633394907,1.3572191998388967,3.9751449444380964,0
1.5427505404922934,0.7453560330222763,1.9693693583428997,1.3768259112541368,3
3.5041450336101767,1.645798593327491,1.7688370699469014,3.5550893658366927,5
1.6184753225165016,2.1649095314475773,2.8443101127341337,0.4270780544609873,2
4.488025866950271,2.6131845104235305,1.4334453305579862,4.059659169081163,5
5.5115294481313954,3.6315644816753996,2.85640016426267,5.350132986834331,5
0.9378563254916218,1.7071435304433895,3.366510011269997,2.1053017195067585,1
2.501700493733139,0.7783566649562184,1.951249785063133,2.7810494326229427,3
0.761340628961072,2.530146910483342,4.207587727696179,2.2834177760531613,1
0.8433262721891951,1.629895950323485,2.9752589677688843,1.1319012802105557,1
2.8275118198668063,4.62718681784489,5.979937208221002,3.4173139315544327,4
2.900424215367325,1.6786823918505687,0.9319171144493386,1.9686047713590598,0
1.6543139145062191,3.5341814621252183,4.891544994031031,2.3416597633366765,4
3.1890731644329273,2.0962716828750394,1.6871774588964192,2.3561289861783257,0
1.6757456331755682,3.5394507392863415,4.886859500805094,2.352679348811875,4
1.5395667347211945,0.6882497623295902,2.5285616108280484,2.1970148953110713,3
1.5946162239011274,0.8042486513038828,2.024679307159926,1.4197273604598208,3
2.1339719098242513,1.6757791062578524,1.8784379008924363,1.0312608503516052,2
2.4016689742404616,1.9663667650217067,2.2395546611735924,1.505415454648381,2
5.657610391316692,3.854783049945268,2.210847816700057,4.928907507487997,5
1.685518514896806,2.950190424364712,3.8855471077571306,1.223589533809531,2
3.5728049758370743,1.7704920665285666,1.9697472486874683,3.624283496745177,5
2.2387338624812405,3.8449795601013332,4.849350355454973,2.1697992855838066,4
2.8587561541132307,1.5993003755997113,0.8626421930929933,1.9113678754831391,0
4.540605584078513,2.7029562573583195,2.233648350985022,4.469650767839818,5
4.871377104748755,3.2030797824710513,1.8144386404359965,4.120620386187988,0
2.88323312352211,1.6367984990834743,0.9972453039010555,1.949214143980744,0
2.489056722934735,0.714088377851939,1.943528115623401,2.7688424917595214,3
2.256981144660736,3.857828354261918,4.862315277803652,2.2015823617680335,4
1.716333761771953,2.249701969999468,2.9026210687174583,0.7419763441287257,2
2.6286933472408305,4.510783059204549,6.087523433128167,3.689528018355427,4
0.6758619164460058,1.5715266395596792,2.9149965476240225,1.013264192230325,1
1.9209073024616599,3.080112156124791,3.996697707732226,1.5193530455298954,2
1.71087852137208,2.9619096612082223,3.894485797056617,1.2526118042093064,2
2.6960644054441403,1.2231744562511737,1.5509944851255042,2.37885801574895,3
4.481671804369497,2.589520925672777,2.116660175313302,4.4048590731497885,5
2.5633408742943615,0.913154624758645,1.279646727304227,2.2305139998120644,3
2.240560632137554,3.2829735700266243,4.167119940541434,1.8977328431519458,2
2.532251796197666,0.8848791322074876,1.1803987060032564,2.2144905779191713,3
1.539700368164584,0.6840353639903953,2.5122859067777634,2.199897142252764,3
0.8539768164405325,2.5724553676087583,3.9108004106400407,1.552922921732082,1
5.665300618955581,3.876523850882973,2.245147016090819,4.942264734110785,5
2.5589658306862804,0.9577705421444613,2.005694887573651,2.831359248394016,3
3.525707650892724,1.7150087600388886,0.8826598502356028,3.1295583643343914,0
1.6578773208360478,3.528053456778133,4.89478675843934,2.331085777339081,4
3.561913835293174,1.7521193267156585,1.0958161487605982,3.165144494664484,0
2.692510929584578,1.2614676233687936,2.133240165766559,2.94995057015315,3
2.905688488201775,1.6559726263357533,0.9665728141771721,1.9588464605308133,0
0.9483370192891447,2.6003920851365088,4.234325874291375,2.358053130185128,1
5.514906849957378,3.642278144772473,2.8784210636577465,5.359500179254035,5
1.031342099359569,1.7260213761720733,3.032414877878591,1.2577383503258457,1
2.1574973258379764,3.790309489353159,4.822695680645064,2.0799021877243256,4
1.5462343793045004,0.7353082883279919,2.007288722686318,1.3908102636067388,3
0.9690423883818883,1.7150589476295472,3.3686817015605404,2.1228089880080003,1
3.576043787918646,1.8249926095493805,1.0463540039850743,3.185316830304334,0
1.7592256531422603,3.585935690363526,4.9161506310796135,2.415855457719193,4
1.6986142984178427,2.9180422407995743,4.4816117839557155,2.719091796708432,1
3.5910313105632556,1.8173615111830406,1.2479475818562975,3.2079184110061534,0
0.9786206377532902,1.7314648301303774,2.9792208963298816,1.244548438127877,1
4.530111378742812,2.6885560938123145,1.5389179383197322,4.106227765883483,5
1.1449703434381884,1.8405556398342486,3.4328794155588342,2.2160811233693334,1
1.6999858903670735,2.2359059069934384,2.897306124446298,0.7274146562384943,2
1.4321543808769621,1.9777253562558537,3.198239040768315,1.5954424459679355,1
1.6828169235513055,3.5352035004236804,5.130158147766153,2.913019248881029,4
1.526822035994029,0.7181372183277751,1.9689090310676258,1.3587235421047836,3
3.5681261222925333,1.8038696482375574,1.0307587986474565,3.183904191905044,0
2.4930863242342496,0.7329431995497746,1.145262893407269,2.168142548161699,3
0.7612330847075235,2.526965297126431,4.204344068585628,2.2736135135600186,1
0.8250948554196027,2.5609924736175094,3.903536467139559,1.5326494135801474,1
2.0705309301996504,1.5886784503242093,1.8454400544177398,0.9083050818491267,2
2.8618859966460235,1.6213485327112185,0.8888699954410487,1.9254367285206353,0
1.8413124746955565,1.1821215022986575,2.7439834025866365,2.4190069426101655,3
2.50451832661102,0.7154208090126147,1.9194044605824252,2.769215445074418,3
1.5414434009387714,0.6714624675236711,2.5160855437287672,2.1965026848713243,3
1.5426692437307836,0.7549390789438829,1.9727649455100564,1.3755194869071854,3
1.603819527304282,0.8050406025301968,2.020613025894279,1.426949602473973,3
2.91609828447471,1.715095957842537,0.9958276317455068,1.9994025863533496,0
1.584335672045683,0.8279306154974176,2.5562976264422135,2.2488967549902132,3
0.7873903725584009,2.5379970058766306,4.206413350723881,2.2962065292140763,1
3.5258347776302266,1.6835109745542447,1.8790034051282858,3.578582183310753,5
1.8220334026568838,3.6142268906919073,4.927486776063222,2.4543228223618283,4
1.5900715989845575,2.899096548027035,3.8302511430736805,1.0887239505625141,2
2.5038885479586237,2.0896499919666183,2.3576078397359117,1.6583785422905468,2
4.485484443124565,2.601493376745758,1.4132474591760116,4.054342035014022,5
4.773550319079402,3.092187708367547,1.467528592618947,4.020853780656034,0
1.6068303843417335,2.916291592829104,3.8332268522387376,1.1318728848085784,2
0.6900683341272841,1.5602987001636537,3.3275389914756714,2.019636566133862,1
2.658358032871629,1.1903562144398672,1.3531382936395813,2.3428649936755765,3
2.5229032294826323,0.8159103103340134,1.9498571614159743,2.7955059339207704,3
3.4992816223722794,1.6576981905397694,1.788652868202107,3.5550664731712485,5
1.630643617210825,2.175882131781695,2.849961395150883,0.45944477678263035,2
4.585563540240921,2.7427321826053706,2.3656533937263595,4.505696438025329,5
2.171895638545576,1.7177907173781237,1.9019109520873465,1.1055996882288275,2
1.6410844589940266,0.8487088041080377,2.5870740925729367,2.2613323408394757,3
1.7011007641050555,0.9897661912279425,2.1329671545168423,1.5497513789909576,3
2.510295139193342,0.7954739689224177,1.957695072632399,2.7915107299377753,3
0.6877963749427727,1.5748503720218368,2.9133144743405928,1.0187269430861186,1
5.670195914908619,3.8802216240004888,2.2492426989517407,4.9477844023457225,5
1.682121424132514,2.940139739009823,3.8666401757482802,1.1932725981879189,2
3.935258003811736,2.405787590202738,2.0440166638095665,3.573049157282221,0
1.5426952831853784,0.6998112035107611,2.542733101779925,2.2161030275069185,3
2.500028239362501,0.7350892661251679,1.9271043770738552,2.7706134311224417,3
1.7236482752636966,1.000839420767965,2.6621750699433835,2.334262955907765,3
1.6352007701333426,3.5198106358555163,4.885090673630995,2.3211265759584996,4
1.5318058479790964,0.7056720557143568,1.9771279979623044,1.3617388190951,3
1.544489748617161,0.690716205106868,2.531369552421071,2.205202202329166,3
1.0351536826061367,2.6372654272239955,4.253771759220036,2.3951377522365496,1
0.7384423315549644,1.6011990422171603,2.9600974254699848,1.0679562392618918,1
1.5489846263791025,2.106490117124199,2.8299965864767183,0.09419704864684843,2
2.972882255038227,1.8068123471354491,1.1087403747398934,2.0764620709917367,0
2.918449355471006,1.7064500699810765,0.9673796853415001,1.9972002293873603,0
3.481426476679634,1.596524619887155,1.7539003878920494,3.531273494503965,5
0.9065891880852882,1.6892862198331384,3.3664215182579587,2.1036574545915436,1
3.5019714656060037,1.6206126924395068,1.7771795662943144,3.5481885292879722,5
0.9002491298391132,2.5879306681154763,3.9175044078514087,1.5787214621192693,1
1.7528649316495903,2.9890262163761974,3.919104076511441,1.307100154421929,2
1.6733953939503083,2.934014673620709,3.8620181261414515,1.184905037378326,2
3.57664764677008,2.6366785167053415,2.3676829528869163,2.8591307832597908,0
2.204268092477747,1.778502392359832,1.9672129356460792,1.1978281250741636,2
0.7924757687032585,2.5338007553492696,4.189621716120787,2.278233122115952,1
1.7124286174801366,3.5594058138093843,4.896760908698845,2.3748764382820937,4
5.545047982771295,3.690876316532664,2.460872547502192,5.10566811958657,5
1.0480502157612053,2.6192887754437666,3.967832080005636,1.633453909469977,1
4.554548272153629,2.735935962189517,1.611267678359705,4.13389182871009,5
1.64345160967594,3.515928163712945,5.1249193599326075,2.8919328637725155,4
1.91899093735651,3.6353075627462275,5.235092030728542,3.0543632953401865,4
1.978779294854561,3.1437113214312293,3.973871527711495,1.6039203841121794,2
1.8127141655524084,1.1243991200928414,2.7029756103195295,2.382611304744705,3
4.531677493107792,2.694084440090466,1.5493505884801626,4.108576960909408,5
2.8753953469169375,1.6292204842909264,0.8767024425618541,1.938145324557808,0
2.2983283115509834,1.8947748824207578,2.0521332381944943,1.3545283378976027,2
2.499845506724451,0.7171385921279366,1.935269265927978,2.7725851889261577,3
2.0696204628940933,1.5858958798864902,1.8406546091123122,0.9122414778637927,2
1.5813842851224051,2.1263670552293306,2.8406754693023886,0.20354551611095026,2
0.9885501513105514,1.7478623692039703,2.990545431377646,1.251515816690653,1
1.5366040638432426,0.7148388761560788,1.9738239034029268,1.3548622086139797,3
4.466686637149672,2.570008440522207,1.4116656272002428,4.035788974201571,5
0.9566793531972506,2.6138203549157555,3.9284699935657423,1.5966698362428857,1
1.6975013759278808,2.200164545205601,2.9189860982573292,0.6637203323715442,2
3.878026543396313,2.3795362929973036,0.9607411377208046,3.0794576531314153,0
4.5084261920511395,2.651818322201397,1.4836676835294227,4.080738039747491,5
2.493781002205939,0.722657743312303,1.9451520812734342,2.775100511545229,3
1.0199526481937455,2.6120044424688955,3.9664435045078688,1.6261280787249681,1
2.493479352081175,2.0320962249023142,3.2329226124720645,2.9347012597050095,3
1.8416521009257851,3.0571814418909127,3.9164788537323316,1.4382317888434883,2
4.779974395857947,3.0704010866543334,1.5407203846176383,4.014005522492716,0
2.070731167850584,1.5854568190409548,1.843542931227231,0.9109296797537011,2
2.07978295267516,1.5847479189766394,1.861895468648873,0.9453250007664153,2
3.099875060947229,4.809296200699676,5.911107503664412,3.2150820466626397,4
2.547125750234365,0.849734843945786,1.20720689621218,2.208287391352064,3
1.6345606747274217,3.5058432897878937,5.115704229117174,2.8863693950717093,4
3.487647164766433,1.6082910267067274,1.7908195734625374,3.546848081611905,5
3.7511899511855376,2.1452100364768216,0.3944693866387742,2.9143082517743535,0
1.1383012204119871,2.684621948862703,3.966407313207812,1.7146994753880913,1
1.5384745008879386,0.6762150632477516,2.520912913271961,2.197363421059421,3
1.4542690316249272,2.7950318785696333,4.10090477962209,1.9179510657438053,1
3.542578217006714,1.7516786695946593,0.9611611236377894,3.157672149898848,0
2.2088211600131,3.7976018422940565,5.120711604132274,2.7462735554563062,4
1.6868507654355802,1.0057184001940054,2.5955448655312856,2.3144673770220914,3
0.8609650789913335,2.5761169369746764,3.9132857135907084,1.557090340422071,1
1.035392287449838,2.635721415172954,4.2514131462058495,2.3935733501322387,1
1.642296664314558,0.9256953423654355,2.562006245598022,2.2703223609592778,3
3.5609469167941397,1.7951996727636599,1.0077795662753064,3.1702317647018856,0
4.544653974194849,2.7011072568849177,2.2265697499213033,4.472185158589893,5
2.4880371365975873,0.7285147902640315,1.1211851708725176,2.156318514162653,3
2.5437282253660904,0.8937409210108215,1.974835155196051,2.8139660244904894,3
4.588325183611675,2.781248384325045,2.3120584381246414,4.517276660687394,5
2.535867040954692,0.8709405806349034,1.9703947560577855,2.808977478289328,3
1.6082143526715944,2.920787078300878,3.8395548750608093,1.1437839806794563,2
5.705901641632034,3.9329730226122477,2.325070248012152,4.989969197476956,5
0.937747039804671,2.5701171774184752,4.242729770400415,2.3404949620359674,1
3.4782716370694464,1.6053634938462313,0.7942963223737577,3.082624707333227,0
1.7553168389173874,3.000127974319093,3.874246801373996,1.3141429004727048,2
4.479283868425968,2.588505737869794,1.4083327563435935,4.051488437683475,5
5.670058587286943,3.8734548395753063,2.2331871998931936,4.943078525518656,5
2.1244096517523894,1.6791558482591749,1.9046221113830681,1.0615004348360726,2
1.707934545917334,1.0504099430806457,2.614630301015777,2.333616654559656,3
2.6287503206585594,4.525910339696502,5.87603628436883,3.2688119823979958,4
4.695427029655623,2.957562136382936,1.2200753476470827,3.9245274627366142,0
4.485382820469998,2.591579156927543,1.4461298279659058,4.052801255382814,5
3.48823250683968,1.619329244375112,0.8312573383977209,3.091614901423822,0
5.470744001942813,3.564648255067147,2.311452224439281,5.020792108466414,5
2.2983254426745012,3.8618703517354835,4.896728532875029,2.22171925554344,4
0.9519376953394536,1.7170435908348984,3.3779917937530106,2.1234879420314883,1
1.5395687371377513,0.7402634617686851,2.0131026705988377,1.3849369669986529,3
1.6538769070129071,3.5220415845387922,5.1418247315044034,2.9041236119364626,4
0.9643841689745076,1.689002536686782,3.0051232110847996,1.1972780841521715,1
4.762834888785082,3.0066392575827097,2.6707756922950887,4.674670128957265,5
1.0178630167027871,1.714657915151482,3.028164530280626,1.2573562120028365,1
3.4856504403172677,1.6146997260224036,0.8173738551466789,3.089388922691804,0
3.6203814083334347,1.9159183198505776,1.1997900973497808,3.2447111218958264,0
1.5522762293187191,0.7034868911772182,1.9438054504362923,1.3544597659943183,3
3.763254372985655,2.1583957979805612,0.3998555830103888,2.922985856872827,0
2.518076568161931,0.8056956865535676,1.9497477321260275,2.792457976770645,3
1.5530583263669286,2.120035762396321,2.83798253278904,0.09569020548183428,2
1.5879115899382705,2.1314843191128805,2.857425173976578,0.32163127926008567,2
1.0754922483384537,1.7946206762658055,3.012912005113441,1.325522638796858,1
1.0760126587369971,1.8063848787270678,3.0224965523613703,1.3248014184504997,1
1.0365191016304613,1.778222298688799,3.002991334420522,1.281039598346247,1
1.6260138981540033,2.1664748327294245,2.8430491351558302,0.46151918719825236,2
0.7817352028682659,1.597073205922499,2.9398420318501124,1.0548973628280438,1
1.0890187720848263,2.657420494122286,4.260022482443764,2.4131836141132728,1
1.5393190807725432,0.6659907219220302,2.511210454370058,2.1925355649512253,3
1.367528879452309,2.7417559159278713,4.357860380834513,2.5281062014844755,1
0.9958478345852672,2.603393319131734,3.9595154944996565,1.6108761490255108,1
1.6240790395958844,2.1172990880357028,3.2995709200937045,1.7786642580713228,1
2.48990532281064,0.7188924794446873,1.939092783952114,2.768254226833038,3
1.7211668570895235,2.2281177429528007,2.944923859888475,0.71617731514978,2
2.616149369526322,4.513148936541624,6.0821527756156515,3.6870195554423484,4
0.6773355697345921,1.558959315911486,3.3210640152225683,2.0060321179157317,1
1.4369045984848523,1.9713784145743212,3.568693197988086,2.3551597580302563,1
3.0539031953767606,1.942831000996022,1.2891250741965323,2.1885618101485957,0
3.7654067676346576,2.1774993430399667,0.40647186517545986,2.93523844682495,0
0.7781842588715538,1.6236063212514045,3.3409355460013628,2.0468667238245772,1
2.5404644156578176,0.9199311757589901,1.2024039429203828,2.2232387706068124,3
3.3218451815800956,4.949133728923944,6.036344624360521,3.4258506946767175,4
2.9923320477332473,1.7941806910481033,1.2408587283647403,2.087328790928731,0
0.8036298372275655,2.5597897178691413,3.908720636461467,1.52697374474041,1
0.7399011920042492,1.6169639006589265,2.9387470549334203,1.077850225125745,1
1.6176048510807088,0.8416086815550265,2.0433689629598124,1.4445905368465677,3
2.8696212261461245,1.549626202945799,1.8374477753005987,2.56846626721426,3
1.653452240724536,3.523198149052693,5.137620906865205,2.9102783731789357,4
1.5379739232672425,0.6991545740165425,1.9553130037894424,1.3603973747621727,3
3.4919172684369952,1.643561842871977,0.8078920318609393,3.100295683952856,0
3.531664212377649,1.730141124411028,1.8453091838838336,3.589648151603878,5
0.9591764785792497,1.7084613279068142,3.358225241362967,2.105396142173312,1
2.408760696807961,1.9360807886092548,2.73997666665401,2.283351365752354,3
0.7006074891601225,1.5670762572180605,3.3240998985683494,2.023413452011761,1
2.9719428682326394,1.8079324931841003,1.1053821319850063,2.069598067760853,0
0.9205613052750569,2.5877382347812947,4.224658941576213,2.3416685608542385,1
1.3494641853111304,1.9674622630983745,3.4811385195177538,2.3128325712576676,1
1.6502630963025628,3.510853062734892,5.128383604437761,2.8882827497593864,4
0.7938752161045758,1.5788482716609669,3.3321992603889434,2.029171025728525,1
0.7124032517158624,1.5802860461530372,2.9301758997597966,1.0154540486639942,1
1.1027623953376604,1.7613142956201706,3.048849404224142,1.3013447460871828,1
0.7381438753349466,2.5270883367009738,3.894913902885701,1.4817985500270825,1
0.8983807812032769,1.6482688527065428,3.38114403273745,2.079752525151524,1
3.779916137653608,2.1347867202240614,2.3188782247513235,3.816764711897315,5
3.5678505322672898,1.7452601403658174,1.9154399051165676,3.6075162321121588,5
0.9069206652219628,2.589216936395763,3.9101821854049956,1.558430636185028,1
0.820700513288601,1.6258263789088028,3.3258721880107704,2.047673646209973,1
2.3173502417795055,1.9070978600558537,2.0545225423311786,1.382470435206301,2
1.7339390890805737,1.087449836870016,2.6170177294673014,2.3418191023179005,3
4.499723871659789,2.632065047467936,2.161092895329632,4.42662696059276,5
0.8016751355763899,2.546776698907994,4.214150817008432,2.3058703609416322,1
4.518867673852603,2.6519102210289938,2.166058823828916,4.440017126000655,5
2.6060135261963473,4.501703752961583,6.0766257542441675,3.6761234462081163,4
0.7672727085963938,2.5368085327508347,4.213747106826383,2.2884052847449445,1
0.846638966595944,1.6529105448568637,3.353075487093754,2.0808651212871014,1
2.5335210981767364,0.8560722406677893,1.125627711298605,2.1945855647755597,3
2.6207788773552196,1.1133474261230498,2.0668415504455,2.8855655978157606,3
2.907265489682831,1.6537577487721413,0.9585329463147719,1.9617556416893505,0
1.63976368719459,2.196813557899129,2.8758837850114487,0.5550641462743006,2
1.2551902247954894,2.7368241912554385,4.303147766202008,2.4902259889121368,1
0.8222466995635074,2.550986174556856,4.2049508346009885,2.2980242207237347,1
0.8313936898367039,2.5529744221935124,3.922466487043723,1.5283580987442629,1
2.210782963281666,3.8366487644827463,4.855611507661678,2.1577236817625236,4
2.9398205124441623,1.722631360718135,1.1516993248144245,2.0264537128540066,0
1.6164067712991212,2.175397716063095,2.860488083411615,0.4630989459627293,2
1.9228697798527294,1.3235353124132376,2.321033111495483,1.7751157922866732,3
3.5137205944897247,1.695248745725918,0.872106113384908,3.1216693076018265,0
0.8977338212623557,1.6303877877274449,3.363607725237664,2.0707329368317318,1
4.779726516690844,3.0704645813298996,1.5559962998692922,4.019009364351214,0
2.6241413515728715,4.519299131095452,6.084734919241066,3.6922418828453827,4
2.509688938051628,0.7526654561639489,1.9684266387030216,2.7826262906927086,3
1.3531105180542011,2.7425547207422682,4.057089100427489,1.8338951557950744,1
4.486021642015958,2.5919064324115517,2.1130535774771495,4.406338917859921,5
3.7891033934469074,2.193407672511796,0.5768485448624042,2.950080934067201,0
1.585078756118469,2.1471267139839294,2.8438990253811665,0.33232771568063174,2
1.7764880789776385,2.2980436765540238,2.934221029705593,0.872248267489027,2
2.5381915453286696,0.8605042248374736,1.9616770471331777,2.8089752269783643,3
1.5542256038282487,2.1080117427979728,2.8225884069090146,0.09283581825233818,2
1.6733759547119462,0.899868978409525,2.6098577165543757,2.288508538739039,3
1.5880860668377696,0.84611180995134,2.5576323914515493,2.246219748537813,3
2.0799181294305304,1.5920392834579609,1.852818249700411,0.9223713845478453,2
1.6793315287340456,2.958978485626121,3.853407735093419,1.2187325257674315,2
5.860215841674252,4.105083800124229,3.5284455715859018,5.700489391047203,5
3.6406881015768175,5.530098456328368,6.892680003317599,4.244849314489177,4
3.565369286138903,1.7924953206628367,1.8821009516888705,3.617714058390063,5
1.6293643425655102,3.5028061670921113,5.118949981027955,2.8790569280779077,4
1.5929001799694844,0.8380091532627663,2.5562526995795816,2.253573218938154,3
2.911896042831285,1.6744652415030952,1.0643641965915813,1.9889665343108867,0
3.9201028268265734,5.734447167638408,6.85888858402295,4.153256996010168,4
3.7444118135989566,2.144217912465753,0.3164414956488394,2.913521951953739,0
2.534097065084871,0.8727391686554663,1.1573972887954989,2.208608631810971,3
1.4755030473517157,1.9983889706965638,3.5849549174064173,2.378464351920045,1
1.8065377174364181,1.2228164399337933,2.6832759203832075,2.4105360283188335,3
3.0955743965923723,4.805292148676451,5.907883464023368,3.2120331494093914,4
0.8609927764161127,1.6182351349065227,3.3583094290255224,2.0575606966417976,1
4.719622817651937,2.9976957377597873,1.2861146195155297,3.9538058063970096,0
2.962162546227064,4.7296653811954235,5.824245804822279,3.0939849742947607,4
2.501902851393196,0.7997558346424066,1.142479816615565,2.1801800038612753,3
2.882211091525959,1.6424509044178892,0.8831243926395352,1.9389019206152962,0
1.6624649028007223,3.5251655354371305,4.89345255293025,2.3347444981410073,4
1.5459419717219993,0.722280007404961,2.5193654242916987,2.2054739604025864,3
3.183336498282165,4.855924821788602,5.950715625385323,3.2901072687578172,4
2.560308394175247,0.9368358764532825,1.9925562811415878,2.831648083362287,3
0.8803247432616208,1.676497593943669,2.946851287854078,1.1434353801702557,1
4.746378896953334,3.0229214816093597,1.4643035039369772,3.985755350605682,0
3.5130176423204467,1.6656943079205468,1.7796247375701069,3.5630809618964716,5
1.6848147422389055,2.959511433165432,3.851762277384568,1.2254276131896922,2
0.9599488146358374,1.671522329456964,3.3948871946378585,2.1096030813506177,1
4.84285267552632,3.203216938176531,1.660218405580352,4.10023086771945,0
1.763278218652823,2.286127947895323,2.924190995979494,0.8371930684494507,2
1.5949627392178385,2.9046362197015383,3.831709428813369,1.0879378789026046,2
0.9620092902652149,2.598229492527846,4.226633080205586,2.3574081778745013,1
0.7276517147298491,1.5836932371584587,3.3221293561706005,2.024348556586274,1
1.6492910473855027,0.9001741316658209,2.0768447920535857,1.4824154338687698,3
4.505991498613267,2.622905048884259,1.514385371879082,4.073148905824137,5
2.245400645784836,1.82950102199494,2.0008211614514293,1.261352618668724,2
1.5745860334984523,2.1341876344521657,2.835694939118445,0.2913571737661243,2
3.500054156030895,1.6590053894802386,0.82109646278059,3.1073625153260815,0
2.2537356072631507,1.7897267611683654,2.071806036162212,1.2681070448700593,2
4.709449508020566,2.987317078459168,1.2829191743755548,3.948314693648439,0
0.8411815520181406,2.55965707308004,4.215299033086838,2.3156022128341487,1
2.532807001241429,0.8392987808807704,1.9591470519018257,2.8072924126977123,3
1.78400126601673,3.0278027229153355,3.900620457911953,1.363996748285942,2
1.9410258583655497,1.400371287024438,2.747826590152745,2.5057443425211443,3
4.112954477111114,2.7007405858973965,1.7727987532254783,3.3514319827780006,0
0.8433243005872056,2.568730412544547,4.22531731161407,2.3197722436964705,1
1.9257493748330488,3.666972092778286,5.211205359469299,3.0669211118693314,4
3.5215856245681705,1.7003197503958405,1.8132450169723535,3.5751544582902106,5
0.6916039469880085,1.5752168401940887,2.9107326745920132,1.0123723047165158,1
3.5611458252283152,1.7867793859829466,1.8927876878638386,3.6217754558398467,5
1.649431548228307,3.528851997171555,4.886015910575369,2.3368115233437163,4
1.6727573234570243,0.992766894105607,2.593616140301054,2.3041486930723925,3
1.6320881823262647,2.1595290397381444,2.882543291338284,0.4776536281853996,2
1.7001843817026643,1.0486620033599394,2.0695734346238237,1.5531781594572105,3
1.5232086733043408,2.834888420470799,4.130757749778381,1.9676728859993768,1
3.491861145259966,1.6279242205423987,0.841004027621601,3.0903953431064344,0
2.2732154796927717,3.8489383333527325,4.8825552391367735,2.1912220192820473,4
1.7858385055963275,2.98056446363116,4.2424539849725535,2.1794325254484357,1
2.526711000007611,0.8022145443714758,1.9927890742485759,2.794120531687637,3
1.5695969851406542,0.7741754572056808,2.016134819426855,1.3996343696514055,3
0.7583931960764533,2.5317929625323297,3.8995642339173733,1.4858420338690332,1
1.595164454434053,0.8481798506786628,1.9949770523397103,1.438725469754406,3
1.0185768281867753,1.701926458415373,3.4112654804618816,2.1342111566999193,1
3.51066874104923,1.6640202761088647,0.9410972163347017,3.1130908543032283,0
2.8755019132853104,1.631213416815331,0.8786631100384492,1.9364247421456224,0
1.0625608337180503,1.7963098157479225,3.0203949306748314,1.3242854623392981,1
1.6711653434984737,0.8839776595257244,2.5958584740862163,2.278810954327841,3
1.5276305806408137,0.7522852706847116,1.9879725240096286,1.3774891020116098,3
4.5020074259000795,2.61881344962624,2.1387611337454873,4.424690110740807,5
2.2255153061040356,3.839632421944922,4.848313606899857,2.156328766842103,4
1.6298753134851691,3.5116697809791995,4.868201235897236,2.302338887801637,4
2.0257839986750596,2.457541112497079,3.141866261625628,1.2779278352606385,2
2.564330809000201,0.9396595469479305,1.9917775333254495,2.835027337479523,3
1.3050489653450874,2.7527729074205696,4.309077232414679,2.5162388930455513,1
1.5669174667939532,0.8289639849526854,2.0024373622333544,1.4160548943630704,3
1.6536953416711393,3.521571702272802,5.130584393932391,2.904144838417082,4
1.5511026810152386,0.7841415078906647,1.9834005697777026,1.3892277722056183,3
1.5680684673513292,0.7103180845669513,2.5296065389535713,2.2072813795524784,3
0.9822493821920526,2.628873468704232,3.943487068529611,1.6262688851782463,1
3.5573920888430695,1.7390912773237222,1.9306970667088343,3.606002294097984,5
2.5019420162195276,0.7317448175046153,1.9576835711528966,2.7785533115973324,3
1.4861014765531648,2.0200320606729862,3.2326549578371724,1.65349512876116,1
0.8573395966083054,2.5602793600218186,4.2045559461039765,2.3063839789153278,1
2.5444621762329636,0.8529648082985224,1.222157780426859,2.2094508499615975,3
0.6673282659332362,1.5693362204284704,2.916543873031309,1.006394372392892,1
2.164836399521052,3.7953078320944305,4.838765092879411,2.102206157920904,4
0.923943588921719,1.697678108184246,3.3687156297638166,2.1102167708749913,1
1.6425278115436852,2.188105836725284,2.8644458634185614,0.5593828772955839,2
3.7503943798220876,2.149047321670977,0.30926804552034626,2.913307781174414,0
2.5034536936584852,0.7524539289273621,1.0991106797298147,2.167190410695265,3
1.123180933736093,1.782349929389989,3.0728163566795295,1.339320179577576,1
1.2707442168448968,1.865009573624541,3.508462587815193,2.2630243380712187,1
3.492697795183702,1.6253719368232253,1.7737996692745523,3.55145324766286,5
3.4872053248431767,1.6185333854257578,1.7593416265242616,3.540423731195502,5
2.7158316025873135,1.3047978752569973,2.147500033597213,2.965960311150588,3
4.47667408595708,2.576746090079715,2.103034895735318,4.39668917596978,5
2.215627979481842,3.836754330390006,4.853478485216628,2.163509621707941,4
1.7073417526558292,2.9753816246440095,3.862161000255919,1.2529983331003858,2
1.7269471022158742,3.5591347336237984,5.147903417199243,2.947485753350666,4
1.8886707624216565,3.0632533043452947,3.98346677337073,1.4812142447156302,2
5.483739002264855,3.5793300686772422,2.351396806793846,5.033598758048489,5
2.962171746399744,4.73133313760288,5.8289564938303196,3.0922966395394895,4
4.770276771724512,3.0791371920391266,1.4300651224867322,4.012321861270857,0
1.4726436231268798,2.0083681663324917,3.220382095755829,1.6331538672008157,1
1.6817832869691494,3.5366062209684177,5.138391284095027,2.9231650714703385,4
1.9654718713296113,2.4052393803583727,3.0986827222206763,1.1890378781298825,2
1.6069836274153815,2.13883804933793,2.858301638531723,0.36471702806682965,2
1.521414841672607,0.6983198847916348,1.9722772909615778,1.3630812387412312,3
5.468263363333956,3.556579687439739,2.8073650154964875,5.310516646146658,5
0.9269836198329306,2.6015026090428313,3.9222181536968876,1.5809932765989914,1
0.7624697668230115,2.528617547428765,4.198550681753307,2.278338440378029,1
1.5895346227285914,0.7804322700876855,2.007450107339612,1.410618464320579,3
4.4813040285478305,2.578465968485949,2.1040271232641774,4.399756869805497,5
0.9322637044378801,2.6054780021232156,3.9296490199159106,1.5981591961629,1
2.1035976802608394,1.6270622873303704,1.8459492435933418,0.9682521356672948,2
4.494317833522465,2.6151365146874546,1.4291453718749096,4.064056283358502,5
1.6929933836539857,2.2385189223630575,2.9048889234779414,0.7223432144251454,2
2.662741302372628,1.1903561483604197,2.093687942909455,2.9202879184787625,3
3.4948551361849223,1.6338970200461254,1.7635444224807715,3.5462076335187875,5
3.6283862384301857,1.9321196525478022,1.2189817150460993,3.251961964230233,0
2.5858790902555913,1.0253879206711063,2.0310937722890063,2.8555684721226418,3
1.731401317132226,2.965632654433791,3.8899502947903954,1.2596187166552029,2
1.672509433343821,2.9563858877114733,3.853593129026376,1.213266698608452,2
3.7475695882876536,2.1428370269026233,0.34986462332409657,2.9084764330945463,0
5.523810564274358,3.6600088476264587,2.419486084754413,5.0811974019270405,5
2.509169197793551,0.7468736643268374,1.9234486607339627,2.776676200237183,3
1.7571493691476119,3.5830962747349027,4.907952372375408,2.4001244705608187,4
2.1133046792978103,1.6506715416137308,1.8693183535596967,1.0064523924547604,2
1.529043334988026,0.6915687100774387,2.531956772706562,2.204071175997947,3
4.484613611864822,2.58853180851751,1.4073889072670793,4.051606974801863,5
2.391384410605219,1.953201191677708,2.2272270112942607,1.4903957195602366,2
0.7067277234552213,1.5700651163932862,3.321818896186523,2.0222331386758343,1
1.7133785247053737,3.559539395542556,4.894564923848222,2.370048806588442,4
1.6733759547119462,0.899868978409525,2.6098577165543757,2.288508538739039,3
2.1110499846198496,1.636387914198044,2.8598518159931077,2.6352313193629193,3
2.064869190318343,1.5740597794901239,1.8491628131848548,0.9185929147583435,2
2.686021864046538,4.557474539372354,6.10723866701265,3.742159856539822,4
2.559818241520484,0.9621287194558132,1.218572265483944,2.24177845413176,3
2.5029223754406997,0.7210936600315675,1.9393364988111481,2.7758511509753507,3
1.795178796891669,3.603057715439849,4.925553534623516,2.4425722130306986,4
0.9953868355206631,2.63196723627705,3.941954777697287,1.6276214029113536,1
2.541793658619101,0.8073635664728999,1.9743826545180096,2.7971556776496485,3
0.8065954280337132,2.5330184329452607,4.213954173316864,2.2941429011614956,1
1.643515835711886,2.937846847825395,3.840191860905024,1.1581424266369758,2
2.522161222009074,0.8158680808782809,1.2133113390550674,2.1924819401930624,3
1.9290122072274007,1.4146758803763266,2.2569150055684464,1.8045517729018072,3
4.71406875282715,2.972675772147425,1.3040535754663314,3.9421691935063383,0
1.86550257241302,2.3301152007551273,3.032344285433523,1.010246437192045,2
2.5596674430206345,0.9412197101196254,1.9937178236865318,2.8299545001199693,3
0.9146608272387399,2.5933415299627303,4.233845213043128,2.3448017488291466,1
1.6689728531135979,2.218640537421152,2.890043376273403,0.6496543851715919,2
2.1896502294026137,1.7088201738699755,1.9728924385470445,1.125907334420935,2
3.5244601431882945,1.6782026100168108,0.9441153860661965,3.124818720024265,0
1.0254637047922672,2.6300091438850632,4.244593625448469,2.3830898611541302,1
1.7484365990994808,3.56762421641088,5.148663387280999,2.9560568208983753,4
2.5222655194385273,0.8194099746335056,1.949046649526955,2.793151187845061,3
2.164836399521052,3.7953078320944305,4.838765092879411,2.102206157920904,4
1.0377278689869716,2.632760556654789,4.2472482844904595,2.392700682439392,1
1.6206817940302591,0.8306449095697428,2.5883158064334215,2.255535827982351,3
1.6732600874325192,3.5419811322650143,4.890388565980825,2.3480526608132584,4
1.71334187921228,1.0460120274014604,2.599578428989116,2.324141579867861,3
1.645492579257773,0.948860359276563,2.5824826408212944,2.2857959289118344,3
1.660816979298834,3.5368173883135223,4.890996155916955,2.3440922479587027,4
1.0647617476873503,1.7947187979667467,3.015439425263696,1.3170929743313133,1
