0,1,2,3,4,5,Clusters
3.548963376837183,1.5815880963977769,5.458982403723132,2.3993537820416337,3.868434191146522,1.3181350817029494,5
1.362786684040517,3.9873925517184854,2.707192149841205,2.4197859059016316,1.8969334923867072,2.158464400005032,0
4.919393548738612,2.1885115193979057,6.677260512043953,3.3586417659805297,4.990946113301622,3.0839642364052313,1
2.9153851615081567,2.796302773262601,4.822828128924587,2.389252166180311,3.493019833583826,1.8198121952902366,5
2.191305809175659,6.02378857378789,1.9377291223456488,4.054198027223119,2.7705090528511493,4.230644082261946,2
3.48879213596262,2.4634282603595725,4.720043481591633,1.8773905285264834,2.978129048578408,2.4633199896320312,3
3.0728175438248737,1.9543828266235623,4.46453539962351,0.9755683941850396,2.5779310212998467,1.956197125898775,3
4.9491630185802284,1.399245029158234,6.473679006118805,2.9192338342482005,4.60165163208232,3.0247981318486645,1
2.4509331077737566,4.995948341325623,2.327755052396346,2.9125116424357946,1.7735157007730402,3.78634144881502,4
2.9805539041858955,3.320952372771792,3.894563580005551,1.9790013440479248,2.360985812659863,2.7754737511736236,3
4.607865801735293,0.7966372687565604,6.341858190800263,2.817796181570743,4.53458202767348,2.369121546943017,1
1.3597838024319628,4.967266347605679,2.0161617183779197,3.1118027275839673,2.055061889076417,3.153187515748294,0
2.5918393596588567,2.947695315787977,3.5864573630206804,1.3030249173676565,1.790710315133947,2.2964257596555737,3
2.6186337439706904,2.2955680161784744,4.536551106594176,1.9420378555199496,3.089408033280491,0.9856286342162061,5
2.4447221555252194,4.230522302644001,3.141348133495756,2.6885554021948477,2.2189583834186752,2.962276869275813,4
2.854048494884761,5.923547994053932,1.8720757068937124,3.7697617952293347,2.238508101217671,4.583181983937087,2
2.5909887987576066,5.078415210293741,2.4439927163599493,3.0383044684024445,1.9809200204075752,3.9011367537530286,4
2.107141603352092,3.232804656748556,3.7231674365707588,2.198151588889289,2.5304142635559916,1.6192539932749375,5
1.2647308497292538,4.893879345530291,1.8512417275808302,3.0473763541129983,1.8577459909875615,3.0399123362285354,0
3.752818709588693,1.2524099448833168,5.406915411027935,2.100487032821587,3.6417606597419994,1.7367687602877104,1
4.575832169974985,1.1424936212663481,6.397416925015476,2.8198499052404213,4.621403380902793,2.489594254020339,1
2.2431379402908154,4.821523856978452,1.892599397227432,2.6979528759567812,1.1439170781694425,3.5811444535426147,4
3.6070622658435854,1.6258236361863492,5.470525543934191,2.4673297539563928,3.881950353751965,1.4096389366657376,5
2.3545625077992955,4.913207022812229,2.0989948263587594,2.8112032274491385,1.5036788785597437,3.702150191675662,4
5.988035615196636,2.2104137010538554,7.546987344788964,4.018980404926978,5.686560628395647,3.9496458899024187,1
5.826897993403964,1.8413958709491032,7.437478467919234,3.7914849193381266,5.555887224089123,3.754103265568368,1
3.9578810747004844,1.3536983284211812,5.473217092194597,1.8728275679917068,3.5935853567982274,2.3112182384334896,1
2.6699319360115967,5.793046297875065,1.4027480829246284,3.6111756130145083,1.8416239675363126,4.420128408244541,2
2.9674689518377737,6.8848296630233285,1.715119101106645,4.874175939691617,3.2299871310010824,5.069861556604307,2
3.1369553666981504,2.040424855567292,4.50449455941658,1.1521547075362044,2.6470511137898614,2.0588216081730035,3
1.2823579405775511,3.9691952323240853,2.6713298797751874,2.37856653238955,1.864763485980721,2.1436764920358007,0
2.0760901671120813,5.026717958074416,2.31398596277953,3.0810768770825927,2.0381543943851415,3.531844942917599,4
3.2157019976654238,2.100647624613325,4.529929945722004,1.3231944595192837,2.6862435353100675,2.133357353755182,3
2.8306918488478847,2.1844775991520033,4.526558949676221,1.5304939597237166,2.890445661713688,1.5821460172727326,3
3.8086225996819416,1.9877168559123626,5.594188903267032,2.7431970746524694,4.044813216558123,1.8128496319954024,5
4.6315262524843055,0.9186092346702196,6.363186102136992,2.8561203627184204,4.558072516704863,2.4046777949033515,1
2.297994511290835,4.051698806059752,2.9447351581185495,2.05281500404052,1.6915269527085648,3.055605668480068,4
1.3726936849966442,4.947740630311408,1.9727549852917214,3.106802565037279,1.9962239221430793,3.119857146877085,0
2.069607849069873,3.159241968956181,3.6477760835240542,2.1371910487591905,2.431926577745243,1.5413552754837307,5
5.91104405604796,2.1255765047675435,7.511967626702797,3.925965725811264,5.655690251350925,3.892917360126617,1
4.872550156469033,1.211111178365054,6.436976505871539,2.8021938794172505,4.551408454419697,2.927510751607236,1
2.0224167611998403,3.3047185436668434,3.7667049729295736,2.175969787699716,2.6392299590679515,1.7547072443615197,5
1.894518117512829,4.737285840636162,1.6644064140986274,2.456656858233965,0.7656448168605339,3.452566551757528,4
4.746714285381666,1.7251404116462903,6.521400154718548,3.092760590004007,4.799011915257567,2.790820912653863,1
2.3930817171756065,4.938816266547105,2.1533919231504703,2.8488245417553677,1.5760038004536825,3.718951600084665,4
3.09738300139442,2.0156746802427836,4.490008943634706,1.0637029289331754,2.6268370742949676,2.018014984855304,3
1.369665667515018,4.188181288938853,2.9960367915104342,2.525694589100343,2.336689750719675,2.4627838185113102,0
2.0670416915554233,5.879183781374061,1.4539372488854,3.9417395786987397,2.4101657339902296,4.043704428063736,2
5.702531954823597,2.5791077948276397,7.5934317833731155,4.3084664157211945,5.966719401675088,3.5918260294635114,1
3.1936660325517585,2.1633077999606773,4.57488883876528,1.3191395583702785,2.7485340501628475,2.1645841487980326,3
3.99511688941828,1.585135153371749,5.542309245058583,1.9815756716727508,3.694924595632377,2.441855552681586,1
2.1954965428612234,3.2907181527862446,3.764492697954681,2.281421330630214,2.6054032861362426,1.7437481900192624,5
2.3036699533177725,3.0572366411616154,3.6192702356705806,1.73118772944726,2.1502856592357436,1.9665257285934779,3
2.6331359020215417,5.794699003188803,1.4265560826934904,3.5935561371575795,1.8563800312290244,4.419747347686863,2
2.7700303557056043,1.9621519329729233,4.42121983400775,1.3498030557379723,2.7111133844125606,1.3027965101104193,5
3.9415671609605702,2.1032207630705506,5.666888347424166,2.512484223859687,4.035015352892293,2.4032381526592066,1
1.9673809075090984,5.785315311797257,1.1958630013250264,3.5844895291473473,2.0398058077815104,4.151974112771557,2
3.778760263494132,1.5068114117843718,5.463217927340112,2.1845718616884,3.7407893010145683,1.9263449762907436,1
3.8041893361447965,7.858884576227457,2.321981625861663,5.765643554482019,4.075878654101213,6.027327974835687,2
2.828667605212251,6.840410406613945,1.5410533765378096,4.798074058423031,3.1355865364188635,5.002886128796504,2
2.8252496728596124,2.3776943197891596,4.567601863886429,2.1599454499461475,3.1318011725893755,1.2184059394754614,5
3.6746065062076387,1.1703937459678442,5.393437009633234,1.9894035825141927,3.6200001921951674,1.6698610241889982,1
3.7106108801231423,1.2243830417291506,5.407085310535137,2.0446857657306854,3.6356518461338725,1.7019406986933792,1
2.855607149093026,2.2034669954398423,4.531869026999896,1.5714567752872874,2.901175885201883,1.639767310294338,3
3.1523381283486995,3.439026502097296,4.017056240016625,2.2123972796058107,2.5189124734277044,2.872324565040726,3
2.3622419961904937,4.145939676406684,3.072479292124282,2.161670857265063,1.9111672160562956,3.1544591109295284,4
3.276117000944133,2.9211226811332853,4.891902222630927,2.7326735914205837,3.563892651188354,2.045240713034064,5
5.889697737759396,2.8407612164368823,7.72248377836414,4.293026175237641,6.039669069329377,4.02603900549203,1
4.523860071934564,1.4328756662959703,6.422201994338191,3.1519167080419224,4.765236807032214,2.203697074528832,1
2.1512826881224134,4.928821987334058,2.1470890493524117,2.7074751036226066,1.592446540645818,3.700840917881687,4
1.5753895247963037,4.788578829997705,1.6607828932374087,2.7385008063756855,1.3105426531350295,3.208811607842922,4
1.271725829878193,4.05731452838049,2.7918789625440885,2.421410306461154,2.0627390009017397,2.264063779030651,0
3.6857733203753043,1.969731715054696,5.569223369656511,2.621136700852802,4.044253208619829,1.773867444201479,5
2.5647132690016443,5.804413056511891,1.430173904078378,3.5634874843014352,1.902509418783644,4.43133539923323,2
2.773356231419401,2.3997539429726333,4.579194621305186,2.1217639210690753,3.155760670024348,1.2632453330949993,5
2.6727786024466407,2.20631798292504,4.4948367073746835,1.9609404134990078,3.00871683999306,0.8338843650629585,5
2.7685269250976337,1.9108716934549352,4.411169415680012,1.3236248837505937,2.6753376301585488,1.2304565544607409,5
3.0540944913222035,2.2773258723133014,4.565331944342127,1.836999792475716,2.941312741117492,1.7921817280791328,5
1.29887338472238,4.941197447251316,1.947215024561292,3.0808589734791334,1.9860009559773202,3.1052426115711533,0
3.0619694240177493,2.655871774456501,4.72443912175775,2.4614104306038445,3.350510790175741,1.6787420498351204,5
5.036509922364009,2.403937863038044,6.746768486814112,3.520234468599371,5.084916821838301,3.2336028960446654,1
2.0372984380680688,4.9433474968433915,2.11297959695195,3.0195762723245587,1.801342300647779,3.437119605249872,4
3.1091949390748077,3.065276257689242,4.978957540895769,2.646494354520594,3.7174541190353216,2.191943198997474,5
3.9168198845304536,1.1938279129670741,5.434676062530213,1.7784968036372177,3.532564241777611,2.2337765158134566,1
1.8468540196933527,4.880156899864636,1.9319255243255,2.9016658441241154,1.6141030514081298,3.353867220290733,4
2.055866985126952,4.77977637469849,1.7674058170314157,2.5694508124909223,0.9700577839674053,3.5147380601790417,4
3.206222953702403,2.023110066209642,4.498285036862066,1.270389238957341,2.6171096582644484,2.0452947906523646,3
1.5691259473421926,3.815274139406079,2.527019337790566,1.94201956087187,1.2509360604842348,2.3318235684077684,4
3.1938085994723995,6.736805591109078,1.343656432013414,4.465999988533346,2.655239278063369,5.270244049766369,2
2.737172858348555,5.065701528020645,2.471396437734367,3.117669062219278,1.9378364964485177,3.8989899900484506,4
1.1672808960909586,4.896864078237578,1.8558660375696547,3.0216905647422316,1.8762235388313608,3.0411337222056307,0
3.234482775617359,6.732052166742053,1.3229802975016982,4.483717602029486,2.636321516696193,5.269726227713099,2
2.330432365115151,4.8824611935101085,2.0201504368688976,2.780757160956395,1.3869225768663864,3.6618788055458693,4
0.5481872017441737,3.873930533614861,2.537457391729853,2.1224796859900144,1.6730176933877852,1.918334388078094,0
3.814548492319415,1.646848602094909,5.51204078187608,2.2561181891865045,3.8087235456444457,2.0525740114726316,1
1.491142804052063,4.765839117472361,1.5937576338053632,2.6938370309058017,1.2233118797144358,3.1743973455073826,4
1.9044120606909865,2.790686370706574,3.4058711639359918,1.1658566779590127,1.7537308538686025,1.4891394044181252,3
1.451635023835676,5.057101402681196,2.2395654940705723,3.186317854378484,2.2754178209102665,3.257805102784886,0
1.782733586499405,3.1257219661810316,3.634339474912849,1.9359084750635562,2.412352564667503,1.381543170334688,5
2.8775009091595707,5.8895282734394385,1.7318351978929623,3.7656928334665163,2.125262288626731,4.563404480905673,2
1.504656607817412,3.807311453717396,2.5300073514738757,1.9025624943010775,1.2372258447187072,2.3242954668414066,4
2.7285425491581274,2.016100958507904,4.4557454575078035,1.3169407884572268,2.7636452197995967,1.367289592465363,3
4.7278953615169,1.2566537761582086,6.4246016131554065,3.0010981685910325,4.637381372224298,2.5647406895518854,1
1.8565867122834883,4.890766192081372,1.959339438407826,2.912087476738223,1.6425565680720922,3.3447729781720303,4
2.3453119089997667,5.898598307655895,1.6230367065684665,3.792075463829171,2.3288911933669314,4.307645982095663,2
5.660581851001501,1.7964931505385329,7.40351984404673,3.884306546757908,5.6025563454453495,3.4326755137892535,1
4.8403857617319925,0.9778684143701566,6.404170238582138,2.7346081586735798,4.493957313594679,2.8362103835405055,1
2.5165540958638433,2.099736817962149,4.44326795082073,1.7735209079309195,2.938602369657505,0.41499515747432497,5
3.0737079336422175,2.0393583308390673,4.507178648377874,1.0290869578272326,2.6544280044412725,2.027396019895292,3
3.4443315268123995,6.9408243701303105,2.1497060147224056,4.686011176190018,3.1632047762431847,5.523040049676533,2
3.296206411312522,2.1577356552232505,4.559564761989657,1.4811487394997294,2.7204633428399667,2.1758094263075947,3
1.5849055630461606,4.864270440985764,1.9064913589304666,2.783340209785065,1.6050143643382617,3.303620497792745,0
2.332647342887332,5.016246023480339,2.340770276226636,2.857495441312226,1.8413423065514696,3.796165257280438,4
2.230641017451768,3.909768268318969,2.7559862876586765,1.9132589169868357,1.2668572272992735,2.882974583187037,4
1.2552475205273592,3.758791600568736,2.44851071375778,1.742455902047707,1.086356779547673,2.223067988507008,4
1.9307680262024847,2.964430863234585,3.5597106447389963,1.322104535552864,2.0458551596141805,1.7482628642606355,3
1.3324027217847478,3.909046118221368,2.669222853823562,1.8800768043606189,1.5645160271199055,2.44020909543505,0
2.76863517452798,2.3948942391358554,4.580232388073183,2.1165364914934215,3.1505997158564503,1.207909302824722,5
1.7412939507210083,4.970899202745405,2.1272942135620356,2.9048043268484065,1.908534578479784,3.4514697706695348,0
2.3554456730066056,2.862091179380324,3.52419098707125,0.8568069445228326,1.6806517899447266,2.168804266347613,3
2.465902684906244,4.065211807153894,2.9851144569309556,2.1929760988441007,1.693167477010226,3.06817155110577,4
1.6852477019796086,4.11845209644661,2.8858090939461842,2.6200362198099807,2.1563584165415057,2.382041466170639,0
1.603506570894999,5.017684018015228,2.1485129075196516,3.215423214264002,2.166272174154698,3.211141074392908,0
1.5050692135070927,4.757301711599354,1.5992649259920237,2.6940954431963005,1.1957561291836043,3.1710038172754045,4
5.977938332499998,2.6246925174990143,7.676260082530058,4.086499803064222,5.881898599539876,4.160411372218448,1
1.961362064098767,5.100671061100236,2.3431985680516476,3.3871874230618677,2.3454699124246674,3.3510674867673296,0
1.9966192549831283,5.760520933884599,1.0640325510622939,3.5835135682280486,1.9516316513839775,4.121220779764595,2
2.4378170079796986,4.113688637153094,3.030541110232946,2.197141571207841,1.829216402932646,3.1342813153830513,4
1.9883970536771611,3.134441159976168,3.625192146203699,2.072071577654317,2.4022363433563103,1.4577248783061345,5
2.1399856158462818,5.164204854453606,2.507399594566893,3.490860525639015,2.48146625277978,3.4495617988884697,0
2.7357116869525733,2.233387870552477,4.505409324895489,2.0284467788607454,3.024071765062265,0.9175175977567372,5
3.0418182226653463,3.3090886620662054,3.905928899118121,2.034219284844749,2.3435059076334848,2.754822422658797,3
1.705900422827272,5.88274258152467,1.469637714323221,3.823669399968612,2.4514954490477074,4.016304030845614,2
2.543813296825722,3.5279493373274358,4.043736623347659,2.1862685103193473,2.8215415106308246,2.5681084103561633,3
4.62046079015026,2.0826586093504464,6.603771456153351,3.3552726691560038,5.018363881193326,2.6270355156835294,1
2.309699981380959,5.827967497494238,1.3866588679428749,3.7418189781692437,2.1337536427253334,4.220574417875691,2
0.8084515084832673,4.875340358964592,1.801054215309309,2.9291425734272267,1.8350349947642053,2.9881846463818658,0
3.664867687622176,0.9956821965783422,5.351622103510038,1.9457616973901857,3.5618168993749437,1.5806561066559173,1
2.2312098458657093,4.612222249544175,3.575767528832442,3.1129891359831108,3.0408707211257715,3.103249528936695,0
2.4137901777232877,5.928734648160921,1.7892980375818939,3.8357552468815888,2.4152881266331607,4.3393340922305965,2
1.9799736940329904,3.335622567200684,3.8055411289952747,2.165247390108913,2.6876427185274916,1.8115543320596894,5
2.8948591107475106,5.944001694200278,1.930575101516239,3.8024361177050707,2.2856372236971074,4.62095278602865,2
2.7380216028750146,1.9589353184811444,4.433803712850141,1.3021346997767271,2.7188744528859625,1.298816460371505,5
2.0438658162601513,3.8439987316637048,2.6400140785832082,1.717054024092102,1.0589669984859613,2.7907586111756117,4
3.714530726685886,1.1935400283079822,5.39371553320263,2.0415098172187895,3.626481465350253,1.71423062592156,1
0.9841945576057729,3.897496475547745,2.5725958803316704,2.2401019633480543,1.7115746298476862,1.9857940911604752,0
1.278762852559609,4.742739643338511,1.5413947693037644,2.60484273093556,1.153103069570302,3.123564731103909,4
1.9969052526864233,3.8208223398825205,2.629420309342529,1.661110805741696,0.9904643003547313,2.7550772063844944,4
1.609624858976493,3.823773544004682,2.550857358331602,1.9710384476095557,1.2730440322509593,2.353833880045,4
4.110968032463528,2.059780380500926,5.694024380906883,2.2617243682626813,3.93336623749342,2.7500765745013385,1
2.7936137414221576,2.1276144464297095,4.491287762227104,1.4556959444975195,2.847254514968859,1.5451984348421708,3
4.3263535436872145,7.84215432238185,2.440729428033733,5.650094362437955,3.858838393685889,6.368228747514033,2
3.8567370753467864,7.857957917528694,2.3183350756808507,5.789752657324264,4.065224630433686,6.035348779865571,2
2.5820600109066163,2.2199839908811008,4.500487931603412,1.8798121202693308,3.031434424706623,0.8224268385230419,5
2.6369776837697825,3.006568140569769,3.632900220127249,1.4020233105233042,1.8937712123246193,2.384402105452587,3
1.3799146083740035,4.16200913124335,2.953934922827487,2.5167276182762834,2.2793505928838256,2.4420149644298372,0
3.6134479708772007,1.0820392461750212,5.368575027656826,1.8928927148048875,3.5981207762327645,1.6224010279631853,1
2.8693313920753134,2.0710539146056317,4.471571395594987,1.5274642199187585,2.7961473478900136,1.5092285047627987,5
4.643336346547629,1.0127529409594105,6.36941544223739,2.8786342472257878,4.577994927166293,2.453344678744626,1
1.8317087684587872,3.0829983060078985,3.584739809250408,1.947262374366477,2.336779282837272,1.3171727625955638,5
3.0533088834487994,6.169616952533475,2.5462014308102097,3.995025834232839,2.8617829545294304,4.86888726588254,2
2.5199963220728483,2.9288592416708306,3.5749383297377535,1.1887063588639257,1.7680519293508554,2.254405047338644,3
1.7300231375459987,3.1368324320494363,3.641459850784283,1.908745636499682,2.4331728179006005,1.4249194282327704,5
4.573737120324926,1.918186155994075,6.548470209961496,3.279835133946333,4.948058781749887,2.5183120612542984,1
3.4185977358803603,2.2867475458570246,4.6332986667046185,1.7119181552719533,2.8260854859061206,2.3054971527903048,3
1.9992663254198895,2.951408650590865,3.523226241333332,1.3800946423577007,2.0093829095528126,1.7462901040931018,3
1.3422529199391524,4.124296017846408,2.896700664858277,2.4834327134672063,2.199559283685929,2.359373918734453,0
2.3541738066574447,5.875539423665164,1.5392123667753357,3.7853618850950324,2.257934427392425,4.286028811415716,2
3.2314579604673574,2.1677650310390213,4.560329964463919,1.3824002657800298,2.742654292811966,2.1951432526786427,3
2.3392504750476553,4.882101822069583,2.055791301976499,2.787462400377661,1.381313056366637,3.6464307187586114,4
1.3280892616357338,4.039302551305191,2.791638036219227,2.433565268457069,2.0228556948353447,2.2447983904099043,0
2.532333162252473,4.17804570311179,3.140772443249166,2.308927350671562,1.9669486534321174,3.198412941682962,4
4.607673115468462,1.5909859245456728,6.456436343967862,3.257135364087922,4.811020613097074,2.326519295946254,1
2.9171633083019466,3.5359465958538943,4.095244986078891,2.029917817151061,2.7032798647440828,2.9587898518477354,3
1.5054731720957402,3.812010861120385,2.5155964233120707,1.9066917994133017,1.239959243171613,2.3307139984736627,4
2.512256304364166,3.1363753036441833,3.7530112983836834,1.333933697686535,2.136357663688894,2.476772368107537,3
1.8657245212381341,3.0860024467915026,3.58754705204806,1.970627534809518,2.3386505964794444,1.339621151606659,5
3.4900652892809916,1.4802318244537023,5.427342370705655,2.3187359958102363,3.8282617346504484,1.1908040368373682,5
2.7294994933015895,2.029445967108695,4.4587895495875545,1.3213691831500303,2.7793088918229536,1.4103462221241756,3
2.828452237887611,3.2175707872119608,3.8003571495469126,1.7609457031715239,2.2128883877075065,2.6223069824471685,3
2.580048831326457,2.2206395006627817,4.498073906422262,1.8803029774314288,3.0264679013829894,0.7877819778112989,5
1.923772859435276,3.1333378365466316,3.6401524025514673,2.029921146490999,2.4101181302496775,1.4243043454453628,5
1.6281961501793414,3.099225520971998,3.602519053533538,1.8276533433525983,2.3807789135320476,1.3102406648598302,5
1.8920664043986422,3.1527463087261567,3.6342776177572667,2.0191954857703243,2.433901665582568,1.4732621000481851,5
2.792113684158293,6.912976886000679,1.8327341421441443,4.815781750315037,3.3145547710412813,5.085976385549284,2
3.5566109975284808,0.7748511686468379,5.3204287464111175,1.7684999504842476,3.5145839151377527,1.4134054334888042,1
2.613727331353795,2.9434904201093977,3.584251472881102,1.3269171878407735,1.7869076260172831,2.304522748358501,3
2.8380709272205364,6.839973611759384,1.5479532004777259,4.801947398592385,3.1322385600868063,4.994045733916479,2
4.893351322381717,1.3656909134955668,6.47100869341207,2.8487233999146135,4.5996300989092616,3.0020058465475694,1
2.782497282280801,2.5825110355820406,4.681771329196445,2.1954715693489426,3.315953707991049,1.5486323946328555,5
2.4045158365152397,2.99158531646398,3.6381177952504826,1.0653416075122888,1.9105936573141191,2.3103070793437452,3
3.7569714974691815,1.7178576399304482,5.529430102002263,2.2072105821776216,3.846916094960791,2.076068397552539,1
1.879766043616316,2.7873715352278547,3.3927856848997133,1.136858526174672,1.7430590229047762,1.4634000014996662,3
2.9529909722917647,4.578214753639537,3.6296644008604186,2.831072359690068,2.7356895970828106,3.6953432112755427,4
1.9184512128792535,2.8114075719349674,3.4289990015191107,1.1984949021303164,1.7863653351520112,1.4960510606259276,3
5.98267540199078,2.5127481828892426,7.635333782146917,4.06849135367585,5.826798649406091,4.11101093992644,1
1.7088407869735713,5.005238569377332,2.134661134388655,3.2463407848173453,2.1269530204246347,3.2016243049107547,0
2.361038924029119,2.8146388376768336,3.47953241288168,0.8171764636207186,1.5834633351452883,2.1142250203308413,3
1.829621587248959,4.385993324786675,3.2708497051327092,2.8139859109379475,2.6833155982446453,2.7841798068926975,0
3.2343304708593146,6.732699547284006,1.326694911503113,4.484142435276804,2.6374376818029073,5.27233782058291,2
4.2589774992951694,1.8485258591160076,5.613639268550615,2.386956909845459,3.794421471098122,2.6638563405396827,1
2.235779704998122,5.960480568709604,1.7186116566237795,4.042530495360137,2.5999792667504216,4.157413913474759,2
2.4057587423952342,2.857917092093533,3.5215523997417204,0.9473051268287892,1.6563872394773318,2.154925270342557,3
2.8926397080472785,2.0295699560461538,4.452495765082327,1.5437634410853107,2.7510335686145497,1.4354259451946045,5
2.5342885053435893,5.749018882676815,1.198536489769076,3.5205832776495165,1.7073856987089315,4.36783730718465,2
1.834102562781575,5.6802116231732,0.4781348549399993,3.48192422190697,1.6915031810344556,4.009591229271325,2
1.638812542554111,4.3166292441192375,3.178788764101715,2.6978308770729793,2.5677613536115773,2.6656855490231193,0
1.5404524864115339,4.014698058220118,2.818926851235972,2.05059881720498,1.823335367467823,2.6137949665325584,0
2.031429598271819,5.042206680761621,2.2803913842617134,3.0670282477130852,2.0795261697247795,3.571252625202827,0
3.512651622672355,1.6013917618240412,5.459682613841251,2.3666846437117197,3.880064318535695,1.3277023181027972,5
1.772092177706131,5.034113542081732,2.2190927321304947,3.2835870640986657,2.199338434631135,3.2469818997142035,0
3.6215884448720517,1.0218803505473026,5.359475177410966,1.894562567941505,3.574575238844729,1.5535970536502914,1
3.122750781460696,1.9390460707179706,4.46611450917098,1.0686250791904714,2.5627780649570604,1.9605711730293218,3
5.523979742522913,1.527808373032834,7.343844609962708,3.7087663913977087,5.5308351132828495,3.2812711952365756,1
2.8092347349264384,2.380780256398627,4.57400949208435,2.1464831208663657,3.139040945164779,1.2539949995933488,5
2.2796375260403874,4.8497606540654505,1.9548189024463916,2.734787387234337,1.256605297307324,3.605617134419792,4
3.9175872985546065,2.164020219841708,5.659295828498847,2.885457641011403,4.135351376319358,2.0134452626287316,5
1.3232998643788754,4.888338581417068,1.8302697001524597,3.0617942212487272,1.8332018229400262,3.031196758170334,0
4.504634322546327,1.4340406813234285,6.4179509771624605,3.13250691498959,4.768256544674261,2.2115092881523433,1
2.4678765244420675,4.014366082557348,2.883287086135906,2.16203223887739,1.554110106181675,3.048613678838022,4
3.0687355597329105,1.8646444908335034,4.430304365829313,0.9088437544323924,2.504683605126335,1.8742579697040742,3
4.611718583229757,0.97998180416725,6.368193687328095,2.839452251297787,4.576254996949163,2.4356171977361343,1
2.5565134507742013,4.974100174309811,2.2608962816942655,2.9621904927513762,1.6822749803429968,3.7902199107347565,4
2.8643453580301776,4.269024618707713,3.22848040184209,2.605031701420954,2.1285227912719153,3.386206132450824,4
1.567158866618938,4.0624449477174585,2.8081587546349134,2.5411059899135826,2.0467093217702352,2.296668326381884,0
2.375625887092323,3.1827927614895204,3.7465063816577087,1.8670652261740441,2.3333064416334,2.082483805322717,3
1.6237314999543937,5.009734917399709,2.122076492601404,3.2188980771728737,2.1401281213040746,3.204760047621121,0
3.9396083811384943,2.5528975701978767,5.824723268512643,3.00498631336266,4.372636659969653,2.3446172441324906,5
2.6627980195724485,3.076653988188557,3.688650523555416,1.4813329850928085,2.0106730746388344,2.4658276638625134,3
2.4968023656632177,4.053908376350296,2.9467758933020227,2.2097477938105605,1.6534564395279752,3.0902710596900222,4
4.891057098960755,1.2362598210502114,6.4414786832712165,2.827671909998225,4.556417714548569,2.9419521131681416,1
1.871002800750132,3.2481370196261303,3.734944382212609,2.05478527386367,2.5731240818805974,1.6108359234253253,5
3.03374169564522,2.6072810055514903,4.697706681406967,2.4203850592313914,3.3118961476647124,1.6144423411016866,5
1.2479517637554354,4.7838097995734365,1.6958158296307486,2.6180859288534504,1.3435648434374776,3.1749264005458513,0
4.960190146601263,1.4668018520612054,6.495160828975375,2.9434012345365943,4.623399218822922,3.0447647077569715,1
2.5523417314068295,2.9823479142099734,3.6132419554092663,1.2711394996717473,1.8663368145185808,2.3262333307728182,3
2.267761081880861,3.944797983629921,2.7852429402904737,1.9638972955529894,1.3744144887954852,2.943792370982211,4
1.7929698135809213,2.778273687631647,3.3843210125365113,1.0277758354413442,1.7399891055186938,1.4479501269542603,3
3.918651669302667,1.720310333205409,5.528200503919302,2.392963555173398,3.8270889551273855,2.1252502119825114,1
1.2641618650698014,3.737448038188721,2.4082110202683182,1.7304462984941513,1.008411296220527,2.2139424890240313,4
2.2473924891177783,5.975459774549106,1.7833813684322963,4.054218428003117,2.637426739593499,4.175675607209434,2
1.8770529250640924,5.948952233249286,1.7182234251851891,3.9097596052093766,2.6121046269829393,4.116737140178259,2
1.0869288278970606,4.858063966766165,1.7571504255587291,2.981859887121675,1.7623909448040207,2.974775592045859,0
2.0519866997081446,5.860515712830532,1.5221241662974059,3.6548797314129082,2.258174180922438,4.241348036964907,2
2.3302135556853014,4.893372690527928,2.045247180573738,2.788215868531742,1.418437416342121,3.667818890728822,4
4.6383488020563775,1.151127662308663,6.4057444987614645,2.8904656405800355,4.61692711266728,2.4949063889032073,1
1.9404240978804936,3.794635913955576,2.5819484122159135,1.595248067305133,0.8777647003541663,2.7148931502075415,4
3.45085803244074,1.418895284025368,5.410329716603897,2.2658321561409553,3.806583167649017,1.1206825495374835,5
4.613832372492975,1.6301907691314068,6.463984030948948,3.268156455883705,4.826973584307156,2.3643778937915405,1
3.6812880294645245,1.0608950697530115,5.370004787111098,1.9769797604981516,3.583700759516042,1.6161722473018405,1
1.8118527112880198,3.9413861924599214,2.721544836491906,2.1554273008339635,1.5981772648262358,2.5137763697149635,4
3.502646463309304,2.801092422480118,4.906295320400254,2.0374861492523775,3.2959573229769896,2.7807684911980903,3
4.817936298818955,1.1886601689666523,6.436276450826902,2.733629102007232,4.552788766521896,2.9005564930778225,1
3.278970590561991,3.5313812153407658,4.105140994532497,2.376375136898344,2.6491970375424194,3.008945813402828,3
1.7466468127027708,3.1064295597007283,3.6035368155023604,1.9028240411401185,2.3845098989275373,1.353407082094156,5
2.0514325436120755,3.907573067363969,2.7515588442426204,1.766404100821899,1.3071164797666541,2.862972640631992,4
3.6029623718789603,1.6297167429830162,5.462608029692281,2.4637421117043647,3.8822906180665324,1.4255357038440921,5
2.800227203329212,3.1016780083485043,3.7199405158110115,1.658582552707852,2.0393284038222075,2.50426945013976,3
3.731470310040074,1.5156878357084727,5.474681044087456,2.129004198080974,3.7548238054426784,1.893588097545883,1
3.0949774803528034,2.3990232559811773,4.629137833144518,1.9273035651625752,3.0499391691183266,1.9411735214992065,3
2.0752575082877027,5.9434150302015345,1.6801145178639256,3.97530706270195,2.5765833367911384,4.12977528311457,2
2.558208603431385,2.922787392795795,3.565491968893829,1.2361334840128682,1.7542995231760454,2.257434287392062,3
2.659559842962039,3.042497450011678,3.664828435836768,1.4558286980163506,1.9489917537210195,2.393693626333996,3
2.95224544054025,2.278257998691966,4.560928360540511,1.7181611486383144,2.9550610576975425,1.749660118750173,3
2.0669893486519157,5.782718280461402,1.1601815211049697,3.6216338836045514,2.015023756769949,4.15696574006247,2
2.4724356304557347,2.923488613437672,3.5654608648475286,1.1108771993939954,1.7716875906559642,2.2645200153253278,3
2.3799105372648546,2.9459326165658912,3.5983595705436677,0.9860707946841636,1.8282358508643608,2.24342808635696,3
1.3438389145924958,3.883093510034801,2.6386637652366636,1.8669467581137809,1.4989253438810166,2.406648360848058,0
5.612686027963639,1.6270464057834446,7.364673274104846,3.8122840004933236,5.550191460342078,3.3337552257481247,1
1.254010201949845,3.7110185653937284,2.3711920277486764,1.7079944748381972,0.8906718857496795,2.1644747506106974,4
3.7587896648625194,1.8701971834529467,5.541051375416594,2.667509903829778,3.987028700230502,1.6999576072524303,5
1.9030668679969664,5.101371261846906,2.328683174400392,3.366082039411936,2.344663409039995,3.36536428529727,0
3.620024682461964,2.5823212597732614,4.768855860495533,2.085591644302719,3.069340625027377,2.6340871416526483,3
1.5323972824829968,4.030889486812968,2.7689108324159153,2.5091456986329574,1.987685459575679,2.2610345313219256,0
3.751374843193017,1.3672049019196182,5.425109451591147,2.121449699247787,3.685062276906078,1.8321284992244942,1
2.5096972668404924,5.771191620866218,1.2934122921563596,3.5203485821923906,1.79013239842827,4.392033891222188,2
3.2957083947483214,6.271505417921807,2.8044696684595585,4.173704870283593,3.0714969074965737,5.007334687516945,2
1.7384312334851515,3.061404996619726,3.5658146043154058,1.8744859141085657,2.320402960708471,1.2935740247048095,5
1.9484913088712543,3.3551291660201303,3.835515601109314,2.1553645873309897,2.7200742757417697,1.8131960342078857,5
3.6460408708745566,1.6352445117803156,5.471575922160604,2.507917133021988,3.8819534631907193,1.4336170658181486,5
3.3831836424426247,6.8914728870617115,1.9842493870814202,4.6326028234706875,3.0464007265117274,5.465509542727754,2
2.693448237976068,5.865729884654612,1.677138111899955,3.6605352191882816,2.07638892473019,4.507321466071765,2
3.0618847328622434,7.079618562697018,2.4020305071243375,5.001103615144165,3.66259659588527,5.294086177572025,2
2.173622991555821,5.918998627925124,1.6213805168450655,3.9998283466063023,2.504849774317952,4.091779452411822,2
1.6895403788445713,5.200681613676189,2.564037931030525,3.335463584739929,2.601251738473602,3.4565603728841174,0
5.625949422387634,1.9109462969451663,7.4261402715460765,3.866959170578976,5.647665483185115,3.4810707857332663,1
1.695235930081934,4.2327158635617375,3.0704513554439674,2.678930358467927,2.4063422581733747,2.560541556095746,0
1.006718696767343,3.8989908824919763,2.5702107283927336,2.248071927221317,1.7114185230665222,1.9965115218708913,0
1.0264136646143982,3.927768063210163,2.617459278029485,2.2690386569638,1.786746583763434,2.0433637904309614,0
2.075754879617084,5.313623629735702,2.788822345113108,3.5336106036209554,2.820673668008663,3.6349065825297564,0
4.129044315308185,1.6159386987007436,5.541982767345008,2.1703774472755946,3.6853670122448525,2.4879923778748756,1
3.805818628853392,1.4467931914537089,5.448880939204184,2.202616488440298,3.7133320846154754,1.8823781564631639,1
2.2812076138012096,5.03980530343503,2.3194162749946243,3.183693794293323,2.052129727674845,3.5844621770758245,4
1.644682353935912,4.927164755010405,2.0549642947572417,2.8428748455110013,1.7925341807013182,3.3944183789979236,0
2.0266070501819624,4.87061796070618,2.021326143985634,2.6072529805833105,1.3978015497982859,3.6156060296779797,4
2.6377036536993623,2.974233677025795,3.6076847943983426,1.3795712394739454,1.8391818672178128,2.3433088531189665,3
1.951040997530332,3.1592903219292436,3.6647489208530537,2.0599569634068766,2.4471951042458433,1.4936022769682529,5
3.622165760181906,1.6815687851743237,5.489648332899689,2.493927381206991,3.9072545589022547,1.4421226318992573,5
1.9223126412034262,3.7771096074346895,2.56656799588294,1.5676733718236262,0.7956664237909851,2.6891635980914645,4
4.111393578906103,1.597088734686943,5.529698943204511,2.140024854343497,3.682263557281477,2.4913207916830196,1
1.5978293073837218,4.816778621571772,1.75726773915382,2.761964173520553,1.4303034024544783,3.2553217830874734,4
2.872713995375743,3.31220557919686,3.8837196894361927,1.8592173322457968,2.367635787854806,2.738366330159353,3
5.578023110109281,2.0222531982445293,7.432072276638245,4.097937209087242,5.738364659475879,3.238620200930246,1
2.8181007864349557,5.868618722039767,1.7087340003351577,3.7251798003975614,2.071246133835444,4.515106089054416,2
2.7067197840024284,3.0912328608183453,3.694425751796627,1.543787142830071,2.026401993093283,2.4852006994137916,3
2.8027048273031356,3.185070979639528,3.800262655217844,1.7142533237727453,2.1721093652814365,2.5807713086669866,3
2.153384962832261,5.752717473752468,1.005217229369604,3.640777741441836,1.9049680854829942,4.116060114745502,2
2.036907831963274,5.839391472536677,1.4661850230268805,3.638429030297478,2.2008436926624264,4.209100646233418,2
1.6382773443145477,3.8490218098520512,2.5948818478164144,2.0011142010627396,1.3606070493785023,2.392646175765643,4
1.402636451968366,3.8172489888365337,2.5503907350483557,1.8556927589255123,1.2822802053189806,2.314724641871068,4
1.7670654897760958,4.29400162647961,3.119771387614783,2.7421049862559856,2.505055542464876,2.656446022368538,0
2.628865617503701,2.258156722761829,4.507942421110167,1.9383137076562613,3.0532205318166787,0.9396469515185453,5
2.9664940941619005,5.985538623601827,2.0339327221616714,3.8608747323111783,2.3852431719871,4.660633517318381,2
1.9246909346168082,4.887965178598575,1.9659426352557623,2.940356409146631,1.6311075006603444,3.3601172976943583,4
2.596822825178914,2.1844184255438375,4.475126378421421,1.8822089465233978,2.994831976151574,0.7397081750318593,5
2.4422673209641137,3.16040632861185,3.7290822234686334,1.9137559845122185,2.290443811192663,2.0731454112599264,3
2.113059834212815,4.989994359232871,2.1838128887196424,3.0791847674379627,1.9215232525077248,3.5197388074253637,4
2.243296126878771,4.86280598360539,1.979755353241762,2.720070944071467,1.3284228795083404,3.6293707751507003,4
2.5550374439978922,3.0219519826152528,3.660293319755503,1.3074820232758084,1.9344140435017536,2.369775843752866,3
2.4005742534593244,2.877191514821076,3.530971370003648,0.9529102738318751,1.6987634249190824,2.1842972382317654,3
1.6402023501258058,3.988293501974634,2.810118747488018,2.0878241990395154,1.7512990304946912,2.5661298771297694,0
2.881282368301278,2.679757547628915,4.7462882086351295,2.315459285299574,3.394981922522601,1.6734080803207803,5
3.290570332970943,6.815945391841226,1.6923004179863004,4.551341527172024,2.857747549285749,5.362672643799869,2
5.563947858735133,2.0778356169041254,7.442194662823509,4.093185292725981,5.762153472323775,3.278092936084754,1
4.563987979929281,1.457657449245995,6.429420000717871,3.194544612571557,4.77004214452985,2.2280213413517176,1
3.278454917400736,2.3047865008061206,4.626842256341171,1.5228738908571107,2.8540741350823864,2.2895866142810473,3
3.2288953250449586,2.5789402087325874,4.740086082837833,2.1423813324727172,3.190021708693576,2.0896650943466,5
1.3202986618601331,4.810810408850962,1.7675415000592354,2.657794743950491,1.4394971786332822,3.2219948191656687,0
1.3148645749746348,4.895503361270552,1.846418177177454,3.0624758062726256,1.8564798039969639,3.0362515836706887,0
3.207252475421878,2.227678490466214,4.58947904335368,1.3746749176251059,2.796727655459319,2.2118193160253585,3
2.110945590362811,3.502540880804839,3.9592436417208074,2.327201269922349,2.9054727429703284,2.0595243062481847,5
3.654939922620414,2.055027621640129,5.611344952714737,2.61317434428833,4.0960553805007365,1.8309366519906944,5
1.6758611451291228,4.803804161700616,1.7184860952701915,2.788401486789566,1.354238336792731,3.237541070916885,4
2.2547262854930508,2.995483216737648,3.5655433250301334,1.6513069219438639,2.0555447214322657,1.8651231861987676,3
2.212989255129408,5.9479343011299175,1.7041072868705653,4.027532442698528,2.575821726985509,4.127793576343262,2
4.747914946082465,1.70338521177238,6.5203440535524235,3.0916686822655493,4.788969218782493,2.790288232720049,1
1.8114299632482713,5.8413704622049485,1.3074796946001253,3.836414994814734,2.3324998918989275,3.9729447499438764,2
4.271171124075476,1.9387624750314,5.655570916252536,2.4266204871307675,3.8410546250601305,2.703641218047417,1
0.8563092781146954,3.935677544229565,2.6391738395301996,2.226170710583805,1.8129834145918269,2.030218578387145,0
2.3781559613432446,2.8662982067237968,3.5201390625885187,0.9028751085838645,1.681080133729596,2.172781506846311,3
2.6786470354487495,5.816660915028435,1.4833646996154972,3.62712787992747,1.9238682150975317,4.461540874499393,2
2.4325002658031996,6.044644036856892,2.0230607930312123,4.156663765180447,2.801892257385934,4.282236448944763,2
2.4832136210533484,4.063446851949813,2.9687289591966746,2.20518118937377,1.6801608069673617,3.0676621180820707,4
2.04169736025309,2.956692262599444,3.556390482572946,1.427263378523813,2.0193799412141016,1.747771831549284,3
4.158862493124332,1.7546006877540699,5.579951491760049,2.2405299262447125,3.754750732591915,2.6031738557570696,1
3.829401589874692,2.041238095219849,5.593253257852567,2.775087258755451,4.066598896891544,1.879962256353433,5
3.1020759412644074,1.938971309412821,4.4669133831778485,1.0284509215191455,2.5633748594156343,1.9502345971146178,3
1.5263034618516578,3.793596330560409,2.4950762612535313,1.904304310118905,1.1863939563436712,2.3085359191386954,4
5.928712324226121,2.0925434231040327,7.50227793812714,3.9384484218247753,5.6398500891054235,3.88282015874092,1
2.0114202418899505,3.1110045113468705,3.677999094114827,1.498992442751246,2.266016868818305,1.9595488451756111,3
1.7152212181849962,2.7182345979165765,3.3507786933682158,0.8769589071852193,1.6429746366697506,1.3127150375360286,3
2.7887042330368725,2.383536644676767,4.58546817733852,2.128262549896636,3.1478853470769064,1.2241705846629471,5
3.3856072016929244,6.822598866209602,1.72293529525073,4.600925507798693,2.868742316236778,5.387319722411345,2
4.935044477435091,1.9561119339659911,6.581495563350668,3.328543652457697,4.874218163689832,2.967931276406983,1
1.5512854230118907,3.8205916703839087,2.5324943081540816,1.9371900510635442,1.2630278254938159,2.3440114013176307,4
2.3224666170382573,3.9492204027954143,2.821168233509658,2.010559098704662,1.3842359068727026,2.92581032318637,4
3.4312161903689926,2.6167625192860107,4.803081001577945,1.8695021408138999,3.1312891659818245,2.5937618304202723,3
2.061342981306075,5.810311496693706,1.354537353488153,3.633486085413516,2.1088749643987508,4.172191231474137,2
2.0796404405493583,4.785211740165861,1.8113729859034486,2.585822833939711,1.0024400226703112,3.514379038264813,4
1.161741007036039,3.79818054284531,2.4990358756819933,1.7227425656240711,1.2490504212518034,2.2919844481325122,0
2.831840045889632,5.165523985311947,2.6810217773645535,3.2254480152890075,2.2015613797466327,4.017228225042678,4
3.6988305512282724,1.1431345242918025,5.378456096483584,2.014143192378447,3.60619495958379,1.680647644137173,1
3.812277022524811,1.877653270107866,5.592267068414114,2.3097458909051944,3.9284926564887064,2.1984883525840817,1
2.8855211697324528,6.771784082345579,1.3950041761891672,4.569716756346838,2.8790730843028305,5.108147450566266,2
3.3205859921331577,2.551950936083443,4.763911047404533,1.6979735377404916,3.082110048731834,2.5307771823895067,3
2.3230025686280658,4.909274130964035,2.0847967868499997,2.7924269213899344,1.4854577723149631,3.697235955935006,4
4.410556753360977,2.5854434878467596,5.909733931324747,2.7619911903655217,4.234622721485396,3.1748935932554847,1
1.452444954394692,4.788311499741775,1.705374886589278,2.6920380981502423,1.33576129416644,3.202261255674599,4
3.5153958914734713,6.896826044839911,2.033850409563041,4.702599454283256,3.0423229282921334,5.473707431060929,2
2.665104165287069,1.7853511594397948,4.347831231233051,1.103060967696703,2.5886129994981815,1.0372958390230234,5
2.4111091812408403,3.1017175774397536,3.665045406530305,1.8520895958285468,2.2087865265149547,2.0279560316994454,3
2.372501412865689,2.879217217837334,3.5326872958327025,0.9082728926195672,1.7021556419057349,2.174451251144418,3
1.8308901980053824,5.058038967640138,2.353551102582021,2.9892998095902374,2.144585207214633,3.5526762626031583,0
1.377351043375016,3.8706582485023433,2.621684753986663,1.8764427494719946,1.4570393492712506,2.409037310740939,0
2.5998615995983276,3.096744834198626,3.7225120904093245,1.4146242312853836,2.0650542285828286,2.4654507349365975,3
2.268370339301659,3.900032562684046,2.744731876476332,1.9356407059810916,1.2341447531840257,2.880327545797857,4
4.9093479082157625,1.2900106460543206,6.45303525397337,2.855952410380192,4.572833052000871,2.9689307478996527,1
4.203647063067879,1.734709047163958,5.583614132654163,2.292718236161685,3.7399325240906367,2.5844122872884623,1
2.1307037192234057,3.0652842586987434,3.6166096594353667,1.578283180420207,2.1780584990932126,1.9418000074590944,3
2.3861580874060224,2.903099582967055,3.5492628522051977,0.953514063792462,1.7476635239952705,2.2126679165587233,3
1.4179555960365255,4.87678054269165,1.933832442689204,2.7292389596677413,1.6570885054035724,3.3008126578420627,0
1.4332786733855143,4.966632549562334,2.026024121663773,3.134007482606359,2.0476611467315844,3.1360481253244954,0
3.0749830003418426,1.9886863293732568,4.48099167266988,1.0016208664395188,2.6072929339750934,1.9806089640792481,3
2.119435737993346,2.9046107532034413,3.484462258269806,1.4704555127794317,1.911429628245375,1.6959600515124913,3
2.727132839530251,4.169871796997333,3.124503845822138,2.4515343498454163,1.915890555560671,3.2300497172061595,4
4.838787968265621,1.271885054904611,6.451828828597423,2.7705438948028323,4.575368300139896,2.947191898779929,1
3.8552064158538633,2.0210667407150713,5.640914490777765,2.3956683828247254,4.001210176727474,2.317392551080441,1
2.211541479225115,3.299064234931274,3.7883790953789314,2.295584996688908,2.6219853102608996,1.7719295648832094,5
1.7572379421756112,3.884297328859457,2.647529393965865,2.089980030711578,1.4502084723852076,2.444373791107569,4
2.2231075902496364,3.2519782860299626,3.801150913467244,1.7736025950059588,2.4560798712290772,2.1826753462699187,3
0.9699664648188482,4.685594548622512,1.362723696202914,2.477747052165262,0.9053880332647521,3.041416666573705,4
4.207982907406958,1.7654640592438067,5.595632641527111,2.305284112757013,3.756597609574666,2.600185794512943,1
2.827885198310201,2.0695793288845357,4.478844790345394,1.4774537387042703,2.7940258307361088,1.4565193725693641,5
1.5123599211547474,4.054180140640561,2.7930298039741275,2.5116877898149155,2.042901580492187,2.296526779450654,0
2.2695329384366922,4.83617479474999,1.9368808251949834,2.720591153170768,1.211387118830101,3.5943082978373098,4
4.058505102411451,1.979578255228438,5.629270127797596,2.6067893574786516,3.9509857663106582,2.326215708360003,1
1.7630374859414182,5.109336871828421,2.3385675203720475,3.31734309006384,2.3747714369409065,3.3564150815946956,0
2.8435327680187243,2.0673751117093446,4.476203741212806,1.493528099648153,2.795267389292361,1.4526762489981149,5
2.70679400954919,2.051752580611038,4.46196421968778,1.3011711165534432,2.7954824586390914,1.4092117953802754,3
2.026786492335847,3.442878985889697,3.909059491667953,2.2461171488596685,2.833513647761348,1.9570107615171475,5
2.698599354753031,3.1087500453897308,3.73310048232913,1.545243583376325,2.0641911830025075,2.4652541227551388,3
2.209912454742454,5.9402310744161495,1.676450392297945,4.022189846711987,2.5600047984487437,4.127687529475833,2
3.209865315760166,6.728934022791638,1.3068564583960445,4.469850325034953,2.6330826588754714,5.2694081341497805,2
4.222919663615579,2.271591910985686,5.774749878789954,2.45806729330715,4.049478730325519,2.9264301400132373,1
1.736662219104177,4.820668119687852,1.7822529361078552,2.821546418854259,1.4229542965664033,3.256599374602597,4
2.391240613940436,3.680390493575991,4.121343097541638,2.585817256036064,3.116574057806489,2.337044871480547,5
1.654252887146987,2.9935747093542595,3.507223393497388,1.786676660324148,2.222622729231892,1.0874491081018147,5
4.816724268073342,2.5638537593412773,6.765075910397467,3.6368672684535936,5.240665841538663,3.019830050976391,1
3.879483368602517,2.045997963592698,5.638871142829558,2.429944209839881,4.006934736179519,2.3358513555406013,1
2.264342617611614,2.791369562872758,3.466822677607704,0.5680462797105519,1.5542072348400895,2.0637788520737623,3
1.3226452306203023,4.765901378206949,1.6342937093468957,2.6327547928241306,1.260562377924525,3.1688940689133283,4
5.032056015520655,1.657886440057287,6.542430427666376,3.0556528249827184,4.688021866617963,3.1294626051187993,1
3.5600607302641913,1.6385338860730634,5.472213197621115,2.4227463116334533,3.8929607108975555,1.4149083044362174,5
2.1952271773999112,3.9245745033894646,2.758127936432807,1.8920039793575256,1.3299838418282375,2.9120876354586587,4
2.5768509989930344,5.944837996431068,1.8511611761849431,3.9169298259580825,2.4322446474780794,4.365933713204084,2
2.8304027144062376,5.916154696843276,1.8448440982321828,3.7555024807036697,2.2115635028498146,4.5802479170330805,2
1.9892322734904668,4.256295884032748,3.170688171111048,2.4338308804662345,2.3187917670845564,2.9390238746489334,0
4.746580229936435,1.914327035422489,6.551726466790519,3.4432870115584393,4.926972799627226,2.541270504556747,1
3.182914783279049,6.8725058664541105,1.7668590448968298,4.748746365138078,3.09307103606055,5.244235659474214,2
4.6711099227826995,1.2319977073055868,6.4181012760295975,2.9353439836192914,4.638734857552079,2.5508118445456276,1
2.8174160135950648,3.24658672355337,3.8474172861118094,1.7666794400809758,2.265499993211531,2.6237336515934406,3
3.4211744608996986,2.6854673319678932,4.846022256266915,1.8908925195043973,3.1922574374022417,2.644256290245578,3
3.8521374854157635,2.058602912657841,5.606925104136375,2.801118083611873,4.07496573683152,1.9076189059145978,5
3.554510797993536,0.8385821077014749,5.328512477426545,1.7751075522471644,3.5300033144503433,1.438296823868926,1
4.709938523140675,1.9129717498141947,6.547359678383267,3.40788441348535,4.930655928072948,2.5301622163368824,1
2.1612153454265903,3.297005004198815,3.7670250959613454,2.2614655011669327,2.6200409089160006,1.8028542773371166,5
3.9502288785241833,2.342311082974041,5.72869969609489,2.9609705930306403,4.233087823564253,2.14887523614984,5
3.093097882526794,3.003906085205687,4.926214510796255,2.611158720356557,3.6593272427940584,2.153908355634202,5
1.4936458486461133,4.938133252980786,1.9581140738949248,3.1396660438699424,1.9626189708850588,3.116227019631478,0
1.2273390446953059,3.8230397779486966,2.5487426308374346,1.7726390579989013,1.3177313826668402,2.3061500517208553,0
3.2088929306819307,2.075623450993035,4.527922020940668,1.302020679378641,2.6631760985984,2.0821207381123306,3
4.781957919865438,1.4163113031272156,6.450438429938177,3.0800880914256,4.682609131547139,2.669002695503576,1
1.2442349514416333,3.7417054731493833,2.411225108375424,1.7241981869259773,1.0203290542847796,2.1985209935887564,4
2.8182309751305574,6.837489827997721,1.5250784025406103,4.791933620280178,3.131944017308404,4.995288841768332,2
1.856738422894166,5.943347989230579,1.6963957743039726,3.900374694059225,2.598483010273204,4.099093930062754,2
2.3663560435900814,3.5955626212862906,4.032474101045178,2.530467717433015,3.0080472706975216,2.265207296378798,5
2.7750769573195195,5.875579382587424,1.709346695389878,3.7070232012754993,2.0936393660293784,4.524195925829801,2
4.798976033639569,1.5671255745252026,6.494571737000648,3.122243234213542,4.732979707891218,2.7078379869716773,1
4.865308320295365,1.2760854651485867,6.463182916577502,2.8028151753022836,4.575877006061102,2.940032735355704,1
3.4433208288069976,6.823815607515145,1.7250737800441234,4.631329120389085,2.8607105401774473,5.398763263265448,2
4.66842315868773,1.1535389570495376,6.402967390612333,2.922465573122611,4.61594422230261,2.5182812633484577,1
2.7497880004172,3.093331461867479,3.6952293662158726,1.596027883736711,2.0228344862150824,2.4881399742642665,3
2.51433741462797,5.908208126987463,1.6638792143996448,3.8698599527302275,2.339058542455531,4.348435141285539,2
5.527748173560251,1.9514296525430885,7.408864400973329,4.03962114962092,5.716512463193431,3.189282530235091,1
1.9861881223665574,3.8459740542158736,2.6687124370338964,1.670639031655725,1.0976071049443745,2.7817908443101182,4
2.6856738475717896,3.6386338930483397,4.091892462388736,2.7593344595950025,3.032726173611686,2.314047401800401,5
1.7707640112445506,5.0090536842396975,2.231912722620241,2.93714387942503,2.0209522564229117,3.509622875776273,0
2.532233087334371,4.9664825540197075,2.21014684770609,2.944056960328238,1.6506821039764616,3.785160707130248,4
2.000974302970997,2.8436124584445945,3.4575832961381154,1.3099649617565232,1.8327380902057142,1.5723541941226193,3
2.3390484594107934,4.894259765201495,2.0803491064992383,2.7940667388313565,1.4288462760318623,3.6692789868281497,4
1.842944019829435,2.7516255576509803,3.362165408443643,1.066386945729593,1.6820450655851307,1.4067525681858826,3
4.129192105005847,1.689677223077995,5.55391074258839,2.187355073382741,3.721053816650747,2.5426255133131583,1
2.416528226118022,4.937239134250272,2.1577700883364828,2.8601302818429004,1.5775900189864673,3.7275962140319927,4
4.908254716618998,1.1810702205519845,6.439900494925544,2.840642008001764,4.540014860612081,2.916568106154024,1
3.063400913921095,2.667277879964865,4.722211048182308,2.4658448331939953,3.3610339846382864,1.7474821987447748,5
3.9619482553979495,1.5224640504239777,5.516550420212658,1.9208765109295767,3.6642424979570483,2.390697248690234,1
3.7443912839719373,1.2844286190155998,5.4062389841325915,2.0963998025192234,3.6529214120850186,1.7721102675622364,1
4.900483790158291,1.2645967251577634,6.44769156038415,2.8421768707342787,4.565242210839658,2.9536037142816847,1
2.1777775328374442,2.969936834570067,3.5454807415381904,1.563824908295687,2.024408144735814,1.8216721741783783,3
2.5640575522290163,5.810776563816456,1.4491937142974283,3.5676920335162636,1.9150487107433947,4.433709698039722,2
2.210716870664594,3.354497501701429,3.807364997523948,2.3219395919883397,2.6861349142980675,1.865800820861582,5
2.385271418450092,4.012121549354982,2.8850833818849737,2.0993457010455234,1.54929122561004,3.0142275453270204,4
4.371617201890588,2.597740065922322,5.906436767227609,2.7230624132610766,4.244827056714953,3.1706480324508663,1
1.5243276914031887,4.755425948340345,1.565918851360046,2.700000225995725,1.1792196226343117,3.168903454546931,4
2.0192853009899165,2.8206406005373736,3.429694461121492,1.314453732764695,1.7839652498894099,1.540182183366432,3
1.456060820166689,4.111901659581681,2.9012262101188013,2.520211236048821,2.1715159953006564,2.3375479756001725,0
5.064499386901132,1.7779961469569596,6.578841501611782,3.1145048546817615,4.731437620590094,3.1905587377887055,1
1.5656639665342182,4.085209554196781,2.866055973667607,2.5507923705929665,2.10912275160964,2.3302019900546136,0
2.699646457880015,2.44640103059998,4.615358737799387,2.073496607098218,3.2042986077415354,1.2529042253923799,5
1.602994688560699,4.983034722278119,2.0690258382137228,3.1991307962225637,2.071095658912327,3.1681455683602446,0
3.333031320457888,6.764751728578539,1.4682204165812394,4.548133404708734,2.7136915348604616,5.320388183355264,2
1.136398489232321,3.816553139865264,2.537373696351026,1.725722362685259,1.308779847313004,2.3025013085103776,0
1.7148924916871058,5.158835371590578,2.490060975475225,3.3228738591085625,2.5116905933299507,3.4178027725526907,0
2.1792950208547275,3.9086558949943107,2.733236243711012,1.8690507503935263,1.2764622344945071,2.8831597824044253,4
2.129530732394323,3.1450309869912485,3.705236410920345,1.6256304851857917,2.309778132943965,2.0372398054201377,3
1.9942827886082324,3.2237493982937586,3.7114014618178515,2.118053132580783,2.535129143294046,1.6159936598820839,5
2.117811506160719,4.833690535416001,1.8985030966015075,2.634307389714299,1.2217468682268138,3.584209601975196,4
2.0546859409416367,4.773061429600266,1.7518342286829023,2.5643107797402047,0.9396350329078778,3.5117397098375918,4
1.5860128014276098,3.91397679559571,2.6997876711079263,2.013490690285596,1.5578828457679912,2.4679878169422635,4
2.007151004892138,3.8456864424258392,2.6557295830294474,1.6893856907471612,1.076332724197745,2.788385199839054,4
3.0195909912080277,6.956497644326968,1.996904130238036,4.928849060789093,3.389464727121432,5.155824653473544,2
3.478553167067449,2.4495016368410565,4.698697214818951,1.8574470634380962,2.9658985826069655,2.4885278121129377,3
2.859300727238287,6.772407561612185,1.367779578988567,4.558751828700552,2.880713545626554,5.109144606229182,2
2.3331125576531515,5.831697241035351,1.3766333996499014,3.7550937034553176,2.130139659949889,4.229063852292867,2
2.505185081143498,2.1912524302776277,4.490956176792545,1.7973908945887325,3.014431645062464,0.6852078092466322,5
3.7430448861179775,1.5254071962066205,5.483849581405172,2.1457452169131357,3.7595818708702167,1.9322094147866389,1
5.76722010903497,1.7102726686141574,7.4100456662996494,3.7091121042134128,5.51595975554708,3.66915376389239,1
4.837028630351244,1.6479920509205372,6.514203806668358,3.1745185070554562,4.760318866536361,2.7618318439245795,1
1.837546353729037,3.11650364487436,3.604417655085069,1.966146402697715,2.3880472888177375,1.4224987886624423,5
2.5833524955880107,4.1162677569237776,3.03926139289156,2.3128001774507805,1.7989729932994227,3.140593991271755,4
1.86118859727165,2.739782183464326,3.3560764242763272,1.0784637479495636,1.659627744401372,1.3979596134666976,3
3.0942371095120267,1.9134036730191386,4.4527458610569495,0.9971408322486834,2.5407967463913614,1.9200257444567217,3
2.9653783155925177,3.3505033494622825,3.9377538879957776,1.9766478486359167,2.421880206863288,2.7939714423712685,3
1.0243347962398062,3.7166053493669042,2.3719149445681045,1.603986567272037,0.9450590487921835,2.1566325097925088,4
4.746255528517767,1.6081496625110376,6.49181779172047,3.0716528708998947,4.755104820373486,2.7391625267082973,1
2.4881565878609977,3.1927638541067656,3.739013869979906,1.9704956785554149,2.3274355764159536,2.1199603465346386,3
4.963145124617396,1.3808200664871115,6.4700206038770816,2.9325803745938988,4.5938230419552095,3.0193849098865235,1
2.060825715942175,4.821875661828229,1.9067847831133404,2.596534965223558,1.19237268197935,3.565892403798133,4
2.38343611424266,5.097599646417961,2.5160892608421066,2.9302896029157526,2.0738657368750775,3.899195963335319,4
1.2902729293019979,4.765412050921165,1.613833336287767,2.6217940566051277,1.255165186775029,3.1685324060585067,4
1.5258878656673334,4.104905549057176,2.8693079523345104,2.54295605930048,2.1541372349510164,2.379285729390431,0
3.602813866220864,1.0795385987816444,5.364619923713915,1.8791748730290534,3.595809908613026,1.5992729827993866,1
4.858491209624888,1.641868260514919,6.511528630819562,3.196665708690838,4.7537607896173055,2.7776896590934914,1
2.0046815705100913,3.13502626494865,3.6294630427453693,2.083137994684938,2.4023362185616564,1.457330001142245,5
2.8194494406845303,4.286594834526804,3.280397490340506,2.5818315989638365,2.1747689061803337,3.3512304789771696,4
2.273711571033454,4.05363149873781,2.9736212054361983,2.037919232866393,1.699314598372774,3.0363619205495502,4
2.8609731460008168,2.30024637742899,4.582790201189482,1.620481099279532,2.984909480098904,1.7285308573485891,3
1.7046437917292498,3.046239744599943,3.5502071920882905,1.8451797905287437,2.299340080847437,1.230539577915124,5
1.3024485103670125,3.9855397099749736,2.699646532211713,2.3947904562915396,1.9023969585886282,2.171739400867013,0
1.739355409104057,4.839099249825931,1.811669198131928,2.8320165805974282,1.49041821989182,3.2885519611295573,4
4.322315913750891,2.0377200553134136,5.6745126710289915,2.510566910261316,3.890725907540142,2.784091284257559,1
2.6405280327523326,3.076669966972803,3.7019353549443825,1.451668393750939,2.022955753683854,2.4410722110829526,3
1.512086685393857,4.090166548168635,2.8633353931924357,2.5309019318124233,2.1235447190959538,2.3497125025047816,0
3.685725253499245,1.028031648845497,5.356748437623784,1.9776678048913567,3.5690206085802494,1.593060576007188,1
2.04099654412778,4.939401412060107,2.095420078352979,3.0204342738524965,1.7793346420042344,3.4263621869806564,4
3.1903100815406114,2.1228801248995346,4.549519993496418,1.294462529708805,2.7070066354225997,2.1048384498517434,3
4.13570125119694,1.5818572922675298,5.530327095032661,2.168810756213374,3.671789004792233,2.4753254139039704,1
2.323633591082829,4.041675421764998,2.9425728592703626,2.066599687455836,1.6625390447246633,3.038704751756362,4
1.6581230284690611,4.845668318655615,1.8626321598537183,2.802407527410075,1.531335331794756,3.2849787058662203,4
1.2235474969674265,4.038138026316607,2.7873493831340475,2.393733186092828,2.0333477722553934,2.2438432399881845,0
1.9311578159352396,5.877873436543652,1.4443446571718166,3.8943100841739176,2.4160767397611456,4.0301838768169596,2
3.488154675568227,1.5214566668258727,5.442269754915442,2.3250351635634474,3.848179651549342,1.245487505587429,5
2.232505965314682,5.86494232622851,1.5175406503081688,3.7294573430961524,2.242592394286943,4.251720069840848,2
1.6479314059579298,3.135519418869801,3.6343766974515765,1.858199497040581,2.4347629835136217,1.4050751778457808,5
1.884571148668197,4.770713836025011,1.7651227094221456,2.472458980848989,0.9700399693705034,3.48713047813556,4
3.521713689265056,1.6988432622817693,5.488851797982772,2.3978334500836227,3.9242943338902623,1.4494424658548102,5
4.980202887457774,1.643810931764238,6.545831756545884,2.995642846106764,4.688829415709616,3.106845928783743,1
2.0402042470737705,4.316776649854167,3.1906557721666267,2.8810221899860498,2.528055713811708,2.684392262516757,0
2.267761081880864,3.9447979836299227,2.785242940290476,1.963897295552993,1.3744144887954903,2.9437923709822136,4
2.831963700703665,3.20688067283551,3.7955621535535795,1.7586372643960029,2.195722352270364,2.6003121539843277,3
2.417622187295814,3.136167114095625,3.6764357622574715,1.8788061150213708,2.2469314544625965,2.054917620235828,3
3.994885941912491,1.5238061170854047,5.508028120037983,1.9659727813261179,3.6608457077737806,2.4226955399248666,1
3.086514953781519,3.6495240749274482,4.191106263006842,2.2521889039090324,2.8474726513482653,3.119487874803615,3
1.8605879865321708,5.706133517723333,0.7161759229255973,3.5045576504924827,1.7837708274012327,4.038202858947833,2
4.58652175306048,1.5114851379670624,6.439898659688515,3.224480171744057,4.785344793825483,2.263263066481637,1
1.651474213534066,4.057269232196763,2.8776924415218397,2.1340662350241493,1.9148353299045782,2.667846854141409,0
4.782305248286999,1.0871420737671862,6.4205452064468655,2.6767108793587795,4.53007036150611,2.862979281352543,1
3.7526036873163617,1.9069244828665102,5.551131949267262,2.6698861220832946,4.005991346744013,1.7266075422800635,5
2.8034104949038956,2.3951632913295846,4.590038202311114,2.145400945438365,3.1560375263140474,1.249934318743178,5
1.8033091978208147,5.020181687774015,2.28511683902043,2.958111966218309,2.046020273114216,3.5029514303402864,0
2.3191764735972002,3.087575889888991,3.6348498469980255,1.7642618877217993,2.1851842960665584,1.976853024243064,3
0.8425518836700862,3.985975369869924,2.7066216076183,2.249371308322355,1.9363997818032221,2.122878008378936,0
2.6688204354345064,2.3649599363223683,4.579313006286262,2.0154969337629,3.1414178006283167,1.1426785347633488,5
4.085815116453953,1.9897725773681245,5.630585983450035,2.6364725815475323,3.9557454660448705,2.3237098734495967,1
5.808957056978136,1.8139485843906116,7.435341048428003,3.767872954182189,5.55041389207262,3.735480411746505,1
1.627520142830812,4.8871283671085886,1.9699624769600868,2.814643938585333,1.6652559937656444,3.321295416584575,0
3.328438032108586,2.2721304439094347,4.613838007778096,1.5776463761602642,2.825489850517035,2.3065408694894787,3
3.701668230464956,1.8670978105459444,5.538664327942956,2.613523592712349,3.9867480172851546,1.6549910193703838,5
4.555417611325191,1.6552203497707383,6.478749663849121,3.2161465125864552,4.844393568570982,2.356015132174972,1
4.814625732731234,0.9780060280159164,6.405243220822148,2.702795660577546,4.498787103199638,2.832779340197407,1
2.6008385629726476,4.994182075945986,2.289081683292077,2.999099732141831,1.7356368306129188,3.8233236765013667,4
2.3377878834127217,3.991663495006142,2.868865962042649,2.0463652008872013,1.5199111241739214,2.997405069891668,4
3.6571327270155285,1.6952214883513825,5.488968746948833,2.532235313094788,3.907367534930976,1.489997476298706,5
4.598154889649223,1.7737797787572505,6.50313059473851,3.276202408787698,4.8863736786137,2.442615352339403,1
4.053175705757105,1.7404660415963864,5.581409952753835,2.0987850804173935,3.765120244852687,2.5591963273749165,1
3.873668329940643,1.569589303596942,5.497256917526847,2.308426437918867,3.762948748131939,1.9647310453760731,1
2.0739232695844807,3.924659302576196,2.7634608738951614,1.7963398764517917,1.352425115223547,2.884888670591857,4
2.6213232925775567,2.1918520165723123,4.48372892840699,1.908384451938373,2.9991394869067918,0.7649733511323923,5
2.7759803525899933,2.049490617933778,4.4554821975232395,1.3957407687088073,2.785398970885734,1.4568725301671381,3
3.6390161499504807,1.114686647302568,5.372813230646064,1.9330935231428843,3.6032743957691538,1.642334780199879,1
2.0424198538792826,3.950012481769705,2.8178898162557258,1.7899481779975237,1.441982354420176,2.901483920567839,4
2.895905957897879,2.0418423241468244,4.4507601422290675,1.552007091647929,2.760191743502914,1.4579595070829874,5
2.7767588799134675,5.949786230051872,1.9843251257075016,3.7440252211251317,2.3276204437635744,4.60110557618636,2
1.8628795584236775,2.7837493037785865,3.397931444537254,1.1151993665171782,1.7408691789404216,1.4417205211428379,3
4.8094240578829845,2.3975508768603278,6.710799402176343,3.5952468698430713,5.151352936731096,2.87407514030679,1
2.474464886135819,2.94421030492489,3.5844009916314747,1.130174255071535,1.8120759454657305,2.288468320541611,3
2.8261350086004424,5.868950355336694,1.7099318002323516,3.7294202608262146,2.071937036999415,4.519497408427299,2
4.817009556102604,1.1762436383443498,6.436124269403349,2.7310250735921437,4.549375130795908,2.8912605237720626,1
2.197958805864277,4.813199058243846,1.8652129715477666,2.6666612540841945,1.1201110381237072,3.567890054606284,4
1.3152433722663561,4.05186623752722,2.8120334175943444,2.4355931857202884,2.051398115870539,2.258396658802305,0
2.6964736719632585,2.22368693010473,4.495448741416365,1.9896136429723437,3.016752797897689,0.8795411243027239,5
3.2623960772759317,2.27740666331893,4.609216100858151,1.4851336628537393,2.832297483872931,2.2836841222079145,3
2.1534595484390686,2.9677915774304098,3.5611305973387024,1.5415201302154269,2.024580375508792,1.7980987105595094,3
1.6969572563002575,4.047638671393808,2.8695332989552127,2.1515268648628445,1.8942431915293902,2.6754383557766883,0
2.3916558573864517,3.223773564093803,3.7567932632393215,1.9040166514483068,2.383428979113441,2.1611668307397136,3
4.0951115048744,1.5396275529487338,5.527858875304694,2.1067315141919636,3.65781578065478,2.4325621641554376,1
2.8419431165393325,5.934039358404314,1.9059400075852029,3.7706875146795507,2.259926674195762,4.585358459329658,2
4.987960575611928,2.0453343043170973,6.6184962313488915,3.398161867031173,4.913653044869046,3.0525809351182733,1
2.0801014617209046,2.8948002027269033,3.476887143694239,1.4238986150989166,1.9030517020480884,1.6696856368585933,3
1.4507798579035756,3.842624038997638,2.551085675260162,1.8958131516557457,1.3508242271775448,2.3764519992178954,4
2.12999273262879,4.977810844348124,2.1361620011476483,3.079419973986466,1.8862923024076952,3.505557849184415,4
2.001158137803987,5.7489619594676915,0.9705599215480225,3.578833092523963,1.9130310218890714,4.112233215682432,2
2.5095073602374844,4.942281867129781,2.190429074265358,2.917628941803707,1.5802111735405915,3.735305567695223,4
4.833287123717949,2.1843470264739304,6.664779395044016,3.271130588429488,4.996067413497191,3.072632232798438,1
2.3567153786496826,5.824630686666919,1.3384724746245213,3.7603328426046305,2.1128903122713303,4.230603842575,2
2.629972441594496,5.074580408533387,2.462309581916586,3.06061706078757,1.961841890115165,3.886421421111759,4
1.6147222974597435,2.976441580016301,3.4915866636335604,1.7522215340146843,2.201043355335726,1.0476030890538284,5
2.316972272837308,5.840381242651511,1.468332461061572,3.751845031687062,2.170930910216402,4.240230059569006,2
3.016710678685474,6.975516510490519,2.0370000849270573,4.936123724497901,3.429046070749274,5.168191467920896,2
1.5479451931930996,4.095717401722195,2.8772732770078036,2.5498475681623116,2.1265738218796866,2.3242747607145895,0
2.621896598538659,5.978919621431987,1.931850150310999,3.9538203835094357,2.512681404284989,4.407563346200542,2
1.1042680635488102,4.037066145911079,2.76847216528341,2.3541569956952784,2.029879914849909,2.2297131034043094,0
2.2817989244592587,5.110530703280359,2.480658926882479,3.2211023926988878,2.231365014452276,3.639494410296138,4
2.099606138677646,3.2927859142081086,3.7679193056404876,2.2217658401318103,2.612545990752416,1.7204623274315651,5
4.064273064164894,1.4170432866330496,5.4829350648553214,2.0377116610499195,3.6026651632242634,2.382977411818711,1
1.885511206458178,3.1151059177497626,3.623662139581684,1.9961049167120963,2.3882015749201604,1.4097694222056256,5
2.50984699645157,4.262901161954718,3.219971210360042,2.338783486879566,2.1638831008529875,3.3233801550342412,4
1.7608752598111495,2.867534476236882,3.4675066941892094,1.066866256415661,1.9015091534241488,1.5726144813775538,3
2.681605749535172,4.137158024108069,3.084040160129588,2.397385375545646,1.8512363822415303,3.1892285338524013,4
2.002682395132157,3.9198063530485103,2.7648256679257095,1.7389260329929646,1.3437714743581324,2.8688076260174267,4
2.027315467587297,3.928820854321396,2.791617490622126,1.7631736818882568,1.3808860616894936,2.8799541313889847,4
2.627462225088827,3.5058176922157727,4.0246392077450945,2.2438042074891755,2.774512446445924,2.5181803070963733,3
2.2253693820730844,5.813304261851423,1.3250625807307435,3.7011974100765297,2.0886397896183797,4.189058698828046,2
2.4812257786465968,5.891307092701663,1.624038193678168,3.8477543624892614,2.294101508535443,4.321531438231359,2
3.3026364848313086,2.167745610687459,4.573402918568211,1.492467291257013,2.7373500572600977,2.1908439390756786,3
4.76473960268437,1.432631135161209,6.44680257073171,3.0649000801644304,4.685934208581395,2.6549944109502532,1
2.099073066298206,5.91463857428671,1.5841858927123196,3.9702558397034706,2.5002322277074573,4.094192507314361,2
1.3393997965137134,4.060455814500481,2.8277050419938004,2.448227584956769,2.071382240257882,2.2543559593621136,0
3.4065715780585863,2.630924848275805,4.811678580061588,1.8487248980189164,3.1400810414987443,2.5893505972243247,3
3.0293602918520937,3.379977661428286,3.944399613636717,2.06072276452082,2.4420327305860536,2.8346872757774473,3
3.544223477378332,6.901077678166146,1.9920694147961,4.719475239024663,3.0405954904384194,5.485196113721926,2
3.630199199793201,0.8995766581328299,5.3393839414558775,1.8855513077812238,3.5387286310492314,1.5071216145105162,1
2.434008970418189,5.7685341393255545,1.3034411122028982,3.4817599599138798,1.7997003358388457,4.37685892971531,2
2.192860883467806,3.2874022088905495,3.7672892185202715,2.280095158593873,2.5969909134823155,1.7265523555057964,5
3.7896872739244705,1.4431696393645173,5.450201491002132,2.1839178779348214,3.7129504220377534,1.8960878370104979,1
3.9298505779002753,2.182367168860998,5.66392556402875,2.9015742874531756,4.1424232579299956,2.0099923647752194,5
1.6478578864740867,3.1587248242619683,3.656392984424112,1.8705139565062203,2.468218848933076,1.4322288500247682,5
2.1282873604089882,3.3715941373078553,3.8281208136640714,2.276158134442978,2.721924452315691,1.9007658234744078,5
2.803510246730589,2.4342659132626685,4.60308993853965,2.1618023579992838,3.181712400325536,1.3156888227395827,5
2.387645793359974,6.05928352520321,2.0304257234010517,4.147017556124994,2.827937193474402,4.282879086872787,2
3.8479110648484918,1.5056080801023035,5.4792699462927725,2.264921637916011,3.737146142058514,1.917043668677175,1
1.6769529512167591,5.013594542738022,2.1669064262026225,3.238506034652408,2.1584722131185834,3.2235293881068388,0
2.7574933941065125,3.382858821667226,3.9554279208032646,1.7811558937986987,2.4889740581160984,2.77800885462764,3
2.9184454657184262,2.4842142726643774,4.624158202889568,2.278433379534439,3.2153012042423987,1.423507637066034,5
2.0181554546370926,4.833436861621233,1.9440544189442373,2.5805015178603097,1.2527041879650047,3.5691174269609256,4
2.3539700321620214,5.824329651124345,1.3581912570016519,3.7599188358756552,2.110057925033058,4.229109684015782,2
5.0082798043797085,1.5538351072206775,6.519046914527521,3.0105521888970785,4.654084528780509,3.096458886570015,1
2.0168876836469893,5.74256947572111,0.9287411311644336,3.5815246518804917,1.888621554040535,4.097817973859809,2
1.8761505999430401,4.761156673898443,1.7454917463509478,2.4620027179538786,0.9221779695550362,3.4730316522315756,4
2.481907394564657,3.4391120417804424,3.888399210377851,2.536345579870698,2.785644360530494,2.0736261756631738,5
2.0002424008511697,4.8517431483506,1.9823815682077641,2.5818760086925416,1.330547890027557,3.5909563191327356,4
1.6859557213057825,3.1365203847905514,3.6424216412338057,1.8814831414241513,2.4356480660018502,1.3883093314077417,5
2.2422850346001812,3.949203047781056,2.8060662212946523,1.9483720052621774,1.3895919112516086,2.9265281191052113,4
4.1291925266815985,2.10192872094878,5.707445655765739,2.2973075973903994,3.9533885895736423,2.773803400523425,1
2.3921169190281266,2.8571745505624815,3.51886389138598,0.9186269271893942,1.6640571521849477,2.1597816369840124,3
2.662311858354008,3.2586470978161075,3.867616218699373,1.5992972931773202,2.316813144423304,2.6332067871085303,3
2.1996825787192735,3.880561795014381,2.694656370593573,1.8682398508482443,1.166799035517772,2.8576017014239503,4
1.766914250186925,5.036412197127133,2.221124303078044,3.283289688437793,2.203139882071882,3.254996297494098,0
2.459742473555957,5.0492160182703225,2.407737250747333,2.94798895957658,1.9186413998677516,3.86017707569115,4
3.1837883335800243,1.9700152060458467,4.477305195820792,1.2013264186368486,2.5794033247955106,1.9993116544741718,3
2.6969061839441566,1.793261692468454,4.3525972855460555,1.1595656230582738,2.590599023250666,1.084912289736743,5
2.7710825836350836,2.313124437089728,4.542136672248297,2.0882154396317625,3.0871776775146444,1.1175935805411015,5
4.593149845530058,1.5094678093389993,6.440643535625074,3.2305601542693445,4.78449024903599,2.2675915919506555,1
2.3030071530415333,3.024358838778897,3.6115072804732673,1.714850845494625,2.096138277604123,1.880133463975428,3
2.539313145892231,5.008413522523408,2.3143550299233366,2.9723151084142065,1.7766092929874029,3.8096796134985125,4
4.994438984095138,2.0446887385228925,6.620194166032718,3.405065075053528,4.910660893644914,3.0194541133221398,1
4.516396208846109,1.5754221097610897,6.461411795005632,3.1660143465633706,4.817817909052151,2.275321180470465,1
3.4526254845698556,2.5912531841388855,4.793889151822852,1.8886461263140082,3.0981942984889663,2.5507807885998317,3
3.7493944464911673,1.568526637747144,5.483018152804524,2.1635339681790025,3.7729818707046556,1.9441982739201757,1
1.7062015975539284,5.0338041299254135,2.1869794571085683,3.2593972607765127,2.1978760760951426,3.2387632355329337,0
2.977083856371807,6.93800268147208,1.9212349663076047,4.903230727262468,3.3471292248195366,5.11922293749797,2
2.5062083098251997,5.90749019933903,1.6918109879730878,3.8667222684484015,2.335181581964428,4.316854528550374,2
1.619416610098086,3.963262860174151,2.7484913962383875,2.0604117015173613,1.6834557303970943,2.5293653018330917,0
1.7087971298658367,4.029999598350621,2.8346232947134893,2.1500889177984073,1.8367423930658207,2.6484921737287346,0
2.88861693877855,3.1891983827232298,3.804698484564254,1.8114824523770556,2.164836365765783,2.5862665505465094,3
2.480161995579042,4.02577194618021,2.930405189969936,2.180439596260303,1.584703996894245,3.03586434666573,4
2.4152296393298096,4.151747923273927,3.106565347590577,2.204784364363184,1.9279839533858463,3.1772925399972274,4
2.245522414156908,5.783671164638035,1.1812581486595874,3.6938558801964025,1.9987725912420085,4.1720287349168474,2
1.9329159078791696,5.91596605805286,1.5651292217977437,3.912523207510923,2.516616380816331,4.07543814373075,2
1.0710557510178214,4.8831031286087345,1.8403227700119167,2.99061098348329,1.8430292024398418,3.000292763697998,0
2.0940915271181373,3.4027180785126276,3.858737842141983,2.267447754217369,2.773492775196231,1.9460160264060393,5
1.9235918791341133,2.7904841961867195,3.3929391571823118,1.187583475290014,1.7440162700035768,1.4897099242019374,3
2.2590342646868264,3.016967149871385,3.576764093230843,1.667802830032526,2.0868551744816215,1.8968693205187113,3
1.6423357573509871,4.0302836082850675,2.845948163093136,2.114579361684979,1.8479271167538833,2.6389012550580264,0
2.958217855400283,2.5502607907004875,4.677182177174452,2.337562787381149,3.268606531648111,1.4824274646091669,5
2.620813865426217,2.3207733163422306,4.549951699036947,1.9533242937757034,3.1113364534206904,1.06543671495463,5
2.6027647852659355,5.782423135639595,1.339249757630681,3.572176924275224,1.8117100755606677,4.4033354269688205,2
2.784726654422559,2.6124298577835345,4.709863938770902,2.2083807863506846,3.3454881668563865,1.5793136216494434,5
2.10478373299292,3.9902456578702505,2.860564936872383,1.8654909693937203,1.5480934573758085,2.9608523129101516,4
3.40723544315048,2.504575455371525,4.7378806595537535,1.7887340388875783,3.0302509162631766,2.512260708939672,3
2.3129181494577824,4.008650731934199,2.880108499794451,2.0400547317502546,1.5554622938844134,2.9934160613681278,4
1.9672911355770488,3.1037309179559562,3.6025199696033083,2.044240238508113,2.3580634594654892,1.3835887417186372,5
2.433842684955898,5.317809700789292,2.797118549200988,3.6903141992867665,2.7859549492124924,3.652082983633125,0
2.5437322139893754,5.7853761130571835,1.3381916443406787,3.5442303885444515,1.8320070665399621,4.404781120887174,2
2.200835653986801,3.2351603898291246,3.7288812016922948,2.260089835179778,2.529575533590288,1.6687607927512427,5
1.8707269924386065,3.9570324128284478,2.7338397826450604,2.1987429969317067,1.6282655688116208,2.544898823205331,4
2.3684444283471664,4.90007443741927,2.1061092525995275,2.8139486877078683,1.4491204390450918,3.670111361533466,4
1.1694731399123115,4.066367612105264,2.8127533581584396,2.3913082583363674,2.0895178858913215,2.26166017843287,0
3.728852988193583,6.952873122102704,2.1844706383856765,4.838102151803643,3.154348328924113,5.567308238000218,2
3.034634980046797,6.77289252264598,1.3908800343883239,4.635281547029966,2.865733112117735,5.125022939341739,2
4.712507849437989,1.2492019152021774,6.4150612365999615,2.9822541592933094,4.637634938297663,2.5739789004619653,1
3.933079790978803,2.195137907436362,5.673302512180241,2.907545628117588,4.151645593699818,2.040819124256612,5
2.122300038567743,5.913334632243704,1.5667695033825464,3.978330831156374,2.4900188094939275,4.080936410709203,2
3.3670319567666875,2.253381339926732,4.595162116274244,1.6255050913255182,2.797223901038795,2.2888974354127303,3
1.8166549012980793,4.857003443834514,1.8719597400150503,2.875788043890017,1.5378762793404845,3.3014167895808963,4
2.8502341169913845,6.749235261114587,1.2253832279661727,4.543203127521069,2.822411576935823,5.0852645385864825,2
1.954531233779736,2.822711937186816,3.4402009584395876,1.2459806328767042,1.8023944911002894,1.526843264164583,3
1.7841507153013927,3.0164144368080184,3.526556361952713,1.881537100842584,2.2458322362197034,1.1738222344018796,5
1.7973158739427793,4.848848861171504,1.8174093568099612,2.8624504891174904,1.5088741351336918,3.3074953286738653,4
2.684262774751392,3.1049081494722524,3.7228364492686525,1.5282768606363117,2.0509584157844243,2.4616034158104796,3
5.613889506540927,1.6380147795404307,7.362849720596018,3.815294929036235,5.5521013807931,3.3491820833176535,1
2.8945536853524385,2.4495985711405024,4.619154926272297,2.246327869443045,3.1895848452812148,1.3269999099420549,5
4.919908606702104,1.312539148940284,6.462685452406513,2.871386510743508,4.580607747233855,2.9787432421108924,1
1.0321802366851387,3.9734822468084863,2.69078258756363,2.2957054982227594,1.897899289838437,2.1128353527864494,0
2.131552278173429,2.911301567927444,3.4926257225975523,1.4845709950914383,1.9284392775970436,1.7329565115881105,3
3.416524542356694,2.6345893945308996,4.804374729068468,1.8591624832664495,3.1468849395903606,2.610597180460071,3
5.710609097510597,2.402246435121178,7.549362093402649,4.28343977440144,5.886589094076071,3.489154184228078,1
5.148852271267043,2.398088147977952,6.776285795302338,3.3313434273603146,5.023211285065127,3.5562434728433154,1
2.5903631435262353,2.2754856848865845,4.528846112986543,1.9082831267744775,3.0767985821255373,0.9486988665639666,5
2.259380362539192,4.984996362917797,2.2909319915497495,2.799817790847211,1.7592808537302498,3.7632326486693595,4
2.731613346818816,6.67799285858347,0.794137517815241,4.4596573394565375,2.6417417092898545,4.986649089186084,2
2.259370969473568,3.2495694096115475,3.7857153784365036,1.804267819345871,2.441368606525509,2.1801266775883903,3
0.9641792783906314,3.908581324846153,2.578486072527358,2.2403989694380892,1.7368532225197655,2.0041219239558856,0
4.107692053480727,1.6646629792556704,5.555082034638517,2.1543920856080723,3.711794449288236,2.512854158030311,1
1.0636512674727663,4.021590859756047,2.7547936431822495,2.333628543263223,1.9969071611382343,2.1887574342427003,0
3.928728569478269,1.2478755950770113,5.448065356545364,1.8068237336823416,3.5542621933794645,2.2662943546791006,1
4.014450461651487,2.770363793335642,5.91237437277568,3.129517031993127,4.511439518960165,2.589519437027308,5
3.8535688978327562,1.5828890575900743,5.5016270320421725,2.2868201892045565,3.7752987734604733,1.9930972347391678,1
2.219134751227043,3.3044301012628754,3.7744691323030253,2.301998163103995,2.6270852433041996,1.815387996300069,5
2.5080651905490905,4.088274614295809,3.0165646138698454,2.236349386577312,1.7585047384616896,3.1138889053420566,4
2.3755617538106115,5.003981268850723,2.2947856098185437,2.8749127987936793,1.7928443543169854,3.801367453433261,4
1.8707312534020275,5.8685783625503944,1.3800069467472336,3.8691893971273847,2.395768862587047,4.019427756611214,2
2.228081550045533,3.3087424318352014,3.767452699943669,2.3101939584463747,2.6275475222937197,1.8169227733565854,5
2.7653561616602906,5.883891011166059,1.7348378446483879,3.704809983689096,2.12776700909853,4.527545315910702,2
4.924659152329662,1.2823448387402345,6.4524569028596295,2.8730632667908313,4.568547921831904,2.9757201565225095,1
1.747531480990859,2.7138331319625637,3.3368956021387244,0.9155486621680702,1.6258449295698014,1.3123020918486679,3
3.5262344511920403,6.884426109920676,1.9410194745274636,4.701373113585816,3.0071017877096935,5.462349174104343,2
2.0599537263212557,3.8934052499948315,2.7437733955640553,1.7653252690175318,1.2520647618406766,2.8322132169974483,4
3.86634974639301,2.000323000866722,5.622280222838019,2.402010688254218,3.9857843107691595,2.312194004350244,1
2.916741408632855,2.114777828299205,4.503439919597115,1.6094496973771921,2.8222685600270725,1.5152587320740887,5
2.013599010978927,2.8066362987106164,3.416933276633439,1.2969783214300223,1.764013552078912,1.519966821201091,3
2.7203335870049457,2.3508422570500644,4.570370700571075,2.0555683417194888,3.1260297747762276,1.110381946971748,5
3.8935803759541203,1.6426312472547622,5.500527080547236,2.346459945968062,3.792248303830317,2.0692882963106327,1
3.0541406315106885,2.961022703440112,4.90563125287098,2.563000567672148,3.627936908823537,2.104195489624124,5
1.0773351664695405,3.7788594885505185,2.4862903660901225,1.6727859374421765,1.1885844215488244,2.2376529363812327,0
2.113635295338103,2.9702433498606706,3.54172468181151,1.5027940837576834,2.03020885171019,1.7962694362039002,3
2.281784913732585,4.844872962912743,1.9643406467826605,2.7327577601158763,1.2464774956422393,3.6023146542730053,4
2.794324921937488,5.09925867161901,2.544306849352686,3.170596889338256,2.0176834551189535,3.930292086375874,4
1.2842803013457604,4.901514394191569,1.8731643953394423,3.0569652055050685,1.8766105631592973,3.0350868375158484,0
2.0124794795953367,4.764578747714194,1.7371235517786057,2.536302679124748,0.9048920840672816,3.4977492573701308,4
2.680255221991967,3.067887668736915,3.6993659296368553,1.4955367255600567,2.003026090308403,2.4485099722072445,3
3.1234442437906553,2.2912488082318445,4.586874973915061,1.9198326021059235,2.9503920998020052,1.8131962118757372,5
3.241979112909241,2.30404238948276,4.631916256323688,1.4673131183359807,2.861365273328691,2.2752769140135722,3
1.9717463874319412,5.698315147105916,0.6626283821272455,3.5421040774449417,1.7409751204256394,4.038097051908812,2
3.168838938330811,2.083649414246098,4.52750499164085,1.2356735183834964,2.676397109506906,2.0710411092897996,3
2.6258054506790804,1.8359357668184504,4.373201328054331,1.0633288778378482,2.635633033491109,1.1086351173335574,3
2.2214267636816953,4.812987941963201,1.8628884584174628,2.680856471314839,1.1048197787444571,3.5697313441870904,4
3.339948321414943,2.2075761146758603,4.581721664946501,1.568641231426519,2.758555210010908,2.233719976179534,3
2.316538662602465,3.923399823566093,2.7740580375092674,1.9882239523043637,1.3060638029548532,2.9160295591975802,4
1.9806156010101275,3.7755946627286354,2.5520339520387214,1.6153063014545004,0.7641280573185915,2.7040907318208567,4
1.8839338650436988,3.0772306122247297,3.575319345015615,1.9765712578396026,2.3263913275353945,1.3223507594246637,5
1.674899572964069,4.87945881030724,1.9499966523564174,2.8289745262366215,1.636128083665034,3.3133089256286605,4
3.1756614588116285,1.9860851836727205,4.485117433651233,1.1957032154681073,2.592824676079759,1.9961647850364779,3
2.332627625336762,3.253466292838057,3.814233759277862,1.8677381333980203,2.450143125046048,2.1813974555720783,3
3.401447549671691,6.848944006635079,1.825456421763208,4.621872734094958,2.9317500874615634,5.406686261429431,2
2.1602395839786035,5.947963546842234,1.7269461363514464,4.008823178027982,2.5804536230673896,4.127246735691559,2
3.1513291382094404,6.9609459975174355,2.104065605439141,4.774982155502083,3.313434782921093,5.340589944071567,2
1.6233753228898486,3.995395487619024,2.799350046076198,2.08101683448565,1.772400439570424,2.5824024779817227,0
2.520318704856373,5.833721813524837,1.5707424164792938,3.5571132304511126,2.0104279724286265,4.459183492693405,2
2.898439669071198,2.204885006734842,4.551420481392518,1.622545220513165,2.9072358163320846,1.632183152518828,3
4.878175809755031,1.2896791265147391,6.464714926389451,2.8200101854524124,4.578435415856561,2.954803246117844,1
2.7852206835751376,2.3480976345626092,4.571151517226177,2.1135178403104002,3.117267269058559,1.1438757281700027,5
3.9281601726970257,1.302801288329319,5.453664627674157,1.8182737614755853,3.573728986263875,2.2923406622844915,1
2.2456059831024793,5.789679121835171,1.1905046800635364,3.6967244093812144,2.0166225958563735,4.181534760841466,2
1.3541725355291647,5.027925540952382,2.2050427386186278,3.140964918990718,2.221099359163462,3.210160951573934,0
2.8901931613559304,6.085049677761596,2.333246566981488,3.8693360955332485,2.672185523871083,4.766555333235958,2
1.4806497818385085,4.940464128137583,1.9773690305756424,3.136649454342514,1.9712631335733928,3.0992537686229404,0
3.124580143425113,2.355497058750367,4.604643791874979,1.9464088910351713,2.9982522675548102,1.851833555257935,5
5.886451843829721,1.926683382460017,7.467936799358806,3.867511415894287,5.581772578646464,3.7905264276656405,1
2.9465999466921176,2.352375176185094,4.614706073447775,1.7447039739727108,3.0208367203401747,1.790915773508395,3
2.6964736719632585,2.22368693010473,4.495448741416365,1.9896136429723437,3.016752797897689,0.8795411243027239,5
2.207848457065451,2.9834340165106203,3.566569672661468,1.6008595064798663,2.043570309611199,1.8162736771960755,3
1.6018923836811223,4.1090464672863245,2.8933114709743184,2.579030112235156,2.152112596385999,2.374570399665552,0
2.826197425112617,2.520537752030143,4.658068228113263,2.2122849401524753,3.255765075687858,1.3979922425657114,5
3.2519420517707482,6.775246751402341,1.557950196241378,4.513030064524724,2.757754000468031,5.319095150186078,2
5.873753394819446,2.014866410138554,7.490174059508289,3.8687181325559696,5.6175675663160245,3.8318822974495284,1
3.9181965160448224,2.2385775443307763,5.718941535022535,2.523627277859134,4.119402539810198,2.4826650604730407,1
1.5603156019866313,2.9699259393891793,3.4878511332958673,1.7154914692907026,2.1943540855110526,1.0204965078974877,5
2.898435423511932,6.72615888572616,1.0899517874298201,4.553852865946596,2.750309932704514,5.059717198248757,2
2.7324764542208158,5.836052299873957,1.567179240362798,3.6639223779068506,1.9815409585580324,4.475151194356935,2
5.523876367507989,1.996086034879535,7.4213070655709155,4.042462654246207,5.73558649575464,3.219529365501747,1
2.4019563983467673,3.9989035425480717,2.852889021936086,2.102399884892283,1.512729590410647,3.0203664977217546,4
2.7409546966052822,1.9496743257533762,4.42302830263488,1.3017846490229306,2.7081459837259585,1.2624861191765653,5
1.1374641273329105,3.754885805015403,2.4535061194811463,1.6819209879911743,1.1003358634700213,2.211726427639691,4
2.2272470755744145,2.9682364605924145,3.5561865070282317,1.6130919119060885,2.008815659692412,1.7795831559615247,3
5.53212991212678,1.5857444535160035,7.356695527543569,3.725613960795739,5.5461706002429105,3.301400154683481,1
3.1718450519271832,2.4442291206289113,4.6466740846815915,2.0318332773191234,3.0695925429897457,1.980482515922225,5
2.6863779446806304,2.236702353679568,4.51198579495133,1.984628562999396,3.0318410198286907,0.8696179031499197,5
3.328438032108586,2.2721304439094347,4.613838007778096,1.5776463761602642,2.825489850517035,2.3065408694894787,3
3.693115459523237,1.9609052898555395,5.576393179016252,2.6272940437175833,4.038368901289048,1.7307556290305148,5
1.2455669453073397,4.882457546443809,1.8217997699852992,3.036724608231959,1.821568967969145,3.0127492680914507,0
2.6074659677737126,5.841088834069059,1.5601133460058862,3.604192789927149,2.012014121420128,4.481650976377027,2
1.2407778344514293,4.121064597236543,2.9165390832202016,2.445126193207654,2.207986527257628,2.347930539076358,0
2.9905041208241205,2.123083735581515,4.505454342344603,1.7023329247708625,2.8212496942239396,1.5755281390681992,5
1.6077084874268601,3.9100066675182275,2.69519938786896,2.0219948406984702,1.5480013053917872,2.46654291630713,4
4.144504950435834,1.7517154387058183,5.572476938004204,2.220539634731,3.754653752679909,2.593848060234774,1
1.487074789905691,4.051164552271609,2.7922830005404227,2.499917018222901,2.0393071073947437,2.2931764688743894,0
1.157679227773973,4.706026642226993,1.4425995519723502,2.543779122619857,1.0010959835937123,3.080490751396385,4
2.532379751529224,2.955808583078664,3.5979274759864746,1.2230753644963361,1.8263695323547604,2.3081294720357683,3
1.6505842947003253,4.911623043640381,2.016920771877557,2.8357005909641053,1.7492950121660606,3.3817223394736002,0
5.828855027387973,1.9525443592813314,7.47671825167795,3.8114965223224164,5.599804319654591,3.790557088233603,1
1.3803432793858794,3.885642598589947,2.6316440570289834,1.8889753884812877,1.4890886147407387,2.4129590561293472,0
4.9339520026169525,1.8468364263720254,6.598456032020616,2.979772933860132,4.780109439359055,3.2013612154214885,1
2.0354607456035514,4.2829497350465635,3.20688050355676,2.4731060500730853,2.374052516575514,2.991191978226855,0
3.259959059299921,2.1876669537504325,4.56670972372515,1.4359930467296362,2.756620380314087,2.214497535154296,3
4.499745505502606,1.3402033713464552,6.403283620780812,3.1147169712880087,4.73926056678415,2.152749320073985,1
4.818567512824166,1.1847610815713816,6.439325130832856,2.7334235560288676,4.554012523468949,2.910060577652808,1
1.6615124269054455,3.8479240092782527,2.5942133964435974,2.01453361436298,1.3484059886198725,2.3852471350255056,4
1.7851329319549472,5.214233600510608,2.5800822131474765,3.3754441413326775,2.625391724662607,3.5035619819475587,0
3.495782340234457,2.4079914290485003,4.689327863606619,1.8634454346547493,2.9269978441357662,2.449665353268814,3
2.6187495866332,2.1376580955236464,4.4571859289076,1.885486418068282,2.957240744318698,0.630892622344501,5
4.909092893458078,2.341245213285834,6.7254994467691755,3.381099843523396,5.067541611270342,3.176660065658019,1
3.0538991790269385,2.6347808728260484,4.714074588335111,2.4464043821038994,3.336774558115814,1.6929093417443222,5
2.8871061411398795,2.8107514718318214,4.818776248791137,2.3695802061899265,3.509195366829379,1.8651447346293726,5
2.1808636205256557,4.8434166616621175,1.9655465797854914,2.6757672239476373,1.2584347794348987,3.5944880952319234,4
1.9812604443450703,3.821715887489796,2.6191606821637947,1.6504059266935085,0.9842279952653475,2.760184837563122,4
1.7129561192906364,5.178971795620918,2.515392381209605,3.3331749809513433,2.5481905787811,3.4256927317068153,0
2.0188268458057035,2.819950441267053,3.4169566357419225,1.3118722665445355,1.781992204178624,1.5498949824674901,3
2.079609479252525,3.8968303374986912,2.722778241501727,1.7839667160713273,1.2461162260084853,2.8474155479232346,4
1.1673074918308761,4.902061612422058,1.8739933787523153,3.025501689157667,1.8843686306260483,3.026837041968963,0
1.4612090202552084,4.055157325808996,2.8047182996494664,2.4937013666701673,2.041315518736778,2.2587181855114338,0
3.141109472911155,1.9698966088032301,4.477622631487625,1.122087141370901,2.5846326771711996,1.9759674463410188,3
1.3729431828172678,3.97488515871845,2.690541613224558,2.4167607146598833,1.8690994682524873,2.143057022077994,0
1.7050876982316745,4.122863691037337,2.9006857208524215,2.6310415060867824,2.167416208489796,2.407195554277038,0
5.031031479182964,1.6342547824417286,6.528666996332874,3.050735733955454,4.676254717764444,3.1278865280836667,1
2.6010064142099276,2.228181757908611,4.5007592891016195,1.9014873448577327,3.0337950121628334,0.879634515329988,5
2.0878425562689236,5.723244015640655,0.821878944820508,3.599824603468933,1.812541578613953,4.0811339640420625,2
3.9594258337956814,1.2199324513872305,5.440196016013706,1.8463738507207064,3.53851092991351,2.2618562384640044,1
2.6455393050898035,5.783348473486686,1.3672983415908808,3.593927294611558,1.812820073999333,4.409705149246831,2
1.249986592655209,3.997754236080421,2.7152948525098837,2.3832497766042167,1.9276407905859079,2.1579572808775955,0
1.7308742112521505,3.9254094338817667,2.705940600994198,2.100720872839324,1.5642019976429447,2.4829653993711203,4
1.0307933115768342,4.855319816423113,1.7458757904766025,2.9667567507344916,1.7563515588646832,2.959676371924174,0
1.3452884325685663,3.836081586361889,2.5807926696184973,1.8379401661025594,1.3566404226302804,2.345856062400012,0
2.29684745139262,3.898433094411914,2.7421035606495305,1.9578810760569663,1.2190123814493536,2.876037686534697,4
1.2624037264346881,3.8492219385422164,2.5932704305126513,1.806553480127112,1.4007215823142225,2.342806150475608,0
2.8911895206709715,2.292886194585016,4.595921094237193,1.652829374213291,2.9825350331290177,1.739446391084391,3
2.3743035432891375,6.1478359353732115,2.314059866497057,4.183043531474103,3.0405348402301735,4.392559165234895,2
3.22790274182399,2.075269427919274,4.52814150996129,1.3303791440570862,2.665590958520461,2.0901725519093675,3
1.8742813515599774,4.037706656019992,2.8749020506150376,2.245077288808696,1.8512396003676792,2.652454330204369,4
1.7539885837999107,2.6923414972047333,3.3197766434338845,0.9033153081002264,1.5860366036751032,1.2829492724641256,3
4.935649172082241,1.3011141091481941,6.4558670998039025,2.889564579299957,4.57047523257392,2.9725176730689578,1
2.0185946330046156,2.818851587915937,3.416084164800364,1.3113386040624508,1.779563804743401,1.558160960703749,3
1.6850201041497093,4.829978183628391,1.8231086024790883,2.805624537670845,1.4672431397224828,3.2708390962904352,4
2.6262104520698166,4.122695469767336,3.0469281534246937,2.346362914080192,1.8200315065061183,3.1615933218354813,4
1.697627182714826,4.074651612199831,2.9273392588536122,2.1700371286651703,1.9556449769539264,2.69292450050673,0
2.7474087891526655,3.381365793796935,3.9651457023845897,1.7700398054775748,2.490509670009741,2.769870008510937,3
3.4946055981934734,2.491926868246907,4.727678439158988,1.899502885071372,2.9949568112475196,2.482738956011883,3
2.5046624766019034,2.9115278277754384,3.5639204179040864,1.1483815235646606,1.7493153409587876,2.242512088601998,3
5.595983600420149,1.6607109878769184,7.371170118423982,3.7998748460420937,5.564097407595973,3.3610877095349045,1
1.8619602975762224,2.879294455873672,3.483557819762354,1.1866442169998832,1.914432025374385,1.6148172071959026,3
1.384532157886853,4.004890708096524,2.743792185657772,2.436340191702993,1.9434851454121584,2.1922437257124314,0
2.7786706557571903,6.001465252667206,2.020782190841122,4.035233988889911,2.5658906592308712,4.458545667603851,2
3.329907412966501,2.555898462147342,4.763278635604971,1.714085200919748,3.0795226655372945,2.5184209981219587,3
2.906114703734196,2.443525239680208,4.618896681053829,2.2555135469043006,3.182249948238944,1.3448382436280284,5
3.8983500366044463,1.6918860583936135,5.523036895309299,2.361399783316497,3.8211855994304806,2.103826625189659,1
3.8837146462416574,1.6144456591849303,5.501737988840035,2.3277810375539887,3.785326769529989,2.0441747001543575,1
4.82448007439407,2.1213556976539825,6.618533811384885,3.553980391964661,5.013396252467369,2.71209552049506,1
3.6593364016662493,1.900408229275696,5.5530776591616355,2.579983498439798,4.010952165353229,1.7015969252582086,5
3.2067608966612977,2.2490477774368647,4.607750084367061,1.3858500036540693,2.8165581435074514,2.2174686083343778,3
1.9504325348322706,3.872045205313574,2.7062427666314144,1.6612320118328923,1.201519823943105,2.8117281003347387,4
4.042926728100072,1.6118484384081329,5.547976191077137,2.0554456535900507,3.6969316572857815,2.457777551217613,1
3.7496933151981744,1.9568898889143627,5.5629469601071975,2.6789054198674376,4.031035077663883,1.787460464247186,5
2.480384719182487,2.9841215705312494,3.6217820675111034,1.1751351681931506,1.8758262962955823,2.314004179314969,3
2.939913155355198,2.0586010322159423,4.476845117732162,1.6138035709693304,2.7755313520100864,1.4712816068861239,5
3.759473050239779,1.456190817016898,5.464080023714768,2.151364783790828,3.723109717215498,1.853092872740834,1
4.213750165585375,2.2573660558220325,5.765297562776424,2.443305499411098,4.039228772819579,2.8954291967540478,1
2.892711074411812,3.4964187489074074,4.063165275290387,1.9860701585699436,2.6439543474064524,2.9196227460972604,3
1.7825157855852403,3.908968336959022,2.664607366176344,2.1206379629288037,1.5050546916917316,2.489790323997477,4
1.8259242307485088,4.926778231698881,2.0772390002765944,2.917791572753716,1.7715941817269565,3.3871460061693113,4
2.6560846667144347,2.291325721298164,4.534336541200471,1.9760865643727366,3.0791775922112636,0.9634225054786227,5
3.048529933911777,2.2641739184592375,4.558951622115423,1.8264861785570594,2.9275709073404848,1.7456664267780062,5
1.7369565794423727,3.912477402090846,2.6770649014539756,2.097022416133827,1.5217347781815607,2.4779034971936107,4
2.9727494321063723,2.5611026159078856,4.683441271924963,2.3525539917174263,3.280090889764573,1.5193877188987508,5
2.8532438237002076,5.89420359123511,1.7350166195522265,3.7556949333404903,2.137841273473155,4.55413906299915,2
2.5070127602955137,5.930097847456735,1.8027815354181471,3.8774808179215294,2.4068656802777975,4.3455106024793055,2
4.649907408084802,1.116848935710139,6.387691373352868,2.8986003240236813,4.603591139229022,2.5024081594674246,1
4.56816677925244,0.7165049216182162,6.331692359015217,2.7664971611496307,4.524163090127649,2.345235240614836,1
3.2066655955240546,2.068952134628541,4.517480892866622,1.2909129095064826,2.6621267417708423,2.098401230960673,3
2.527424802368389,2.1996723297579703,4.4896779039951715,1.821091118543574,3.0193195931906476,0.76699381567351,5
2.0683748801516586,4.973144566120332,2.1349182421495527,3.050620139010974,1.8678201598423843,3.472629831652922,4
2.584088730351371,2.9359933867000847,3.58356898745958,1.2816408651873195,1.7796261939314464,2.2915017293504336,3
2.6399508588889478,2.2980215871970358,4.531956796309596,1.9629769356850244,3.087530638855043,1.0449220575091545,5
1.9134632201027573,5.295148419218121,2.7586678280530816,3.462533147921933,2.7926104920567822,3.603108794212148,0
0.7931635255696414,4.856844196235675,1.7506674142642684,2.917298940184691,1.7751126227987704,2.950867436360209,0
1.4728410940611818,3.9915859064177988,2.7905618809866954,2.001975357305784,1.7721661059422416,2.563599314814142,0
1.4553035840540176,4.898692305865654,1.9779603177622942,2.754585037666086,1.7252115633078349,3.3453570515703435,0
1.8721035439354425,3.2430748456647285,3.7344560733553385,2.0527246498552105,2.5675014354713643,1.5972037028643349,5
2.2291248760583016,4.078735093250673,2.996083840946189,2.0190179245569206,1.7735249281753893,3.0824331073768323,4
2.1113876224097643,4.99332646429514,2.231123288581161,3.0795045860544077,1.9425718284562683,3.5058032179380025,4
3.8050344892269337,1.4239633045307454,5.451124540645276,2.1965328512107436,3.7078948312535442,1.8924850901917423,1
1.77525188883422,3.904071385330547,2.66313046553844,2.1122815165627418,1.498255756754702,2.4652602171622022,4
2.5352299168694037,3.09227015549498,3.714432307604142,1.3301822669476853,2.060802926588883,2.430177805620124,3
1.5656639665342182,4.085209554196781,2.866055973667607,2.5507923705929665,2.10912275160964,2.3302019900546136,0
2.023337226419776,5.805120338008993,1.28559058172974,3.6151716575469672,2.0977435596755565,4.17372481562086,2
1.7500074991994454,4.820268306217661,1.7870488809006613,2.8281297120602895,1.4138678719630764,3.258031434576523,4
3.994885941912491,1.5238061170854047,5.508028120037983,1.9659727813261179,3.6608457077737806,2.4226955399248666,1
2.8248036582525775,1.8890836293740583,4.392098207524023,1.3919675565387748,2.649880931234933,1.236400335375364,5
2.4390759005890965,5.861632362279298,1.4861316969394451,3.8147644987734575,2.2093104664083034,4.282333509208065,2
3.6545335280242575,1.861508793074473,5.545579152573205,2.566866411183493,3.991088701784134,1.640323979827751,5
1.3950081378975356,4.963701327109662,2.007242580482686,3.1202983735226058,2.044036566954339,3.148140282489019,0
2.1433024364506426,2.9689863959578964,3.5327628537256883,1.5323968424915588,2.0171048686485595,1.8060908142794483,3
3.9690574718652916,2.693134090731258,5.873908326444802,3.068016054323918,4.46332105021495,2.5225496590934617,5
4.857997793920281,1.4282317808598097,6.494326085066432,2.8177355774952457,4.625659641782605,2.993632527568076,1
1.0701617506415049,4.725710116897405,1.5107497477315448,2.529824936284014,1.1051007532069512,3.093347032085369,0
2.7501725479401515,2.3284428933270886,4.557864674798265,2.0760297443755236,3.1002984440853227,1.0642049180358657,5
4.223353629874259,2.327241093571096,5.787321115165898,2.475629514424497,4.080110242227954,2.9584041117782753,1
2.4729604506628777,5.732840688990739,1.1202233241073445,3.482432489420107,1.6549058570172923,4.342420273874636,2
3.345321205555199,6.790586571995674,1.571392238741605,4.566095649703562,2.7838774519710756,5.352472986381825,2
5.046861943171755,1.7543277758512468,6.57523001454767,3.088635962107243,4.7293689640784775,3.191004478384139,1
2.580223329358013,2.1410082267065427,4.4617824704919355,1.8496673878741277,2.9658287756545985,0.6267991110899499,5
1.2300348966291028,5.024571574795142,2.185130576349052,3.1045368853466986,2.216575559426914,3.1971339019032694,0
2.8669119390938964,2.6132377094119175,4.710520880795143,2.281521487320816,3.331794672992075,1.5439850689532977,5
1.3916066623674088,3.952518104492838,2.734326629635844,1.936561340139709,1.680946838711467,2.515619093018272,0
2.2191347512270414,3.3044301012628745,3.7744691323030244,2.3019981631039927,2.6270852433041982,1.815387996300066,5
3.810844481555876,1.4929397607687287,5.466920238254753,2.21850748014152,3.7339756645875335,1.8999982154046484,1
1.8067233912505158,2.7980537885166354,3.4127475660759905,1.0617367556987771,1.775173796067799,1.4537040815031939,3
2.318980031524609,4.947724744379324,2.192289262301642,2.8099408599830116,1.636127346820472,3.7350456961383576,4
1.4575480953378999,4.946000558131261,1.969504542844037,3.1316070936259557,1.9865842612845663,3.111765301377096,0
4.733222533024975,1.3902781506170854,6.438946437406292,3.025138974334799,4.675609853605474,2.6229932002261096,1
3.587071694110677,1.1814844909332267,5.394407746713489,1.8789409465260793,3.634294836838662,1.6466234298540667,1
3.5226289320046353,1.5703251196779258,5.448078814389791,2.370823313311372,3.8628791241293663,1.303224001345545,5
3.1305098927185417,2.2902780550404156,4.578306930215673,1.9252947716541555,2.9498648223152752,1.8087642641643107,5
2.2714382606487438,4.08438893752743,2.995891094096767,2.054975261393835,1.775019610614441,3.073055372237174,4
2.906557095719029,2.0779141415240954,4.486618378479005,1.5787599591568702,2.7987070426728784,1.500017357278352,5
2.543760508884318,3.221542223101869,3.762269122811169,2.031445880496665,2.367960462545061,2.169609544120267,3
2.864401713025462,2.579055605696046,4.697451361684283,2.2660126545693684,3.306295069885819,1.4980809891083655,5
2.7606313496261197,1.9808537436460134,4.432425337394875,1.34581766062746,2.7276968442223386,1.3271761109776858,5
1.1004686195413393,3.765932864095201,2.4506299998436245,1.6738249181985454,1.1321374703842715,2.225079684061876,0
4.80230343164418,1.5694328935676982,6.48238097831442,3.1264876921067484,4.729739577938041,2.7381638241717616,1
2.2286914465946777,3.9297271384761534,2.7616028796045113,1.9241044900037445,1.3263911658640533,2.9065319789435513,4
4.693832998864439,1.7930089055120972,6.512521376308971,3.372738730403779,4.880228287806708,2.467609291327878,1
1.3460496543276457,5.01599249840225,2.1775967000944116,3.1325293296875225,2.1912740142629605,3.193454819768181,0
2.610969839201767,3.542348018631096,4.046702210474668,2.245037837839153,2.836524898600101,2.602222159114449,3
1.7136168401016836,4.801091667901217,1.7176142844768407,2.801660909962233,1.346926704819226,3.244601195313513,4
2.2687710028473425,3.0580344544373603,3.6392401871485327,1.7028964021644828,2.1541290818399546,1.936806470403316,3
2.751792503658079,5.061445558122801,2.453682439370989,3.1239888640209954,1.9226562194845875,3.90256649367143,4
2.0811955137832356,2.9677923125884513,3.5469097758303927,1.4695370536929573,2.034359004944734,1.7948648619219758,3
3.2164887249247194,3.1856080792797403,5.057665214307096,2.7757312793590487,3.82098117623806,2.379733827728034,5
2.106391991950178,3.9236627514635605,2.7865930252013085,1.8217436584307065,1.3520174091100698,2.882563994138184,4
1.7861062302885624,4.143721429750629,2.909694322613957,2.675972578839769,2.205838253329592,2.463673280096483,0
3.563196595752359,1.52509605346196,5.4338189701275565,2.4023137379548594,3.8389906549603743,1.297442277446706,5
2.599307242939132,5.885859523563935,1.7679873069442362,3.623002780943559,2.162512588429035,4.5222991166023245,2
1.7177785193693043,4.197682403455504,3.0204966517840885,2.6739209477794397,2.3228559975473315,2.4847904461429784,0
4.166560780097504,2.1497394543900366,5.725803749079105,2.3558062371417807,3.9802535073082215,2.836195912005071,1
5.031859930947144,1.7270968495059973,6.561297582621782,3.068577259856041,4.7148400939391095,3.1798324097389443,1
1.4013511823987315,4.158862072877999,2.9694075595644303,2.5230012386873155,2.277103800235391,2.429452027712503,0
4.674065899594415,1.8030634086584425,6.506036842915456,3.354309572061889,4.887026093839414,2.4779073783879912,1
3.4711877383911753,2.468570115219504,4.729442174798647,1.8582243929318993,2.9850576879853907,2.4557935109445386,3
3.2852135056826177,2.0955065855242268,4.532680394134721,1.4325580291346995,2.6736748308852825,2.1352430018016975,3
2.403200430350608,4.0948003013797765,3.01089515783138,2.159762292888577,1.7880185029115643,3.10610489535498,4
2.7851890140343674,2.419442303825155,4.596350834028568,2.1405211477856474,3.170393395299958,1.274101616091114,5
2.8816511085368184,2.5922456481452945,4.687902565603055,2.2870964220930246,3.3083687691390824,1.5515421672997265,5
3.8878240389240784,2.1322002697897533,5.646361240457391,2.8521285960724296,4.11501545945029,1.9521176174691892,5
3.253420529573131,2.06002019877243,4.51724293957805,1.3675604007555564,2.6426936021047904,2.080697484757013,3
2.1635222476112075,3.2698344572382108,3.7438607315715147,2.25229801256221,2.575760049197051,1.7416917500841322,5
1.584945043993421,3.013294537156853,3.5253435973716676,1.7535799844724573,2.2593805071245425,1.1183543745538234,5
2.7418100544802892,3.2329242185651745,3.838388002597091,1.674372245929036,2.2571350677940227,2.597121063150692,3
4.794318695530966,0.8670133144796982,6.387778855357082,2.6664148647571557,4.4744620713141385,2.799169802569915,1
2.625078825756265,2.2789452431039625,4.519529072551096,1.9432670794759572,3.069351279552484,0.9647442175339308,5
2.1925973276669,3.4843623692345562,3.935300244861501,2.370419226094526,2.8702902586902685,2.0602893617753164,5
2.3615242371598524,4.8811983443333835,2.030819035606179,2.798333760403113,1.3758867671554156,3.652931467884382,4
3.143944629634552,1.956215443593979,4.471245025819082,1.1191361368056845,2.5742404826811085,1.9795557700867348,3
1.574054802966295,4.773854053670374,1.6186552409821586,2.7299017737989795,1.2491728728555653,3.1913043284353693,4
3.18342526125256,2.152858895894851,4.565154516877083,1.2988203223892139,2.7353567462239607,2.147668043678241,3
2.860868473185875,6.866255873128197,1.6424625001602695,4.823130974531577,3.1911985291358627,5.0298296543281165,2
5.529617669249255,1.9187863694029326,7.404772505660139,4.036492192408033,5.704998070787886,3.1711150509101995,1
1.8511584056126267,5.72182813139541,0.8567651091629341,3.508853999808118,1.8455855966945989,4.059950132102301,2
3.305259946013489,6.755520989158031,1.4505775021852487,4.530176457058863,2.6927070293553483,5.301566626755181,2
2.559613210957214,3.0144142998047694,3.6398607977693707,1.3056575342516656,1.9191116042287035,2.354049772931253,3
2.276930436169269,4.952572506933684,2.179772511298887,2.7904991763292197,1.6442679471638764,3.7340491453841818,4
1.7225174907866057,3.9528379416250643,2.7342370770530158,2.111980478865255,1.6407996144690689,2.552213478348154,4
5.0270515004357685,2.0110698801235567,6.637482035637921,3.1174994820787365,4.837968572042062,3.3072236111305715,1
2.7988950131092483,4.214325866448351,3.1520990226694376,2.5266003172598817,2.0138256002000903,3.3139934671328204,4
3.611801465272348,1.244477384333453,5.4065999742896995,1.9230098655477472,3.6557955101721866,1.7107399262882075,1
1.9467968542576284,2.7951440391533873,3.3997764500871273,1.2159561716397473,1.752373136063793,1.5100402855599229,3
3.9267155181832476,1.1901100666714406,5.433244956019604,1.7913309871126755,3.5318356970471894,2.2393219926893524,1
3.543509386944762,1.6762361093784701,5.479328160411566,2.4138611901714544,3.912304070316238,1.4519238077787133,5
4.018010974310092,1.377383131114697,5.475230230598097,1.9641439887165408,3.5934070852548765,2.33536663681115,1
2.046588563270871,4.794817757776016,1.8153973856415977,2.5734827307274792,1.0532601251924236,3.5321956497826825,4
1.6714861310068707,5.12115470155782,2.3982297130019026,3.291075437775813,2.414738407397062,3.3477265692193106,0
1.158591047719858,3.8177962966025905,2.527006177257265,1.7353775753400646,1.3116754516825677,2.3157535655707044,0
2.3350527418013507,5.894913388106765,1.6209479832062599,3.7869885513829322,2.3162210569209236,4.305105576240613,2
4.231819296881306,2.113908514964866,5.7156867909202065,2.425453060908559,3.9487274137124904,2.8234029918141577,1
1.6195629164359144,4.0836082935216735,2.840780823097824,2.573729464320903,2.0896063257887274,2.3195302755469944,0
2.562313047590565,5.789108146754589,1.3518403638811591,3.5549845088998304,1.8438076034332818,4.4120076113215925,2
3.473406627231092,1.5392179727914423,5.446722124775706,2.313978211158077,3.8566053298484473,1.249652824499163,5
1.8169970586742064,5.041239604647753,2.1965968352101704,3.3025684947016507,2.2117809927879217,3.2768149141426495,0
3.8749599010604308,1.9438469400594465,5.621702713409934,2.398694387686311,3.95484607798226,2.2428953608654054,1
2.372250435417099,5.839475440950981,1.4511703581021484,3.7755057755651857,2.153972924000584,4.227530250098947,2
3.639256693309983,1.9952000426062504,5.586126635796104,2.5832853912016547,4.063428628066488,1.7631546227992787,5
4.602403068787707,1.0506180384933212,6.383552394166566,2.8380536238554166,4.594442672312109,2.4632139285447314,1
2.1746638937870792,4.932656843574359,2.1422103801471555,2.7225371529747266,1.5964835644385684,3.702500402287167,4
2.0363090870083944,3.84699665972641,2.6627638879398163,1.7123922275238623,1.084191895855138,2.781404447536259,4
2.166684046342283,3.9085809651987167,2.737539784496944,1.8605888072325576,1.2712087575368185,2.867120101152116,4
2.360667502346136,4.99634812943539,2.290712446492585,2.8615728841520665,1.7799360690845307,3.8015878979437097,4
3.8101627182954787,1.5613148954072809,5.486269964647683,2.2332297860609867,3.763817178871752,1.9400216387408464,1
1.8115084136071453,5.231633037053937,2.605139481530483,3.3934560336852675,2.659529994660682,3.524413323999488,0
2.125156268204671,3.251016327093847,3.715144079916279,2.2166156343160144,2.55416283277829,1.7112012997161348,5
2.397932781498665,4.184793360091877,3.128067528973863,2.2107926750942037,2.0052347264653223,3.2264579928455857,4
1.782630427982565,3.914736564618757,2.6693669001982743,2.124117766720586,1.5194327479095637,2.4916130282358937,4
4.113093061008238,1.5508325883940104,5.529745403759501,2.133077967491664,3.66094045111229,2.4567906445778966,1
4.041447136603226,1.488171581689279,5.499023028386653,2.0229272288419318,3.636023030748901,2.4094918907988805,1
1.0609757863899576,3.7126873608061466,2.365751750115684,1.6172766421977594,0.9235082338986436,2.1559081395412845,4
3.738943741239294,1.2221839841257747,5.393228632099896,2.077771991033793,3.630661818225013,1.7434157039319946,1
2.7883927815942444,6.703372090010613,0.9881374866627266,4.49549147580235,2.7071524394132727,5.025353863392552,2
3.5545242578147263,6.926050127404027,2.0789722883044637,4.73637465997936,3.101488567799745,5.507766987582862,2
3.9467957697777956,1.3552424982168134,5.472463949228975,1.8571433355964935,3.5959246997719867,2.325838099868459,1
4.235081485942067,1.9236180400598208,5.641024108681099,2.3765489220847855,3.8406482319154014,2.7187887659216043,1
1.1560607198721076,4.915481326359555,1.8978619267973342,3.0286446737991923,1.9259152258339287,3.0498997198537285,0
3.421174460899698,2.685467331967893,4.846022256266915,1.8908925195043964,3.1922574374022417,2.6442562902455773,3
5.096982672854639,2.1599453778675124,6.6988840390366216,3.223737798073176,4.90694082218166,3.391465928930309,1
4.04935571470601,1.5797320497312637,5.539215993064971,2.056049925873208,3.6812407679544106,2.4471575757988195,1
2.8273991549938744,2.0808913245915495,4.488615829466756,1.4813768062364685,2.805895098931398,1.4711546625840364,5
2.033473006667627,4.2321327862537474,3.0508475312364536,2.8349546240590526,2.369918529454393,2.6122532577669277,0
4.593869819481316,2.0024043246468923,6.576876405537205,3.3143221099451963,4.985012463038621,2.5784639697147838,1
2.8106532654334466,2.0652453583767896,4.483984810723321,1.4501403912807949,2.799827606069032,1.4555101940191981,3
2.767592502879202,5.924326225392006,1.8874138316585154,3.727674788801913,2.245142814659624,4.567543566162842,2
3.993378025197735,1.8483215084226408,5.5798217264530185,2.504407823972239,3.887200328717367,2.1888901192084624,1
3.9170503655546693,2.1799831976715023,5.644420094379095,2.888397747753456,4.139719348264211,2.045845795293586,5
1.2903299817405403,4.735129056085969,1.5127376357558617,2.604014449693916,1.117599368315532,3.1175951198337915,4
2.4072597216650804,3.409021165196806,3.8854743303035733,2.474574173692811,2.754913118051982,1.987332988117095,5
3.4858218765927114,2.4349086833910936,4.699461528735702,1.865138670073532,2.943465761061676,2.4397346586280357,3
3.5437569412758667,2.551651415351813,4.749367571577637,1.9846769241645985,3.042225087673519,2.5682698478440273,3
1.0050173766499455,4.915851652566041,1.9255900801784556,2.992510578201358,1.9393397195389785,3.0436449205428193,0
1.2466555002621529,3.864387578103542,2.6175010561388787,1.8084361342917832,1.453158933471713,2.369330862801202,0
1.4724372385929225,4.042896226210205,2.778896113677294,2.491037464665769,2.014379477853051,2.2472824940167446,0
1.0488800945997878,4.960604949206045,2.0376924508397942,3.025803490748187,2.0612314046773434,3.107457276887914,0
2.0257850379693614,5.743602051832847,0.9355374904538943,3.5851248709930132,1.8939853453309505,4.1055930929244875,2
5.064545005923072,1.6745425318082672,6.545834731423412,3.0942962918858217,4.692795764097226,3.171951073284078,1
5.670636219791229,1.7476746321856225,7.392822913851368,3.8866970377610075,5.585429379154717,3.407688305167088,1
1.9411459459538951,2.9861772717443236,3.577015097629062,1.3470450833981644,2.0809523527402143,1.7827911425477152,3
4.799635988282366,1.6222485222943601,6.4907662568620195,3.130567913821292,4.751871500114237,2.760507382515218,1
2.825653109780575,6.857909281817667,1.6101561221915677,4.804909676999855,3.1768542125766626,5.0230007579032065,2
3.5994913762561147,1.6731477966400745,5.482527693082694,2.469709303429655,3.904879924081129,1.4639503712568498,5
2.8710408614416867,1.9875320393276705,4.429251470624306,1.49741461891239,2.719532682083119,1.3920478207371978,5
2.344105165229974,4.954253739611395,2.1898295443113795,2.8298775020647984,1.6354622402841867,3.7320212920566855,4
2.243296126878771,4.86280598360539,1.979755353241762,2.720070944071467,1.3284228795083404,3.6293707751507003,4
1.5710332037826535,3.8316339266430335,2.5525158305919575,1.9533786106879554,1.3077909729437778,2.378958378422925,4
1.8390625916560075,3.060916320387184,3.576164172984338,1.9399614951316893,2.3100065914661827,1.2831462987024504,5
3.0727652773947676,3.0193330689245474,4.941368628007752,2.599708640559239,3.678793018872959,2.1708401528864925,5
1.5225381738537231,4.067268855644357,2.83169798580046,2.524745765722627,2.0658919075818685,2.2803531178375582,0
1.6618080334047132,2.9950668429269625,3.5045470889543986,1.7916671627602299,2.225293034554234,1.1242467081746048,5
1.72040405740998,3.1024267963123946,3.6119919247364956,1.8845205199837016,2.384188704883547,1.3325696581230917,5
1.5622596663711465,2.964490776915757,3.482251254848459,1.7135036070649392,2.1864027836055997,1.0156497405996996,5
2.760832842195312,6.699586713955383,0.95807490551459,4.481881293164536,2.7003270885636197,5.016327271475038,2
2.467297542763587,4.963280286536693,2.2092134315874388,2.9042055437943146,1.654689555562028,3.777055221297845,4
2.4454237982258067,4.929049933395684,2.174134009019562,2.873789047845894,1.5443987734090177,3.708975872770826,4
3.317281124991563,2.4456665237434674,4.719177846253151,1.645369981101519,2.983204948965873,2.4072060594404032,3
4.7120622218762245,1.5563233713592095,6.484037411291946,3.027580784291817,4.740447851745644,2.720002034303513,1
1.6147614074151333,4.854823001722162,1.857970831711289,2.791263318081173,1.556300140262865,3.307125712900951,4
3.88705391655485,2.1425428718723016,5.644087353416917,2.852005739293217,4.123400784876725,1.9649665585326046,5
2.8669243477598276,2.698618847026775,4.753744791625612,2.310965362185474,3.4115075895103897,1.7300558459374726,5
3.8878240389240784,2.1322002697897533,5.646361240457391,2.8521285960724296,4.11501545945029,1.9521176174691892,5
2.0912004631090766,4.783508303366427,1.7977982085668376,2.5901837738718645,0.996473625302451,3.5194801845047836,4
1.3928348000632558,4.163090669475407,2.9606774798348345,2.5207341156132457,2.2863809290897215,2.433457417338516,0
2.1700216833611363,5.251747815521488,2.6811856390074857,3.5447009179563245,2.6732479727159077,3.5457327235855884,0
2.018979146392832,4.97008503146196,2.1190461904523668,3.0238559603563675,1.8772051213269856,3.478645328661478,4
2.512663020886925,2.867633642054389,3.5250342464871185,1.1263168642400845,1.661159049705892,2.1988043458085267,3
2.9772173114525478,6.882617981705455,1.7244596480427512,4.878007911874341,3.2217413164006983,5.063736963272188,2
2.337668149152056,2.788473095621385,3.45962104219256,0.7405977821024028,1.5331555782508,2.0773324617005606,3
2.310392111038427,4.873092822988084,2.036449598860334,2.7655899439599736,1.3554606287338564,3.64132111089183,4
1.9354783530801294,2.87607455696467,3.4874365452444485,1.2636413955237276,1.8993706983293008,1.6116737037748903,3
3.9220239365074825,1.1572061494351162,5.427807346925366,1.7789172540897809,3.5179939443787602,2.213211222895757,1
2.332393728862932,4.929850996862943,2.137420343392847,2.8087857713181825,1.5591958698478614,3.703046522399491,4
3.2991163766780973,2.190592017095604,4.58628355556336,1.5003585313567682,2.7538755229823755,2.2020880582732993,3
2.346903212962587,3.951828479437189,2.8250622996530965,2.031464323501086,1.3888014029265459,2.939118530320045,4
3.790627179724627,7.705911883576856,1.8553050290516255,5.509675156200836,3.671363661951034,6.012472132138327,2
1.6017661062556394,3.846925086331393,2.5933876134506817,1.979578493739099,1.3587436585920099,2.3790891064275703,4
1.8712187023348,2.866189817207362,3.454987109409902,1.1868432891775589,1.8837606899074604,1.6033321914271015,3
2.3051031468404988,3.373145524328261,3.84811376251237,2.3914786519212745,2.7109978424463543,1.8772078788776811,5
4.110134876654676,1.7050358692863294,5.559179495983029,2.166589472781057,3.731339303301271,2.5459826433208677,1
1.9419036421362288,5.86122049838235,1.3823406126172344,3.889853256120927,2.371116300414304,4.009497628947964,2
2.5898270141679993,2.9639761201373025,3.6134638992129493,1.3122913589956395,1.8252689623000449,2.303683660418696,3
2.641221975643844,2.2166112143453067,4.489786753187936,1.934204938021727,3.0194050908274908,0.8573490925619547,5
2.212613026207137,5.939552834896936,1.663018451355081,4.0229799044067684,2.556947075687833,4.137467731873676,2
2.2945240721679108,3.3154664231791506,3.799568979904462,2.359424166527241,2.6303742611215326,1.7917538046769454,5
2.8577912768869163,6.706660411113586,1.007996888927429,4.526869593274938,2.7066494756174677,5.033829814395564,2
3.9578810747004844,1.3536983284211812,5.473217092194597,1.8728275679917068,3.5935853567982274,2.3112182384334896,1
3.697441725335981,1.4541682340574467,5.458714858535582,2.076114437523936,3.7284525223079483,1.847947961172357,1
2.0184832116458353,3.8845312734228172,2.724458042013919,1.7242617924003656,1.235100988659724,2.8304913049457903,4
1.9044328569192714,2.9937603337544694,3.569939454809434,1.3158665066434865,2.093101809226447,1.7968817102606198,3
2.673569709412898,3.0290907462279484,3.645282713916303,1.464262497383962,1.9216624537818436,2.4002395614211043,3
2.767538960479636,5.839125451637074,1.5669564274621444,3.6840615920591704,1.9815595899352487,4.4928110952564415,2
2.176465564790814,3.1068020128493132,3.6786676349233285,1.6473006726719859,2.241989288199233,1.9927675351836325,3
2.8058430287174003,5.889838412495578,1.7360916657684458,3.7280264000520074,2.140631408571123,4.548212760599175,2
2.5800321597797717,5.206912202469062,2.745919289953478,3.100052879135828,2.3375507627706003,4.041013612185838,4
2.2502714995823223,3.0053336889008953,3.562275647425729,1.6543001478495367,2.063764583117254,1.8754043606808166,3
3.4752866733546464,2.550732634189315,4.775706992497654,1.8975920908360255,3.0629891198817414,2.529788935755685,3
4.645259877244038,0.901627252057312,6.356096615568416,2.8692246578631413,4.55228300259822,2.4125642155078433,1
3.1853671462314628,2.072491379595293,4.516928001417519,1.2596582435722885,2.6612760468718855,2.077801006719466,3
2.6556113444909957,3.2182122576698253,3.832087639322239,1.5662101490243037,2.2501820455452304,2.57336838877808,3
1.7168184943957427,4.878229473184892,1.9143350089256075,2.84601247125997,1.6160781977502456,3.3236349825456424,4
4.8074303234266305,1.5341577985609174,6.474478124672962,3.1261212044592024,4.7168966665864405,2.7256084358438617,1
3.819764396897991,1.4211164726065562,5.45031403821873,2.2130817507112925,3.7051791934649003,1.8882994200944874,1
4.773763928411416,1.4339203675332468,6.452952104923073,3.075367859799098,4.6860107639073565,2.66825245435917,1
4.866362525233853,1.7913542841485333,6.535553776986815,3.2280336234592863,4.813294707422781,2.8782340177782033,1
1.9120169486676464,5.904664424746161,1.5361489795437453,3.8995441668191972,2.494473680142352,4.0714378407608915,2
1.6001000404346897,5.062791499365329,2.248429296377489,3.2372041594395737,2.2791173620163185,3.2915529338039957,0
2.0362038934163746,3.0070326191854515,3.5691618852344793,1.4542468809279923,2.0929431826597273,1.8398295563251172,3
1.682679414465932,2.9874444242371814,3.5095914230283314,1.8016406841778934,2.213123176415805,1.0764556245584453,5
2.1295903738368285,5.765383253780509,1.0975816165694205,3.638247151004702,1.9486917428363142,4.126842659172922,2
2.0925181057804805,4.040639490749224,2.879448157681322,2.3764291477101214,1.823881621775695,2.678240743129168,4
2.434224852198925,3.715587181882152,4.156852255537168,2.6266208129892834,3.166737286390135,2.4058980510920915,5
2.8928597841019403,2.4552708217340933,4.605713864338761,2.2463750989526674,3.191663262135684,1.3879097743316426,5
3.2014330272429796,1.9857659363932967,4.486557814356655,1.2415959859571373,2.589937275603881,2.0115555020289566,3
1.8234923206387237,5.828754603772004,1.2169478703285117,3.834673119583851,2.2901160808666083,3.9627682170190113,2
2.767825664703825,3.3179602998051267,3.889970771896953,1.752861560740293,2.385442451677727,2.7160967475083244,3
2.7643280187480572,4.2430589606083755,3.21861560957152,2.5178820646873956,2.0828251672070697,3.2962423839954873,4
3.4653632673406674,2.743115817467573,4.867426790232259,1.9690557951066665,3.239825319914552,2.6980600209345655,3
1.4342632455418884,4.0300537717089355,2.7496326701911205,2.4692762925904828,1.9863744769947629,2.245512245835973,0
3.777463141430579,1.4293441963770255,5.454983785120989,2.1662649221783874,3.7102762451158933,1.84013634617606,1
1.1797855063872797,4.066219966914073,2.8070070415194706,2.394547826150138,2.088454500059992,2.2783240032244776,0
2.9594337321600603,2.33775050834671,4.610733434041835,1.7540255941112286,3.006387342800354,1.774855872695719,3
3.7455620203307936,1.2316555922029284,5.402200759132425,2.0869914362345114,3.6367387335787784,1.7447680950983968,1
2.2377312199736115,5.777155354636492,1.1494442579765327,3.6870766119205394,1.9805539893825237,4.163590147554567,2
3.0480121503124886,6.8015360905594235,1.5456276567461344,4.654603707826176,2.940039974691348,5.149592621193946,2
3.7062202648484006,1.8238541949594085,5.520298867192345,2.6076831896093324,3.964556648454125,1.6445807442958282,5
5.602055068921046,2.153449565853214,7.4610870981812205,4.141001328631829,5.787247485317088,3.3194213662205048,1
2.4876558110496836,2.9332607716084076,3.587128594955986,1.1434292197688365,1.7872121471690685,2.2421903895432873,3
1.3715349386088433,4.90610184532279,1.888752668255445,3.0849612566330418,1.8844338050200258,3.0502212397755404,0
3.0296402014945265,5.959102826465073,1.989990542330101,3.8796701533405877,2.3169416412197092,4.642549014545907,2
4.657601653047587,1.662480029111913,6.479370046674555,3.3161234114433182,4.834486885636129,2.382947246784371,1
1.5720640850983123,4.012407134075261,2.8304780693863565,2.065390363391883,1.8200702092962304,2.612985810520531,0
1.5290385213617084,3.0581474519237313,3.5672474631242315,1.744446893457771,2.33105337904289,1.2154282157059053,5
2.8115362139929565,2.4209793341840253,4.589359586330098,2.1623435558966055,3.1719369928429906,1.318662384879966,5
1.7155328227775295,4.922337261967698,2.057687760634948,2.8694832912164148,1.7676889299415381,3.377907369852235,0
1.7580846312815228,3.9173903609337697,2.6727488917398197,2.108519859531664,1.5463988489207436,2.5176334285463824,4
1.6789970899484972,4.819970722241383,1.7398173289329688,2.797419253132471,1.4172816958696164,3.2607883642290054,4
3.8124540479053803,2.0379382037583644,5.597035375903651,2.7590697389171828,4.066390644712505,1.866626850831807,5
2.5107338409335713,3.182909119237157,3.72123496255363,1.9819766664828111,2.315744742011007,2.137884052916919,3
3.168835430979034,2.3963895118730196,4.638077854341186,2.007787549645216,3.0379242768256,1.9079768904249657,5
1.8838919690538691,3.06494461057041,3.572164627803617,1.9707759134678835,2.3096514591823984,1.288174226824303,5
2.1586079817499084,5.865253116618084,1.5176091658412507,3.698776006971992,2.2575651342186656,4.251571407961365,2
1.6134233231309494,3.8861773944444984,2.6435464093338137,2.009731828051158,1.474654991217896,2.4281350991362896,4
1.473242200357176,3.897864761089022,2.664035553527439,1.9418654271689364,1.5284798086602818,2.434559093916643,0
1.2161158744405542,4.0297808930853165,2.784609260083671,2.3873022990607837,2.013809578423271,2.201442143598198,0
1.687011386188259,5.023461286663605,2.1675171156526107,3.2475295718600465,2.17377616402305,3.222559554358411,0
3.2033759661685957,6.045539415533987,2.206325894505461,4.01476925550477,2.5272535221085217,4.768861413919717,2
3.1392100405500942,2.0886059031240594,4.5411419739581635,1.1853092890522232,2.6898138924501054,2.0745292587740183,3
3.832339655755633,1.7184072646858322,5.542165618684343,2.294411898557421,3.8404762218759485,2.049599794053508,1
3.4636819927729734,2.3783067441233676,4.680626831849925,1.8108602339982312,2.90351047342004,2.4052993463863848,3
1.731726588195748,2.7281572397983944,3.347101872873251,0.9087992625410178,1.6533602189387209,1.3385491232013582,3
2.4953437599632093,4.942877584063847,2.175672941195282,2.9093032456656345,1.5824879925155764,3.7385614524344453,4
3.4018192119140602,2.584723832633125,4.776346466684525,1.8217656744387198,3.094597667446497,2.5547600828989583,3
1.6179386074355342,3.929936921810211,2.716988370049098,2.040112913737082,1.5963135099154226,2.4774643395422724,4
2.5064374571405357,3.023678767484073,3.67034327281236,1.2413704559108911,1.9510310074833748,2.3574352196106076,3
3.2314579604673574,2.1677650310390213,4.560329964463919,1.3824002657800298,2.742654292811966,2.1951432526786427,3
2.0594644883329987,2.966500163762137,3.5325809090679483,1.4500800394211673,2.024128535696093,1.7896613294005725,3
2.6170762885920977,3.064258379487521,3.6799194973306126,1.4159948367606148,1.9973167726499184,2.44471507220721,3
3.495661221051742,1.6831948733147237,5.48339988778184,2.367737827459636,3.9198570674407716,1.4181371838675891,5
1.7481508760392348,2.7940246188214806,3.4008286552398026,0.9888653355113516,1.7719545240428838,1.4498231026707744,3
1.9273839204066816,4.301178170535412,3.1299930624703705,2.8194347170615135,2.501285441708689,2.681651712051428,0
2.7186620940964072,3.6224678076857617,4.079646395173415,2.7727110203867436,3.015049751013758,2.3236956650717677,5
5.638404619032512,1.6871162318226691,7.372951873932246,3.846595427932589,5.5654651064357346,3.3771654157614464,1
2.116278744032309,3.3489939887055273,3.8134185281727886,2.255577826965539,2.6995467457294104,1.8672692661433392,5
3.7790485091693844,1.9156853829776417,5.6004779552762045,2.282936546096788,3.949404908542297,2.207029206656144,1
2.6390666395770275,2.2652302979612555,4.51651014078193,1.9518566913095443,3.0561737363139323,0.9329138550308825,5
3.9996950958534545,1.7236257318572603,5.572676001993718,2.024697416146003,3.7582559786163925,2.5207481038843884,1
3.195616558165511,3.157550242310982,5.026133720308985,2.748232461859059,3.7941026812903247,2.332260135719933,5
2.3521782705592638,5.827521922345142,1.4196058112550527,3.760480081989132,2.1266848287092395,4.218214750647727,2
3.728194834211294,2.166149342648413,5.6445283179286445,2.7100390240735273,4.1504102258743485,1.9617804239449566,5
2.7796184321659747,2.164390936435018,4.529301462361641,1.4546491073958299,2.885677813471708,1.5552025481442178,3
2.389033678394775,4.175566077177955,3.061671158141444,2.6262280424611997,2.1069164746102036,2.898852149169139,4
2.9286770903832533,2.7581623208775436,4.7836869680620016,2.3869725845897314,3.4512410108802136,1.783087504928334,5
2.3398001863491706,3.0719640796196366,3.6373006610261505,1.772760390982706,2.1694065645039395,1.9926894491532856,3
5.036509922364009,2.403937863038044,6.746768486814112,3.520234468599371,5.084916821838301,3.2336028960446654,1
2.930438475122221,2.5376043287998122,4.659739763965499,2.3100861713940413,3.255896464613567,1.4886200831044243,5
2.244850884232401,3.050131874081202,3.634007804916601,1.675240205235286,2.14704508647373,1.8994750275250578,3
4.824526132283723,2.5089765673717808,6.74795143498462,3.6332237951515243,5.20727575305669,2.963685383685858,1
3.2589142875254504,2.108211481955877,4.536605924529054,1.39968228658971,2.6823086585634446,2.1191966120450907,3
1.0444540889425837,4.8841773500652765,1.8237519366568458,2.984931661924584,1.8440484864998226,3.0141557330075788,0
2.6693961804172135,4.168972593241687,3.086359234793439,2.4046725044041426,1.920877240539308,3.229783420970835,4
2.439895051591646,3.298527431923425,3.8425911755341042,1.983480745775842,2.498600922323495,2.2379554141606004,3
1.492473568843518,3.8670775733296994,2.621534707450787,1.9346085373576705,1.4286249801431776,2.402926233566185,4
4.031257952221362,2.4061118781146495,5.791447523548153,2.6885336256976013,4.213527804308683,2.6513292187734523,1
1.9472835175219951,4.746363304167836,1.693730992216748,2.490474337390129,0.808241425065014,3.459829450565398,4
1.5881884475716308,4.92904080937599,2.060211238087782,2.820419133709856,1.8111567970890434,3.3884214795820795,0
1.9565000468559905,3.2162139896895465,3.7014733044217656,2.0926019929973183,2.5210153772659782,1.6133633210125824,5
2.3518825260878304,4.968016170996209,2.260124717008916,2.840486937835607,1.6991444282440977,3.7463538858198864,4
3.6746065062076387,1.1703937459678442,5.393437009633234,1.9894035825141927,3.6200001921951674,1.6698610241889982,1
1.3355669941105157,5.013561603645648,2.148829744401657,3.1287716731432567,2.1798875365259076,3.208017049829861,0
2.3563766750509814,4.042089612348,2.9184750322811053,2.094413388498755,1.6390225997716725,3.044476460525356,4
1.7961221060269477,4.852043633272282,1.865093774947725,2.863866188025939,1.5305353518701423,3.316908607509131,4
2.53109754647804,3.0792063315916414,3.6913179489488006,1.3157241943465043,2.034981760035987,2.4389563765144247,3
1.979951963071862,3.155189729534297,3.6454513378426414,2.0762590150347116,2.435812883481711,1.5235252543491606,5
3.088308438205224,2.6960445355660516,4.80886530143243,2.0429982591743587,3.316881226919772,2.2096167115554914,3
1.9600706158397023,3.8766897097009143,2.707601947043133,1.6740828706907742,1.2045327303521125,2.806841951146342,4
2.8764655521068714,3.1837516552511076,3.8002583935066623,1.793576078628092,2.1634645074376726,2.5980849133881527,3
3.655790300840571,2.028798800805642,5.601898760249363,2.6059506349316255,4.085137334345255,1.8293131760152128,5
4.327957632500062,2.854778673811317,5.9614359203860365,3.427814180459246,4.53114202673307,2.705692975768683,5
2.5998920466078874,5.869876213653447,1.672197401862166,3.6153856677877965,2.1048566273635547,4.510273412841911,2
1.7591981203500882,4.84794367730717,1.8596312845319238,2.8452960295215135,1.5251081605358305,3.299822010556333,4
1.7339922029869297,5.881174487903352,1.469917917778307,3.8310949879062273,2.448050462917234,4.01631738900879,2
4.654764842350452,1.863493353098219,6.52217341369041,3.346494886312867,4.914210329382401,2.5165890348682587,1
1.8663086668540456,2.938827471620164,3.530117183342104,1.2387679111398369,2.0056235473728656,1.679952172401248,3
1.6012656664483802,3.0338883174433686,3.553030139336291,1.7755857603317273,2.2904956309975137,1.1758530687988424,5
2.1033103356349976,5.759357925683375,1.0722311926995152,3.6239167414707585,1.9396340406396175,4.130880302221279,2
1.1977072239724287,3.9687394088171772,2.663284427098343,2.3487062832215266,1.8643754319122996,2.127161521305745,0
1.496181626445056,4.8986751478838,1.9749523188202467,2.769818753891728,1.7170888706713816,3.3350681852707598,0
4.216096919745812,1.994964006119371,5.652320341023748,2.374132356153644,3.8745821323988956,2.7440575673496737,1
1.6259036111995417,4.917872104808379,2.0168016536825584,2.8308621223453065,1.7583634552373444,3.374003065591655,0
2.2174195717904475,3.94576383029356,2.811545892513783,1.9233876481101797,1.4031699627071057,2.927938799198223,4
2.265028973697036,3.939243434942225,2.792180026751875,1.9595250850940449,1.3536762002855007,2.906751773458199,4
2.9951522834537885,2.4879335813239667,4.685374440314868,1.8572567422569828,3.135689446807999,1.9891087375104357,3
2.8949359782623536,6.857509523930943,1.6329905792303738,4.832325865399431,3.1734696487362832,5.0248601318082935,2
1.6164006601434027,3.867113819855966,2.5894723138165707,2.0012235788193475,1.4014863437995644,2.420544743912937,4
2.7173253531124097,3.058090216946304,3.6678347868996393,1.5363116891535495,1.9657759182980468,2.4439978924212644,3
4.028999583080746,1.2936023673937185,5.45519348771753,1.9615767091421634,3.5572826034059593,2.3045255806420517,1
1.9112742279298285,5.253189750607348,2.651415829079036,3.442166886172778,2.6933492038140256,3.542178886669081,0
5.671226318776784,2.3148159697009003,7.509194896455484,4.232309276587637,5.847606741175781,3.4253375225117266,1
3.1323366162237343,2.8889134421627976,4.849445483430775,2.6000016256705147,3.553063853976022,2.0332349859885652,5
2.3690513768353654,3.997758311855671,2.8522191167404642,2.0762331339107987,1.5149398572562809,3.0151768252610833,4
1.3557395388110898,4.039810285669451,2.7879380285516024,2.4446405617921516,2.018625322132904,2.244370656360058,0
0.9370268414632799,4.859332220280723,1.7560950247581788,2.9478110120161234,1.7730612987116499,2.960324829765264,0
2.728623753683719,2.077628651386141,4.475913352391887,1.3439466505690705,2.81598908004146,1.447158354706928,3
2.6664502195106023,4.155042698975588,3.0990965511965842,2.3973250836157662,1.8860462715636415,3.189858213032676,4
2.480384719182487,2.984121570531249,3.6217820675111034,1.175135168193149,1.8758262962955823,2.3140041793149684,3
1.874670239800959,5.8663409672386635,1.4028837837430408,3.86985045444578,2.389686056975415,4.001935660858083,2
2.1213609475072643,3.4005611900117954,3.8702610494062486,2.2837028585621844,2.770485456286272,1.9065907984518704,5
1.8146056916436628,5.046267366817018,2.200156586683439,3.3041578447575497,2.2230134126990517,3.2860387174166297,0
2.5840999260669704,2.967905409678018,3.6073174183478742,1.307451070610557,1.8286442212079281,2.30196773473369,3
3.2520706157864323,2.3671812340660257,4.663140051452877,1.5146090534850574,2.9154809254364493,2.335088130897686,3
1.8126406321276936,4.992538883476918,2.2137633881311727,2.94694176258928,1.9684074259490136,3.4863191350914002,0
2.638957985855926,6.786672208671588,1.290636322323217,4.698717650474275,3.024246047283483,4.918634985766808,2
2.013082821937622,5.8710826284550945,1.3998446982448312,3.9192099679419785,2.3878270393417966,4.0249678064587595,2
2.9153851615081567,2.796302773262601,4.822828128924587,2.389252166180311,3.493019833583826,1.8198121952902366,5
1.4770994642064956,4.971996418423292,2.0368700678783873,3.150467092374344,2.0586581851666717,3.148164631725217,0
1.723896095300489,3.1679644419265647,3.6724145731513094,1.9221238415017807,2.4765643940159325,1.4587187468191722,5
2.715356859595636,3.11231718620585,3.7168341398954907,1.5684592517045992,2.060030340691632,2.5076257368915154,3
4.8430424720022485,1.3833618790520115,6.484562288078827,2.792621452696411,4.613057027572801,2.9770620218099206,1
2.6098846083847937,2.187647619987549,4.47824709579881,1.8945937984533818,2.9994435493053158,0.7907294096698514,5
3.249131882379645,2.195035445318855,4.593211675935093,1.4251046627181712,2.767790101679893,2.1888307700705822,3
4.860881812382354,2.0700046276446478,6.633230050054959,3.2766440272947697,4.936514173266394,2.988980917905074,1
3.740899339491096,1.351012995746594,5.431824695116204,2.10490869535799,3.6845206637340477,1.8292432298692063,1
1.4071376255844101,4.924734873514363,1.9118400844362629,3.10511958998373,1.930724672807164,3.083946222167171,0
2.301385842917532,3.927899822847177,2.7896135538662175,1.9795563142368902,1.324611626513453,2.910565303427297,4
2.757743319247902,3.086506300391515,3.6910714612242654,1.6017126974424323,2.0086946597958772,2.4749949278059162,3
2.1229034088790644,3.8969804390527596,2.7180093101736484,1.8183100622093353,1.2372947183669982,2.8552600411316718,4
2.890151851846808,6.783777250094841,1.4180073535615612,4.577573343247661,2.9048551602064405,5.120831425785832,2
3.3911204109878583,2.6279465161948714,4.81460527783183,1.825965757261737,3.145212477986591,2.6013400962673505,3
1.2479517637554354,4.7838097995734365,1.6958158296307486,2.6180859288534504,1.3435648434374776,3.1749264005458513,0
2.4877590680945283,4.065687554820618,2.9411759847622703,2.2082357651077404,1.6840944856766382,3.1004067043151857,4
2.1475671291885376,3.878656623783894,2.7044719431709603,1.8253459990189724,1.172494428068872,2.825523950865891,4
4.196955098467386,1.8046296128577493,5.59376422640091,2.3012996918167703,3.7731804381110474,2.6079394598277243,1
1.9935906430663604,3.2346057972876547,3.7241549943213434,2.122963496923067,2.5511845115769827,1.6298053987379368,5
3.234016525620979,6.770788192798942,1.5117509314426831,4.501879058584981,2.74523787349927,5.308036846434312,2
2.7587241875260697,2.492463646615652,4.641572391799993,2.1424217096284246,3.239177076329976,1.3412220467825289,5
2.1830342446970836,6.033145832313096,1.9781699871970893,4.056798369917097,2.790442178349842,4.246052106147651,2
3.5121482236242247,1.5948247816125034,5.458953278271424,2.364186247380802,3.879163536418713,1.3469956165114159,5
2.6230838869563606,3.5611963238232613,4.046360887030423,2.266004639936303,2.8506923121434977,2.617101443837945,3
2.2148935649236394,3.4876604877257975,3.9501260003305525,2.386343712281262,2.8740848036116864,2.0326640421968607,5
4.831821303018225,1.5777352684281742,6.4860712164316885,3.1579470115830444,4.731831800195203,2.760113987235328,1
1.170449020857665,4.020300104418237,2.7698279503223038,2.3670026631960908,1.9934626639800992,2.1793714453190485,0
3.8848602205344833,1.725719132265254,5.532236255993177,2.3563300490877737,3.8344501600072967,2.119086892539843,1
1.7189788811950606,3.109072491645112,3.610427090905649,1.888973460603605,2.3873035905725484,1.359973955497501,5
2.6331385485321115,1.8898240689003223,4.393466921194983,1.1076888313384174,2.6720748440094866,1.1794463609600088,3
2.77003068333645,2.6308160638520603,4.713385903397067,2.20337295317084,3.3585217628651667,1.5724654149858748,5
3.2825362638506865,3.2201383387089746,5.078647868010135,2.841552271809792,3.842472845950456,2.3991767298993794,5
3.1604705038163963,2.09707556229186,4.538065513128881,1.2299648554464298,2.688787531088338,2.090373511559948,3
2.809251296096015,3.3982742353198545,3.962383012871523,1.8429649611630043,2.508031164858128,2.813723716078188,3
2.016925870650734,3.916218950853425,2.7557338177951185,1.746945681102569,1.3295531235584925,2.8600445235188285,4
2.6852923837696263,5.82194304368547,1.4926190698866355,3.6334326495992615,1.9350327128341953,4.454279001322491,2
2.7617835817451333,2.290664225169961,4.532975581336996,2.0735350362122817,3.0654266815764597,1.0186688259722447,5
2.845065133406715,3.12810079478785,3.7461062075768785,1.7256866127470631,2.0758320938634944,2.525234036919494,3
4.690938305993798,1.9251570050110292,6.560073953138064,3.3921552196721088,4.9409012809911195,2.5393247948445326,1
4.845395208773504,1.2359424113380388,6.450197495729891,2.772706359440515,4.566308642060321,2.9351616583059923,1
1.4595906887923296,4.874076038747357,1.9092090260490833,2.74223000680945,1.6441261754266117,3.3200187475368574,0
2.852502613638218,6.845586345595304,1.5536094657942079,4.810244291975786,3.1432587210331278,5.008242930217326,2
3.7327930124445197,2.185139150897733,5.656024878941689,2.7175080621731653,4.16606891756499,1.9910073678182458,5
1.8027469537432474,3.0095304909162737,3.5203379137916935,1.8904023768584757,2.2332774583344546,1.174055382478057,5
1.2929225278219088,4.170861912959559,2.970239608333684,2.489439556359933,2.3038744763894132,2.428650331242514,0
1.431801621703035,5.070203727274015,2.2974342125502387,3.186137865287246,2.317565036107682,3.2654652473073713,0
2.600477914869927,1.8230989092668572,4.367779411089027,1.0146804086190098,2.6253574714710095,1.0548715870117948,3
1.4021589085216035,4.740489175301603,1.5316308844518294,2.6464124060504925,1.1265176752571708,3.130442958254452,4
2.1650473677237057,3.8448738043002204,2.655668331488032,1.8165082635408603,1.0390672971277815,2.7936742315796654,4
1.1299569167888694,4.037946655655372,2.7813383204566873,2.3614874100038974,2.0390270461015114,2.231773851513479,0
2.1506262780006318,4.806905559987819,1.8366393324319659,2.6376735768428734,1.086679038876676,3.5544151847638896,4
3.4505290824194703,2.424431342991411,4.685178564582751,1.81087548344934,2.946233767302933,2.462556252848527,3
1.278528543505342,4.745557586075645,1.5450937690712092,2.6066057769042104,1.1634030172183227,3.12960338200316,4
1.1482781102313815,3.7721912791683136,2.4744618037092247,1.6995582784835277,1.157438629750053,2.227067305056565,0
0.9840091225793357,3.9367509026174874,2.6293161247085046,2.262269217415796,1.8051728016796265,2.038206512433912,0
3.1903756034034703,2.161454476261802,4.5657743128711115,1.3130312525371979,2.7443968482603047,2.1740831121534416,3
1.9461151058287594,5.006307123247987,2.249496159884735,3.0102820244850603,2.0012629955886427,3.517431112758691,0
1.121148015009315,4.727923025203814,1.5100517939077611,2.5450865403741476,1.1162447686626786,3.10423507922825,4
2.6863779446806304,2.236702353679568,4.51198579495133,1.984628562999396,3.0318410198286907,0.8696179031499197,5
2.809251296096015,3.3982742353198545,3.962383012871523,1.8429649611630043,2.508031164858128,2.813723716078188,3
1.3542852777155727,4.764307465007483,1.6021211483182674,2.642590506798642,1.2417264437833513,3.1584153173126253,4
1.5807667245560748,3.8977195280508727,2.64960676095599,2.000823174292909,1.5029042045659973,2.4636248437212847,4
1.5385600958625338,4.09928192933318,2.878263014807745,2.5466104417271493,2.1383476386309392,2.330397666405535,0
2.4847450655020173,2.1908209578653035,4.4865857327862955,1.7775457209064103,3.015484407494205,0.7052628800869376,5
2.4786948333542074,3.249535734805646,3.7716442244378046,1.9914489476943074,2.4116867799603887,2.2266684892639628,3
3.902827863538634,1.3298547661183924,5.468973843234183,1.7878560694799444,3.589299304844223,2.2914223495463735,1
5.578025012005244,2.0811014906363856,7.442592043161014,4.106534457994936,5.761925136648727,3.273283281885862,1
3.138556804392511,2.3922506354421587,4.620354837438181,1.9760227276011089,3.0276712995971584,1.9061125333481528,5
2.7704152011714402,2.583947396318218,4.686330753903112,2.1848890793278093,3.3204924005824488,1.5317074537709563,5
1.4621179621175047,4.012169472370768,2.7302032756887247,2.470395928493003,1.948003474575552,2.21329011154767,0
2.8875993319187594,2.5085835854896685,4.645422614173497,2.2602790171611624,3.240669874729343,1.4202259102461807,5
2.0968076614943754,5.897622438101989,1.5279689047867941,3.960845574614705,2.4590246902847235,4.071059381704742,2
2.8944737046738407,2.0049489986101605,4.450337735034089,1.5348553799853746,2.735872306879061,1.4111907547678246,5
2.267415881199927,4.972135858018054,2.243301404403442,2.7972086769169455,1.7101395103342072,3.7493460365899876,4
4.6746908591890755,1.7106553332779388,6.492798410249168,3.340187594122376,4.851660612954699,2.4168862063135634,1
1.25520443250767,3.7558897446112924,2.455529256962136,1.7394014909650133,1.0863448613740576,2.21933232803232,4
4.864758864908697,1.1556688108172817,6.4362900698721885,2.7854471611448828,4.539396847265912,2.9080441885817088,1
4.67926348656261,1.827903767364444,6.518984232523524,3.3641635444541116,4.897384240233181,2.503843526935846,1
2.1568464687655666,5.764715824405751,1.0731346593434723,3.648513904103392,1.9439313382549686,4.139159215626045,2
1.5978557917894018,2.9869188470176464,3.5039298692473495,1.7468548940533426,2.220593121752934,1.06939531640833,5
3.739872084753911,1.8858795262423997,5.5430489091222075,2.653473830407787,3.994508739074531,1.694003691984902,5
1.3905758743934054,3.8255024481233906,2.5455060831030534,1.853322596190864,1.3103867762578112,2.324629698922176,4
2.8700342366383373,3.465558844716925,4.042644589723326,1.9440992304611384,2.6079014647519445,2.8855352077055794,3
1.1946773230809238,3.7166755204446664,2.3692831630937037,1.682255500436639,0.9216258572051799,2.1656878125786716,4
3.7667120953206727,1.8706039690151108,5.543347307110395,2.6753832565161106,3.9870090963821982,1.7145349790713962,5
4.8847611761648535,1.4320871674640316,6.481986203829276,2.848663285422526,4.622548833491112,3.021093370549043,1
1.5915464568228048,3.0183626600548865,3.5282838135520502,1.760541052072756,2.266607992831846,1.1638474914164507,5
3.6766089548089287,2.0714148003755612,5.625863680178896,2.637220869725928,4.107086065861681,1.8545922166786226,5
1.7969416675598955,3.904547113208911,2.660265639409955,2.1243698362027335,1.5019162689255967,2.5034166740957122,4
4.131395651599917,1.5698816393465067,5.520823266511764,2.1606887263294103,3.6648931363342827,2.4871110145744484,1
2.227879595021486,3.159587824454941,3.7013541951366706,1.7245879998986218,2.3089236212666475,2.0768811145121853,3
2.1563952025049025,3.8801026094202253,2.701006520928057,1.83248976995405,1.1786198573170035,2.834565384470329,4
1.3315421618020882,3.760678904974135,2.4484874151680645,1.7809477510150822,1.0893088820429253,2.2503265157927,4
2.9097160198540557,2.5830878667419364,4.687005528211325,2.307745537819467,3.2999777728024533,1.5673861913055063,5
2.0362038934163746,3.0070326191854515,3.5691618852344793,1.4542468809279923,2.0929431826597273,1.8398295563251172,3
2.5857527619235077,5.7633142740110035,1.2531494642427292,3.553459823593161,1.7494789296188893,4.389508229137827,2
3.046101605941636,2.2207249378389853,4.555088027686933,1.804800397458114,2.899805420054496,1.679932333311881,5
2.0564578488080416,4.263846221474913,3.1167357510352045,2.8635646616039385,2.4251428615165187,2.6191409186793595,0
2.723495077016168,2.562354461509459,4.6812855402534295,2.137322799048764,3.305681337955657,1.4865886572771458,5
2.936927233704411,5.966976521626553,2.0365304775793933,3.8357267483622306,2.3499389740843135,4.629700899602428,2
2.2471119701504847,4.872450798627432,2.00863095240688,2.7282219400211565,1.363226459550243,3.6307293861280265,4
2.6930922306676743,2.3783388864849733,4.5766282145510875,2.0429225946061345,3.145283649326774,1.1437981437710392,5
3.478950141257924,1.5263360455258634,5.437970509957328,2.3160805380574816,3.8508642601920533,1.2629189902553841,5
3.644247382997487,1.2242125057428053,5.400924156997197,1.9594371838108813,3.6458652927197326,1.718018066211789,1
3.3709287046409475,2.9393124479195754,4.903456884833842,2.8136975489263754,3.578397005495014,2.1245348669280366,5
1.9545085542260547,4.799083440234607,1.8207167757589489,2.5256575165974504,1.0998332235294432,3.529501783980526,4
2.7946557528822837,2.3384395893643584,4.558502545267778,2.120180099622398,3.1023493534827136,1.1341775094316948,5
1.9876859102517543,3.8697223624951578,2.706842573737159,1.689592258844588,1.1868808311895807,2.810275562742255,4
1.2394396468713982,4.118508199326052,2.890693494584709,2.4434468231172173,2.19641332193883,2.355366725796712,0
2.483979858931163,4.031912791265017,2.938236052061993,2.186048049093705,1.6063409327388654,3.0528094159554184,4
1.4795904028960638,5.045258817321701,2.1958104744286935,3.1883684856230015,2.2445816701307035,3.255107523447119,0
4.627966183347723,1.718224317823213,6.496917727710675,3.2961002342796877,4.861865728152155,2.411455381525786,1
3.9940743224888284,1.6829179247120258,5.563948316321843,2.005689659816741,3.7410191791805816,2.5112172117873888,1
1.95768795609386,2.847470305144455,3.458036049906531,1.2685874961986676,1.840086986648816,1.5576478821383144,3
2.6770233298662687,1.7679855877377457,4.343153799436503,1.1135800735068722,2.5753539809012165,1.0253436377060625,5
3.200545328684708,2.8004838745827323,4.865702666300988,2.1988919882599736,3.4014751490116004,2.3610538997783412,3
3.818466672324363,2.4510677151824316,5.773793464616205,2.8672163552762906,4.32080568018478,2.252535705458518,5
2.052665758907275,5.881424866519268,1.4459108440516921,3.93805722720381,2.4133709150855642,4.045500194767465,2
2.751579661819309,2.288914170332825,4.528594740813311,2.062056626379639,3.067523846207795,1.0242314350997472,5
3.6411354135940712,1.6821780676059623,5.4889315918332136,2.513270517420745,3.904320471301466,1.4481177666312959,5
2.7142817773851977,5.887853216239839,1.7190835806362996,3.680555686337977,2.1462437673696715,4.541849523948321,2
3.1380377003897,2.376213420537776,4.60766843072949,1.967255964637001,3.016922638226486,1.9027811152994232,5
1.6030300506213881,4.9816041969172815,2.060694572877134,3.19840068004809,2.0669733489148294,3.17291011521043,0
0.9994688634000211,3.9970922300114617,2.7294559793476783,2.2997568294061206,1.951057689007476,2.1327745618107996,0
2.0165918782343253,4.804794149403174,1.8674053901828789,2.5632429357402904,1.1166187248901052,3.5319526536381005,4
2.8467024322912797,3.4131053330276844,4.000346509857176,1.8905979936042971,2.532434227005169,2.8160727167324557,3
2.1139452060757336,5.774960752150882,1.1514889853721928,3.635264242870829,1.9926185512182335,4.143660359388936,2
3.4104840730842323,7.110271352268288,2.5644559002781966,4.961881768229518,3.6278757372619657,5.527815661683186,2
1.8586490721627407,3.768323198562414,2.551809601849379,1.5078176189777373,0.76234924401039,2.6732959261093487,4
1.9279210045681818,3.1410340960395757,3.6460158646252547,2.038050424651856,2.4158605007172977,1.4322811304472307,5
1.6097726867442477,3.0026816674957924,3.5153995980056028,1.7626469223749488,2.243679590836247,1.1323659719263757,5
4.042926728100072,1.6118484384081329,5.547976191077137,2.0554456535900507,3.6969316572857815,2.457777551217613,1
4.694592409193763,1.9157287759778046,6.551115319548755,3.394872191455845,4.932790448185228,2.5441965161636566,1
4.737151340067998,1.4899025831566777,6.476740632315356,3.045052307618823,4.711947989867337,2.6537688252170146,1
2.8488676865019933,2.4018257518444006,4.589910063755319,2.1910338772608235,3.148946867336496,1.2497781042020375,5
1.1146748342164652,3.7399733296383353,2.421853236736202,1.6602503059378777,1.043390956086736,2.1885276338641795,4
2.144495588554017,6.081639602767759,2.139668214211535,4.065318001869606,2.9127172379272395,4.292276746245215,2
3.1837883335800243,1.9700152060458467,4.477305195820792,1.2013264186368486,2.5794033247955106,1.9993116544741718,3
3.8266077438889634,2.014145819112252,5.5917124645804375,2.765331260602069,4.0555934798824,1.8339145229356277,5
3.469092708034602,1.4341746146462861,5.413019706929524,2.2879819083556283,3.810200904072603,1.1421127838300094,5
2.0560197746331297,3.261980468473252,3.760305337810356,2.1776503447068363,2.58392270711888,1.676244858810059,5
2.972923458871548,6.831213031182225,1.6464188564399476,4.6344936594952495,3.0254556835247914,5.182695898113995,2
2.346213166913146,5.811956656068834,1.3256197478733103,3.749999666581796,2.0784833107701024,4.212044122241871,2
2.161875189898941,3.8938062819517163,2.738986518375406,1.8479635921490436,1.2262039361158015,2.8461686287832393,4
3.495661221051742,1.6831948733147237,5.48339988778184,2.367737827459636,3.9198570674407716,1.4181371838675891,5
3.2313379075445106,2.274632727142611,4.6311171426791375,1.4363930583470386,2.8412719122284606,2.244497082626035,3
4.199779908090761,1.769214877656307,5.585433989221226,2.2952666585482357,3.756768382832302,2.590490399205627,1
2.255233862313503,4.047445886873032,2.930241716396132,2.01934939917874,1.677465878288155,3.0566867748409314,4
1.5881843508114504,3.813833720626196,2.538439630846161,1.9521879192312936,1.2466463302067878,2.3298886867092783,4
1.1662524693531278,4.918712749279175,1.9234175225752097,3.0338949245787004,1.9341503505062814,3.06050135181954,0
2.047878783617906,3.164612854457348,3.6455471793981524,2.125553763707083,2.4385378019020925,1.5331744574312818,5
3.98318721537094,1.278968365358126,5.451399446486709,1.8944927668426088,3.555125148432295,2.2767160448303008,1
2.6881202593170666,5.035889909132086,2.409962571728405,3.0732829340057704,1.855526031876919,3.8617676473511127,4
4.898134440787623,1.5441356905206858,6.5163589026035265,2.8842984017040254,4.659790948901887,3.051766273288756,1
1.9525375786189294,5.180394281781027,2.5383357158021633,3.422802984280107,2.5344970422118736,3.4387804497899714,0
2.0290917492593468,2.8408131974504927,3.4410272629735354,1.33857738134132,1.8154738303868199,1.577619086324778,3
3.736311610580589,1.1929393519944225,5.388562580784807,2.069352624289806,3.6197506916088913,1.7055832096860148,1
1.9921249407679842,3.198262883424705,3.675180929116169,2.1048945198261246,2.493205314102646,1.5773388298245208,5
5.757953466603423,2.0233116381886203,7.464309923744404,4.014465413639491,5.6792771879031285,3.5626325850018263,1
3.7979672430075384,1.3431905250021072,5.431714366641475,2.173104495107484,3.671861526124401,1.7998919415889791,1
2.373250813338157,3.083516776714185,3.6491397555100598,1.810414318343661,2.1805606571777387,2.0097730079016407,3
3.266320678637736,2.1000378060244485,4.530209136341277,1.40426840522364,2.67953208863447,2.132769071388355,3
1.8013180504366577,2.827169003457856,3.425885128429941,1.0803322192462437,1.8226027571339374,1.5318258951750012,3
4.8575828075234835,1.5343149021490734,6.512846265401212,2.8337144595234753,4.664463375818936,3.050402816026153,1
4.720786256358439,1.8635520520061724,6.531724899111952,3.408574142825499,4.910728358821578,2.5301553303179727,1
2.868507846898552,2.427661551882558,4.614171622970515,2.2167329475758697,3.1736664513217314,1.289268738592792,5
1.4971185144921961,3.8354187266670268,2.5416891300826028,1.9163131797046447,1.3193025717471136,2.368688609166554,4
2.324850085603601,3.023054840334875,3.6021999267545994,1.7323828878746201,2.093924741004648,1.9038965337157112,3
3.1387401709817078,3.130353567590416,5.0110004518215465,2.6932137864958072,3.774848859568971,2.2957397080437247,5
2.1792934788065286,4.816877821365108,1.857829342285755,2.6585846701120173,1.1336218879791344,3.5714362337731567,4
3.0071574521008113,2.6457024309455233,4.725054514341248,2.4102128746106994,3.3529910575447075,1.69105893340746,5
3.91833747107629,1.1509180477228533,5.42562999894688,1.770586355744742,3.518244609478578,2.2094679678240077,1
2.791434029969468,5.898331062672693,1.770757056814854,3.726299328872182,2.1605193073603615,4.543860863088933,2
2.702475056388561,2.2677534052732518,4.518670309740789,2.0095037700755016,3.055484345638329,0.9609607220227562,5
2.1836409590979193,5.9602501532824075,1.752307746850432,4.023412111362108,2.6063854693735977,4.14481471024358,2
1.4206018030663459,4.782400176890633,1.6713605511571357,2.675754429943686,1.3194348296716307,3.192512194317062,4
2.826197425112617,2.520537752030143,4.658068228113263,2.2122849401524753,3.255765075687858,1.3979922425657114,5
2.6073622680716677,5.0364803683151536,2.391771786903486,3.024511696024148,1.872962767752014,3.8680222389224537,4
3.578015978199497,0.7837476025768254,5.318501067219321,1.798622363746412,3.5138013523210487,1.428174499040767,1
1.4497604736143133,3.9114926316573615,2.6633739243042602,1.9383673186806516,1.5645706701845865,2.477310714484193,0
1.6684925007900613,5.083728216103429,2.2804248599958172,3.2708470878014464,2.3220855597401533,3.3196559277294515,0
2.805785041058006,2.7044734789631657,4.760871368858748,2.261240170393836,3.423002192884572,1.6914150336677052,5
1.7367666473538725,3.8869221480715517,2.6383217883074956,2.0815586351085242,1.4473287459784931,2.442827144197569,4
2.0980750093029528,4.8266710999568625,1.8889567700664802,2.6189433471221326,1.2017753645684348,3.581045300027552,4
1.6850068920285477,4.257969471486054,3.096551821999484,2.689430020368362,2.4464906860620244,2.600077553244264,0
4.189033711092508,2.173195025385894,5.723790706003991,2.3906536531719613,3.9860081640776825,2.851298050125947,1
2.9760616533946433,2.5855601258045753,4.694218377321585,2.36430327593184,3.2989210349683806,1.5436891079677413,5
1.7475314809908529,2.7138331319625606,3.3368956021387213,0.9155486621680605,1.6258449295697948,1.3123020918486612,3
2.99355505138538,2.5222597628813417,4.655088762940451,2.357363163145918,3.2429735091202097,1.5186985862868347,5
2.65152136859356,3.196276588066583,3.7921453910338734,1.5474510568990012,2.2085732830443425,2.577102550861391,3
2.2675510417785554,3.9202798943945965,2.7482634040293603,1.948329659242204,1.2892627997535624,2.8984460258777482,4
2.0205936032895493,2.8644396616698327,3.468216341428457,1.3426771746207369,1.8675518441118193,1.6085142271309785,3
2.1109455903628094,3.502540880804838,3.9592436417208066,2.3272012699223477,2.9054727429703275,2.059524306248183,5
2.9371891915480375,2.55327731031519,4.671378245134504,2.3194806706924127,3.2734897247558394,1.4907862775834395,5
4.977550976500646,1.461543920721032,6.501818113533579,2.9619087310010253,4.622692947450085,3.0369523544154697,1
1.8139893232687019,4.005156351642844,2.83607018506094,2.1933740455925625,1.776134600349775,2.6103513979776016,4
1.147279579729873,4.0200396754260135,2.761155215676364,2.3583583177904486,1.9968310809105176,2.2087250558361604,0
2.737172858348555,5.065701528020645,2.471396437734367,3.117669062219278,1.9378364964485177,3.8989899900484506,4
1.2991426275272795,3.993043494220438,2.701700988389374,2.398094035375571,1.9134455806354027,2.1607075751307345,0
2.565305671146378,2.970965531482634,3.600023696733275,1.2832277830642198,1.8361795810116137,2.316848369987415,3
2.618591530396949,3.001564963713219,3.632653226112546,1.372745600327332,1.8937375956776337,2.3682562181412954,3
2.4063431467533305,4.230328711373509,3.193374647024418,2.2451792617335617,2.104894557554658,3.2609078152554214,4
2.242950156507089,5.941648624490461,1.7069529114407103,4.036340061785171,2.5583254041496604,4.125314173949443,2
1.9158429153740657,2.8964669981243625,3.4799061113680754,1.258927081452505,1.9243787320177959,1.6452087532484283,3
1.962436516746533,4.991121426643015,2.1829809630362766,3.009421296101686,1.950215574122776,3.5120838172670594,4
2.397976078968503,3.975896917018981,2.8592928161838738,2.0856034079468615,1.4576868561601943,2.9741227120878286,4
2.0297562398094318,3.837901570784156,2.642242904198789,1.7016572211956345,1.0389979886218452,2.768414727021734,4
2.222394837123952,5.377159383786526,2.9251869748758317,3.62553700835899,2.936795282600611,3.7272040228499534,0
2.3202987465710847,3.0261795621308494,3.605287351708298,1.7320848632708234,2.094173148776091,1.9086974763642912,3
1.3520391328839827,3.983912643960493,2.692334289806018,2.413133720100431,1.8907033943417282,2.1697969541589743,0
3.592544022772637,1.2467198101031012,5.409732338506446,1.8975672107637402,3.6612378399162333,1.6953583214137309,1
1.1810485400362383,4.9899163443113075,2.0867402533579975,3.072852421313775,2.132097900039484,3.1646029159665763,0
1.8279084865582447,4.842500686766874,1.8488607708529265,2.872734484245852,1.4902328291254274,3.2894565430454143,4
2.9009929369669853,6.858445714861265,1.6251847192828697,4.835207931842763,3.1733898819734496,5.022003609464223,2
3.6571893619467026,1.68863835310943,5.48682203805516,2.5296482625379615,3.907094292012252,1.4995819367368612,5
2.385271418450092,4.012121549354982,2.8850833818849737,2.0993457010455234,1.54929122561004,3.0142275453270204,4
2.3260652023279698,5.88890616391767,1.6339563785639764,3.77995369854447,2.30502318105718,4.278990944095716,2
3.899144398292743,2.137488165163302,5.687681191229358,2.4754562445690342,4.062446883702238,2.3839823845947907,1
4.2996966948397555,1.991326259059632,5.659277970598201,2.4731492113073235,3.86590239010392,2.7769907526988655,1
4.69960987339774,1.1814214861850518,6.410176937016671,2.96098396091907,4.618062805675789,2.522687341908827,1
1.8486490090899692,3.956203944576542,2.7572297885679244,2.184220509788157,1.6454426201490293,2.5614491734294007,4
0.6529042222542368,3.9285549497059677,2.6271436135841477,2.1738061190889812,1.8081323370027855,2.0129403867330597,0
2.1459153234619075,3.933541623974885,2.768013996634631,1.8591848193323874,1.3658574544236204,2.9146060196806594,4
3.6780063030850956,1.1347276077060386,5.382245739778362,1.986870581498155,3.6057284173068953,1.6336526874296367,1
2.8785562199805144,1.9669329169864005,4.432585616495971,1.4985714125290166,2.705930552894053,1.3492785950458142,5
1.6260988483130032,3.863292140935042,2.580295382748049,2.0034722933121105,1.3912918287121139,2.4238334717909744,4
3.026889379349759,2.2589456263666956,4.554370986487926,1.7993692268474129,2.925895396800482,1.7439087085801879,5
2.407171917234068,5.852363127785476,1.439903292759799,3.7961473307111353,2.185410619390908,4.266663026655061,2
4.84105501537752,1.4307707241028078,6.4917756231144566,2.797098096639594,4.629939562450956,2.997409686476342,1
4.196955098467386,1.8046296128577493,5.59376422640091,2.3012996918167703,3.7731804381110474,2.6079394598277243,1
4.92445696621106,1.2148274209974688,6.442327851056356,2.864075529218064,4.547045250497674,2.934479587976835,1
0.9799754451987818,3.9775393786847246,2.7071333449721706,2.283260663417037,1.9097552213406468,2.111271850853646,0
2.407580121162041,3.122898789276232,3.675431369758396,1.8617615463913957,2.2366012512292217,2.0750605729751133,3
2.8918547603759523,2.1948822561904087,4.5267329979128075,1.6101584281841321,2.8927494656853985,1.6227304573019192,3
4.081327196990641,1.6611086841172267,5.563471047432763,2.1187374246049475,3.716840079277847,2.499494901121318,1
1.6962328838640046,3.0388173042410425,3.5478646861726926,1.83788240578001,2.2848347718807642,1.1891474027305924,5
2.7710825836350836,2.313124437089728,4.542136672248297,2.0882154396317625,3.0871776775146444,1.1175935805411015,5
2.8601950126267477,5.878019980120694,1.6961367606528288,3.7504074274619095,2.0952320412341696,4.543475526720352,2
4.62655627858411,1.0671344808110341,6.3773622339438685,2.8667765019846514,4.592827473595008,2.4732087948093144,1
2.2231075902496364,3.2519782860299618,3.801150913467244,1.7736025950059577,2.4560798712290772,2.1826753462699178,3
2.151797481343756,3.99526747484409,2.89016333455807,1.9063261264238798,1.5593434112446913,2.9691712313223206,4
3.9984507476767246,2.4080108908587428,5.75802377575642,3.018818296103285,4.2764877180137955,2.2685197705657805,5
2.128101325280068,3.880258027844416,2.718041309051178,1.8117641775286928,1.1836480416109694,2.825883017860856,4
4.938473288070511,1.39497805818547,6.485539604620032,2.9056398669983716,4.606076452082488,3.005954706274881,1
3.1574775562451975,1.9994211830325763,4.487362738777715,1.1683652613005888,2.6083861497266057,2.029593382202517,3
2.3378085789403253,5.011689539178576,2.3381976358347645,2.8586054370725207,1.8261542853791124,3.8009454627653954,4
2.033274520465275,3.841600257586833,2.646568962917186,1.706423975241365,1.0570360900436526,2.775981870663383,4
2.1091626172901186,2.8820867875769816,3.4669363250762637,1.4460112249626262,1.875436862655359,1.6670826543848531,3
2.3929641186988126,4.466262246783358,3.3905722597720316,3.128193499541427,2.7695701264015447,2.9202118310409486,0
2.4636744297584796,2.966258907003661,3.6046338339561292,1.1328305646330952,1.8515052859699104,2.2861169208722716,3
3.9008695394292903,2.5704323893018195,5.822859075370826,2.973579997723364,4.389792182702399,2.3909536721692537,5
3.1725174130802922,2.749567369618771,4.82001054844088,2.151452042083247,3.3501359635015793,2.3049989631108274,3
2.187667160889069,3.4172871617393197,3.892929171899233,2.333785356385099,2.7906993048535087,1.9607387314087896,5
3.268255510869054,2.91198204524429,4.887244978823279,2.721783774915867,3.559847873713238,2.0305516444690954,5
2.87403291014036,3.1726417235328364,3.7903230725699006,1.785517978227306,2.1411069477619358,2.5608162229095295,3
1.945054598069591,5.696854750034334,0.6340584084293783,3.5307704402247615,1.7416163968374796,4.038688705532334,2
4.109887411189882,1.7501342807140667,5.589166945002811,2.1786728711255194,3.757185465118282,2.552473337041399,1
2.3311145188698905,4.856660391146062,1.9786639712039644,2.767652413309968,1.2833341935158848,3.633336749064286,4
2.8324031317087135,2.511297110268928,4.640679623333335,2.2143987669130625,3.243806977973676,1.4106718202826483,5
2.1506184856571386,5.761148327338887,1.075601977351608,3.644414519246876,1.9337618182801912,4.129819029986145,2
3.487678200852062,1.6091743699410792,5.464581853927555,2.3436347796781245,3.8858295949762147,1.3226677295876343,5
1.9845827632801158,4.938499532792196,2.052227737091778,2.993992071429886,1.7744306371339675,3.4219226298973875,4
1.9366005046540309,4.173798994824944,3.037936643734546,2.3565534045378795,2.151397132964056,2.8461908595452763,0
1.3771262656980454,3.94489274209607,2.7314055589862005,1.9252383274423686,1.661587811977268,2.493611259182376,0
4.711999525703565,2.1269165643210797,6.611017478897191,3.448587835604393,5.029871486820245,2.6894113471108456,1
2.1153666505702913,2.9881815765337794,3.56923144268979,1.5155015997765722,2.06388344566032,1.812494006679817,3
3.64001964042756,1.6171521915671474,5.465241032035042,2.498686500620545,3.8726200241663697,1.4034024066235384,5
3.187929059749828,2.1488223538998263,4.562401153825847,1.3035581106268022,2.7323154689418008,2.1534469297671763,3
3.599928556994401,2.7882442458278875,4.878485148777708,2.1448907125297367,3.2643749889361815,2.782895623910243,3
2.5289020394438886,5.896028732735064,1.6775376556372656,3.870889038408047,2.306490269324503,4.309793804625644,2
1.4769401430839424,3.8775758911090352,2.6169744669948605,1.9333414457180893,1.4531409363010375,2.4181643999302054,4
3.371304194405756,2.6971858314414363,4.78809994600054,2.327262476500427,3.2847877296695236,2.318348545481098,5
2.429612829233607,4.028719266222101,2.9370056723547413,2.1417601091924188,1.609117735775479,3.040428413275356,4
2.8274062726011255,1.9172134549840993,4.4088340562001935,1.4085070465682006,2.672710915167245,1.2869972460076253,5
2.4677443431896813,5.018582298074028,2.3547400768554816,2.934186256296637,1.8391391200784244,3.8364123594913124,4
2.906246633906327,6.731551845820187,1.1184474213813191,4.559670883645543,2.7639368490644167,5.064152367211466,2
1.6542085739119599,3.9710147244484477,2.782285199264769,2.083550411494453,1.7107385044842451,2.557782017602289,0
2.4060528541493387,5.029867133430148,2.3835541356824046,2.907295924069551,1.8698748044567828,3.815058480967129,4
3.5350716935712985,2.4528665714931206,4.718908998089159,1.9318698456522991,2.9627601820151135,2.4688990605433907,3
3.7448764257571394,2.7481072867547236,4.883758788469442,2.293662754446352,3.2140506180982786,2.7659500152516756,3
3.233494701237376,2.8095106547253867,4.820906654373984,2.657313053473646,3.4724875907476513,1.9190696116660075,5
2.813360714141511,2.195282901952872,4.52514278429505,1.5134518918706612,2.900203925063892,1.6180291619199838,3
4.719521075508565,1.363274521430085,6.431842921424223,3.00689200528446,4.667503895907331,2.6142154588628648,1
1.4651889235152833,4.736341725506306,1.5088466276441905,2.667148427011721,1.0975828359693869,3.1413438160465645,4
2.6731613099867335,2.2044398645944723,4.48802451948745,1.9604760677939137,3.005089466316476,0.8064041044301778,5
1.839584454697594,2.806873713293434,3.4204109732182713,1.1064875452612086,1.7891597532310595,1.5086432877846516,3
3.0591939928409415,1.8450410399661237,4.423548071459102,0.8732269021506661,2.4908540169494837,1.8590794906844836,3
2.813862465851667,3.727372185333291,4.215092614337353,2.494149006729692,3.068285254592439,2.8213737079629984,3
3.130152737806863,2.353719656757151,4.6095343887934055,1.948832997329002,3.0061452357752003,1.9008133355758867,5
4.5816231320077465,1.2617020194075732,6.418413307160147,2.8416777820837065,4.655955845321221,2.538497783917977,1
2.6110271414379613,2.22393858117677,4.507974317191699,1.909887260886264,3.029928666662596,0.8019466363330302,5
4.897919584767069,1.5112128978250945,6.508134170456985,2.8779978822030876,4.6483927636537725,3.0321236596693026,1
2.9855271302968034,6.750921905564852,1.2673348620204108,4.603241441706622,2.8112521137570283,5.0886362877437845,2
3.5916680713232423,1.1927855553856672,5.393737696710924,1.8868495649706711,3.6376944790753267,1.6657078006944777,1
2.7846285036876885,5.849878885072318,1.6202849782584787,3.69867023172765,2.0130505321510106,4.500577804274731,2
3.655717318597145,1.929446822208793,5.5594248424585615,2.5830294350454257,4.026282163645477,1.7303475314454273,5
1.8035061887839448,3.940893466060375,2.728571936326582,2.148488749465065,1.6109777293144354,2.534335582635913,4
3.138960631849883,1.9086435067950336,4.449306796148745,1.084551098704032,2.5319445151982296,1.9353096733781505,3
2.248830546702111,3.4976004547391963,3.966548447963384,2.4117258070707868,2.890186255225233,2.0822452785896544,5
4.006121817867996,1.2490929313446417,5.446797465446505,1.9202043657133356,3.542651747772354,2.273641829774696,1
2.3118218605053356,4.909856633476537,2.086024896900465,2.7851933838589242,1.4969496772049378,3.6978855912957367,4
2.750867841259166,6.842548942769124,1.5501704002253032,4.767329460599831,3.151844697542237,4.994903694015075,2
3.8322367100431776,2.0848235872268868,5.632468643646708,2.7878261339770787,4.097495815773527,1.8904846364271433,5
2.5858086143283456,2.9799463344500112,3.609441646356861,1.31773810416635,1.8487912052724589,2.3232498146475975,3
1.8851589106589133,3.9273592799582415,2.703175694089568,2.188561494870597,1.5580749326283587,2.522353443763076,4
4.9339520026169525,1.8468364263720283,6.598456032020616,2.9797729338601338,4.780109439359057,3.2013612154214894,1
1.7993244164245283,3.9149597893405748,2.668400925824726,2.132914683330533,1.5234922844869148,2.5139809581519272,4
2.4307369243633556,4.934835389213397,2.1673136626344864,2.868843093905031,1.5614300383484785,3.731236302730215,4
1.7813801945381924,5.226248548452408,2.6170532815975993,3.3799210733500935,2.6548004255551936,3.513006410293861,0
2.002624361933278,5.868492711015227,1.3822061806218837,3.9140147803526206,2.382478631642302,4.0213112351896685,2
1.8487084018696274,3.108611663931093,3.6076664980364934,1.968431175900667,2.381208823377307,1.407147337252852,5
2.6489239784045306,5.033189574889963,2.3501581751428615,3.047932995690176,1.8422484911311383,3.8605873773075303,4
3.96934486723614,1.462364541640252,5.50092053191079,1.9145028361400043,3.6399499809519984,2.3727844982453363,1
4.288577620878687,2.0986989361961106,5.688083837580509,2.4873026747150186,3.9277660285721137,2.823879077685796,1
2.0006996481712775,3.8179118882030285,2.6214045131194776,1.6623132530027651,0.9724935475443374,2.745964449410803,4
2.99566505171509,3.4387952892566362,4.013686645178617,2.055474591213812,2.5471916753857373,2.854871506109713,3
3.0874817517206172,2.0888387619399853,4.538914415713885,1.0888140519491918,2.6959059858479355,2.062456796129861,3
2.563839710034882,2.9135527183386913,3.5553487777210426,1.2375802479915308,1.7344253572423596,2.252969922601955,3
1.634671857849607,3.9868859246563373,2.8066903628149076,2.0838711028268198,1.7478372350281683,2.5584750725954306,0
3.5797637569652796,1.945874123738567,5.570524731079551,2.51255474871542,4.045750998689148,1.7052760130509959,5
3.813765118294775,1.4217305128686557,5.4508575129089385,2.208689873726498,3.700618955409111,1.861205569195864,1
1.9464785369774187,5.842180717497315,1.2819860430981107,3.8819947450684924,2.3173100428575903,3.986572094961681,2
2.667241420727664,6.024011798825676,2.0788670977178962,3.995992829407395,2.6266650925272077,4.4605846669026,2
2.6011947651327096,5.781629842296245,1.3567203583253615,3.571015318804267,1.8131913076876967,4.407206515184154,2
2.046506991118079,2.926386098793612,3.500027449263944,1.4100211745220022,1.9623823096301505,1.727207388107971,3
3.0766775499837835,1.9126095669766983,4.448502271851045,0.9562174929289889,2.545034912408286,1.9331713051749313,3
3.5741760985920896,0.9926523788914883,5.356920199808269,1.8264606342477112,3.573200308275059,1.5403612423331452,1
4.566791061492862,1.585136747319462,6.456291706821638,3.2155819339945553,4.816456611013372,2.324282172532424,1
2.5754400738027057,2.9048667518960913,3.55344466637645,1.247366917614875,1.718582463848227,2.2423421443514213,3
1.577678693573069,3.84208065545642,2.552552144353011,1.964125615593694,1.3292549790239099,2.377303668869315,4
1.480938974053418,4.7564305870524795,1.5881604085410808,2.684795866862521,1.1878900803732255,3.152910719701945,4
2.34338301255358,5.895166546612541,1.6324002749293496,3.7904199361330337,2.319322735838561,4.311541821961807,2
1.888052895807079,3.178891244198498,3.656598011500491,2.0296858910763866,2.471607301581545,1.5207024736087467,5
2.6728237628693283,1.823025163921317,4.359384366790963,1.135276438027389,2.6149491209004205,1.1000857638901176,5
4.2138307700385536,1.9403520988091412,5.64622660342988,2.3576356976130333,3.8455001226619454,2.6814644166477675,1
1.7473512107999074,3.062406410625372,3.55801338151896,1.8815568249393015,2.315401839069087,1.2857226709289495,5
1.8197287547261856,4.147631688371086,2.933166779564927,2.6932375002516715,2.216356196156283,2.4721950105075625,0
1.4146417256880994,4.081120994042272,2.838221927017324,2.4885130797923214,2.1038027341008556,2.3228750192658993,0
2.7482207177400517,1.8264185298226723,4.363192740752792,1.253087209626124,2.6109853516853807,1.1518882620599207,5
2.3562349573007935,2.907138517156584,3.55696445893233,0.9076985697733085,1.757399253914368,2.204648712279452,3
2.0361875870808768,3.4217316208686865,3.8782104394194796,2.241965079476956,2.79991681480134,1.9373232911975142,5
2.3612334095572964,3.3941417703352847,3.8724461167202073,2.4389431954796255,2.7342803513365337,1.9416307441143592,5
4.113576540395567,1.601793245969279,5.545628940301994,2.1461189134326215,3.684650325605714,2.4805989934083272,1
3.8553433951881195,1.5858723545196969,5.500969030620434,2.289310118198047,3.7762761355927443,1.9921674740559987,1
0.9722621118563416,4.027793701649248,2.7616682571995366,2.308605375648688,2.020262470525159,2.2050556183051686,0
2.3774403047510257,2.8716401395586337,3.526261643115547,0.9102506354109358,1.6861465065500878,2.1738380787924996,3
2.8345348962051014,3.1732245714257292,3.7632212084183303,1.7418817090696004,2.1397071319201406,2.5761219225502106,3
2.3968148345438123,4.038910698751098,2.9466195153307826,2.121942336100592,1.642521698625572,3.038621215952305,4
2.54850149563758,5.78908886614014,1.3543425469481967,3.5484952647316774,1.8453126160966398,4.416242466346133,2
1.9234714809319648,4.749658898337305,1.7051803619400703,2.4797811858239154,0.8392123504185228,3.4693755309133683,4
5.615342176700548,1.7139561780734633,7.3864200826884705,3.826721796469414,5.5801604329434475,3.3698004268247557,1
2.262397098955682,4.863389250250392,2.0068457603990395,2.7315097706145868,1.33209216149383,3.6234375522270232,4
3.4208948349753547,2.3134271784324287,4.647119477440417,1.725867110436305,2.8511652444799136,2.3307240561589504,3
2.864067914256165,1.974185907426712,4.43672823021669,1.4820754898166377,2.7143729042836715,1.3412137493492906,5
5.049999353908598,1.8810690812427249,6.597768077142785,3.1171680977390808,4.775554192570273,3.239850037219055,1
2.255869187584617,3.8972397118452666,2.727863399819092,1.923854678921107,1.2188140659679094,2.864575047544504,4
5.47209766315838,2.0548277403513135,7.440810739641973,4.003822976761263,5.764539080578156,3.2320648864773855,1
3.9439406069458327,1.256335144869015,5.447181051363298,1.8307623728968385,3.5549807274422838,2.2660750998263675,1
1.83465044781417,3.2069318767138935,3.69599151360466,2.008786772297953,2.525318677379956,1.5789748656177764,5
0.8470244090722256,4.848920650903463,1.7174361341980107,2.9233031093973056,1.7468250060627712,2.947993148333942,0
1.9317664093386757,5.872665410491693,1.3983188768918027,3.890951888636617,2.40490717859731,4.031174830414961,2
4.640345996286558,1.6440373410776226,6.469831413524259,3.2969202564087965,4.827326916342046,2.368160748576614,1
1.8045430301914436,5.831078104053388,1.2169969658552393,3.8293792257598853,2.298386683516443,3.961833599111936,2
3.6488910210957766,1.8634444866686983,5.537746971146012,2.559452844367336,3.995816186618538,1.67563057573374,5
4.553569629982576,1.4180751645738268,6.419310819583668,3.17833058035083,4.758386498237141,2.206638889844171,1
2.0254172704482007,4.245362671359501,3.0841997849740843,2.839798215175256,2.3904854804646956,2.6101001447129586,0
1.1217221661547212,4.730960586008519,1.521569928740489,2.5481781035132616,1.1212453305777081,3.0984072372151426,4
1.247443039161271,4.780694266510666,1.6738072244657363,2.6157035567930578,1.3319999456625302,3.184092173888264,0
3.628417315862497,1.9090432823556938,5.561452881530294,2.551250885030316,4.0209788241582425,1.6598221764190608,5
3.0151003861292125,5.959161582480066,1.982762601153128,3.8732964910513403,2.3113113344757465,4.645685626372664,2
2.8611202838380585,1.9678532664499722,4.426928122830239,1.4742233186127154,2.710726570436586,1.3793561228411524,5
2.371258730878452,5.732919136850259,1.1360610212279076,3.4337880471626363,1.674418353708731,4.33076881508476,2
3.3492835323389256,2.2927924878161385,4.622192856645192,1.620501418570221,2.8321639543618344,2.2968877069560714,3
1.9095227025537533,2.794275001119704,3.4010602915039705,1.1742904984508595,1.7555674999593218,1.487015119243542,3
4.050936179333872,1.473851299586525,5.505682658526138,2.033032816328536,3.630709770223225,2.3980592893690633,1
2.9053790138953905,2.0322205958949815,4.448179035535175,1.5601047982307121,2.7514396852659404,1.4413168223426034,5
1.8246083749092412,5.869422170385736,1.3906755481202706,3.854483634263503,2.4022659803600974,4.007200637673114,2
1.6052301527830528,3.0359826680647215,3.54423895348347,1.7781320992651353,2.292006505558656,1.1767713229633376,5
1.3219201811407995,3.739333838814204,2.414164587859035,1.7622267380638843,0.9990974660065091,2.1998901270292754,4
4.6896759968660415,1.5349764126569896,6.473624625604674,3.00124339858359,4.730743308767653,2.6783386099232587,1
3.4987899913043217,2.7104829834633466,4.860072367045769,1.9935821713778983,3.211478092840613,2.681870040619713,3
3.1903100815406114,2.1228801248995346,4.549519993496418,1.294462529708805,2.7070066354225997,2.1048384498517434,3
3.570077432470668,1.832157596272487,5.539269635530402,2.475777899383965,3.989434733085032,1.5945882850387338,5
3.582446670985099,1.861122632136141,5.544115709676843,2.495537464904317,3.999400293813996,1.601015447235356,5
2.8044154151600016,3.1344653209146176,3.7330981987891385,1.6838112558944278,2.084763880403542,2.5291409923513717,3
1.5836974686972676,3.7975158473382544,2.5080510909322693,1.9391532250807382,1.1911573242220397,2.3171444643544823,4
1.9190315935521018,4.889977972718162,1.970397040280101,2.938916011359562,1.63839205432254,3.3627973507705677,4
1.8084345047823303,3.221891641093139,3.7188875659213596,2.0009833658021963,2.5490444465099342,1.5826071030029605,5
1.8376298288061723,3.0502841288189915,3.563952651881093,1.9329529315009326,2.2955644001665507,1.2673129454472851,5
2.3095283883595616,4.001340116766667,2.863321413012623,2.0329449794935046,1.5346301642963711,3.0077233021506538,4
2.5145672699255055,5.784395342264276,1.3600896959311468,3.5289621130367985,1.8402400301497144,4.3983530264140365,2
1.6786054428722768,3.114516102716715,3.6062721066193832,1.8656176831917648,2.399079848557656,1.3736547200830893,5
2.886800411539544,3.3873699429512922,3.9584756409081967,1.917563827095448,2.482749996682854,2.829501900587813,3
2.730956647662371,1.8459595291552617,4.3704576050677915,1.2357665385929653,2.628757722013484,1.1715714076468766,5
3.2027035344931383,2.1580693566555524,4.558902163464764,1.3335067815792516,2.733659471898156,2.1490347333376967,3
3.754351083869366,1.319160491325508,5.429302430682185,2.116782005807221,3.6671023950409505,1.7771511503702215,1
1.574711986993578,4.163688565788128,2.977779801199279,2.5936430014020777,2.2758878607630857,2.4381781537239817,0
1.0647165444383273,3.9893130953280744,2.7172380692071343,2.316381243084296,1.9252275719942846,2.125044993344103,0
2.303591744457894,3.0885460283216446,3.6671039967554044,1.7511178429173422,2.1983216739617584,1.9539218233408906,3
2.255399271036416,5.982585976110716,1.7947184608601416,4.059673009120412,2.656596555320855,4.179351594654059,2
2.595333147082075,3.0671402347963017,3.7055978012377517,1.3913596658038845,2.009865342390434,2.4025691517036623,3
2.259439450014811,4.90978363366321,2.101658367145263,2.75712657260337,1.5016008892758783,3.6892789941127773,4
2.9022730878943492,3.2883143290479326,3.865594247135689,1.8804490280227995,2.3182681907088747,2.722475274107741,3
2.329179213060061,5.982470363779232,1.8381850345863533,4.087759719324088,2.6563300701907053,4.181840209183525,2
1.9277367572918347,5.855289859643615,1.3573543057552442,3.881789506533906,2.358607871472838,4.004340227088416,2
3.455099662007431,2.7458202399271276,4.877442849705866,1.9594278017900162,3.2437628443753512,2.7021653199911935,3
4.834948223037708,2.045737471392122,6.618633091570543,3.2434868352933415,4.931690006071418,3.008385030946055,1
2.1158354180984524,3.4066848506842087,3.863701818558203,2.282549795965909,2.7785335716770283,1.9488110933055656,5
3.1815226409446664,2.0755691806109366,4.5189328045587756,1.2545429001859463,2.6652897436441227,2.089110097518863,3
3.2698004035765815,2.081179487621972,4.530965889008893,1.4020107536765982,2.6639464828267374,2.1107861531344683,3
0.8079349553313641,4.874274279233959,1.814619318004181,2.92908527127948,1.831674364742225,2.978954227118626,0
2.60885223432325,5.79501110764325,1.432104626716735,3.5814396812318092,1.8629522632458007,4.416607215207421,2
2.199700803027966,5.9256884887011285,1.6276183391106924,4.012001540999319,2.5220879995305703,4.116123379281154,2
1.9501751214419492,2.901396435403571,3.4914089691599206,1.294923224168884,1.9392349329862324,1.680681141305232,3
1.137673447087032,4.68948778267035,1.3797870825941763,2.5282140729591513,0.9058250918909317,3.0490524448635665,4
4.2340707207158434,1.834087302969345,5.606672594421184,2.3552220909380273,3.784856389476612,2.6565722785087913,1
1.8445106316001356,5.919340152043995,1.6275110711225773,3.884557457925298,2.5415339937279477,4.071019452625485,2
1.0794402303408654,4.700573510802387,1.4149186716194768,2.5174129549124564,0.9755039359171611,3.069338464243764,4
2.701877283834938,2.200683454785672,4.486692771214688,1.9860464573444092,2.9992180776443647,0.8359005311814742,5
3.9541500625259456,1.7696339683801732,5.558124956763344,2.4422533330903122,3.8543767931474213,2.137789421513785,1
2.006300572438665,4.011983492076167,2.811915152936593,2.3096612622991217,1.754764160366293,2.657735031930204,4
2.4205958964788037,2.9670651887987356,3.6144743145207423,1.0707562954839172,1.8581757989522751,2.2708479961296995,3
1.4684278746325157,3.9283778495323336,2.7027298688541066,1.9612005596528306,1.60291200497117,2.481639934776002,0
1.3892242892675952,5.057850684007605,2.272867023086776,3.167331464672777,2.2900661873914863,3.254154662647988,0
2.7055720052888965,2.0013425547804973,4.452693574291066,1.2758148427238016,2.7570779037392756,1.3420509639598337,3
6.016553658924628,2.342807794394531,7.57221921147018,4.071790713388401,5.736869009193731,4.017629471816167,1
2.2962941834650565,5.991392823901023,1.8731924274124598,4.079366897600934,2.6832554630721988,4.202239029093208,2
1.4987368032523554,4.054899823991817,2.792233443024179,2.506578541871792,2.0440820142346032,2.2876120614271898,0
2.999532266345889,6.810226221894526,1.539206492626853,4.637300084839605,2.963381997885061,5.16886507242534,2
4.659454207450644,1.6953105057265052,6.485718426237431,3.322423072207638,4.847779275193159,2.397314970638946,1
2.9108976237017528,2.7664317366859006,4.794561644744398,2.374617143913717,3.4640746531694657,1.8118649381698408,5
2.8636465231039834,1.9517259935493962,4.4223691543888615,1.4709649650167687,2.697690822993617,1.3511189946129185,5
3.0779384886353873,1.9618673415552677,4.472481553895664,0.991854755613973,2.5848884142829274,1.9697893205679289,3
2.0055770818574468,4.795893640275504,1.8414971576060246,2.55205089785925,1.0737849568166824,3.518635880988078,4
1.6283306181126407,3.8540920806567494,2.575117883273099,1.998051801205114,1.371427145381304,2.418599317333695,4
2.0963638501250803,2.869110108134786,3.472436394971553,1.4253564975948505,1.8600048711175383,1.6344014957873592,3
3.019109875976496,2.3487946186817674,4.603499699659394,1.8256550226591624,3.009009730861279,1.8642104613436654,3
3.4771271021965635,2.7384763397463714,4.863375310003269,1.979514574220192,3.237382747744066,2.710373599149422,3
4.354869783808062,2.149630801267158,5.729211711663038,2.5772878964851142,3.9587644984013326,2.869882867085287,1
2.016925870650734,3.916218950853425,2.7557338177951185,1.746945681102569,1.3295531235584925,2.8600445235188285,4
2.4015515478495577,2.9063947083314035,3.5511582901025895,0.9831075724766931,1.7499670146835449,2.2166660612511278,3
2.0569999891692126,4.029655162153369,2.856720765382636,2.349488187185907,1.7969616301859546,2.6547724236044234,4
2.159156078901557,4.787645676654901,1.793342958190135,2.631162613881335,0.9893336962710085,3.53208288189296,4
2.2762443545985414,3.550696594888898,3.9982081061932346,2.4511432730015112,2.961099932125259,2.1682217174360434,5
4.747514443854733,2.02361590148667,6.570017832587431,3.4626376415324365,4.974690708929152,2.6356596884745693,1
2.66320975100313,3.0113154996851326,3.6413846392894964,1.4371710688283132,1.9032329427481858,2.3915756391531633,3
1.1130876596534887,4.716163344497292,1.4532105559053994,2.5365702429157873,1.0471669247669384,3.085168096221406,4
5.895357895106161,2.464636384528103,7.583163256507368,4.224627487490796,5.84805468529774,3.8143062954371585,1
3.737459434738604,1.2135504855455934,5.404395401086399,2.074928361261889,3.629936705278886,1.7052778001479776,1
3.0081475071375827,6.8214783906995455,1.5648603519386035,4.64593872152506,2.9894952957722714,5.1740425899796705,2
2.140931981834979,3.108903561589338,3.655987153553054,1.6141792292796702,2.2461484250060018,2.001380190236802,3
1.9545085542260547,4.799083440234607,1.8207167757589489,2.5256575165974504,1.0998332235294432,3.529501783980526,4
2.9529548898830424,5.933937961487068,1.905896422493656,3.827295379557295,2.249568088327591,4.597120401513014,2
2.1541022678913007,6.038331667385433,2.024317433309535,4.0481871619196985,2.81077184075776,4.230481628746293,2
2.0605618924491407,3.2105106964852923,3.686818394331121,2.155816236576695,2.504093043049159,1.6400106953121154,5
2.6477372235661707,4.185582260730167,3.119406162571478,2.400093957558581,1.9560302220137094,3.229315480954352,4
2.9276394970321,2.279219157294012,4.573657174995702,1.6904476283211067,2.962105761492237,1.7647359814053696,3
2.3919542747927487,2.807787415271605,3.4783560224980508,0.869893654275546,1.565519480123309,2.10892049710789,3
1.3232931464874726,4.775029736825178,1.64506448498251,2.637569322921058,1.2990857579311739,3.186490695235563,4
1.2618181112633418,4.886663776087428,1.8204008440309556,3.043335078399737,1.8309380758885447,3.022999577955602,0
3.601084098739438,1.7200540098524741,5.5019095045934385,2.4823328089414005,3.92643238966384,1.4773236584694194,5
2.230930901357925,3.3015593823429543,3.7769092943833744,2.3091304374909347,2.6217531802251886,1.8157952046680979,5
3.6438081487958383,1.182031981154919,5.385013041292275,1.9506279436364626,3.627889029501806,1.6809617499730223,1
1.746571525326006,2.7667484467782977,3.3845250527441038,0.9610005794443991,1.7296980473344237,1.424785222500726,3
4.664645554003563,1.0596015006829522,6.380792365937153,2.9084189154467257,4.586184832159406,2.4711498389083197,1
2.367067718963335,3.950271526962472,2.8110165662369946,2.04537817176134,1.379019987189242,2.936923449892458,4
5.665756118936545,2.229435939274485,7.488088058707577,4.2116115800500955,5.815332591862216,3.383700384177305,1
4.970586148415634,1.3858486122424618,6.474653724607034,2.941279285295466,4.596841334180335,3.0189459478002436,1
2.585542960730827,4.2664331919513145,3.258952575909147,2.3976916975824727,2.167384431489234,3.325776654248742,4
3.263502657155141,2.705003194801373,4.7913936429534365,2.223203619978072,3.3017623659161606,2.2648223698755343,3
2.157093275527146,5.746807994934601,0.9745651539436467,3.638835940030082,1.888692129301031,4.1154853121416535,2
3.697441725335981,1.4541682340574467,5.458714858535582,2.076114437523936,3.7284525223079483,1.847947961172357,1
3.377691893318256,2.3280702598493144,4.6565738826378125,1.6729823791862102,2.872038093086872,2.343524393727944,3
1.1391310641648629,4.010961275983499,2.7522067705492743,2.352101594715157,1.9709438806496276,2.162631552791705,0
2.5579880612521197,2.1561475333537294,4.464028329965251,1.8345092554989089,2.977939653749204,0.6705108568653382,5
2.835045640441781,2.339521679690023,4.6104349028350935,1.6056462104368125,3.0273909083991652,1.783135359294709,3
1.2021602131682247,4.07350534401642,2.8409127790421786,2.4067714037287913,2.1066034379249325,2.2830206867545417,0
3.582782947328607,1.0493448080466379,5.364051316363611,1.847103740798267,3.589935127556731,1.5609267955181956,1
2.536393240745514,2.1461348204463366,4.45678921496444,1.8101526246756408,2.970895738275036,0.6073818760883729,5
2.1369661526059245,5.9115876139011645,1.5522492702158959,3.982414126780254,2.4866788431854165,4.095048466201946,2
2.027985429404825,3.94125001679919,2.7919058499976104,1.7720189675000826,1.4153694613949503,2.9054873418691503,4
2.646115626975883,4.181547966002515,3.1098039360153114,2.396477761201299,1.9461219823930462,3.2280290470151294,4
4.785863183003747,1.4700379762672904,6.45882353534021,3.0925761221789787,4.697851405176879,2.6718008742314456,1
4.066795220947086,1.5644725136295572,5.52252478714937,2.0733541188315265,3.6731512227816685,2.4731258901007704,1
1.5213281309690438,2.9687145832995228,3.4895257672953606,1.6899288011590934,2.19908827595383,1.0246574417194219,5
2.5328640088909204,3.0307056054402564,3.6509823011450675,1.2819592940180558,1.9504982703366582,2.371517769995352,3
3.706620758624891,1.5541466131203538,5.493988266934632,2.109430507147378,3.7758082619846918,1.9230780856492569,1
1.8974865513519643,2.9075838568036776,3.511571287436918,1.2462897194314864,1.9568952387777157,1.645582125541649,3
2.9454247125106705,3.4414653245380777,3.9931654712001445,2.0056380122989244,2.5551402937153047,2.8844411897584346,3
2.4501262673429576,2.8639323689178195,3.5312145986670527,1.024855619109801,1.668236093252708,2.177157005087437,3
3.4804897321603625,6.842311790934805,1.7892707847730476,4.659370863120316,2.900518383454775,5.419080875998511,2
1.6071219894155777,4.151946537433468,2.947005927048389,2.602271245321893,2.2430209881030287,2.451855583704337,0
3.8590662929039916,2.2879767905595925,5.6897679862616375,2.860877249897885,4.212567233621254,2.1291105007406066,5
4.720288711662011,1.601674623030996,6.493628638865038,3.044171976008962,4.755085616463639,2.743804664244984,1
4.496425988496167,1.460109282322833,6.430179987238517,3.128102887689876,4.779740261829178,2.206624445467131,1
1.4429860300594215,4.933018678371723,1.9548117134871565,3.120306479545526,1.9577486271310747,3.106282376340829,0
2.20172607062663,3.183401969670539,3.732908685777208,1.7159831268841206,2.348903899176069,2.0677658087377053,3
2.694825686207361,2.3630331029130027,4.56659220586207,2.03888407800387,3.1316806829743524,1.1273651822499708,5
4.61023653333663,1.5730550002164476,6.454845318530196,3.256256526537685,4.806472869351985,2.3234421596704884,1
2.2770122673640794,3.3411509649098226,3.7954857855196713,2.3573315235350476,2.6679891604534505,1.8909350785734644,5
4.6934506967825635,1.806334880494934,6.511378943195814,3.3730866458772453,4.888376668210422,2.496985000674819,1
4.180257929652629,1.76190323184613,5.593398233881577,2.2692717674911704,3.75805491697441,2.5748123786544492,1
2.9524557211973024,2.560350364362429,4.6766978106622705,2.336829687899082,3.274505760773997,1.49938671895013,5
2.500319979247532,5.751070314145351,1.1878157164747256,3.505044551451742,1.7169890958155514,4.363888575341327,2
2.1289130149913986,3.835757439043357,2.633792730036052,1.780616904803367,1.0090744238689298,2.7959225765356384,4
1.3750197617678663,4.939770692374168,1.952559806103054,3.103597718327844,1.9729374379024998,3.1057289655928564,0
3.6040745144661366,0.9321117483279188,5.345543916603045,1.8562443496547154,3.55074103185543,1.4985914038721082,1
1.5878732370650162,4.765534698198851,1.617488413972185,2.7304739119719943,1.220929044185026,3.186831729685926,4
4.570238327010625,0.8135770497533098,6.345707788369427,2.776424066777375,4.54460088863379,2.3705156550087767,1
2.6812746630820765,2.287844644026317,4.530375757409335,1.9992240991295767,3.0708411087628087,0.9926161036793026,5
2.5182378520905733,2.945987052855791,3.5858979847998103,1.1991533986235752,1.8000242727019538,2.282981928349335,3
2.34932928719268,3.3232656510617464,3.8712632067417894,1.9209647402672356,2.5484107768793405,2.2761479269891023,3
4.597228425231224,0.9395282631939494,6.369259993678173,2.8195920943006008,4.569111626389156,2.4051257816077736,1
1.5433405904840307,4.797583380846117,1.6901699656233078,2.7318159170435155,1.3482006717948958,3.2260204017320144,4
1.4402180050928224,4.949049484793794,1.9870531097851312,3.1278253800982534,1.9973026468389659,3.1090334040678838,0
2.621906709301149,2.2159715217674476,4.491223647745887,1.9166050478889467,3.019462298984189,0.8115082146775054,5
2.777365331547138,2.6071637065987545,4.706500298758025,2.2001668538762145,3.3403171059447394,1.5378032842461553,5
2.718808829765674,2.277415524147167,4.525346768198165,2.0275782072571418,3.063964799494829,1.0261507736108446,5
3.647942301833131,0.9283370556650417,5.339076186636219,1.912998879573566,3.5436529312882654,1.5373944231480006,1
2.1293191368347384,5.151532026732057,2.5406316935759787,3.1679308585365633,2.3576328281682684,3.7070091541979586,0
3.5271879031643327,2.5058025700650095,4.740407138723929,1.9451966662059264,3.006401438310273,2.4958059989577,3
5.792341868459643,1.697473296254612,7.404126975775968,3.733594927873779,5.508537460163961,3.676808546634576,1
2.382096263711434,4.895633431380359,2.070521816506369,2.8176829109148214,1.433443944188665,3.6756637240678076,4
5.116551226403029,1.9353602048905099,6.608961752997847,3.198561723755503,4.795887930779457,3.3102764350680474,1
1.738400909991985,3.896917929273465,2.668115197612453,2.087771039158138,1.4864469008833658,2.4637846553571987,4
2.121317710105617,3.946852153915079,2.8051592558942176,1.848305882140065,1.4212330110405578,2.9168333806318194,4
1.9382618771196916,3.218718059124738,3.7176807744919897,2.0819648897350667,2.529452248285614,1.5634775417608862,5
1.1982384063301035,3.951974677256493,2.6429475839155616,2.338991401175907,1.829903909178217,2.107021042777774,0
1.8084345047823303,3.221891641093139,3.7188875659213596,2.0009833658021963,2.5490444465099342,1.5826071030029605,5
4.840269580477031,1.6334901112860631,6.5086734441636045,3.174806878341889,4.755984294329168,2.7745831827629095,1
1.8124651673755952,4.148539400581616,2.9295130516578345,2.691540385594055,2.2124967168480403,2.468059886671461,0
2.314869654887998,6.0393578037459,1.983051151613821,4.109892195117433,2.787122497755879,4.2534261532211755,2
1.520492031238381,3.9385914209131427,2.712321351699951,1.9913691051967966,1.636458652391316,2.5115265067430035,0
3.4631955983366725,2.362025692553875,4.670829689739423,1.8046264309145992,2.885450880288912,2.3843954019500577,3
2.046935895923319,4.207936686184458,3.108694451760362,2.440994147199398,2.2082505753794037,2.876343246959913,0
3.751740999713707,1.5977134233807742,5.5032216432596615,2.1733316214100276,3.788993001317799,1.9434616466877446,1
1.9059182979919966,4.8847763666394854,1.9207502432292456,2.9289184553954133,1.6209699324497109,3.3542404458052726,4
2.7622863158459436,1.8126875260776685,4.357198684361221,1.2687676764543823,2.596586987718147,1.1248081009385305,5
3.8948802210899798,2.1481627426763277,5.650304199804959,2.8620291230303243,4.123558068647049,1.9590651658725642,5
3.4590946218529752,2.500232267376416,4.747938197311503,1.8548776064976742,3.020357382763916,2.5015001721226784,3
2.129637249224818,3.904558284859,2.7444941175504405,1.8279392855837395,1.2722349547633296,2.8528928684462698,4
3.3090922213924454,2.2176416029324786,4.597963130831206,1.528189211569484,2.7751211367984165,2.2249201721387224,3
2.272241579517352,5.978058255147102,1.7768143587306267,4.064462062169377,2.640814792478298,4.176317438995997,2
1.8468782390297067,2.853260285349821,3.4475788604889064,1.1522574172776032,1.8624360071567936,1.5838675648892178,3
3.756363788627848,1.8823598920245102,5.538804820245321,2.668436776179702,3.990865444459842,1.7228699981566866,5
2.7766992451949495,2.6091483449805355,4.698284878100578,2.2000755308052327,3.340391865271174,1.56332354389006,5
2.323541764040293,4.855891910995534,1.9745755335042383,2.7629050004455356,1.2808198471954155,3.6324533069008162,4
1.8199505789034827,3.7485963020197195,2.5166482919759168,1.4585656125824773,0.6578864535587268,2.649730439276633,4
2.6012177435905204,2.938051448984004,3.5853601805848445,1.3067341863263326,1.7800457636077331,2.2952135271554566,3
2.2731705226086287,5.968789369973864,1.7569398524877746,4.059868877303573,2.6218584689759354,4.163261938183684,2
4.881676209968486,1.8519637217921836,6.568277443908225,3.2569125374045047,4.835177364069577,2.870894589781726,1
2.641063656949165,2.3165721174974467,4.556100816129227,1.9725733898591098,3.1029973193889178,1.0186905150100118,5
5.872302087190449,1.8963787530901939,7.45854228029082,3.847927309955744,5.571346492274631,3.767448520177529,1
5.07465141757913,1.8073626940062886,6.586089006031753,3.1287117285311923,4.7481129882549915,3.2245277760734927,1
3.959556735461957,1.1908539297478495,5.435234204379703,1.8406452585689899,3.5275711523204625,2.244037917993996,1
3.7620501888800706,1.4225841043104201,5.453832334341903,2.1474868441808423,3.7079829384037253,1.8473218991554234,1
2.0551764539593034,4.295182418538326,3.2258125748674966,2.4918064175624197,2.3942972247081356,3.006282786721799,0
1.725090242498442,2.998573559238015,3.5167163752620327,1.8345188366002068,2.226240748313188,1.136969428585679,5
1.7579995972890206,2.7366850154243836,3.3589588461875914,0.9507710222495438,1.6678145531589927,1.3663625684629983,3
3.6158808202912014,1.3745785678645537,5.444481650808922,1.955785791170207,3.708917901451588,1.7739212137410953,1
2.9955445759717665,6.904311076026187,1.8272088469411782,4.8947989184450345,3.2756796985468966,5.086011830479864,2
2.2007159167919825,2.9417010162944286,3.532505990960103,1.572407586410107,1.9687701319908688,1.7627472825191863,3
2.420061966148024,5.739428047398977,1.1616824236627734,3.4602076588636628,1.6908587022865569,4.339742417606568,2
1.8240612702383212,4.40764875408944,3.3048592062206668,2.8233944130917314,2.7196194533322213,2.797321063450923,0
2.415976324772169,4.9126131652462215,2.088227845426585,2.8469014659222975,1.4823032476077396,3.7016379097902226,4
2.5997665138002666,2.265307277182568,4.51986657059294,1.9131796875855287,3.0665873000315056,0.9524756042776933,5
1.9439587320652263,3.2426698723998983,3.718887749368123,2.0971654199271024,2.5574496617833518,1.6200136880488327,5
3.737459434738604,1.2135504855455943,5.404395401086399,2.07492836126189,3.629936705278886,1.705277800147978,1
2.3077554511864293,4.861312827976303,1.9700443627974595,2.7570942176100917,1.2993605436020392,3.637162496314004,4
1.608088295994832,3.8567185603811343,2.5904552375224332,1.9901403248028653,1.3754301458257432,2.383918617986194,4
4.225333493433922,1.8697958695723542,5.614794127324294,2.3530555885652573,3.8051734486814026,2.6814897872270316,1
3.8755999709661273,2.1080317379488953,5.636635765756797,2.8349450287572435,4.102743138286337,1.937574029495354,5
1.2470160428436312,4.898396923667,1.8584933110560384,3.045028301326648,1.8679502820097784,3.0289279371357365,0
1.5327412905961952,5.003334314096999,2.102777998050457,3.1837258255872727,2.139015691363708,3.2135587462142814,0
3.3233574645798827,2.2456344992057007,4.604383796239679,1.5622279122431912,2.794621395673982,2.244490004310464,3
2.976418038555779,6.041326413280509,2.252472372979136,3.8924781218638596,2.5524747972224393,4.720799381047645,2
1.1837959894103978,4.702849138320166,1.4174356851580978,2.5504150619118344,0.9716586901579405,3.069025922008214,4
1.9329458337915915,4.746730905475847,1.7033618607716303,2.4831304815796647,0.8179565553776765,3.4592347423794263,4
1.3253292274878994,4.183304122662463,2.984418928000372,2.507687282840397,2.3261917860315373,2.4573339422739933,0
2.776020764903456,5.870363083807915,1.673818660806963,3.7029398716200514,2.086576684697955,4.5305355757245644,2
2.32163501414379,2.802563055153185,3.471699242346503,0.7238369229454369,1.562839298492814,2.0868428837125075,3
3.026889379349759,2.2589456263666956,4.554370986487926,1.7993692268474129,2.925895396800482,1.7439087085801879,5
2.6913246589127158,2.4576191014068867,4.6137484300970115,2.0701235522045236,3.2137671084531725,1.3142250195616967,5
1.954087438644463,3.993828960889217,2.769120443148503,2.2670932390740797,1.7150653189360192,2.6206835627918763,4
2.8082115479170207,1.9799901250768512,4.4222944319899105,1.4092838588256391,2.7213826499421447,1.3613970546865481,5
2.578101189115597,5.885164544927405,1.7648259977828091,3.612306996228523,2.1625096678683033,4.515553926772853,2
3.2459755243560497,2.1808839871364607,4.5804276978472895,1.414088684099804,2.7515041128617748,2.163924241091029,3
2.906386206402415,1.9910363434808127,4.438313453566457,1.5426697120520678,2.7245064361560574,1.4088546717926973,5
3.072410766974976,2.6465866796800954,4.728529177691298,2.4667375994672662,3.345262090207487,1.6767244091700881,5
2.6710432349807283,3.042682189930335,3.6610623373767233,1.4684806286237488,1.9508613824555463,2.4062278616431167,3
2.7765324157757787,5.842432142945047,1.6106989450498541,3.690058668094808,1.9967948908152824,4.48702015073312,2
2.0565343871803323,5.746726718308613,0.9592747063139451,3.5986251021987457,1.9016607588528425,4.113887398658628,2
5.895851013731457,1.9801367713262867,7.481821220690784,3.8851560667802603,5.603147432860396,3.822532501095762,1
1.8371604075129,3.7522407695106117,2.5173571896147946,1.4762367215893868,0.6711204366024892,2.6569772175197923,4
2.90497176464952,2.7816103405683172,4.814002672082915,2.374840111365777,3.4818891703198056,1.813144428683023,5
1.267487164541623,4.170381623718273,2.9731867843328974,2.480209312745236,2.3058782030584664,2.429089906602488,0
1.6259670145572143,3.8724362356389754,2.6306067064283774,2.0091457642528994,1.430474910551709,2.405711980391332,4
2.085816029736995,5.758290967959909,1.0120028281955757,3.6161463779343217,1.9333892206381036,4.126321909596188,2
2.953104868128137,6.919584197270072,1.8769923356050981,4.885041142460339,3.309915811408831,5.097620638974971,2
2.0039239737767187,4.775453838124487,1.753808350349151,2.5383527592837103,0.9607276941159701,3.504322720365129,4
3.4075496542077794,6.8001429310747,1.6140411581667307,4.601881666247713,2.80120785355604,5.367108128414586,2
1.9554428568584512,5.742682100046381,0.9658468862905027,3.55871388024605,1.8965925609237857,4.085367589702435,2
2.5809756586559662,3.0012158841388152,3.6466611885729168,1.324457908520899,1.9015103161504092,2.3570209053684024,3
2.6754891662163898,5.827373407006546,1.5427051439510122,3.6313218347452905,1.9608346188099386,4.469465405993684,2
5.652010030221819,2.3333961461669444,7.5166370847093145,4.218058182062523,5.858443650923178,3.436190847702273,1
3.36181467714543,3.0482058711761235,5.006833931339738,2.4546063575632817,3.6080549566675164,2.6124082044183123,3
1.129993680186641,3.737520871646008,2.4016107570679734,1.6655988984335417,1.0248868768638324,2.2017981714436603,4
4.71974812222238,2.2295883387000286,6.642766231925722,3.478162009996237,5.073506646874816,2.7550553502747,1
2.1689103355341497,4.79921367848659,1.8334725091214568,2.642812843340004,1.0542108287078624,3.5414504493543575,4
2.8383341839826954,2.3960028941692113,4.580446837249398,2.177756860449756,3.1484568159525987,1.2880689149947944,5
1.6965630582712368,4.806829836322788,1.7255311799591542,2.7970244161825315,1.3745929211121224,3.2539881358733806,4
3.720007410583282,1.181636208406121,5.396244076270881,2.0470450841353265,3.6212831012228777,1.7006607865775336,1
5.79844291163884,1.7125057333526088,7.412144269025434,3.7425112826481945,5.513896324984739,3.6878462926018942,1
5.038641128164953,2.4070400536061363,6.75317741041225,3.524168998594702,5.085994955310363,3.2540369853255866,1
1.770865510022877,5.880584366065257,1.434144699516648,3.8425642205400155,2.4382900015220725,4.023793628611477,2
1.5443348009659776,4.270263847992005,3.1048024815730586,2.6357757983456427,2.4836474228852876,2.597347495124923,0
1.4207517425648477,4.001966599197129,2.7287292360048085,2.449692903575525,1.92796566977429,2.196397579573768,0
4.765375263788624,1.9863383388468634,6.569244602647067,3.4744193394643235,4.954286638671874,2.5991024235739233,1
3.006255818229028,2.4877675496746634,4.689638613220278,1.8665557635678656,3.1413311410233553,1.9960524044112644,3
1.2097855236621424,4.873903749576583,1.7898821462432468,3.021631925910317,1.8020274984092817,3.007867375900169,0
2.955310236328527,2.595314702730967,4.684417294088077,2.351258698200354,3.3026716725732634,1.5858862708712673,5
4.657820411269312,0.9855606549743275,6.368728362960041,2.891277444811775,4.571491121465561,2.4504651599703635,1
1.0475558426695923,4.745295016254994,1.5663946180406865,2.534352046291596,1.200584244878355,3.1192763873945784,0
2.6119519757915652,2.249664941819015,4.51564066681584,1.9187383466313355,3.0529934146530042,0.8969581886997486,5
2.8812390348446018,3.189359407199233,3.7999371529535497,1.800884444739744,2.1713855364175707,2.5861168556363237,3
3.200267597543155,7.013254989946457,2.164889475066849,5.031586430235151,3.493141191025029,5.227858955522885,2
2.636224937102791,2.295764602539839,4.546119775569526,1.9593021332521332,3.088525977892447,0.9731038576205823,5
4.019929587306374,1.380267550721937,5.47089023605717,1.9670942322933482,3.5940880714664836,2.3563450646894353,1
1.852970157522744,4.071276947901058,2.9254438799568883,2.254471089165489,1.926429377166324,2.690128600299254,0
2.2843558130946753,3.2540465375511687,3.7881642369247093,1.8281089810798299,2.4453147231443166,2.1962455398905365,3
3.22445249651336,2.84022173000242,4.874982679150145,2.238491508704348,3.430417931391105,2.3874589940901054,3
3.5309435700996596,0.7825134481284254,5.319134036857759,1.733475216643348,3.5197773504763488,1.4123658400974366,1
1.929858573634148,2.777809850526659,3.3943681185420154,1.1874158590606831,1.719601093622024,1.4514559681339596,3
4.582552451248303,1.165292543830842,6.399313639436823,2.8300411463672464,4.626176412350987,2.4852207232610417,1
2.665489426724963,5.058640569510329,2.3989829641828,3.0719473297536433,1.9097633614873442,3.889822188082784,4
1.6775929326594532,5.008815646038195,2.1126519315718815,3.23654094352487,2.1370619088863516,3.232398899862255,0
2.512561614042346,3.4499066597563557,3.976166811965707,2.1216509740577623,2.7141025453783425,2.4750017266596545,3
3.7818679873912417,1.9078062895075374,5.553974873102251,2.698209260473312,4.003833415708758,1.7344637125802476,5
3.8700057019360776,1.6023838638270507,5.506468153189283,2.3106272586123486,3.780243597296825,1.9889594691197265,1
2.41983559039507,6.040791390992572,2.116394873748551,3.8937341709092563,2.703301753392373,4.477315125086574,2
1.0860881735605248,3.7163236232654975,2.3760902957144125,1.6303121909382419,0.9429482666546166,2.154742076398059,4
3.2141044697007164,6.9466715117429905,2.0720129550169255,4.796129921252781,3.2781403027129823,5.325451268913214,2
3.4816254138329543,6.982082234816872,2.2906110268301503,4.724272354544093,3.258407840453094,5.561436666694704,2
5.612998707673208,2.23301337838168,7.494857095390636,4.16482747976278,5.821648834646585,3.3668863821882606,1
2.6727830402892496,5.875474975525322,1.7039018482667454,3.653732035388655,2.1180555905344636,4.528323868436665,2
2.3246910527597584,4.03346092195935,2.935011230382316,2.0635606764582946,1.6351574338504633,3.0181322029383946,4
3.562635978582021,1.0048616369224548,5.352672892458241,1.8124372467021514,3.577168279496577,1.5390660844978068,1
3.6614418959159623,1.146093739984594,5.386863606576221,1.9676639452203852,3.6137486684805746,1.663616158528246,1
3.5112183685894105,1.5577510703863549,5.446964601020974,2.3563581537758203,3.8601738697036936,1.3111898296627118,5
2.438439560952549,4.085813929066402,3.008857687701829,2.184272255913594,1.7496085829480263,3.085706011950221,4
2.1200558507900085,3.347627893683218,3.8103554617053836,2.2607198293677424,2.6866545813634937,1.8405061647368368,5
2.8304027144062376,5.916154696843276,1.8448440982321828,3.7555024807036697,2.2115635028498146,4.5802479170330805,2
3.577172324194343,1.5598561555421295,5.452218508783418,2.4235319442600116,3.855335365581089,1.3234988498894757,5
2.7198492581670157,4.176380623082952,3.1376407231757284,2.4494276432753352,1.9343748835554908,3.231960863792911,4
2.3007483016209616,5.931259798983668,1.8041965174761825,3.7905700296036366,2.429908511303536,4.33640529288516,2
2.410299254972465,4.915442205811201,2.095977754027439,2.845415493753596,1.4941565549154372,3.7142698715592863,4
2.666502222275456,5.856122272335296,1.6257648923687014,3.6420467914835433,2.0472136166983828,4.49293985790631,2
1.258960059358933,3.8029986035076417,2.51995008388931,1.7724504898525868,1.2585967694906044,2.3048182567576823,4
1.6240903476464479,3.01995547730689,3.5346136083202078,1.7811193427256267,2.269166101606343,1.1736724014915356,5
3.250602265142496,2.07664777509896,4.520840064404567,1.3686743890992998,2.65991968962171,2.0967708657811923,3
2.872983798834327,3.4545599338736466,3.9858838799304603,2.4158979210178857,2.6805801311715407,2.5258772520697126,3
2.073673423812545,4.058572477332263,2.8970644757900046,2.3753373184442363,1.8648924016869826,2.6912681387006243,4
2.7062211849927604,5.0817790257281406,2.4521160578246173,3.1087834333224977,1.9684196211646137,3.915689161482791,4
1.2975900588579143,4.061886980206798,2.807782591334536,2.434586847750811,2.0685462229938105,2.2746032730167807,0
2.7872604505550242,1.9874451695083015,4.441053331287776,1.3839958856538477,2.7343084909256525,1.3255777621308051,5
3.4175517287350337,2.519231546583204,4.738874592286086,1.8123833806881233,3.032748041351049,2.5242253837512454,3
1.6010116727453265,3.9261906921950636,2.6867759447378288,2.029738544273631,1.575734614808434,2.4866533163379434,4
3.199308296506384,2.1712577470740033,4.580928312724602,1.334083651400767,2.7523875132875504,2.1550941228918514,3
2.8058430287174003,5.889838412495578,1.7360916657684458,3.7280264000520074,2.140631408571123,4.548212760599175,2
3.006255818229028,2.4877675496746634,4.689638613220278,1.8665557635678656,3.141331141023354,1.9960524044112644,3
0.8390106968783974,4.885885117077147,1.8431397329767296,2.941479412530895,1.8618080355220175,2.993037301985506,0
4.938298288237639,1.4660151598431717,6.498359796942202,2.916456699988155,4.630506479422635,3.050304121919076,1
1.4773422752572134,3.8077625948465403,2.533864178637403,1.8879730171674771,1.2431829972626605,2.3066056178381897,4
1.8308563328301617,4.1790694517614595,2.981164505797669,2.7156374539012567,2.27118038562916,2.475720589788241,0
1.3622116634272663,4.034395996606883,2.7702780613635194,2.4443604968169685,2.002551254091455,2.2362100281224833,0
1.7407721141132335,4.353584560143739,3.2237204638363313,2.7592320124539045,2.629581362108047,2.7408357707026445,0
2.0841678946048483,3.8105273771991017,2.5991840949355245,1.726281766412931,0.9088698560186182,2.751348167488328,4
2.448644301543236,3.6048375414055545,4.046028616483069,2.5880381445460956,3.0127404214837705,2.28842963536445,5
1.4519562706599283,4.753297739567432,1.5686376178280697,2.6710884481265267,1.1849981997100947,3.159131135775447,4
2.0334351144979372,2.83221494535425,3.434818613522784,1.3359205233172535,1.8045553573860291,1.584851180530976,3
2.2087210051996204,3.025409525766722,3.5971069837894762,1.6268242405995248,2.1104775539619522,1.909467541573607,3
2.1328932937052913,3.887022073384767,2.7226482358169304,1.818949503379371,1.2136485159767825,2.8552802763744656,4
4.94122702856282,1.3887642048444815,6.4823701744862765,2.909404337846402,4.599905844073019,3.0013925357215365,1
1.9278002130719851,4.370603665214728,3.2382853835706658,2.850871095611841,2.6454860826899584,2.7964774210426593,0
2.6137844502681093,5.861561378256451,1.6700537354740326,3.618354890575487,2.0788678282518993,4.49811783129401,2
2.3889102705163903,5.731221471665102,1.1293918144613035,3.441242749933331,1.6651592222409017,4.329723468972279,2
4.627734303117962,0.9873052505148516,6.36458274586349,2.8586212549539614,4.573566733171668,2.4473459635929813,1
1.4272847858335451,3.9395231140244524,2.7333335882494634,1.9465965496733615,1.6455818450150375,2.487262919716883,0
2.524338329642253,6.213873230562183,2.497505710089705,4.273270318632562,3.173269690032297,4.4675067952349625,2
1.0487191210101188,4.911297746191643,1.8987257924192473,2.9998134642511363,1.922603628182332,3.034377834186585,0
2.42278961195743,5.314334907973822,2.851641895079538,3.3896667373432323,2.699931606984245,3.9136425513287336,0
2.0064753480057886,4.0536222885339495,2.8931643088620587,2.332676864236126,1.863045560849796,2.675659126739698,4
3.1504836137713,2.81428134624176,4.816929632866182,2.591686433207442,3.480877607489421,1.9459037210439059,5
1.7278587368672804,3.1780556880918303,3.673801171460622,1.929753847302726,2.4879290001293493,1.4657899870324245,5
2.7759709454163626,1.8706124901485386,4.383720582687371,1.3156792356695062,2.6403755438627825,1.2189028006891611,5
3.530950539422937,2.620502537748904,4.811542009816416,1.9978693400049967,3.114686561782625,2.5925528197490397,3
1.7227047064539025,2.8253176077869018,3.429380212377479,0.986400120143303,1.8308272598294664,1.498165596863207,3
4.073751402780105,1.4578329853770842,5.489845177537744,2.059127351212886,3.6192719892541776,2.407968338008628,1
3.9748781107903763,2.325956373677573,5.755349936676681,2.6076402831841903,4.16734876825956,2.553711336881275,1
2.5153830439952793,4.2201677984770605,3.191529115166568,2.3173943795449357,2.079030252155638,3.2670893004886543,4
3.7902586283016,1.994573180781622,5.59426027238127,2.7258658790912422,4.05308849498199,1.8152223635729858,5
3.6722697774283697,1.3906453168455113,5.438327370036075,2.0304730431536315,3.7051579400011327,1.8216996039025262,1
1.129332680502361,3.9504476803244635,2.651448347891136,2.3154219627004484,1.831354344851294,2.0952972133347925,0
2.002314466326305,4.871093306728799,2.015385761582797,2.594003565449322,1.405530247687431,3.6147570921268946,4
3.0997437306697444,6.812828484462437,1.533544373912455,4.683751163597819,2.9524851901823452,5.168733036811365,2
2.3472006667243277,3.4364701473156867,3.9124920442255804,2.4485291579507287,2.7946167891944946,1.998295072607199,5
1.711710467074343,4.851798584979722,1.8212540141371263,2.828349612119618,1.5278320559905252,3.3056106127662757,4
4.520880869384792,0.4701896690274185,6.3120374619909505,2.6958394781029105,4.494224847081263,2.268168257240877,1
2.324781001679311,3.920268795054298,2.7655377695703147,1.992750023524177,1.2924392066692303,2.9147314283443313,4
1.5074776552017444,4.068378044886767,2.83145155027851,2.5191976963545697,2.0703049710179466,2.302386705280048,0
2.47554490157836,5.315675989286309,2.7962105346503088,3.7072514471006186,2.7825695797302448,3.660059029253216,0
2.028548374758174,4.979029717753106,2.14664156125425,3.0330770336512605,1.9020394314940683,3.482021974252284,4
1.8486490090899692,3.956203944576542,2.7572297885679244,2.184220509788157,1.6454426201490293,2.5614491734294007,4
2.996560302915115,6.76883649056068,1.3436745404568764,4.6167144495386205,2.855858496363782,5.121153024216555,2
2.184553785481084,4.795077901870121,1.8263739108183443,2.6495748506349566,1.028749399350336,3.542621627687413,4
2.663727228522621,5.8983927535681655,1.8022174158021353,3.6606717915908407,2.192565790370933,4.538774094701098,2
1.644050142076496,4.8130699456529715,1.7478896103087247,2.780725928433958,1.3934001753970446,3.2384959597395024,4
2.1701023182994965,4.817909285362539,1.89042626917211,2.655338043810486,1.1394679797469345,3.5592429297754555,4
1.5734634457317753,5.136040134779187,2.4328268380747216,3.2633004184854135,2.467608035682595,3.3732346007163074,0
1.7902789589754577,4.062765761095879,2.886580572981195,2.212560897330945,1.9152633976022382,2.712604821502149,0
3.3857036567748815,2.2714635649708796,4.620633366191736,1.6619731790988574,2.8108726257614527,2.2752835341824618,3
2.2642415168754857,5.796610865660489,1.2435127646350468,3.708462057223411,2.035242953824514,4.186585812618769,2
3.072861051781244,2.006923786599765,4.48811476673139,1.0084561779835923,2.6232352784822353,2.000193082808399,3
2.0916840819267737,5.912866648357917,1.5525475974208505,3.9659276817392284,2.4972126291323713,4.094078726485953,2
2.2390936836032713,3.298096044473947,3.8363092668585392,1.8139709841701663,2.5198125713368507,2.231899878739704,3
5.543312091879618,1.7272226783234295,7.386459638716888,3.756207547700089,5.592348778659603,3.3608575571164794,1
1.1379688633373513,4.109670345646751,2.8892746817750807,2.4037308163272,2.1904697127706667,2.326662740012702,0
2.1428792904633114,4.786615141536362,1.8045891611190068,2.6216436921477153,0.9915004983370264,3.527039033804207,4
3.0336855579868263,2.6343694184201016,4.765648914197231,1.959979021356866,3.2646270382766067,2.1491021424274845,3
3.6454053705749976,1.0463310774350751,5.361895547414515,1.9284794997122823,3.581110618930339,1.582513739035852,1
2.919472976608073,2.123833248842667,4.488062308350655,1.6132675627787778,2.830442090865043,1.5809161030943442,5
0.773660434765545,3.92558436533436,2.6193242055769344,2.199163597515613,1.7943887378950116,2.024230830572721,0
4.637058588394583,2.0764443127831695,6.5941231126873046,3.3689166014204064,5.013407589128542,2.638536737916063,1
2.2394605383670254,3.2906250986824785,3.756951545859762,2.309811874108762,2.6023772007525166,1.8048815049512295,5
2.772437447426778,3.0746536732414715,3.7049218749159167,1.6125878814046184,1.9936562755525833,2.4642797432241723,3
5.03044059932136,1.6253199181150189,6.539872427849751,3.0491395172599525,4.675905763426061,3.1253868407451857,1
3.1215678524317716,6.807422793995233,1.559283192792538,4.691009814855409,2.942689653590995,5.167209778978434,2
2.6966952103864257,5.797649271636276,1.4221557709257215,3.6267611118782552,1.8562148158388003,4.43445709178171,2
3.979653102461646,1.7500517201699362,5.550489589306653,2.466721405421209,3.8399969688292703,2.151033186075317,1
2.9068387348114206,2.1800203730859016,4.515858545315334,1.6233365304514507,2.8750542262624617,1.6115306685917343,5
1.9982851244816555,4.822597222774034,1.8920717604020119,2.563706043456618,1.1975915389243776,3.549959230850734,4
1.8766033409081704,3.131333988526305,3.630580539167577,1.9988637748489722,2.407747377370579,1.4033229405112635,5
2.0638322360584302,4.837721358511601,1.9470825943165302,2.6068142841924824,1.2645454786742065,3.576021899477261,4
1.2435446706113076,3.9727388664483714,2.6770213871431725,2.365751104436621,1.8783738129789154,2.1415446203624398,0
3.7414191655437885,1.8349778901896936,5.5313014171985495,2.6429876989888688,3.971342806837241,1.6661641097467825,5
3.563910666045535,1.5966457441731177,5.4543720689666655,2.4170607417852845,3.872428427104738,1.3621844325018726,5
3.123181555733481,3.3781368566253462,3.9624135902371735,2.150550799323799,2.4397831903548477,2.8396930956496114,3
2.3727606068963274,4.930680709301116,2.135215058490167,2.8329310239769194,1.5497528701767997,3.7076362543268306,4
5.00376559905129,1.5165646674430495,6.502141618815695,2.9994101690073007,4.638361964344788,3.081105170031954,1
2.256094960066159,3.8856942896639737,2.7025721974499026,1.916349860985668,1.1766506246644464,2.8701295914610303,4
2.012267691517726,5.718253863303771,0.8322224105153777,3.5677331812038013,1.8097114224735131,4.069533274429741,2
3.0369540830776796,1.8978671328926897,4.4440875247859415,0.8559552883348797,2.537525196324259,1.9065494266274738,3
2.448024066798748,4.945507374764883,2.17462563702509,2.88512417351128,1.5870366225488632,3.7398539328137375,4
2.4585446618338285,3.149482863836424,3.7188312205996517,1.9206161847362102,2.2761498790954477,2.071286037576064,3
2.319619962817432,3.923686825856425,2.777444717587297,1.9922609462228282,1.2983267837946868,2.8977118474823893,4
1.943452642254918,4.198359534846365,3.020251417345329,2.777351836523648,2.3066459827000694,2.5385253407933206,0
2.4060586940390225,6.083709097190082,2.103386300238894,4.164176564234366,2.891650015431684,4.323583167630725,2
1.3525220433240563,4.97236289560131,2.0442480793470543,3.1117952648387885,2.0747004895602967,3.1587060874563524,0
2.652476508004574,5.1983476875023085,2.7210219687472654,3.135947969887786,2.3086605535234512,4.034818998044959,4
1.3572245627387884,4.8968859210300355,1.8563999161605536,3.0759187517162325,1.8583398067563666,3.0478482169102263,0
2.121184368641641,4.793477985345983,1.8256803337203544,2.612542867040352,1.0428241840644739,3.5353299529197213,4
1.487756426706795,4.909937801392223,2.011653157233521,2.7727579381984584,1.758616122112384,3.3608862120842784,0
3.1128604245264966,6.817545971902354,1.6002074610526844,4.6920711973086595,2.9673143258946517,5.1742929392770876,2
1.5032911972651655,4.242330794103526,3.0828323889053166,2.6065193166885625,2.431813570143875,2.544987440718545,0
1.5631002970047418,4.180434721550267,2.9819005540847465,2.5992948648423972,2.2977570747653417,2.4522153975517917,0
2.742272255205045,3.1175294514267007,3.715683149187247,1.6027471803227802,2.063025746027831,2.505752870764089,3
2.8291160442499623,2.3660440577958184,4.575757841259304,2.1607679915461993,3.122477632530711,1.176216208115565,5
3.720542211645657,1.9296934456129804,5.572451952846136,2.64554457834097,4.0222332847305955,1.702743070161652,5
2.7138760526882737,3.2166374229695203,3.8041047518139934,1.6323662397594014,2.2305220685422027,2.607565477050217,3
2.3894583208035938,3.9941630566498016,2.8654859133504433,2.090841563126726,1.5039644333625504,3.009465872352712,4
3.3640851242794674,6.782983313963564,1.5840888071970602,4.572378058235582,2.762491395573283,5.334520277915323,2
1.999320708936612,3.937151891922156,2.7859189781488753,1.7472736979862116,1.404635966604575,2.894906542076765,4
2.152353292155312,4.05556615922123,2.8762098218929224,2.4181736387124655,1.8572153726326863,2.738168383826147,4
1.6684925007900613,5.083728216103429,2.2804248599958172,3.2708470878014464,2.3220855597401533,3.3196559277294515,0
3.5403886232722783,1.730667321540615,5.497414270340868,2.4223856891818913,3.940001345395899,1.4891521300261585,5
1.972298308734547,2.974607590112278,3.5517462480418946,1.3683686930868861,2.0556579699899435,1.7723008745818554,3
1.979340259310923,2.940834493049624,3.5163559948578524,1.3538181580364363,1.9929145487186295,1.7176721217777682,3
3.032126726227459,2.326674815257183,4.5993130340585795,1.8291131305698647,2.9952563003675206,1.847299099879063,3
1.0640277949861399,4.880821338588793,1.7962190820375707,2.9876733311963606,1.829757027159446,3.0086432605794124,0
1.2844248174234927,3.7608447114960115,2.44159792191233,1.7576167619473348,1.0886368874852363,2.226962080602976,4
2.8652604706797744,1.9684071497978362,4.420002168359569,1.4801434404910865,2.7077639962726723,1.383510140583954,5
5.92418913017459,2.010900919986304,7.4834007868323145,3.91903867730241,5.611021597014104,3.8466643109093837,1
3.675972360354198,1.9468431274508007,5.577427180230678,2.6064586145602844,4.037538945903073,1.7492095949653845,5
4.683523266757334,1.892120505518286,6.539075952322027,3.3800055472153137,4.923042833329181,2.5359998680466256,1
3.259959059299921,2.1876669537504325,4.56670972372515,1.4359930467296362,2.756620380314087,2.214497535154296,3
1.0010288938741658,4.053125598521856,2.7984853030535226,2.3306165112892874,2.0754594649126195,2.2434540014042033,0
1.9319405070072155,3.229242288059632,3.717775358960929,2.0840592790505177,2.53978467269724,1.58722417140041,5
2.0981791001579913,4.285885813480065,3.1488037008246765,2.8945645141646428,2.4650225114482236,2.6642396652979046,0
4.102294244336957,7.756473184950975,2.1543455325231244,5.496534304671121,3.6900758109141005,6.255502835033493,2
2.7714539452236013,1.8945352851533588,4.4002136445774065,1.3194286053713804,2.66199356429146,1.2091260501697991,5
2.879590135826239,2.4667366058134528,4.6195665676281665,2.239167383161715,3.2031091384356265,1.3546409301633622,5
1.933936971941287,3.8110457170890233,2.6134814675048625,1.6021944653683267,0.9598957189900832,2.7319136552347882,4
2.0524605433682193,3.2106796955798864,3.6935359425123555,2.151516113492745,2.5044306131714755,1.6297270969269122,5
2.5354312468669096,2.2459805764123284,4.517517654823079,1.8464458640764951,3.0574927585755867,0.8493818191175881,5
2.8295033426653373,5.936474361982775,1.867952373956206,3.764056721757337,2.270175988224873,4.6037882740039775,2
1.6851552229603508,3.855700433497703,2.5770699058642736,2.0309456502889427,1.3669745667829587,2.414469721426439,4
1.7810909090068328,2.70154632748642,3.328388033406923,0.9478365361099089,1.5992364100449705,1.3047904551460041,3
2.6192449245224285,5.78154250761554,1.3652275828643627,3.579472837822554,1.8140898774581191,4.406132827304291,2
1.0053527787564644,4.037865442442943,2.785924219933632,2.3245325750294517,2.03955309624142,2.2010112262699777,0
2.510473060060893,5.9405390044416615,1.7810025372183595,3.885325941553532,2.4200516286681104,4.364379196091965,2
1.7470360104751357,5.839177039787402,1.2630051894819945,3.814656911370369,2.3300100901083947,3.9746464155255685,2
2.868467467412947,3.412178787523015,3.9786560500301897,1.9112934888147528,2.5254989493987914,2.847012584820931,3
3.7856579139845956,7.72180078204087,1.9173660038710894,5.513736785151822,3.712670788825943,6.03801430137764,2
1.7259451761475368,3.0720256244167476,3.5766336215575754,1.87311537517953,2.333383196978428,1.2620528135331495,5
1.8087595693873555,5.041880467487232,2.3017589492110013,2.9712253181746426,2.101264666748034,3.538513222004387,0
1.1739479307447482,4.696348846333036,1.4146302447159442,2.543824720854157,0.9410598254502249,3.060898589264762,4
1.4451568407569386,4.959290209856668,2.0200764959805513,3.134669075787264,2.0256509610374644,3.119641900772766,0
3.0967194101929896,2.043820417455826,4.5184338002173385,1.0799122528771927,2.6558755213725,2.033736210965134,3
1.9266968967908986,3.0780355659675855,3.584345726385662,2.0053072285004983,2.3259477998069467,1.3506547218005251,5
2.3926828522862844,4.678323677105903,3.6393184940961034,3.2239383760892446,3.133452945777762,3.210632868793619,0
2.257865503561429,3.3059409163367444,3.8374695395374743,1.833275863189516,2.529828632742527,2.246235989122279,3
1.1316345574912123,4.699485095476989,1.425250540814356,2.53233444376737,0.9669145288524794,3.0669626078496726,4
2.6966679087415684,3.03366651692642,3.652546923191668,1.4950110102827272,1.9306129884117518,2.4230928949985615,3
1.472883776884059,4.768169122139731,1.629133816894232,2.688062070536469,1.2471404390049718,3.1851451094462724,4
2.1539161066549295,3.891818779051216,2.7054013455621644,1.8382736039877885,1.2178631166908649,2.862384285937634,4
2.009517632593164,4.027308606832637,2.820073666805435,2.3173520765089464,1.8006551313361885,2.693580183150813,4
2.4336573365938383,5.8588924384079055,1.530959340439512,3.81056105441425,2.211068643414594,4.261629565156416,2
4.837028630351244,1.6479920509205388,6.514203806668358,3.1745185070554567,4.760318866536362,2.76183184392458,1
2.6908182317889446,1.9370489730911358,4.417707145671402,1.2208671110837426,2.70568618214313,1.2372328793036875,3
2.663156425792843,5.027922456877094,2.3897572351277923,3.0543900268102995,1.8342846937079946,3.854896415882798,4
3.806203748143152,2.0080254130546162,5.594448006891301,2.7464810995588422,4.051726763554948,1.8147613736236277,5
4.031256558490868,2.4061671143117653,5.785128460819114,2.6876232131903057,4.213546000862431,2.6527261068688754,1
1.3699816040909185,3.7569423490592957,2.4476898093255364,1.797436841827093,1.075547434414089,2.2434969613585927,4
4.117693365127154,2.4794856477730796,5.827524590969076,2.79606854514811,4.254326561187854,2.721442689645248,1
1.3098881478208133,5.056759858071546,2.2542928257672825,3.142863432819262,2.2934680204576003,3.259119070409526,0
2.7512328286744703,5.824276024703756,1.5362686139363466,3.668019981613631,1.9390926138482496,4.463978382115931,2
3.969849005127962,1.1919407439094103,5.433957773063348,1.8568319406309728,3.5244809225777454,2.2434404739058356,1
3.111542486655084,1.8990193233361365,4.445161834510911,1.0242061743375954,2.526518079088729,1.9126510668244436,3
1.6407239462287393,4.996249647230234,2.0941773892270126,3.2168318208539026,2.112507204861708,3.210536211543738,0
2.09490968294116,3.840720985016932,2.660911361943085,1.7566794056568444,1.0458176956451228,2.7892580850681807,4
2.6137035592343225,2.2265604205776475,4.494253516280776,1.912438584040937,3.0293817344980387,0.8516434933872136,5
1.4976018460434957,4.138608874398335,2.9435108719919922,2.5498165033472695,2.2299290813948147,2.4083510729744866,0
4.024973044018829,1.3951529773454645,5.474420502990711,1.97864814046612,3.597399594127155,2.359041059021512,1
1.7000547080687693,4.131978125584946,2.894496381172871,2.6313306275817077,2.1905341417214155,2.439116852041136,0
1.1080387993155911,4.696985598174686,1.413038266463806,2.5235441565532764,0.9571465532519536,3.0647924158514797,4
1.7847053574596747,4.169083520608559,2.9637687408727396,2.688769664634366,2.2573709765699745,2.4572849125328533,0
2.2008505525274606,4.842310175513753,1.9669913080964243,2.6857614579929416,1.25462107882387,3.5947360983324232,4
4.975999376862579,1.4356790177307015,6.491188581742827,2.9555077697564616,4.614274313917864,3.04410636503164,1
2.6564723397883037,5.028741221364877,2.3557938496835407,3.0496062299916,1.8357812417361385,3.867778401711271,4
1.1430550500856493,3.802113244059849,2.5216735774566628,1.7172931522160928,1.269218177949077,2.287381886511485,0
3.675735902509871,1.3677308666999883,5.429266739315833,2.028512568208766,3.6967878379735306,1.8190448517414028,1
2.0609902729924823,2.8558111097702192,3.465778381248363,1.380087159410267,1.8454058623493388,1.6046664324604556,3
1.9306954965915202,2.8158337633870767,3.429059399956876,1.2167316700368263,1.788223018261889,1.518138939962218,3
2.064783002365058,4.275175166751073,3.1205056291346267,2.8729511748152143,2.4453001724256573,2.665278494949967,0
3.612088479201984,1.7134512389090404,5.496934734349736,2.489878333862412,3.92563903234897,1.5027843785500536,5
1.8896260530253424,5.080858019227291,2.287192716252974,3.3501541959666676,2.301434840852931,3.346264368740546,0
1.4207517425648477,4.001966599197129,2.7287292360048085,2.449692903575525,1.92796566977429,2.196397579573768,0
3.4557527767532417,6.885518224772713,1.9869063600643653,4.667068356769003,3.0203617888600514,5.457907560472034,2
2.66943526099024,2.2258186773429536,4.502881151442937,1.9656856872432342,3.022166868093563,0.8440153125101706,5
1.8970639927131567,5.264229237315673,2.6678392790578744,3.440881670202127,2.723460700272998,3.5684955616914764,0
4.196420939307698,1.830615218656476,5.608277474717724,2.308553548479573,3.7862646455178854,2.6188707293754563,1
1.8586545584529561,3.259778526297296,3.752137129431147,2.051015077374287,2.598246131492314,1.641295068120328,5
1.9189945140510494,2.8716533414721113,3.4644208634190345,1.245152552347274,1.8818909211488952,1.6074657761940527,3
1.901115245156348,3.1810973104750047,3.669310525960722,2.0399586717140816,2.4738128809741267,1.4985232306474614,5
5.716002024257583,2.472356229411828,7.564048495786326,4.3015833522865,5.914025578095027,3.5164980109038266,1
2.1204303950155934,4.1806300446641,3.0689224770781807,2.466622425614528,2.1487382349628867,2.8538838021703268,0
3.8750336715825258,2.0818936668186923,5.667048936630976,2.434541061120417,4.032925524309042,2.355372665171804,1
2.202582918414438,4.167633738896365,3.047093495297368,2.509284960722625,2.105733056171587,2.84147568466885,4
3.6811659801588688,1.3611179993019766,5.434750919608854,2.0331514162780664,3.696851241569941,1.8130696252794172,1
2.741316123609423,5.922209451752388,1.8537185792265978,3.7132413865365432,2.2391556180620666,4.571716726575918,2
1.9285598259514207,3.0897291357552574,3.5933969699419652,2.012476495154472,2.3420577352367675,1.3761052441959851,5
1.486495893387697,4.904786991522687,1.989868208467364,2.76919835637775,1.7416162468313459,3.356883831673537,0
4.704612505693584,1.8248594416408455,6.519509673746729,3.3868817993990064,4.89553888581951,2.5097422826489932,1
2.1519637995370644,3.8826730744657976,2.7239142838691977,1.830388614026842,1.2010654799531273,2.8440722806001038,4
2.839200815167811,1.9895515220325293,4.442864242183823,1.4561921322483455,2.7284767813726707,1.3439609827085313,5
2.350265405339522,2.8133159842278515,3.4893612882731895,0.796392134313992,1.5832955533854294,2.0957410465752373,3
1.5052978429869244,4.755669114904624,1.5885299702512499,2.693911623233394,1.1813222040030569,3.1646288555863378,4
1.934376204385517,3.0301584416693195,3.610281825450649,1.3720137875433611,2.1485900242346747,1.8418104080526396,3
2.33522787538509,4.121277683974761,3.0277393575578304,2.125177158687441,1.8567467840113179,3.141356112037872,4
2.356309648987169,4.11732925729565,3.047943436559176,2.140071496867815,1.8478430197794942,3.1395627038769782,4
4.095491374313949,1.729933915917737,5.574496532660251,2.153165773293009,3.7503972434367956,2.570928058356141,1
2.2311546688091353,4.852159672557605,1.9612766451764063,2.7092069275177098,1.2738309455647356,3.6048576479449785,4
3.328438032108586,2.2721304439094347,4.613838007778096,1.5776463761602642,2.825489850517035,2.3065408694894787,3
4.042926728100072,1.611848438408134,5.547976191077137,2.0554456535900516,3.696931657285782,2.457777551217614,1
2.591340458924601,5.168516665479209,2.6817278520839634,3.0869127986428087,2.2360047737187063,3.983620554123766,4
3.6746065062076387,1.1703937459678442,5.393437009633234,1.9894035825141927,3.6200001921951674,1.6698610241889982,1
4.952962891563702,1.5066147017073828,6.497105369133543,2.9400107206362898,4.639341702111564,3.0617740095567934,1
2.2192242223117997,4.829571430353787,1.8885414314611277,2.688510103442251,1.181875818089487,3.591994353638228,4
1.4586230363671486,4.7507548990981725,1.5518800716338825,2.6733360940003417,1.1610926877050087,3.155973429895911,4
4.584959531289763,1.1587966795444868,6.399470173481403,2.831182838570155,4.626053500620317,2.4906817592153883,1
1.1620750627141936,4.901081980711198,1.863814327286927,3.023042853349023,1.8853279264647531,3.04666634648495,0
1.8948591526482816,4.41381568169972,3.3083253861091837,2.8585820169722824,2.7217959785086823,2.8064043637731486,0
3.819764396897991,1.4211164726065568,5.45031403821873,2.2130817507112925,3.7051791934649003,1.8882994200944878,1
2.6802024037664776,2.2365395520075295,4.5121922606744675,1.978811845413678,3.0325202702452065,0.8655547748502902,5
5.972261179162267,2.277253439515363,7.559408323937192,4.015571116248416,5.713245027700635,3.963982377815637,1
3.512651622672355,1.6013917618240412,5.459682613841251,2.3666846437117197,3.880064318535695,1.3277023181027972,5
1.9034920133038962,3.784272240527396,2.561580298151353,1.5576199035350509,0.8280112089642793,2.705852716171286,4
1.341176316727442,4.046747348246136,2.7743718494604432,2.4418052495002955,2.031728295054069,2.2536583446394753,0
1.6033524485212478,5.058625885631425,2.236824475708018,3.23469797975774,2.2741400666562894,3.2767736864543173,0
3.934811887683876,1.2251774354793221,5.437542731514098,1.8123162455356903,3.5401988655922927,2.2480613513432144,1
2.3841082059097514,3.3226635571656824,3.8428323005497727,1.9501855644557482,2.5334753785035513,2.287846848718962,3
1.5858044387170966,4.083839619963168,2.849912242811906,2.557550135240459,2.1051674815306507,2.345651558620817,0
1.9462845371245214,5.080588991054195,2.4094666602168138,3.050953970005309,2.191320899289605,3.5817897587788883,0
2.5695659866877385,5.92261590726678,1.7647009916574623,3.9031318531607835,2.3694522482072937,4.346097034726756,2
0.9297779534967541,3.957528090136956,2.649909604595278,2.2572228772139242,1.8602671770588595,2.0943611924825825,0
5.607452992544214,1.7027182988845118,7.380322083040516,3.818096069111265,5.574450628232191,3.3671637132860184,1
1.91628777883509,4.038687845011643,2.841987783639128,2.2720025579725203,1.8294373812661338,2.6768081075403303,4
1.7844111669537475,5.13990499586548,2.4402117538679837,3.3403899170692637,2.449934802730356,3.3754334660124243,0
1.6395795482006041,3.820055018244103,2.5410918829942157,1.984099455191735,1.261638478863298,2.3531398358730686,4
3.6825252338004804,1.8120989636835336,5.519844869404183,2.5805945248455133,3.9652991347995026,1.6315238661202056,5
4.692661097581024,2.2386773432654725,6.649356994544398,3.453674207729929,5.084515589547915,2.752651208284867,1
2.2875417087065477,5.85460861258535,1.469302594022756,3.746977236659032,2.205001329173565,4.2445576323791405,2
2.3767482056444638,5.724152904199899,1.0678374535886992,3.4317036322484173,1.6366987169312621,4.322298728368581,2
2.2394605383670254,3.2906250986824785,3.756951545859762,2.309811874108762,2.6023772007525166,1.8048815049512295,5
1.5302063693069483,3.839677600522295,2.5540638300066116,1.93517995644227,1.3397838754890503,2.3890572442694826,4
2.0827531895947473,3.2475246775590394,3.7171155754891645,2.1872311915403126,2.555522974776032,1.7076793549603282,5
3.4976066237937182,2.4742306404974848,4.710899128452401,1.8930130866758756,2.982268541445425,2.4849917952042015,3
5.569393428933209,2.036276863949585,7.4328086029023455,4.092172939776559,5.7439615805219955,3.247048138193337,1
2.846885467450943,3.1899567554404613,3.7825093284017184,1.763067867356192,2.174756640708743,2.6208536457273497,3
1.8942025211331104,3.937920451772509,2.7032481007954976,2.2005381346827524,1.579800523302124,2.559694492669295,4
2.839589895419932,5.8721671290697,1.6833328589489316,3.73698545959734,2.0808983576429556,4.539339337272852,2
3.653400484467383,7.006204920430543,2.370986758140706,4.823935933355687,3.2904493997298214,5.590930395157973,2
2.7986198886555065,3.235356545472797,3.849847051176692,1.7394264065236305,2.2556620319160303,2.617641967743168,3
1.3358706162657392,4.7183109304406665,1.4622875536556892,2.610435342323698,1.0277934956504249,3.1081747612733652,4
1.5810137807261415,5.046909174314555,2.205794385643294,3.2228891733524345,2.238139077718715,3.2527811013688166,0
1.4603493333142594,3.927530171012126,2.7181118114827534,1.9553729244817195,1.6120846038903587,2.478362117496341,0
2.6755997626918555,2.0514036491661014,4.465635938960741,1.255985163653229,2.8003697884608783,1.4025723249444502,3
3.420567103157858,6.877291024619789,1.936298245027131,4.645252359609638,3.00079515674033,5.435637001138188,2
2.1312425708668035,3.832885328864451,2.628262854642321,1.781013706418454,0.9920430789476259,2.7881761009267465,4
4.0386742678400225,1.4330467305089676,5.484587096776942,2.0052689379901607,3.613618795036126,2.376609490604409,1
4.120930910356793,1.8623772291441476,5.61447632574038,2.220822164348764,3.8141743869031752,2.6224835516618596,1
0.8707083139928183,3.904421547089079,2.578422854525655,2.2121864081792992,1.7319185074101002,1.9821341396182834,0
2.2464455085729207,3.225896487698398,3.7595660703324834,1.779161038744079,2.4065732209767843,2.149481838867544,3
2.0967742809348717,3.4429119043756593,3.900078085334001,2.2879925255285776,2.8298234008559087,1.9875066720777326,5
1.4923620326622402,4.889658915142652,1.944305009616007,2.762798744096643,1.69016207808523,3.330274552377644,0
4.6694781647015,0.9933473675118165,6.371107924983243,2.905127106883811,4.572093328793497,2.46032233927112,1
3.1503635636546807,2.698495030641283,4.805045022392132,2.1070936609401563,3.3130800405891967,2.253359471412506,3
5.815588763490905,1.9417372029153868,7.462508592072852,3.794941923896811,5.59608074333355,3.7889035134053755,1
2.8064553695173338,3.1732938450701855,3.765241783859746,1.7097415111524212,2.1465706398504127,2.5654720608359978,3
3.064644255290888,7.068630794832192,2.382777312021545,4.997479265642038,3.639546668875734,5.2784113354396185,2
1.6808907131102866,4.105088170405554,2.8719192765562562,2.611632432598183,2.1298715037199063,2.3739573333700603,0
2.5018473912980332,6.050855929701996,2.025484158387086,4.188762266982347,2.801464289135306,4.297504903010296,2
4.625040123557197,1.8625033330622045,6.540203450936454,3.319146467007155,4.919143063920372,2.476453155100193,1
1.6097248682145289,3.007869589452757,3.5318510421358553,1.7665694840182335,2.251784466319501,1.112740084102473,5
2.0782975327647573,5.177715303460121,2.608169353429051,3.159547146542645,2.422790682004323,3.717231771010861,0
2.8722584506766373,2.5074575586704895,4.645144946888892,2.248899454151926,3.236019074468798,1.4121395759402386,5
2.4266184547526053,3.45765625236887,3.9035625929786426,2.5090345288105005,2.8122559981974193,2.0870688806341446,5
5.842805184784957,2.2795033288370576,7.5405886281889,4.140963822828819,5.774429387188133,3.7027922025428994,1
2.1998053909547277,3.9089375829359536,2.7364492190519076,1.8856079895635751,1.2758353879369997,2.8950463781894156,4
2.081089489910461,5.793727255757837,1.2266342348395076,3.6332908750809234,2.045101227265703,4.157815745555148,2
2.1314627790031495,3.964244039030232,2.8464828908427395,1.8703288045325779,1.4692513454884064,2.9292629717210157,4
2.099371641667844,2.8810039321021823,3.4861728041152027,1.4350363068414311,1.8830502109359568,1.6380777313744506,3
1.5303341562021469,4.059722498225235,2.803151880268991,2.5227692918093356,2.0514391970300743,2.312887437448616,0
3.319746117631885,2.359320369636983,4.657404037745453,1.6092464920496115,2.8972497503797614,2.350673934731936,3
1.5710137538812459,4.131918596047587,2.8933615120806837,2.5757771586003977,2.2016137988068363,2.4225962068664333,0
2.3304301622826933,4.0839832920664065,2.999882407269888,2.0974831182520366,1.7758776331594637,3.097846933683367,4
4.989972066721438,1.6476097173816433,6.546766764506109,3.007341445177613,4.689738708888674,3.124038648964347,1
1.3827856818082906,4.123792545056819,2.9006362257193854,2.4970707072198426,2.203579836877367,2.3938565224015695,0
2.45095068285617,4.2232225546127715,3.1953708608044225,2.2741007539368203,2.085538032628587,3.2590537047617176,4
1.370491061155516,3.7697956472225336,2.463144993057995,1.8063703945672498,1.1226068217530805,2.2692968761789913,4
2.0751244073194512,3.2533869946781344,3.7188882270341583,2.1853946004765974,2.5612240476017165,1.6849393398930135,5
1.6426179260767744,4.090151344311814,2.8584286025135026,2.587202838931283,2.1031350262514708,2.3286202895353725,0
2.9792961330731176,2.550832196659876,4.674232322823694,2.356680865520243,3.2643491132849545,1.4944693757672998,5
1.899576437618735,3.8215742780637108,2.6245603310214825,1.5836353046508018,1.00264798618453,2.743683031571749,4
4.820024310578871,1.644087705860675,6.510572624626426,3.1551556474834856,4.762793182825627,2.7739776233940887,1
1.5335394242408644,3.9076619636387,2.679886551603456,1.9819613210371487,1.5391427225177239,2.440396243473298,0
1.5156114831174126,3.7929665814074065,2.4922883145515993,1.8979609256922023,1.1861310519626134,2.3126080123724,4
2.313703974916697,3.5887185037365605,4.020032839014495,2.4942433720870265,2.999338474325391,2.216552685639041,5
2.763437020917069,2.0243844680043033,4.458219766034586,1.369794949385177,2.765762358739634,1.392400448996465,3
2.9571934364123558,2.5876093415832204,4.679442997333964,2.3500052677629095,3.296190251027495,1.585385749978895,5
2.4297966359878003,5.759226124222795,1.2300358441654002,3.475460493408677,1.7583530758170502,4.36818466113462,2
3.9690588874369253,2.6930847403429166,5.880131982983909,3.068813619302516,4.463303871975384,2.5210806434643627,5
1.6024964916621276,3.917083940530962,2.658744856874964,2.023275384082525,1.55317685068508,2.4925548816852148,4
2.6124046362425064,3.169064408704857,3.774365872625984,1.4808080826085723,2.1772679479771355,2.553415720853616,3
2.039630449501625,4.7999134807460955,1.8326858840697493,2.5725054085717747,1.0839850620607807,3.539970938901568,4
3.036050017851898,2.3592120330089097,4.6083744950235666,1.8465360927209393,3.0210304920950946,1.8887069988930958,3
1.9680328129445577,4.061846212977595,2.911165918693352,2.313974167205405,1.8930862572515597,2.6831249632789276,4
1.6476763826110108,3.079133107298007,3.5949658416161676,1.8281135913412208,2.354647094466436,1.2635742929194465,5
2.6888841935348218,1.8070547070324277,4.356835308960004,1.1547753295843983,2.599521739380128,1.0810502813736154,5
4.667234049791595,2.1682030950064037,6.629702689886019,3.415304104096809,5.0552448996607104,2.7064621671721887,1
1.438793143997638,3.9639191823269853,2.7441544647265186,1.9674318269080464,1.7029669862222667,2.5335485769386077,0
2.22247607809332,4.921216642290752,2.1535854219250883,2.7425572104012064,1.5561237679658892,3.675970108232424,4
2.024346613776828,5.7382062276512755,0.89951497041198,3.5820263441938898,1.8739606396347424,4.096000136802101,2
1.435103286242601,4.178140303791377,2.9965272619765813,2.5466457755336926,2.3097544609710887,2.4357502383899536,0
2.8920721978900574,6.228572168297165,2.6268113446930124,4.196333675691068,3.0986058395138136,4.732832308178607,2
3.5564543517139446,6.876204316754517,1.9258924042344405,4.713050853338412,2.984138006872745,5.456617328176419,2
2.6945693058888054,6.856170317767784,1.6120295381777257,4.7519914652004775,3.1889062772508616,5.01034005318825,2
2.9073585976763914,4.354072706032761,3.3595113382498627,2.681690012605037,2.306456024203696,3.437633492235025,4
4.003632141243181,1.3284352918385827,5.463240288633467,1.9327701441980296,3.5755963153999257,2.313253407638683,1
4.395498203705281,2.16971480642234,5.73658180768256,2.6294564528403965,3.9652270089933324,2.8928574784720626,1
1.7927299731096011,4.164367505167251,2.9683131057730603,2.6910508918054945,2.2464354464884573,2.449510309592135,0
3.1348812888832094,2.081056932614336,4.521675662781666,1.1734763263594898,2.678597551606579,2.090709929573938,3
3.1508971412426745,2.8485546596267293,4.848041232499076,2.603690025183008,3.513332235619681,1.9217182912850206,5
2.9800492471943594,2.5483524823470143,4.7171401253931675,1.8662071311262356,3.1908800718444605,2.032436776717625,3
4.488846483232107,1.3943026735582884,6.411601831583771,3.111410709736051,4.757253149343427,2.1850820633419334,1
1.6032270388458527,4.919345203031024,2.019795611094604,2.8207235724318447,1.776701168010777,3.381064549940715,0
1.7153632155704408,2.716293112254104,3.3413733472823366,0.8762068130199159,1.6343699791343342,1.3137915671327833,3
3.266902480469994,2.496484562186054,4.734757320269692,1.5985954637864523,3.0358842592968207,2.461378653423579,3
5.819396156620553,2.2830114881450565,7.532976251129461,4.118856692234136,5.777046443679666,3.7121731606597357,1
1.3771262656980454,3.94489274209607,2.7314055589862005,1.9252383274423686,1.661587811977268,2.493611259182376,0
2.1322135602568277,4.84583914369616,1.9375183835226726,2.6496048520916187,1.2732077161607414,3.605299271829218,4
1.7161440276076898,5.809929096677095,1.142999365129759,3.7913608956811222,2.2489111434380122,3.9303839899377175,2
2.006984045008792,2.9808733718702536,3.578028432491369,1.4088166416075174,2.064332597359183,1.7707863181331454,3
5.832242684697278,2.093145243800476,7.51159642421617,3.838944886247637,5.653729660860545,3.8450986407253267,1
3.1054641729326597,2.1593397493959587,4.561671775646827,1.1648541960920984,2.7514305422913714,2.1382665594294377,3
1.7383370166120837,4.990031012288525,2.1851987624787417,2.913635239350801,1.9682853115029402,3.4704115091776435,0
2.625686616605309,2.4326359270073796,4.613335302273839,2.0017973513581255,3.2032421537719964,1.2423129844473397,5
3.0139047089845086,2.7536261123907924,4.794569882037747,2.4543993938534068,3.4491970116498227,1.8289834055637915,5
2.516644343958986,3.7878123579447576,4.210263760923258,2.712761935988439,3.245098894893888,2.500107267926282,5
2.3398594600516325,4.050881431929087,2.9659732139441037,2.085228062275715,1.6867530236974746,3.0482963668644816,4
2.163444357516901,6.052275757061221,2.0584296737559193,4.057763203041973,2.844428962521329,4.253174933115521,2
2.621678792177178,2.956720530116059,3.5980652948388103,1.3497432914032144,1.802973957370892,2.305862524594548,3
2.9485664229746953,6.733229071099955,1.1660312351137938,4.578572932929848,2.7688714785244852,5.069663304480459,2
4.557139084621969,1.8724503875842342,6.538152636276091,3.255587812265369,4.93100361230791,2.480589453063842,1
2.122843364056167,5.177232015891609,2.5958933205350023,3.1805909966788612,2.40969674428855,3.7205726212762165,0
2.5674805299742123,2.363083854089618,4.5734646825108465,1.9221328593763671,3.1488010689428374,1.0828393483052745,5
2.1870222013315876,4.336650379798414,3.256122397808025,2.58779966984062,2.461647349961158,3.079335584006766,0
3.0674914569527205,6.942753986668495,1.9142045924179134,4.942332270264103,3.350469953385183,5.138583679941781,2
2.0541185146825076,3.0167519262835802,3.5862729817906267,1.4757858594110813,2.114713852451818,1.8691548087882213,3
1.641115091225964,4.8405103380669665,1.7965875040543227,2.7926837688974295,1.502655306193902,3.2877630432828364,4
2.9165065972756943,2.0426833121900763,4.4607980478935705,1.576458098817868,2.7662431930157254,1.4867816856718719,5
2.63339743053991,1.894961542707559,4.403701258719341,1.1101057353918136,2.679935460575363,1.1812945023568542,3
4.825538408914501,1.7856634751401852,6.541458065454534,3.1873786619924656,4.81137434650091,2.8282880125169156,1
1.5614345428004475,4.0342499559991865,2.851752976970977,2.0730547922581253,1.8711456469756236,2.6307202893822517,0
3.1866158408039666,2.190919570514011,4.5812198422143915,1.3220452318051827,2.7700383323481486,2.1647426005771764,3
3.1944381455883164,6.844550550720736,1.6576456997809874,4.7404728493861725,3.027163130263624,5.226850258085034,2
2.3291859300798503,3.3931498965712446,3.8355485839952417,2.4156150475408404,2.730739341865105,1.9586517276382576,5
3.6409053106667404,1.6966470573089116,5.488648080861385,2.516666814141233,3.909200613451157,1.48238335577399,5
3.0945633578480742,2.3676283697898715,4.612449027814226,1.9185582809042647,3.0133048967924334,1.887404755750207,5
2.8398348359854086,6.755773506243948,1.2633718200867519,4.542518328083523,2.8370389231065394,5.084999631500019,2
1.5119187544846036,4.2425663647975105,3.0865961093684393,2.6098111035667424,2.4335799585407343,2.548371507725291,0
3.6505717306571084,1.8587459457014754,5.5410979826696325,2.562238689628217,3.989492559109856,1.6457164596354146,5
3.721956827118907,1.5420292924727865,5.489153452970703,2.125487365655345,3.7670112004928558,1.9143994580280013,1
0.8105632964200334,3.894744816771253,2.5592886127027445,2.1903126777288624,1.7136213729601175,1.978399408612556,0
1.6776770561768732,3.912940685849921,2.6767745766059763,2.0629220661315744,1.5377239021748634,2.496321333094492,4
2.953104868128137,6.919584197270072,1.8769923356050981,4.885041142460339,3.309915811408831,5.097620638974971,2
1.378585782294472,4.01938277303825,2.7337477289253873,2.441644689057661,1.9675066608613405,2.2187881817516373,0
3.3029063808838877,2.185674688400887,4.5708749676454765,1.5013981902503744,2.748187832435483,2.1973713721907324,3
2.1171896806772157,3.9901613090272994,2.8655423268450213,1.8766399771047289,1.5403469296656729,2.951196144878081,4
1.7680381955134543,4.837937116935872,1.7869517656264398,2.8441552005963437,1.4729750728162643,3.2939075898148094,4
2.3854359525862696,5.8545292799334385,1.4780784695774571,3.78887503393572,2.192029359172937,4.257283722675167,2
2.498535507521458,2.159444455785327,4.473579718595902,1.7784970072516693,2.989207208867731,0.5883225452424476,5
3.0716376172411537,3.4645501096985445,4.010485481347924,2.146313255567383,2.5615998122555035,2.9140733493084405,3
2.078885501766113,3.1177355920976524,3.6866979415735615,1.563825195996403,2.2723229037007093,1.9739803853699824,3
4.987264367564626,1.9064167784879487,6.613273194064492,3.0506778183122387,4.800567866775919,3.2420698340528,1
2.3342143073572656,4.146202242568775,3.0819001088524716,2.1416260998045207,1.917536686632192,3.1607957507157276,4
4.68550363861531,2.0349913921351903,6.593197350281374,3.406807511228363,4.991624264774534,2.613592008779911,1
2.0618881499852497,3.8528147285014027,2.659809965576665,1.7367675247411667,1.0993743428621814,2.8007059317868737,4
2.121580277253082,3.2234282127161533,3.712986058402694,2.201560705566703,2.520473622536425,1.625628992853094,5
1.4208372529875026,4.956079769139134,1.9914464094171627,3.1253046723553974,2.0158226670483326,3.122190260802178,0
3.9378507797506805,1.7871675937659843,5.545260953057609,2.428367513062433,3.859591512951563,2.1568792309203944,1
2.253554621757591,2.9766928895596867,3.5636504646944065,1.6415600485049242,2.0244866337515233,1.8321393582048484,3
1.647318330453618,4.0891222394046505,2.853595700199067,2.586544762418129,2.109705627111887,2.352290203396903,0
2.5424528025045614,4.096018805679773,3.010052784027927,2.2669586247035216,1.766788963819768,3.123611296650445,4
3.7910896210160447,1.609327268004425,5.510093360826081,2.2213814306999486,3.7936942085905736,2.000429982054495,1
2.6826568166176417,5.917697230266656,1.8335158486921248,3.681144122451361,2.2356773176664677,4.56501575600197,2
1.630558205483753,4.927452944001902,2.033218441617313,2.8361720289801347,1.7965638871137297,3.4007830153763767,0
1.2990868696928122,3.9936590495428272,2.7244759248150507,2.398997951525561,1.918776633665733,2.1525800102691943,0
2.8871061411398795,2.8107514718318214,4.818776248791137,2.3695802061899265,3.509195366829379,1.8651447346293726,5
2.433842684955898,5.317809700789292,2.797118549200988,3.6903141992867665,2.7859549492124924,3.652082983633125,0
1.7250111330482445,3.9230141819019475,2.6761179133943376,2.095631890130607,1.5530743534200533,2.513394548746553,4
3.745405075535964,1.3437723570533997,5.4345006968507965,2.1106971470521527,3.677738919617897,1.7767581911745052,1
1.891065647233238,3.972870652450481,2.7763968138927315,2.2175317291293,1.6856044856956955,2.5849666963659397,4
2.8458302606705566,2.689729884497007,4.749200755661722,2.290387950786026,3.4029448110308285,1.6606176993136719,5
3.0996756103784273,2.558003061917679,4.733778110525931,1.9984372706753912,3.191360798700087,2.0850030472320165,3
2.775081052012214,2.4487392413924773,4.612906740025295,2.141679815014468,3.1980691532740804,1.332298174903328,5
4.928136044758716,1.746722699723092,6.564936448703876,2.9544167898592733,4.73627310759643,3.1637304789025094,1
5.0709707836588676,1.711712494893778,6.560164609935958,3.108553090303487,4.706816728052787,3.1850625830059207,1
3.7312611913001015,1.8253064987973406,5.536087035894198,2.6322670005943936,3.9669906451120425,1.6396408876162958,5
4.200860661305464,1.7758337558099868,5.5994935889801445,2.2984657365432164,3.764081342755335,2.604852439090283,1
2.615920185313786,2.2909003223223103,4.536354170116789,1.93796107551698,3.0860166539912672,0.9673948750915019,5
1.1612628307535484,3.9302393043822166,2.612648732218375,2.3149204487561956,1.7778003844626367,2.0548768108572975,0
3.94823550786253,1.7074100980340376,5.54106452960123,2.422954664234614,3.8216262697777257,2.0913719026002813,1
1.4781742482074345,4.974277289888372,2.07229440164646,3.1520917859100104,2.0715139133647296,3.1601383553656026,0
5.653955331037795,1.6928280993031701,7.376606551547226,3.862487090448967,5.567420589620585,3.3872403112541374,1
1.4136874910444117,4.780591717753309,1.6524101387175467,2.672180830057024,1.3098052586876836,3.192625488570573,4
2.0974485050757425,4.267053022775651,3.195725400229649,2.500878208204333,2.332637274014603,2.9565351150839585,0
2.2488364087259436,3.301888194786929,3.7654869684239656,2.3207047694521576,2.617177913271783,1.8048149018071853,5
3.899144398292743,2.137488165163302,5.687681191229358,2.4754562445690342,4.062446883702238,2.3839823845947907,1
3.0332068846335267,2.3695354330707157,4.638285122503285,1.8498034231899296,3.03213508099205,1.8411330751529837,5
2.206097416393686,5.94346901955426,1.6677159315368881,4.0224735372218205,2.564759924900947,4.130684095289418,2
1.3517737002036985,4.728803489983979,1.521893496063053,2.6221906303764246,1.0826591776544263,3.1108135606500036,4
2.458677815269356,2.9467756684735944,3.6049823771430383,1.1114294600741836,1.8195582181557097,2.2600907357092823,3
3.140239632889832,2.121297306972697,4.543562790316426,1.2070714293877267,2.7112868695242414,2.1094846843866266,3
1.5312285718612137,2.97469562244959,3.490458704639213,1.6991897190197296,2.205829692162816,1.0287132355668362,5
4.113939968864919,1.5862978007336,5.528310740997247,2.1429341518526286,3.6725726761191444,2.4667392944377653,1
2.2898416438933213,4.857130912681834,1.9679886988016264,2.7433921494983418,1.2962360839553158,3.63199829328033,4
1.6857136456853947,4.838446735731833,1.7915895777319861,2.810057673133269,1.4881198952662358,3.2959113205306716,4
2.007689817411085,4.869210116190727,2.006431439358423,2.5960048289582556,1.393981004534514,3.6114867999295006,4
3.7302952606433117,1.9082405050045246,5.558455672243325,2.65094721742353,4.005937682181769,1.6952397214096968,5
1.446180027551467,3.85959770425863,2.6060575880516117,1.903828194908107,1.4188519616836726,2.402003489224763,4
4.685085577349524,1.89473261286633,6.549950530916483,3.3817073363606296,4.927036491290027,2.522937720069002,1
2.0255208210753124,3.15254920058338,3.6461230986776063,2.105863107084163,2.4238301498195387,1.47876151203243,5
2.438735967554148,5.131267656232825,2.583875179126141,2.9797329063495,2.157130890641901,3.9446495849323164,4
3.9203888076698767,1.2588447791008217,5.443900173927697,1.7975268902719197,3.556175417171416,2.267540241229409,1
1.4414158672307167,4.9599650067054855,2.0187625021721565,3.1346742235950833,2.0235760925537036,3.126398425689771,0
1.478434082417213,3.8256093141123793,2.535294985125323,1.8982108985141564,1.3024551701899283,2.3555004457478885,4
2.457403227901169,4.098043017222989,2.9898177180412735,2.2051414042785686,1.7709026888766837,3.129251468427401,4
2.0971343838774366,4.807796626666527,1.86930740032585,2.6083120588680124,1.1168606560825158,3.551730720397034,4
2.2014419566771384,3.9132255751463187,2.771026377383534,1.890808640856689,1.2948807507511992,2.87319830671023,4
4.8109216581479615,1.0086713281167703,6.4061269584805975,2.702234012375753,4.505211175419166,2.8499090607387743,1
3.9283589172110003,2.23995212109856,5.669966991994824,2.9139266426718113,4.172593597833634,2.0785481258320972,5
2.72897309338303,1.9512057968372878,4.430814518181287,1.2843133869334389,2.7150925988275967,1.273039721763317,5
2.4663558701553714,4.137156361918252,3.085091295748583,2.2329246019059394,1.8906148430562855,3.1692535006611315,4
4.0366200715949585,1.3346735079023915,5.4623367833777845,1.9816969147938484,3.570756108441613,2.324220330319472,1
3.098350668787355,1.9077738657371557,4.449505609421151,1.0009818583043935,2.5368688140301785,1.913822342231096,3
5.63056757924397,1.6558120956327764,7.3686870737990215,3.8344829096065873,5.5565009356370325,3.3595065020309463,1
2.998748571316215,2.596088201110471,4.688041810176563,2.3888627868284753,3.2999803405749413,1.609707015318812,5
1.974799153203146,5.794416000507451,1.2703167192981097,3.5917102709451845,2.07174567584118,4.1529385258063085,2
1.4569926600979828,3.8592845644999425,2.616824753604555,1.9105195234392751,1.4139431735115966,2.3849819468749267,4
3.126296992141407,2.76137407313122,4.836233706849052,2.1084014312431245,3.370647775747609,2.288399064257912,3
2.5067641331798667,4.982796979735822,2.2532812220411564,2.9387831970777256,1.7057625602141533,3.797727437333845,4
2.732393945356724,1.8488378732844402,4.369744596682173,1.240722293858352,2.6281750379847093,1.1827818425691667,5
2.321929967062203,3.980984669330324,2.8650525426223394,2.030496164449323,1.479116772972225,2.9579809320273154,4
3.8715544543346216,2.1073880542062304,5.6265975952755065,2.8288679026769,4.104629295202454,1.939340858776818,5
3.687694811321945,1.7194159188236273,5.494247179708097,2.566973075583874,3.916393549041277,1.5372266085588575,5
2.070360094360322,5.715570355374341,0.7800003175641049,3.5889384540877076,1.789597982458782,4.070191160596554,2
1.5857038712906117,2.9960669769598076,3.5096153147670672,1.7455583093297287,2.2315863971152985,1.0967040988137708,5
1.578811939186755,3.9576642114328755,2.7391837739357574,2.0360810956445268,1.6696711840515759,2.5165018030633632,0
2.1506262780006318,4.806905559987819,1.8366393324319659,2.6376735768428734,1.086679038876676,3.5544151847638896,4
2.5543763229246563,2.979978627120235,3.6205193184818234,1.2728907694260994,1.8632460007505556,2.311406860393111,3
2.5304962621020963,3.132958168098734,3.756325537348181,1.3550893386389675,2.130721456184967,2.4852943788710613,3
2.266291364757525,4.0176854640358775,2.9245500262657864,2.008911511137512,1.6063270250071073,3.0071712842985567,4
2.076444972290609,5.893898334423779,1.5042573322796593,3.951496940937103,2.450860751086986,4.062784854534305,2
1.6925810343242873,4.833754893376221,1.8287684451464277,2.8117605851969563,1.4715729895014662,3.2660015050294717,4
2.225290397941828,3.0113247627427824,3.572019072900411,1.6354805457669628,2.0765820629891576,1.8876280862967112,3
2.687051616844844,2.424805862371356,4.601776281531906,2.0538122951723063,3.1873792643710046,1.2184244058708706,5
2.964575159375009,2.171640767035341,4.526627269151501,1.6913157800797491,2.862489500820307,1.5930526242272092,5
4.938298288237639,1.4660151598431723,6.498359796942202,2.9164566999881556,4.630506479422636,3.0503041219190763,1
3.1217062829518745,2.3791727023454667,4.619591779692135,1.9532994448205212,3.0185865394927767,1.880253271552483,5
2.75889760682146,2.0303973485312654,4.458804439169713,1.3652626978610691,2.771256555176052,1.3696709317109672,3
1.891837607934731,3.0950790981238003,3.5984946367979997,1.9901059235956238,2.355509745479689,1.3539533316820989,5
5.671226318776784,2.3148159697009003,7.509194896455484,4.232309276587637,5.847606741175781,3.4253375225117266,1
1.9906011812703304,5.895996983488513,1.5001258568481142,3.9222310846463633,2.462525562485021,4.055089963410263,2
3.0236312728963934,5.9769157157094375,2.025643538194418,3.8864921081567054,2.3565381328374753,4.64800297625935,2
2.693448237976068,5.865729884654612,1.677138111899955,3.6605352191882816,2.07638892473019,4.507321466071765,2
4.229490916680109,2.053583744298359,5.683975344911588,2.4056543131157535,3.9118186330876714,2.7986458486282833,1
3.0101577383232865,1.8538682110253326,4.426524946831486,0.7539232417936311,2.505620515655506,1.8561820360459287,3
2.8192456021230994,1.8887650370683684,4.3958884952448996,1.3844940344915164,2.651531072714851,1.2476599059659943,5
4.9714650909447995,2.013923737548945,6.603911014277414,3.3760855327452175,4.897502441941858,3.0019129753479774,1
1.8029776196253484,3.194757125970007,3.6791525657874544,1.9842482562737425,2.5052581434321937,1.553662618531734,5
4.631120268234135,1.1525808951513357,6.396017607035871,2.88177531787803,4.6177767315776705,2.5176060230374917,1
1.864242220841332,4.026171918834365,2.818524375015334,2.2325550352788306,1.8125305902617581,2.6533182512995612,4
3.2736032800961756,2.2940880330273785,4.630030931843558,1.5071996144122037,2.8551297854920605,2.30473249110231,3
2.6094046656498056,5.022058791288704,2.3275022525814886,3.0183086739456386,1.818085334262068,3.851926176882605,4
3.7854956132046835,2.0555607182635,5.6000998384352645,2.737196748648546,4.079777949396018,1.8879260940969649,5
3.2757416637157384,2.2720614807946586,4.613075777261453,1.5010490265921967,2.831216215791472,2.2956108139253395,3
3.3492835323389256,2.2927924878161385,4.622192856645192,1.620501418570221,2.8321639543618344,2.2968877069560714,3
2.2243268984941458,3.8815072268707724,2.7179903374922647,1.8896241998411027,1.1684878822477496,2.84234390481226,4
1.3726936849966442,4.947740630311408,1.9727549852917214,3.106802565037279,1.9962239221430793,3.119857146877085,0
1.4938376168564143,4.8779539342970875,1.9037208388071154,2.7571021966618603,1.6480366098574937,3.3218684822649847,0
3.208410503655149,2.015664437762657,4.501174303363148,1.2697332219068804,2.6132334256263587,2.027387882341238,3
2.0425310818026023,2.862196239610277,3.467240454809258,1.3650605813936434,1.8590703353318507,1.6281832229231188,3
2.5817323995219317,2.3023628299541903,4.5486958503833215,1.9115037008380333,3.0993994013266706,0.9693082415935386,5
1.05802040356653,3.9357978883614533,2.624404581070273,2.2840626049199417,1.8003112080884367,2.068963743540647,0
4.081028787338823,1.4702828281250007,5.49996766041376,2.070627025395714,3.6280638345994114,2.411488119725271,1
4.701277912231852,1.9704476055933997,6.564158546012654,3.40951004199407,4.9582016341995745,2.5704520846904555,1
3.02035847738086,6.917858052572764,1.8662393166188103,4.911178969636437,3.304450701019248,5.111823129782717,2
4.941715488562672,1.8738275040738854,6.6005902734106146,2.9934490059614336,4.790569160647343,3.2291208134102596,1
4.186114787728459,1.704160810942544,5.565658093178542,2.263419074704199,3.723987396817713,2.5730776471884274,1
2.3304694947024363,2.882215722215638,3.5401159509430986,0.8328203154705326,1.7196736359192086,2.1857374861335934,3
4.674769978301386,2.1505589400507197,6.62290641002642,3.418707487163034,5.046240551151849,2.706017468718776,1
2.3395032879964752,3.9908281374597343,2.8507050649079484,2.0499436688412835,1.4982573381575717,2.998474807821479,4
1.340436160416825,4.968923924151974,2.062346040608655,3.107405278712977,2.0667660165742383,3.142135230496122,0
1.7982244834865895,2.779645836511344,3.395293509624235,1.036512458378335,1.7421444414282792,1.422940198706026,3
2.1568464687655666,5.764715824405751,1.0731346593434723,3.648513904103392,1.9439313382549686,4.1391592156260435,2
3.873712784176888,2.3282127879407097,5.703810296438379,2.885639806670916,4.232055345136065,2.1529842377028876,5
4.569535122432619,1.479841695524774,6.435992733624377,3.202979870147313,4.777932764458355,2.2422120510560464,1
1.02883522030789,4.931365806600788,1.9587542837150194,3.0052136480672695,1.9853182997073997,3.0764823998107547,0
1.9603398050601208,5.97339836403769,1.8032570503575027,3.9488491349314963,2.6693339801855402,4.154749601685239,2
3.152249259266887,2.020300016869,4.491968366405073,1.1699762334517312,2.6249089238242664,2.0361073730491,3
3.7786353108103565,1.8810218412564579,5.553189010687673,2.68966581582203,3.9912372633987006,1.6989003631775161,5
2.8306918488478834,2.1844775991520025,4.526558949676221,1.5304939597237155,2.890445661713688,1.5821460172727315,3
3.1331164733850034,1.9561691345538172,4.47520490199357,1.098714362657231,2.5763385930288196,1.9726362245994977,3
4.58652175306048,1.5114851379670624,6.439898659688515,3.224480171744057,4.785344793825483,2.263263066481637,1
2.1555242852781147,4.350886282187343,3.229498704253335,2.9527170603859636,2.583155138385497,2.741863567558743,0
4.8390676147103395,1.9255120580494667,6.590825950957195,3.2266174650715995,4.87298693302678,2.8999438224460254,1
1.8101713268523145,3.9657602850648774,2.7327852790126697,2.1667925954482543,1.6654655240622898,2.5720388071920173,4
2.7203881863677957,2.360813667258452,4.581101895004927,2.0604464460213316,3.1335001138975205,1.1194207332276183,5
1.3608541242477536,4.038149490557732,2.795404907275368,2.4455688966212588,2.017430211339787,2.2323484140072107,0
1.1592291001429333,4.747023490957481,1.5625850634239116,2.5686921047356073,1.1927022740177091,3.1357057381243654,0
2.1223484806016044,5.774149263347444,1.175873724362172,3.639592000496616,1.9834198541690196,4.134632015669113,2
2.702827952149803,3.0163626734189677,3.6562286148785805,1.4910145191362332,1.9063461129511503,2.383971172497533,3
2.215541614658009,3.0453873179754494,3.6074032559220393,1.6481195988769703,2.129117410343391,1.9027549728119502,3
4.983718986500372,1.55603397983776,6.525016053017725,2.9842186398784074,4.656755886206004,3.0836998236706146,1
1.5781338870640087,3.802758001050115,2.499629674796468,1.9389182275936137,1.2055707890280019,2.3290860159862063,4
2.232633333547314,3.227545874465148,3.785591821806928,1.7666184572885941,2.4229818765732833,2.1526951001003396,3
3.562912110031338,2.519254199898501,4.7546248497417745,1.9922804425263014,3.0226144927668988,2.5399270105949987,3
2.574463105108758,3.052995601752577,3.672745262431042,1.3534188500462672,1.983347787942906,2.3954564441736923,3
2.0066803666752167,2.8078425265121467,3.4146811766541236,1.289741516840045,1.7680006709363458,1.5325839998265514,3
1.4914805651200174,4.235250946712573,3.0536215192478546,2.5965584697383113,2.4202849369763664,2.553109472225239,0
2.709774298212013,1.9043803821401555,4.396084502726469,1.2316105080778472,2.6784593509934504,1.2510185445503668,3
1.8700904461350953,3.0895342590950916,3.6014914240294567,1.974694615224384,2.348438050010262,1.3444744241502171,5
2.7715797339506385,2.511499706110394,4.65248597246294,2.1621824177872084,3.2519042499471493,1.3937607431586516,5
3.889642660526006,1.2960775755148688,5.458700957054111,1.7604006050772718,3.5758536336048707,2.2671734270277746,1
1.5920089187600825,5.115972041803822,2.358064543296635,3.2599527835211255,2.410346268311072,3.352453513827514,0
4.918940945270063,2.0129541437008918,6.5961923634628326,3.322875892177969,4.901713745895969,3.0042786082247566,1
1.5302017404967438,2.971178998081325,3.4958103997212824,1.6973256652307325,2.2012479910453018,1.0001555283213706,5
2.6185404772969014,3.5793389044970425,3.9989804281628674,2.6878863061701312,2.955185433021371,2.263490219624849,5
2.787558051814437,2.534166810918758,4.649878854966206,2.182316551769188,3.270925029638966,1.4750541366812733,5
2.520318704856373,5.833721813524837,1.5707424164792938,3.5571132304511126,2.0104279724286265,4.459183492693405,2
2.8039419147747617,5.864994619696963,1.646542131166238,3.715035048371682,2.059966912491974,4.517737168762617,2
1.3893540932768176,3.8339639331636057,2.5599491903724862,1.8578947304636417,1.3432862108205086,2.3656229414743124,4
2.38343611424266,5.097599646417961,2.5160892608421066,2.9302896029157526,2.0738657368750775,3.899195963335319,4
2.80637347659444,1.948596792347497,4.413169773259165,1.39386445596214,2.6956699386682392,1.3028688999390028,5
2.303421467374904,4.014404775086225,2.874019897182756,2.035056776015985,1.5757443742299915,3.0227085315086346,4
4.324246515283968,2.053128339165057,5.694130808653816,2.517236571785384,3.9028644101025916,2.7863038732715015,1
2.006984045008792,2.9808733718702536,3.578028432491369,1.4088166416075174,2.064332597359183,1.7707863181331454,3
1.8043829913381444,2.773630426564463,3.38243393269185,1.0369516872333975,1.7321842908914753,1.4457593113901737,3
3.1066055635528755,1.9127646548407065,4.453057693800214,1.0202913428498397,2.5419566399125535,1.9256360901517093,3
4.99975670687007,1.5426481825159835,6.508850749633362,3.0007680438496105,4.644672139156988,3.080158520007905,1
3.140781508165076,2.1101911943641607,4.53305691212116,1.1985246267378662,2.704861435205552,2.1132089382068697,3
1.934311671483854,5.780449380830295,1.179643448273974,3.5699858355377154,2.026821854335961,4.14012316249802,2
1.4654405049955428,4.0605533156181615,2.7978123016089604,2.497138469228368,2.0551265116355193,2.306190688670553,0
2.4048447531277803,5.045999747757175,2.4219125953121767,2.9146289263957574,1.9254513493264682,3.850729817472995,4
1.7938783731733172,3.016611258087247,3.5264967695193907,1.8880643128331083,2.244836601724954,1.17684341471491,5
2.3707031264038614,3.0919776740506624,3.661770993893227,1.8125546116016742,2.1940202387636516,1.973897931995646,3
3.3471612814511156,2.185598196986131,4.572958294893783,1.5662137601230515,2.7446839871760105,2.223128311047568,3
3.1136610050827325,1.934063313317584,4.4626729281531805,1.0489344750512408,2.557361080748966,1.9532554286781896,3
1.4050322905078048,4.961699956037594,2.0293449275876903,3.1238268465763124,2.0358675922913174,3.13811093358141,0
3.376962265918257,2.345707297370745,4.6430157540786015,1.6791382125658032,2.881324176536001,2.360602933668609,3
5.024332222096136,1.6286859863149241,6.526752087125931,3.041304239067408,4.677075818041009,3.132952069234364,1
2.7223208095729614,3.1108321030062314,3.7094130921810735,1.5749758851800109,2.0553954824278544,2.50108589728312,3
5.1204585951398895,1.8885415409175887,6.602014986891599,3.194045487280582,4.776434388150681,3.289393974197184,1
2.6568222784427453,2.2384361720900086,4.505834539197309,1.9585967179405634,3.032696039517415,0.869801558336065,5
1.5254067615043863,3.8061195023797003,2.5203560587360734,1.9131891313963942,1.226542261968447,2.329850837109855,4
3.5739251683454643,1.7929442103677105,5.523624297949706,2.470229061217906,3.9689709925606707,1.5689340041759545,5
3.5494616158741237,6.876269379191146,1.9301688672247468,4.709318463587133,2.9874418196528563,5.462853138362841,2
3.945755461404688,1.1246110928197715,5.416425708625975,1.8072403326458366,3.5026408844157264,2.2062905148406626,1
4.984772720977132,1.4141002694099574,6.487392061340028,2.9627766059744003,4.604788910632035,3.031292952720191,1
1.3253292274878994,4.183304122662463,2.984418928000372,2.507687282840397,2.3261917860315373,2.4573339422739933,0
1.3440929215207245,4.715179576503867,1.4714774957144243,2.6114665611494314,1.0150211515147278,3.0939148997126096,4
2.161215345426592,3.2970050041988155,3.7670250959613463,2.261465501166933,2.620040908916002,1.8028542773371175,5
1.3059107698143413,4.011191901008946,2.755138579289798,2.4098215832900194,1.9639406234225127,2.1807918522730265,0
2.2943200363827034,5.9665394041092075,1.7613455615619868,4.0665336153403,2.6182691774287634,4.166866429850728,2
2.6396904394681386,1.7452623756269579,4.33088899670091,1.040895189830388,2.5585530790125075,0.9712174728267251,5
2.32863532722002,3.0145845878131596,3.5913602122854806,1.7313822703968633,2.0783439778995327,1.9032278104364386,3
3.693115459523237,1.9609052898555395,5.576393179016252,2.6272940437175833,4.038368901289048,1.7307556290305148,5
2.0748521736088565,2.84121839349823,3.443901507265976,1.3849113843327192,1.814427132595823,1.6001785402970465,3
2.8420969164806844,6.735525190439974,1.2092545361778861,4.533965630307971,2.7879153543473185,5.061528840307234,2
4.001080685315654,1.5515658784145878,5.517413307641809,1.98127718047501,3.674095184270668,2.4459401440178508,1
1.434541420780268,4.080380913663462,2.8528110843262597,2.4950755142948458,2.106286998857553,2.2916502242636128,0
2.510114129390093,5.757761194312283,1.2377538700241533,3.512848244562366,1.7460802029967268,4.373278944766447,2
4.292069467817079,1.9810066197458678,5.66689324259841,2.462651633539684,3.8602854238372384,2.7257300960255697,1
1.9734952274150466,5.85034064895785,1.3099368090504733,3.8950910835303634,2.337072267917237,3.9999403229142536,2
2.1483811724814497,3.083367856600252,3.637630405980902,1.605245545525269,2.207716406887358,1.9774148923849904,3
3.6086822489507435,1.8143243924164685,5.518656671355844,2.5101177222078084,3.9709302422792705,1.6001048819043089,5
3.7935121421743117,2.145291614027596,5.6336474695720735,2.7660227042086953,4.130487538682856,1.9537532079056634,5
4.116521728767273,1.6112211377491017,5.533241513906544,2.152175414240032,3.68435401390914,2.498967786141868,1
1.2055219004262903,3.799747651023496,2.522317275501687,1.7447423805987736,1.2553688714291804,2.2855961417265154,0
1.2080503786794954,3.849704681612967,2.5874112583635736,1.7806253822395481,1.410238740024604,2.3622420515239204,0
3.1631432874376055,6.838593343789635,1.6902828005658497,4.724614268420482,3.0153886668661567,5.203635639205347,2
3.5363007871495418,0.7970986654071545,5.323026378651507,1.7429623611381437,3.5235493394451196,1.4244615713237283,1
1.8940894638824444,2.7752576631485697,3.3907412777527046,1.144641287324993,1.7218496299409976,1.4631747372407033,3
2.969726696717964,6.739287320092303,1.1972164610525327,4.590992075524605,2.7804428466857614,5.074064583291605,2
2.465445241380714,5.054758033226363,2.4412405352869015,2.952235641429274,1.9484028188376865,3.854958429075344,4
1.6231969833717554,5.0237709297300865,2.151585179489685,3.225570667902155,2.176295878422193,3.224774187979117,0
2.0850385975074084,3.851268465935028,2.6775573689002163,1.7549357760400588,1.0962284608655255,2.798394870650372,4
1.5573610982742676,4.069400456413264,2.803120632102559,2.5388847669267838,2.065867203525645,2.3222169811782263,0
4.069714889160134,1.414027611373101,5.490866180119201,2.0440424969635,3.6039820934110645,2.3741912848595503,1
3.172122885732578,2.2847789119571216,4.621805137606089,1.3485964724607575,2.8542486497678095,2.2663704855750852,3
4.088446613921032,1.9354290619349308,5.639549515457734,2.1980039194593353,3.862634098728069,2.6873031406478685,1
1.6594884654972326,3.0884018163511318,3.584098855966764,1.8394327878400176,2.364260321710389,1.3209478474479268,5
3.3092005124538444,2.177086543488555,4.568607126214403,1.5093667939471094,2.735718359761585,2.184979967625455,3
1.7286948505382378,4.332465440437256,3.1977445430321874,2.743321053922544,2.5917505926047424,2.699632039258724,0
4.630793463617901,1.9334387074634216,6.5619325036733605,3.3370530918626633,4.950074609112428,2.521933109838972,1
3.2104080078899058,2.0797509445811797,4.519612582779901,1.3055895829518274,2.66521336406551,2.1037946305774633,3
1.6426529584044287,3.8703191194579145,2.602252737353904,2.0155726716868636,1.4223624951267428,2.4418953525878515,4
2.418512420313654,3.35736693884889,3.8881244888896456,1.9973048150699917,2.586333670157123,2.3480046552516676,3
3.268255510869054,2.91198204524429,4.887244978823279,2.721783774915867,3.559847873713238,2.0305516444690954,5
2.545314505204416,4.974458410951045,2.2419428985899974,2.9553672987484707,1.680675742712872,3.7809786745896234,4
1.9447848492567406,3.3205312047978737,3.7839915178233614,2.1352729310418614,2.668146980362439,1.7687683749474838,5
3.9652349472330948,1.8540805475222746,5.568136927995385,2.4761353824670005,3.8882568539510376,2.2199831244713697,1
1.74334337227481,5.003703695054518,2.2275264133518284,2.9230059608295993,2.010567763758986,3.498675545725014,0
0.8495855713545839,3.9129990570237467,2.5931100904543314,2.2102448585897085,1.7607369665981292,2.0096067282152674,0
3.5913726512918984,1.2068443020160946,5.394871980058432,1.8879056813195638,3.6446892287912616,1.679527945631082,1
4.103816357122533,1.751572145684681,5.587725687408414,2.1677759850957496,3.7652530418344696,2.572489239318773,1
2.674731409762495,5.841950857041359,1.617905065672936,3.637847577521732,2.0145056750676784,4.478566560129617,2
2.7872604505550242,1.9874451695083015,4.441053331287776,1.3839958856538477,2.7343084909256525,1.3255777621308051,5
1.8331029600683817,3.055530981735713,3.5532945564649374,1.9329179039144948,2.297832807218111,1.2784208385655447,5
2.831104814156281,2.2244853337796626,4.561598975641374,1.5496514940077266,2.928994814609441,1.6326062022182795,3
4.71836386612254,1.234708585300864,6.4164333490691465,2.9873784746162872,4.632363580289254,2.567661298955721,1
2.1076299624675516,2.9574805957135366,3.5317281729120404,1.491126539255465,2.0062479117210392,1.7948291753314594,3
2.0568826115602685,5.127070242762948,2.4244783017647897,3.4385863286343343,2.4036444509929322,3.4008603810191067,0
3.898716435372448,1.6455166676039417,5.5040339696495435,2.35171316963652,3.795770621449584,2.0581676014642905,1
2.378837770680142,6.014219010742823,1.9163996905196194,4.122452862988861,2.7258331987435875,4.2428687177605235,2
3.6515842740586977,1.7353554219844858,5.498274315347181,2.5352217707224893,3.926414404316166,1.5065144079362438,5
1.941177409265297,4.943278883542676,2.0553619190886594,2.975130628826328,1.8036651508557913,3.433962837361211,4
4.252159248225283,2.279756202468954,5.771752504024493,2.494795272225527,4.04774514229302,2.9164618877558253,1
3.1487069668472887,6.026551966153788,2.198551391634967,3.9775566416861143,2.4815912328362577,4.713660398660238,2
2.2630886354865027,3.8835278255283736,2.7184841007583365,1.9207416174488687,1.174471545768622,2.8578113057192027,4
2.6881076120018883,2.3963304217162285,4.5813354949746685,2.042840513955031,3.1656048018741845,1.2361553377288186,5
4.08718693403515,1.529596867230808,5.511078797876147,2.093951377214314,3.6503696181412075,2.451770989903958,1
1.9112742279298285,5.253189750607348,2.651415829079036,3.442166886172778,2.6933492038140256,3.542178886669081,0
1.3092603245868488,4.960703053649486,2.0244373963618174,3.095063914187013,2.0370441110605317,3.114251079916938,0
3.7753875560421735,1.982554418508905,5.577149275252896,2.7085534464330054,4.04549244872207,1.8178330264156346,5
1.7015395976818168,4.250515929664114,3.075416234146652,2.6905401125978443,2.4349534923357385,2.582735218047664,0
2.0962082380053215,4.012336937244775,2.9026692213138015,1.8754035949478083,1.6104686153425345,2.9819114888594997,4
1.4262462614649425,4.8112429312779685,1.7755642501264883,2.694726828833706,1.4331107669987837,3.2237614809340736,0
2.0531799962194706,3.4461541180408513,3.9034060155310555,2.263086523011196,2.835906760887113,1.9761555479790438,5
1.5055516860793128,2.9679717276760815,3.4851355819612833,1.6798032426584446,2.197645896905587,1.0078929643244967,5
3.589105193384564,1.7958939552232858,5.5208808724670995,2.487515998334992,3.9637023952136157,1.5454747498429016,5
1.5571879580237131,3.8575446354122893,2.604782767299314,1.963125892486672,1.3909015169381727,2.3990266786371564,4
1.5379608168528158,4.150645234686044,2.9551915059102725,2.5740290703156727,2.242147635637179,2.40404527687707,0
2.7460578367394035,3.1694397728654775,3.76379171383218,1.637144561894755,2.155240337780683,2.560940161593899,3
3.653400484467383,7.006204920430543,2.370986758140706,4.823935933355687,3.2904493997298214,5.590930395157973,2
3.5107726043373315,2.842107494521509,4.92441356563271,2.0646828690118184,3.332128919184904,2.810705236454744,3
1.4231345685601322,3.8058424897513636,2.507604034733498,1.8584512517150973,1.2318998223464475,2.3022138702310277,4
3.699907390125238,1.189931064832068,5.388797909269664,2.0226749865060842,3.625619205581836,1.7140486896995037,1
1.5897056667274279,2.9864383749715824,3.5008061263230936,1.7424780066663037,2.216917650210594,1.0580148459297378,5
1.455318919181811,4.727199129955126,1.503165784123562,2.6583546482441123,1.0598669590325853,3.1218306971701946,4
3.6038802828073906,1.8431563813002467,5.532674968130854,2.5124141283800103,3.9869111171759943,1.6263119108545745,5
4.015340498847349,1.675436731852799,5.555122305033966,2.03215163819449,3.7326321649860685,2.501192689908577,1
0.9363835212142375,3.980458374908299,2.686342086462111,2.271904313976403,1.9141903958684623,2.1323008678583153,0
2.5806439184554733,3.0038798281083734,3.652823794081567,1.327895027920298,1.9025086695113236,2.3457330444110998,3
2.5925438719694567,5.796643889723627,1.419767942309929,3.5733203138903527,1.8745497187729716,4.42584971162236,2
4.052064954428724,1.6641629843280963,5.54679852651642,2.0791701897844552,3.719962671359883,2.5146183291073063,1
1.962112888364556,3.874774424748916,2.702902750996506,1.6741892581853126,1.1980547073442174,2.8133738100178323,4
1.5233728312282455,5.1186350008533354,2.406880996049643,3.2390488585623007,2.429237853394311,3.3396718955434563,0
2.093314552137325,2.941096163701712,3.523612749369163,1.4655995909020567,1.9862873074520506,1.7710760608184242,3
4.196955098467386,1.8046296128577493,5.59376422640091,2.3012996918167703,3.7731804381110474,2.6079394598277243,1
2.693817143881128,3.297747666325313,3.8387249418777705,2.194145098661926,2.4738243494327126,2.321671350990256,3
2.76863517452798,2.3948942391358554,4.580232388073183,2.1165364914934215,3.1505997158564503,1.207909302824722,5
3.042877848994436,2.736793849480305,4.779882371839503,2.475418730576027,3.4217040676624904,1.7559996049783868,5
2.764640076320961,1.9287091137027232,4.413028618929809,1.32542927397969,2.6890499609500553,1.2470359992152076,5
2.0294075371827467,4.938135273694529,2.093104549743788,3.013847616863399,1.7793622897865151,3.4158416437435704,4
1.8277574204100155,3.9462285016389442,2.7351281136987424,2.1677414591613835,1.6101565577064616,2.52054800220696,4
2.5729365190716673,3.0627758232896007,3.6998315391959933,1.3591992218702813,2.0075014979763917,2.419423231076251,3
4.996196744160724,1.5852259507423911,6.531146210324894,3.003768682780012,4.664446765856086,3.0883747836789563,1
5.896186188324907,1.9560791179651742,7.472668687878352,3.881604675104823,5.593071675645675,3.8161124584263453,1
2.486231808981333,4.950508170920927,2.1957066110798333,2.9080715704626843,1.6111661830564628,3.7442272452134873,4
2.505351708519452,5.142307083116221,2.5916358308281704,3.022703410117359,2.1768256707149605,3.971005830935966,4
3.484524221324306,1.5134697055331487,5.435897837459135,2.319837892501784,3.843673109559538,1.249703990250411,5
1.6307699088965923,4.146858087922534,2.954774642438946,2.6092882739531076,2.2342025656184927,2.4118658096646377,0
3.6641859190418526,1.9392371345397803,5.568412723010815,2.592694129463845,4.0331088140325555,1.706451542733115,5
4.689326137600083,1.7992759199158823,6.510171935899475,3.367907560067581,4.8862580019869135,2.490577235353744,1
2.565810121462436,2.1189607751711437,4.445965590753765,1.8284645078177464,2.9462274655984997,0.5287613100701196,5
2.814276943121097,3.1023199687358445,3.723275500831086,1.6757925267570215,2.037706748912403,2.509178174998707,3
3.715287088847047,1.2065123250610226,5.395363577088266,2.0448098473683705,3.6309473747783274,1.7249294300425653,1
2.9851616875442306,2.209805915336983,4.5517873460611975,1.7286624929631194,2.9010114967111336,1.678811355848762,5
3.296587970835984,2.3214953730327084,4.635844782689949,1.5570410883760446,2.8686831198414167,2.3339393057619375,3
3.7471156202084357,1.996945869555446,5.585664358041585,2.687315290378898,4.051505914081608,1.7843368861429765,5
2.320033720640725,3.1752939067320938,3.7133857015556244,1.8148648603004613,2.3206815366631384,2.111570097765908,3
2.0656106391119153,5.11328783460216,2.474126291016609,3.1198726262001464,2.2671776895762004,3.6360969142278146,0
2.931943924353164,2.8591347986377906,4.845548415840111,2.4258560076785116,3.5456351429986874,1.9352640201378573,5
3.253751836020514,2.3929190659432527,4.6731501771493225,1.5291287225365822,2.9390709447285355,2.3658277157421392,3
3.6392128796975105,2.714971435742227,4.844945123623028,2.1638320718200617,3.1833800143962314,2.704680096176182,3
2.6473843212644237,3.0521273504767197,3.6658131354477295,1.4447357600906794,1.9714527807140982,2.420053575439585,3
2.8609157660511535,2.645184307037096,4.725526411270391,2.2876616730421673,3.3604641624132343,1.5917538416256478,5
2.863689216388565,3.22420973356745,3.810509305546828,1.8004357849440902,2.22905745048381,2.659570252676534,3
1.9525376611410556,5.868476344619405,1.381429444577815,3.8962238333834263,2.389755601576109,4.019531489430108,2
4.0636689998503845,1.7983813668225108,5.608084923606085,2.1290402566447493,3.794415085199712,2.5857942721021487,1
2.1422873666195237,3.288620177831376,3.75716963546164,2.2476673583951725,2.6008949873097333,1.7464093627693795,5
1.1045736207088468,3.9203294042070667,2.6107158500005907,2.291021942327897,1.7591173628549628,2.0264059595455146,0
3.7278112791769806,1.9059403552625953,5.559347460538715,2.647829670269635,4.005767590677966,1.6858017714104938,5
2.2352129384826314,5.969117740573904,1.7781051481131724,4.046765697298188,2.623106638166241,4.153669833183224,2
1.4115438822976696,4.920447917143943,1.9139724132173441,3.10508970832619,1.9165059971984524,3.072105007036988,0
2.982106260767612,5.9413654801378755,1.9439765602451915,3.846346054914672,2.2699410711691423,4.609557641885037,2
1.4187209929486209,5.086050505874003,2.3181901457156586,3.1896775680977707,2.3577337532624516,3.3071892531098945,0
1.0779484094841645,4.005343761256694,2.728526441214661,2.3275195896625602,1.9649155209526805,2.163608152626,0
3.3786446310531666,2.4707767256618993,4.735814095992884,1.738680410723767,3.0020855446153583,2.4501320994852778,3
4.659411766050381,1.7389181906024958,6.49523659219783,3.329150619021639,4.865688308639105,2.4396041409524263,1
2.3044749304594188,2.836112151118816,3.5046319680201,0.725256840112854,1.6385387097914175,2.1266990625220754,3
4.058147747846617,1.519227157387887,5.5082331503370145,2.0530429415884606,3.6481106339901066,2.430524440879973,1
3.7897235759340107,2.163288207546342,5.650265007335518,2.7654873365251142,4.147294169651125,1.9672870536754765,5
2.2940625196628863,2.8062422467579498,3.4812667988005077,0.6654352779793852,1.5782285181636038,2.0783019841048915,3
2.002175563039565,3.778289004884171,2.5565225893288357,1.6355486672492292,0.7709886959476043,2.708035503442587,4
2.967048065842235,2.5373133373927192,4.672036132599869,2.339755040920928,3.2597335659278333,1.4827204026849954,5
4.356929289351437,2.207227752898956,5.7519268392061225,2.595083034869618,3.9942230046038536,2.9143747151644974,1
1.602265995342814,3.894265224598686,2.638312524347031,2.007907210170722,1.4994108057727564,2.4728143482976104,4
3.0256643841676185,2.592407868647943,4.697906144726363,2.4089548389713036,3.3020125896960484,1.6230259012976809,5
2.0711770559039455,3.8350688284236165,2.6375780639390496,1.7318338166992187,1.0280630025633064,2.7825821370522283,4
4.179364846093612,1.7419092015726934,5.5860561839163365,2.2645702396366905,3.7446519124517224,2.5583406763468974,1
1.885012845989566,5.2255073860757495,2.6164046286207294,3.4188532739731303,2.6402363231386605,3.517782752781145,0
2.5462224623026843,2.9171811995001584,3.557118963213837,1.215372036575359,1.7442258021215253,2.26431888195501,3
2.438442423742292,3.010038294160896,3.651659535500972,1.1317938013577702,1.9386092841902662,2.3419969394253015,3
2.0778188489998795,4.785961632339255,1.7900912652945806,2.585414387266276,0.9972331060622897,3.519493257059854,4
2.8623833139499024,2.124710669954539,4.497239276069459,1.545032651705878,2.835998607622913,1.5625468973106045,3
1.379999700825978,3.9807306846618493,2.701747787711743,2.4224975427238413,1.8833358909518505,2.1524608293378598,0
3.6254468857075497,1.221886992458251,5.397452811710981,1.9349877135535585,3.646203745937626,1.7099421280687097,1
1.6517923240428523,4.829200543583442,1.8135871267176218,2.792211010711443,1.4636286176600468,3.268785506121157,4
1.7394667104155261,3.02522808184162,3.5338318338939603,1.8564431003156265,2.2656053608270543,1.195965522010707,5
3.593737566368739,2.9581632868315126,4.997673853438233,2.211055907848065,3.4301118727483524,2.923540481082416,3
1.9477470056489712,3.7796109120917682,2.563151948971362,1.5901324569440882,0.8021126592461018,2.699209760284807,4
2.207675527590699,5.932363504356425,1.6517439715564535,4.018180832205255,2.536950854278485,4.110522659346624,2
1.970876350455289,3.1801537215682516,3.6675515711186883,2.082639223284291,2.4723677241974387,1.569398419055196,5
1.8533736855114624,2.8470748711453524,3.4385689330900115,1.154114717082876,1.8495983528012843,1.5624079904961679,3
2.7967035619095086,2.6822407114644737,4.7510618016480874,2.2466262319463954,3.4017401283280506,1.651436542091132,5
2.1042616334265514,3.903325299297494,2.7419431317936764,1.8062028833922976,1.2795127776901705,2.875738325491514,4
4.569161447369154,1.1537676492059392,6.399350848420838,2.813217923145545,4.626617467037388,2.492476349687152,1
4.209476726795799,2.1307861327418682,5.706762896777326,2.4034488326165855,3.9561693061144845,2.81579920857131,1
3.081652174456966,6.805383798864025,1.5017367165316613,4.671342200878544,2.9398571573499748,5.159696604367258,2
4.51869943136521,1.5951030343575447,6.457264952912904,3.17091807211241,4.823745937934671,2.310528523366834,1
3.025804808605216,1.8777740063735051,4.440727869683894,0.8131137806197426,2.524768037103003,1.8777474848538587,3
2.2904872171525734,3.9539451815535713,2.7946875328814573,1.9882398568052206,1.3924525145033246,2.93989584411146,4
2.8540282296474615,2.387712138953106,4.590994437750991,2.189467044552916,3.1417891689130006,1.2210530501539467,5
3.6544972838314034,1.9598942286530654,5.582642147725253,2.5898070420535997,4.044457723916364,1.7295161951906501,5
3.7941617303524158,1.3501972910768296,5.438199258132711,2.169835796796685,3.677134695790237,1.8092847130033691,1
3.452117256622121,2.4082814084488056,4.695355998706003,1.8101235693229696,2.9274634078714006,2.401698297627151,3
1.8969321161524986,4.930859672879006,2.0801905710138135,2.94922089128321,1.7824942698364725,3.4037290083657195,4
1.8640034495069797,5.052075632972916,2.255195242034561,3.327117856379489,2.2343706509751966,3.2854170717535047,0
3.72410776405939,1.797334589972611,5.52438234075776,2.618602485328745,3.9537311364491217,1.6005568468063431,5
1.3107910412690955,4.932768798710796,1.9618240270477365,3.0813038075040344,1.9615385780812047,3.0780497175015378,0
4.815959777635997,1.5861286749808559,6.487796550612539,3.1415249538167522,4.739312392497901,2.762937282956003,1
1.1207235536490077,4.914472382437432,1.8964192770227335,3.019832407759948,1.9226221851325822,3.0552638185796646,0
1.6258122778799655,2.9535738079895486,3.476283995172955,1.7473865293624962,2.165784493219832,0.9930537485346586,5
1.6260237024739668,4.808894030824192,1.7399289625027008,2.7690498483059227,1.3955842360147133,3.2411884711543903,4
1.5656639665342182,4.085209554196781,2.866055973667607,2.5507923705929665,2.10912275160964,2.3302019900546136,0
1.237353195750344,3.7752662504943113,2.46738471614704,1.7445423427395454,1.151415228788921,2.2586263540502496,4
2.8500719478693135,1.9768375505625295,4.428981941007476,1.4657811831589713,2.713308798443797,1.3480709421362889,5
2.029014679764168,5.132476671878164,2.404370337510728,3.4289458477645165,2.4179405308160513,3.4258436735165283,0
1.6620879977857472,4.995890808949694,2.1217773468546923,3.2246051905193887,2.112429461521323,3.198308948856845,0
2.624629650017962,1.9442814161842477,4.417732744961039,1.122883204377317,2.717519157056379,1.2500471869406777,3
1.9811274900141416,3.788185037139707,2.5648420979898665,1.6249860292443774,0.8259112087634349,2.7136511782141324,4
2.9201715793311287,2.3149249658706736,4.592584888103029,1.6946064555351592,2.9974992562024916,1.7792082445243178,3
2.1444306547669534,3.4914880698164845,3.9553492224479165,2.342427228889868,2.8910825269304756,2.0625767897177383,5
3.5960388267840258,1.5875652732713548,5.457377489135176,2.4478555790774545,3.8654868304364722,1.3504573187750206,5
2.0056182790388015,5.858649408639572,1.362980371397206,3.910236085213461,2.359123794505109,4.012836876843357,2
2.5080651905490905,4.088274614295809,3.0165646138698454,2.236349386577312,1.7585047384616896,3.1138889053420566,4
4.049589641863538,1.7135253734412315,5.563988006053094,2.089054741919194,3.7449839605120983,2.5403324734005,1
4.919757419016364,1.4952173161605655,6.495899427753305,2.9005829900862667,4.638429398338744,3.0535747149040136,1
2.049721672419559,3.9074916791342895,2.736016165896312,1.7672038501089566,1.2901476018129845,2.8616523195543073,4
1.4268646083321619,5.007923601558869,2.1449611947841722,3.1542884295284366,2.1547340074687655,3.189896598375611,0
2.317228086188884,4.108865478691345,3.0317028645476056,2.104131067840115,1.8364240049428242,3.132788811269113,4
2.278588692074575,5.975288927673478,1.7960271105919807,4.065380093868388,2.6376499590944227,4.164256096147245,2
4.336272785146732,2.1735147769590637,5.741688149023679,2.5651106224275586,3.9695938122980534,2.8552295755439183,1
2.584893550983626,3.5328921325641134,4.049771817480294,2.2218614759826187,2.8236042600642337,2.580588066787728,3
1.7943240742379187,4.197472967331335,2.9893934855710502,2.7076611310100676,2.3102354839928543,2.5289046731647717,0
3.2743320592503666,2.2639330032345257,4.608034987774173,1.4967715485797761,2.8204834498802143,2.281530498826285,3
2.3134669655452123,4.135867846238126,3.0625634713545584,2.117322660114532,1.903667762730257,3.1604562916509695,4
1.94074220955225,3.351794586235334,3.817416111782901,2.1475813387694087,2.71514384382566,1.8160691299693967,5
1.6531764889544545,4.219348605402291,3.0371448523629807,2.6559562765801794,2.3738619254357514,2.5524925248864285,0
1.9440125672884143,4.8970873735054505,1.9606767064586625,2.9520091844602434,1.663806516681567,3.3905116012340035,4
2.720563102777673,3.1066879540167323,3.7260272064841904,1.572929647096009,2.048664323695789,2.473613447773734,3
1.4344799449302184,4.949262695150331,1.993747873193775,3.1268084896185893,1.9976482064756473,3.122074408386571,0
4.1330722760288285,1.6402532682477071,5.556454085259673,2.180975732123562,3.6996509976378857,2.4939416275420436,1
1.9746941852267885,4.794756612804106,1.8215969540217158,2.5348757754233957,1.0696502285616647,3.5216234546524685,4
1.4270793791334053,4.006286559265011,2.7268173503423947,2.4536878973608567,1.938695499797197,2.215698462512073,0
4.79224761675303,1.587057188087139,6.489958028762292,3.1187859133369944,4.73749584970347,2.718079564886061,1
3.3739249605733344,2.2543503231190236,4.6159863259173415,1.63539116863572,2.8046967222990427,2.283065522603517,3
5.889697737759396,2.8407612164368823,7.72248377836414,4.293026175237641,6.039669069329377,4.02603900549203,1
2.2101909961594046,3.3979144254665146,3.8502364976473853,2.3416102226167634,2.7482408356105346,1.9455151663011947,5
1.5775828380218873,4.77743035052587,1.6287190066437884,2.733036604264104,1.2671025550704589,3.207351865708924,4
1.9457105574454794,2.955243289440866,3.5480738465209716,1.3287990956832345,2.0313044841656485,1.7368974201458016,3
2.513517737028022,5.146525620652098,2.615739710728724,3.0293101273960543,2.192451235034201,3.9776519911811206,4
2.144089969891878,4.812891478187265,1.881969167513424,2.637555381813883,1.127628279100889,3.5590874973246747,4
2.2456059831024793,5.789679121835171,1.1905046800635364,3.6967244093812144,2.0166225958563735,4.181534760841466,2
3.3176302783581346,6.770677272902351,1.4990582324458062,4.54272880252999,2.7353960199091545,5.324905898776117,2
3.9571890092792685,2.2442831284585067,5.689015122382455,2.9411671422647445,4.177769570819404,2.082051299934575,5
2.485234004415509,4.962066454085339,2.212178082002654,2.914191031745477,1.6446294723616526,3.7538398588476656,4
1.387755855478269,4.008969254537626,2.7270825622920745,2.4404858967580876,1.9429296570396426,2.2064526269844404,0
4.099628554031116,1.964687248295405,5.6510393801055905,2.21979293680784,3.8789693492591644,2.7032397272237945,1
2.1814975252651734,5.928553370540059,1.6417974446826784,4.00736439946358,2.527232129585579,4.111909841106446,2
2.7938545273356987,6.68893744414958,0.8619521576918865,4.490987185655842,2.664655547041461,5.009287680775852,2
2.769606089924619,5.845079387040129,1.568296630625502,3.6882021969346965,1.9962997155007742,4.49782483917411,2
4.94122702856282,1.3887642048444815,6.4823701744862765,2.909404337846402,4.599905844073019,3.0013925357215365,1
3.6074121194554576,1.8259295639173416,5.5237690978116945,2.5108299848637388,3.9791337266919187,1.6233376596308424,5
4.365844252103444,2.1847103949538234,5.740289340835488,2.602268366851499,3.9704505039885767,2.866968485342772,1
1.8587472124241875,5.055946823681823,2.25648493522728,3.325878804276171,2.247878852694833,3.2872866838571957,0
2.542627566958297,5.84510393008867,1.5883862598905767,3.574612028301707,2.0356899090766403,4.4768893368914275,2
1.0469138822099562,4.038376208521351,2.7723725585619574,2.335852490422118,2.0407462606929516,2.2273628036886377,0
2.1667291683367846,4.032992441700982,2.9125008689296563,1.9420442289674205,1.6535237341215296,3.0205328687526736,4
3.3030007986031613,2.124044776351971,4.546024897319279,1.4733082858762998,2.6953358730421253,2.1482218131772206,3
5.77000778512618,1.6607651236322618,7.401274218180588,3.7047219027023273,5.5003438831258125,3.6604766742542814,1
4.983718986500372,1.55603397983776,6.525016053017725,2.9842186398784074,4.656755886206004,3.0836998236706146,1
1.779372601028838,2.759346198600596,3.381026762964716,0.9953318291169116,1.7125043398766846,1.4167404295522514,3
3.7668574450954835,2.1014886571163105,5.634774837047621,2.730151998287236,4.112970034744073,1.8780735609429735,5
3.4400295349227266,2.389207480025068,4.67649293593344,1.7824673073938107,2.917966582109838,2.426896992919165,3
4.654057563630992,1.0282577750474893,6.381219314717217,2.8919696979557683,4.583906570933191,2.462369587915324,1
2.480707771018107,2.184841518570753,4.48453727283394,1.771420337463553,3.011096030705101,0.6809564652302272,5
2.2413667770418857,5.795879557359839,1.2048715662710412,3.6977915665991543,2.0363377983393196,4.188253446915999,2
4.735546961707827,1.9240307813910502,6.548364809755547,3.434814745866705,4.930967239337378,2.5701547347318194,1
2.623634849586595,2.1934202809818646,4.487203398184462,1.909486147958512,3.0042938692364256,0.7630964662269974,5
1.4476921067410735,4.816146500743687,1.7512692570936688,2.7066210331003178,1.4308828227998582,3.2330165228639567,4
4.008869730451783,1.3236380073029674,5.467942853590063,1.9408713643651683,3.5715367802277163,2.3025612866218452,1
1.8642311424447502,4.876697850454144,1.8905372243806824,2.9061361541485518,1.5982216224174763,3.347336158495346,4
2.8202147016329038,2.113939984233757,4.506784571286903,1.4864524084142503,2.8356765908219623,1.5049994520492498,3
4.575832169974985,1.1424936212663481,6.397416925015476,2.8198499052404213,4.621403380902793,2.489594254020339,1
3.03461865339568,2.2501835268978607,4.564984921993754,1.8054427189287299,2.9201968656939714,1.705747590578658,5
2.1556167725235005,4.813541234591477,1.877146252123589,2.6433890387511325,1.1318066526284094,3.5556232579142986,4
1.4374821957570616,4.791461606414333,1.7188175857390036,2.6887660969686245,1.3470262366088934,3.1939553133484675,4
5.589372967829681,2.271374154864898,7.5107892802353735,4.149234019930906,5.84294311605997,3.3789244925209347,1
3.8010707594054556,1.4350486414728176,5.44535117054144,2.195737458615935,3.706983867744301,1.8897462741605358,1
2.8151761588574513,5.916688556091412,1.8203384894386716,3.747962992512152,2.2100075853703496,4.575955458468279,2
2.12999273262879,4.977810844348124,2.1361620011476483,3.079419973986466,1.8862923024076952,3.505557849184415,4
2.334956945326347,2.9124997151838827,3.568989411383724,0.8750187843430128,1.7737460563294343,2.204441838194515,3
3.9205462239150206,1.4982934219537891,5.509538887092152,1.8546775818066528,3.660343272870401,2.3795943882013706,1
2.631178746807091,3.1162099880958722,3.7241927712190903,1.466775895716526,2.0879631441697875,2.5025651371181072,3
2.5990471089099243,3.226979829822086,3.780392609804482,2.080252886632825,2.378925142794776,2.2170583133766506,3
4.8395097703282595,1.4337655849540056,6.488331765310652,2.7957706246922536,4.629959503988577,3.0009672736091035,1
2.528503991163824,5.754218699824569,1.2139456590218392,3.5202327973480334,1.7270511822870822,4.369305751516186,2
1.6650156619552177,4.919337033496568,2.049516459629855,2.8459060311329067,1.7712059837382166,3.36712659593281,0
4.549531036493821,1.5155977541308578,6.443050436012525,3.1882706807212022,4.793326179893463,2.25467358467934,1
4.580067359876177,1.6965573197884034,6.479820253412719,3.2469845080104833,4.854293222874098,2.389408353389921,1
2.6641207874722386,4.134784409621104,3.0728021210350835,2.384459258593598,1.8384479977677688,3.187478752301406,4
1.5443348009659776,4.270263847992005,3.1048024815730586,2.6357757983456427,2.4836474228852876,2.597347495124923,0
2.8584760428025304,6.733473773814377,1.1415606213378084,4.539478562905151,2.778077175679919,5.061266122415174,2
3.320975006437071,2.9118303104475975,4.8909380841050325,2.764000140765963,3.558742919559397,2.074387007269478,5
2.751579661819309,2.288914170332825,4.528594740813311,2.062056626379639,3.067523846207795,1.0242314350997472,5
2.617759052109561,2.330095067497913,4.549187396461173,1.9555993221114998,3.1136189620622448,1.0403149991874263,5
1.9364995675893795,5.09221604264006,2.315855363937302,3.3743966267160506,2.3224789857942665,3.359920303344947,0
1.9811964498515673,2.9058778930862985,3.484222259072334,1.3322076465924375,1.9324330903668474,1.6744496284675583,3
5.012843831553137,1.550306384047617,6.514125493685295,3.0153209408088575,4.650996795392868,3.1058339228391625,1
1.3911780156723537,3.9929807044514716,2.700854855251028,2.43208165255794,1.9107469177577023,2.186310465759019,0
4.6259469418240675,1.6971986298893094,6.48387990523112,3.29069777017651,4.851178218314423,2.3839623525850184,1
2.479530097178273,3.5051560360618534,3.934166161499837,2.5647117402185526,2.866994661241851,2.1374084258129704,5
4.869978996939943,1.2290656154920196,6.440437269749648,2.801392932849091,4.557543199173835,2.9328804229059,1
2.665150035462418,2.1714026626236342,4.473247942501252,1.94114396058349,2.979946625118424,0.7430965257402662,5
4.816724268073342,2.5638537593412773,6.765075910397467,3.6368672684535936,5.240665841538663,3.019830050976391,1
2.251776754527758,6.059329913466199,2.0439339445013642,4.093963680744017,2.8468256203470177,4.2707288196220405,2
2.9380769425497295,3.2553626157560416,3.8628486424419552,1.8997940085100793,2.2699331855715332,2.6808175633297364,3
2.4802724338301507,2.850829082570342,3.516355113363222,1.0624130638139795,1.635166319359992,2.1683984579423012,3
2.3623914689853778,4.160369299976021,3.0870839250014512,2.1698763798183225,1.9488479018369556,3.1935429744018364,4
4.590683905579687,1.6547910498235032,6.475174709000915,3.2511431152570704,4.836752436538906,2.351410323808835,1
3.402922470411879,2.5791131952928614,4.7798161513849085,1.818062406962597,3.0977969535398593,2.5787712822439124,3
2.021110616011441,3.32129508774833,3.784317815779502,2.184406787334923,2.660646129736433,1.793801950309333,5
2.2731705226086287,5.968789369973864,1.7569398524877746,4.059868877303573,2.6218584689759354,4.163261938183684,2
3.9454108787986324,1.297131481878116,5.457622085679925,1.844128657416345,3.5674470205036757,2.277897321888708,1
0.7560978409397027,3.9313088339469786,2.6224247980166666,2.1981599309012965,1.8066682636953841,2.0180173972294404,0
3.4208948349753547,2.3134271784324287,4.647119477440417,1.725867110436305,2.8511652444799136,2.3307240561589504,3
4.625085093329954,0.8869294322183194,6.357068059955219,2.8449264771548872,4.553603644270737,2.409448425050953,1
2.8739847858469774,1.986493790965159,4.4376390367577105,1.5005310115299892,2.7221696462070897,1.3946088551665112,5
1.201764173428589,3.7361921714863717,2.400848560018797,1.7000607024609635,1.0008900217950458,2.190517887319546,4
2.2465748091603284,5.797903290626164,1.2266573752616459,3.701632710514144,2.037886394326871,4.176126065626471,2
1.9497999179892906,4.199482987852,3.0664804442301223,2.3789308884476794,2.2021932181498634,2.893295117924243,0
3.1307302445417493,2.3029744507679255,4.583784535117011,1.9301306331673127,2.9614188950111853,1.834290339818425,5
2.792830380237055,3.2845966133346227,3.8617354073187484,1.7581702070831955,2.3349157051694696,2.6927432868288594,3
2.518397599688652,3.764805935146376,4.192232412532132,2.701599200389105,3.2228939585642977,2.5033104681623897,5
2.809367525641683,5.869519601571401,1.683391281481779,3.7205120118028567,2.0737231679745527,4.515094444177553,2
4.6030317578707765,0.7971145340059183,6.3438031790665175,2.8122440534687736,4.5366340104240095,2.380646756466983,1
2.5370756086046264,2.2406086141900112,4.513838832415562,1.8472298630232669,3.0499771157782307,0.8322491364561339,5
2.303911430862954,3.498933285519498,3.953568929394794,2.4484573043266056,2.8788146446370755,2.0615233951246785,5
4.261172050266823,1.8439547825655989,5.615270529200035,2.3887383960869326,3.7924559464876895,2.6667762735156795,1
2.906114703734196,2.443525239680208,4.618896681053829,2.2555135469043006,3.182249948238944,1.3448382436280284,5
3.694397129468419,2.7164167991739685,4.843778310167262,2.2241236995145544,3.184498293366673,2.72882432610454,3
2.1810665247191428,5.819803959618715,1.3593674873578494,3.68631551341278,2.1162835024283253,4.20026758469507,2
1.822364296412012,4.175960940320527,2.9777399473430504,2.7103979905352746,2.2652836734173416,2.4720989942023333,0
1.2515788773669294,4.726383644352318,1.502464513500003,2.58537618427849,1.0926599630819158,3.1142195067536202,4
3.9501704315982678,1.7739028564288326,5.563885354305332,2.4399982986910116,3.8562178636891677,2.1426746527214453,1
2.8501554402506217,2.5431776444461978,4.672039912577255,2.239683800797158,3.2775148357766937,1.4581371371658234,5
1.393844110196905,3.889744816702872,2.6524889629981323,1.8981950943716872,1.5068222021091409,2.426083772589137,0
1.673893638162414,4.796395892679962,1.6788291637346506,2.7822599868227607,1.3292686253415935,3.235536025206057,4
3.2164887249247194,3.1856080792797403,5.057665214307096,2.7757312793590487,3.82098117623806,2.379733827728034,5
1.888921490332721,2.8134957518762067,3.429656603197375,1.1667159713385884,1.7964892628475189,1.5206720313606377,3
1.3514592477624896,5.076374775192284,2.2975292806333703,3.1646840463006227,2.338428681436678,3.2794526499771313,0
1.1059101683201094,4.003308728138003,2.744536717440706,2.336965029696522,1.9576262569315386,2.1527683564541027,0
5.549358306598232,1.4904602794226862,7.3357990547726235,3.7301968245485746,5.515527873970689,3.27496419328342,1
3.5626070278311186,1.74477853513246,5.499765929616468,2.447669065252064,3.944271096818823,1.5203442188130034,5
2.225672763600644,5.939537953987323,1.6658871507644546,4.0278018512587,2.555629331936105,4.130249247007051,2
1.8126406321276936,4.992538883476918,2.2137633881311727,2.94694176258928,1.9684074259490136,3.4863191350914002,0
2.089626304164977,6.055099105786661,2.06283019111812,4.033014271362911,2.855140487058989,4.252426202070201,2
3.787486222380839,2.253495467083353,5.683719218020107,2.786544904452047,4.19931743088008,2.0464512399746844,5
4.0456347354795925,1.9060464459311304,5.637528267888801,2.1353300567327853,3.8528141940022507,2.647930999298126,1
2.181958082150433,4.1004623712139585,2.9499945190055263,2.462609282724769,1.9524927752380663,2.7888005434440664,4
1.3466561911008232,3.803313439631952,2.507673778681191,1.8162129432921656,1.2438966159506457,2.3199541996424364,4
2.5634693385359446,2.9414657300213958,3.58589962846068,1.25616830510871,1.793427226816963,2.283766573857954,3
4.948714702657053,1.4062684119708568,6.484581362820729,2.9201602723269358,4.60612446036564,3.023444996901652,1
1.4009027791430384,4.811329567995102,1.7417823795485516,2.68600958127841,1.4272631118868018,3.2380887763873565,0
2.0147654299829747,4.238178697631124,3.0576890844626967,2.8299763500135513,2.378836157309255,2.6236238423071097,0
2.0525290482675436,4.774194901213023,1.7761214360964055,2.5645242783734927,0.9471820194380005,3.5042231219052686,4
4.763267002209873,1.5197651195355608,6.471771555823977,3.0777886778440444,4.7156989999705345,2.693752655572635,1
3.7951886852882577,1.6363398670865115,5.503491736970166,2.2333618403000854,3.7995482089733104,2.0195793000289517,1
2.3153189111939616,5.971169787327818,1.8090852844176006,4.077480555679482,2.6293574527853014,4.1733583015315485,2
1.0725535499229042,4.721781305877927,1.502582959432095,2.5278719415580486,1.0898468160919352,3.08996234649212,0
1.814058001879536,5.051419037852598,2.346878627096863,2.978385289082326,2.1323904591467797,3.545741728128943,0
2.176155838936836,4.00608676509665,2.8935087319567376,1.9308186235570297,1.5884880311772542,2.997595987230893,4
2.685288168463051,3.3089750842161045,3.8944066407461277,1.6561257994533702,2.38910806884683,2.693063085178413,3
4.781532410733173,2.4969387218610253,6.741985768592331,3.590222736832489,5.208450296980534,2.9609744717847115,1
1.9504325348322706,3.872045205313574,2.7062427666314144,1.6612320118328923,1.201519823943105,2.8117281003347387,4
1.5182446078166105,4.786872432952547,1.705675825125117,2.7158978697381486,1.3220860239926027,3.2001800050233387,4
2.0887392726787546,5.734942442259457,0.9481213383907764,3.6058327429623462,1.8596201169604825,4.091492084359609,2
1.4568078429207951,4.823127641454215,1.7993287510031042,2.7121216658986382,1.474172155987302,3.2425904960341976,0
5.695216223947116,1.9429227453867348,7.434639426425353,3.9406754351039797,5.650857559346386,3.4938336499446083,1
2.8355450589656286,2.180800233317423,4.5251137340047,1.5365894954986148,2.8842726148438893,1.582750533966067,3
2.314624955811893,4.882273190820954,2.0190785931349304,2.7722573266690818,1.3860089743136086,3.666273120961305,4
1.7220116127090546,3.006793353943397,3.518238835463405,1.8374868914156575,2.2348003423551477,1.1437794771966803,5
2.819624801848841,2.6641713025883087,4.74437533670737,2.2579937192976853,3.3874623893505253,1.6275446253937844,5
2.6440971128503024,2.968685965862046,3.617862917307679,1.3858184783327314,1.8291790532633947,2.3213704771838533,3
1.2551251784883926,4.777598030804013,1.677627879809722,2.616943265947749,1.3177756555852616,3.17252268580778,0
3.990774572068555,1.2729226699484517,5.452696273615733,1.9026075797954636,3.55583803158669,2.292759038363522,1
3.5254060138846115,6.999388411260696,2.322068981036897,4.75510784439779,3.2880974992787615,5.585302137412935,2
2.7168128476895888,1.8296889026168062,4.370343993026171,1.2069521016740958,2.618877002996412,1.1207208538433149,5
3.781186890981571,1.428527957162495,5.448274457567163,2.1700556048629847,3.7098372876517423,1.8920175009648719,1
2.347457244992249,3.1535143201844966,3.6888373293211543,1.8263123116843838,2.2823998408216437,2.0719499468454536,3
2.0251873473335316,4.875212303046621,2.041630599043561,2.6091915839683693,1.4179450279988852,3.614454326312631,4
4.802573558346973,2.0178218501670537,6.573286240785839,3.5131054615455466,4.9678594611626,2.663394410507426,1
2.2328368611661706,5.946739223030777,1.6976675690026157,4.034231856036995,2.573474332993912,4.147636172214116,2
1.7404356431123436,4.306171006107596,3.155965584045916,2.735241120970831,2.5411463513264883,2.685176470268755,0
1.4680241452485827,4.964181169753171,2.026545139180096,3.143648313326108,2.0400672558040633,3.1350729843173077,0
2.69209270841239,1.9660132028140738,4.430273721328639,1.239339476942281,2.7263635648262605,1.2947854137679407,3
3.251105769019054,6.7939911017107475,1.6392491171557526,4.521612557158948,2.8086288803990502,5.338455280314514,2
2.9355429170449687,2.642000607382954,4.71458346029237,2.3499830287196852,3.3498364820280364,1.6737925883191134,5
2.996560302915115,6.76883649056068,1.3436745404568764,4.6167144495386205,2.855858496363782,5.121153024216555,2
4.9698068313571255,1.3584287194051534,6.475823597961232,2.9369849231900598,4.588434642323899,3.002995701370512,1
3.1844696539621626,2.063149969492396,4.521032390084735,1.2519420061697784,2.6577668815337065,2.056404094240681,3
4.2582760528622225,1.9152736967288737,5.644259501094655,2.4031640329950057,3.8326173260117296,2.691438765085954,1
2.474768015778374,3.082088559288685,3.7026179915982196,1.2418134681973032,2.0527567532172246,2.4295026026206052,3
5.052074445562295,1.7312778294992868,6.566125956491533,3.0918889116250563,4.715077712772338,3.1820296874744534,1
3.534055147548237,0.9202018093375448,5.3396189883906375,1.7596128356974807,3.555030748961406,1.483254126611223,1
3.6423032124953183,1.8164374362449842,5.526615104702986,2.5422324457807837,3.9736297228305304,1.6233350183401445,5
3.2001939670025195,2.3923080824559446,4.633253419045885,2.0397093971079445,3.0317560694904695,1.952839438955939,5
2.0012098068178332,2.90361033503685,3.507422721589155,1.3514504373611278,1.935190922365313,1.673774581139197,3
4.9335893708283205,1.3024709893315525,6.463926953349019,2.887611567277132,4.57282578440084,2.9655352687135688,1
2.4916596113247307,3.0513028470078876,3.6756019038594694,1.243049533884467,1.993093207075534,2.396685242546643,3
2.1649552322772307,5.181140153282536,2.537217432882424,3.5091084196337334,2.516943500086465,3.4639701010529484,0
1.9806156010101275,3.7755946627286354,2.5520339520387214,1.6153063014545004,0.7641280573185915,2.7040907318208567,4
1.9435349866153397,3.7809643582729016,2.554888090953271,1.5877167270572172,0.8038207610874477,2.706396712223656,4
1.8509165933340017,3.222187203942252,3.723116464774015,2.0283553382903072,2.5445301507138147,1.5777245389392245,5
4.4581631909320585,1.4520812600821484,6.426007795406439,3.089269991227294,4.780801948628733,2.202101799307108,1
3.7273062421385763,1.217052369330784,5.404741685610087,2.0635531410730303,3.6312779650046862,1.6986167611033196,1
2.2756611793738624,3.029285946597725,3.5854137356485567,1.691563774748666,2.100907655081604,1.9259287888457728,3
1.4257176747541354,4.00952847148274,2.725328018668173,2.4556276810292035,1.9399677012390995,2.2047276870746795,0
1.5199634613487827,4.898725030950983,1.9778527806503492,2.779465098280267,1.7122387626540454,3.3430937842714172,0
1.2398025917208135,3.7336360733087863,2.404779522816643,1.7171532075703124,0.9865737715916258,2.1841970431032203,4
3.1924480247934484,6.838978220700218,1.6947981897046744,4.737773207322618,3.0147256799647133,5.200003775937803,2
1.44856590610345,5.083878091575344,2.3097806348698198,3.1972431314822236,2.3509223880703045,3.2974021325285183,0
1.931940507007219,3.229242288059634,3.7177753589609313,2.084059279050521,2.539784672697243,1.5872241714004147,5
2.857513575021282,2.0353035096339624,4.449124819838188,1.498069796879575,2.762864619895803,1.43669488485381,5
2.8267814917253844,5.889213239141865,1.7431255596111646,3.7383941134375416,2.138324778221009,4.553611292982358,2
2.971972013301083,2.565834976001541,4.667999653457053,2.3527894914347947,3.2812509916364796,1.561235057535784,5
2.154973645553333,4.871710731006531,2.0307856479696222,2.676959605783869,1.3846090858193156,3.633009512406416,4
4.572763116447932,1.5827850715382359,6.451503406554274,3.221826669793747,4.811453582944983,2.308886600009401,1
3.4222459326657337,2.325329369842873,4.635978953670194,1.7328124774170044,2.855507260880909,2.3422352811809803,3
2.5533845284872645,4.989224692229936,2.2745211402702044,2.970296454344917,1.7147804063988903,3.7983725475552865,4
3.287098271336304,3.5364011429895643,4.108958121712442,2.386144493344303,2.6557680541014275,3.011699610091518,3
1.1836030575494212,4.717590893927022,1.4562711626823848,2.5592498223787286,1.045138093701038,3.0980392727676747,4
4.719521075508565,1.363274521430085,6.431842921424223,3.00689200528446,4.667503895907331,2.6142154588628648,1
3.0896255875629723,2.2842266879275845,4.582943014045107,1.8800128181547653,2.94528828163966,1.7510130622335291,5
2.066888261278504,3.9215240782878618,2.768694171309706,1.7882435070725367,1.3502227604796433,2.8858642648679163,4
2.7605118900480927,2.6023576380841664,4.697949564408422,2.1854460827967324,3.333065533548322,1.545935731447539,5
1.6969572563002575,4.047638671393808,2.8695332989552127,2.1515268648628445,1.8942431915293902,2.6754383557766883,0
1.917829297947448,3.16925237068584,3.656417169208793,2.044660101681217,2.4566062596669695,1.5286783255069745,5
3.1214786882234824,2.6807590361775357,4.743640475879115,2.5198846001673116,3.3702833353889408,1.771971461076781,5
3.977614845575262,1.504664604739558,5.507226594874803,1.9387039085172089,3.6526590388774074,2.397459385393164,1
3.311511580490317,2.3963146113209564,4.674766647593496,1.6145579192455841,2.932167734908384,2.3794353866406546,3
1.8333389400777476,4.87652685978207,1.9419771562866386,2.8937802666158396,1.6061852494288797,3.324313832672932,4
2.7039214532944724,2.007942545256312,4.439651364109191,1.2745765389768549,2.7607696367542123,1.3752428627757634,3
5.10265278865125,1.7930841448941688,6.580678525228417,3.1588555524769473,4.73449627650564,3.227765421604088,1
1.6943807619651425,3.0212961271925387,3.5408785618973115,1.826034530176463,2.26606653695705,1.1662361896892581,5
1.064717197285536,4.710309374061738,1.4362367188483287,2.5186172230054655,1.0261976495324114,3.075843921997385,4
1.856162584201384,4.047933454505637,2.866926427397498,2.2398292473846255,1.87437924248695,2.67395219637303,0
2.110475612780826,4.853272530737381,1.9685805340051887,2.6428063830434936,1.3061597338409505,3.6030814553428656,4
2.8373703111881183,3.4263201260918668,4.013016213199545,1.8899076576662746,2.550397434872306,2.8214435320484808,3
2.854171473421859,2.130352180203898,4.511556492377797,1.5356440618836205,2.846692539922736,1.5192050672219661,5
2.0431492401162936,4.28065131991835,3.185475256296897,2.4764732992972665,2.3630033780795214,3.0003942507189523,0
2.8656060561097716,2.4681805850008818,4.632414966326057,2.2263482604911484,3.2127069328736795,1.3793836532544204,5
3.0712992983899965,2.4276938061068916,4.667200244174597,1.916019837282737,3.0777016265886856,1.9256933514826569,3
2.5343605226080412,2.1704632003973323,4.48070364496589,1.8176374747040678,2.9939740053607253,0.6494970673520205,5
2.7220961110724358,3.1565218353200977,3.7571161345049586,1.602606378149733,2.1355938865825843,2.5301737741652306,3
5.610892214567897,1.631117479814227,7.365088329771611,3.8104374684939275,5.553228322756039,3.344035433725705,1
2.3195246125632036,4.160347489590328,3.093480727430789,2.137406398447606,1.958053811668238,3.177044545072358,4
3.0199744610180557,6.76893495161808,1.3745054038347935,4.62683843943871,2.8570064964124118,5.112763973200597,2
4.1079817507736305,1.5473911613955411,5.517343125040628,2.1252031028834377,3.657451046837679,2.4702851024288357,1
2.1216812047659164,3.9340728703436483,2.8022533162177106,1.842763677693038,1.3744798873900017,2.8914911082506074,4
3.0503829585462063,1.8705105565200768,4.433621136961953,0.8680462822369257,2.5146421413406466,1.8837676337439537,3
4.904914336925388,1.2499349866126899,6.444716080364897,2.84554584496389,4.55968997380877,2.9483214085638174,1
1.9812185656976842,3.0519116053536846,3.617889934763776,1.430168717816148,2.1774934440258003,1.889704972478928,3
4.701688427047705,1.2707630470995182,6.420451846525626,2.9754016201147477,4.6414529225793615,2.5684417669340363,1
2.0344704059140697,2.819077353790932,3.423379734506989,1.328258131442278,1.7793809792416246,1.53837601962031,3
3.4816254138329543,6.982082234816872,2.2906110268301503,4.724272354544093,3.258407840453094,5.561436666694704,2
5.747668739633029,2.4776784938642384,7.574397080718729,4.329784569059337,5.9193727151429165,3.540804186272355,1
4.089192578458364,1.4941348621991737,5.503606328998215,2.087131531880942,3.63706376384701,2.4363446670055984,1
1.5282807080185403,3.854443681718183,2.595671537723128,1.9459865114767696,1.3811528862685936,2.389748660131697,4
1.7954519892225456,4.3340286741246965,3.2053857995782815,2.773132265986756,2.591075495518273,2.7056291920326268,0
2.4601080964389164,3.1392095180849195,3.703782289556877,1.9154820474451908,2.261974912056473,2.0775901101620593,3
2.6194825904200854,5.8495467919208775,1.611928511996854,3.6138467412634596,2.0430096460030973,4.480393543959022,2
1.6017661062556394,3.846925086331393,2.5933876134506817,1.979578493739099,1.3587436585920099,2.3790891064275703,4
2.4339445017776247,3.1983301746671815,3.7229374966696813,1.924731431189625,2.3421133031888397,2.153092889612342,3
1.8958362083992295,5.886121999161866,1.47295041942602,3.885470718687448,2.446556974593894,4.046507576912147,2
1.554397035261521,2.9672276152373,3.482749083265265,1.7098178840253864,2.191257278046559,1.0196434334319089,5
2.4847450655020173,2.1908209578653035,4.4865857327862955,1.7775457209064103,3.015484407494205,0.7052628800869376,5
2.5530213760767944,4.96743977213159,2.252974929983073,2.9565823787771657,1.6612594727820602,3.7711823849754227,4
1.8109455144207214,3.0811845135462943,3.5753582655305087,1.9318504536325396,2.337623315480664,1.3429778557794505,5
1.9838646425713964,3.0444335938309353,3.6122217104375856,1.428422332722974,2.164369115482817,1.88572790659728,3
5.0391932541789375,1.5636850347853664,6.5211220842521875,3.0475742273749025,4.652995777145545,3.1084972161473736,1
2.0677078631713615,3.054793769907591,3.6336977601560756,1.516788145218508,2.1685536081917216,1.8815987442670927,3
2.6031329207973215,2.157375045914421,4.468920727776813,1.877350564247427,2.9761453052695686,0.6536808074447784,5
2.1679216721760377,4.04962588338589,2.954116136327407,1.9534565385338483,1.7059855977902396,3.03131772386819,4
1.2268607838369845,4.763345627813184,1.618851670566149,2.598739667913802,1.2617599251004523,3.1514480959142017,0
2.8844276173835315,6.851271753912921,1.5779943245150565,4.825107464000688,3.157470981542332,5.022919354872657,2
4.655160363232121,1.3336750264989075,6.429500925370954,2.9321691022815823,4.668710914758006,2.58037617929852,1
3.0062547508072988,2.444068508417988,4.672447494883656,1.8495309750954358,3.100675797652787,1.9107822540875727,3
3.102162115744808,2.0877398501762254,4.524352707103109,1.1156268964378295,2.689163399186822,2.076675232939867,3
1.7957202256740015,2.761662083066172,3.37897777521521,1.0165035193580725,1.7135784492243074,1.4110130063121964,3
2.3807058833888806,2.929322346650326,3.5766122908999836,0.9719923752357643,1.7941235879545991,2.2298369356531023,3
1.9970242774005795,3.009420200016184,3.5907615780960307,1.4180147522232287,2.1070840504443016,1.7989946578267482,3
2.027816498672743,4.805867710822377,1.8410433650042906,2.5683741230658605,1.1221454506836537,3.5454929071227554,4
3.004601052686134,2.2471434197340927,4.547585281302243,1.7685733768681249,2.918434186950049,1.7168533504121495,5
2.789464475064039,3.278900646323616,3.88390552135702,1.7514982565385793,2.335267183491782,2.6817707589928093,3
5.05002846740208,2.1484248217472506,6.692857123203399,3.1703560898455168,4.9064595231549095,3.378808182483941,1
2.5831126289614614,2.280679420021952,4.528463261828382,1.9049827645205217,3.0771875964216506,0.9160406040323432,5
2.23222682625535,3.0358239773446276,3.6200280449155655,1.6567465939750121,2.122886506479966,1.8999859990020689,3
3.2718033507359796,2.142283843854993,4.551303868920074,1.4335260841503599,2.7159220028068445,2.1813232956872217,3
2.2221310803900916,3.915043459179164,2.7551621977542364,1.9087006007941825,1.286718845079088,2.8763074342421633,4
2.056030862498379,5.790050657301799,1.2179357083131288,3.620474443899844,2.0462684750991555,4.166926884391564,2
4.718504477811711,1.4552623144628998,6.467033760138813,3.0187592207359555,4.703888240295929,2.6371234955658096,1
3.0776329047626425,6.789307249854386,1.4619385677238272,4.66214357802069,2.90198257086596,5.138758631492133,2
4.98140515711142,1.404524903832846,6.48044552212861,2.956700445657789,4.6022825124462114,3.0345284734243605,1
2.5463903045579452,3.321431880914686,3.874544071811247,2.0847170800653294,2.5245858715998537,2.3022940162928007,3
2.06700532981489,5.730219862497391,0.9068158226703825,3.594805572588356,1.8460438654479456,4.0899210345977615,2
2.62339295648743,2.955091914836409,3.601104392345829,1.350840895353849,1.80137584408959,2.2994670648665405,3
2.5234053842040782,2.921961661069091,3.569698005444061,1.1877503901794908,1.756860217642846,2.2582059866090747,3
2.356309648987169,4.11732925729565,3.047943436559176,2.140071496867815,1.8478430197794942,3.1395627038769782,4
4.923286264593999,2.307895135514641,6.679673487175029,3.6799159324150965,5.096374327213821,2.8743043905018837,1
1.6982482511120225,3.9511542145771497,2.754991673878012,2.0972452163133988,1.6459202255154304,2.5161795628379577,4
3.140162332586673,1.974967948039718,4.484910975051982,1.124886940677095,2.5887148224227965,1.9830327926462308,3
4.958608138449786,1.5274750973510933,6.5192495564496555,2.9507663910537167,4.649483390311962,3.0613030006960553,1
1.7834613553061829,4.238226774673953,3.0717551316979796,2.722791650072796,2.3976914062445402,2.547198950218176,0
2.985117956650643,6.750600446062944,1.2340674067826425,4.6033723188688755,2.8057598078642947,5.09589663944738,2
4.1489983814136275,1.7558644021402672,5.593341088829448,2.227671822536274,3.761444856240521,2.583640995483838,1
1.8591157742462707,3.957563043368467,2.7624011000311333,2.1915009295496892,1.6463059622606824,2.5566743905952674,4
4.961537131603764,1.3714698256720128,6.478610115072116,2.9293293717904634,4.594024971773297,3.0103418332299303,1
2.3535135721140974,3.3167466864397794,3.8496042979900227,1.9177859211028803,2.541634648529168,2.28937291927484,3
1.6092501844066063,5.082841304675767,2.300017577716186,3.249074197558321,2.33266377206048,3.2997767917057974,0
4.583772902985761,1.5220051816602658,6.446342288216985,3.2228973476275766,4.791776719523189,2.2746026344285024,1
3.668625266616958,1.800334128946906,5.526366944442028,2.5649354955844954,3.9627927851686606,1.6089732923361533,5
2.8905897954274375,6.77916529433634,1.399049416979452,4.5752078842353905,2.894351598361751,5.109163333306265,2
3.090174159731302,3.4117866387508737,3.998920329983835,2.138268486084833,2.4874463468112062,2.8396168040177625,3
2.7389313237808004,5.855534855364659,1.5992232777998976,3.677037114872856,2.0381811147399778,4.507334879300896,2
4.66255701348614,1.9840050803540028,6.575126762568727,3.3767448021853728,4.968189349567149,2.579265423748941,1
2.7863080032656016,5.88199964233049,1.7321682946744938,3.716051273978262,2.1115670539070313,4.530660770041593,2
4.910413275629607,1.1697759406293442,6.436167334094868,2.8414046596674027,4.536678673010128,2.9163522222338685,1
2.592472762486994,3.0609872757017165,3.6736828767974545,1.3807306288096126,1.9970988767672337,2.4285023667628183,3
5.636469383983339,2.18011642190649,7.4773626872978465,4.1768005459700195,5.7980152259826045,3.348927629020139,1
2.1818700269121662,4.976794741887583,2.171999319918786,3.104006086592947,1.8819141762004712,3.4903003938416606,4
2.200813565802508,5.957568409880798,1.7366857640950781,4.028482034335408,2.5967885245299773,4.139054557429867,2
3.174546908091683,3.7411678291514607,4.277752295609686,2.379365288969186,2.968487905249195,3.204449067135096,3
1.775856223159996,4.914063322083277,2.0281229326176082,2.888313310590463,1.7406617548937902,3.3690621054106167,4
1.4587305477501327,3.787345902701278,2.4819650385759457,1.8646055028162067,1.1693201575189194,2.304791751784997,4
1.475158334313524,3.824272271953204,2.5567821313401877,1.8985187413924367,1.2926101457338128,2.3295872698825226,4
3.9680335867694256,1.7950295215548266,5.569611306730462,2.465337900181775,3.86276656408382,2.153131863229412,1
2.08755668018652,3.4413063994218467,3.9126911177838823,2.2839472642373315,2.8250630020076137,1.9533857336457072,5
2.178820329074773,3.075260335616248,3.6313458163212284,1.6287095153691513,2.1885460205300378,1.9361430480323845,3
3.310043713384179,2.1748263297801653,4.56601642954627,1.509753633204438,2.733426063244106,2.19676582245881,3
2.8489816208883796,2.4811659219439113,4.6440825262598135,2.2181790630107345,3.2227726511000343,1.3841474352796286,5
4.410009711332138,2.6208398138072493,5.91280130172896,2.7717486632831068,4.255211767016979,3.194499233796311,1
2.3354979085774943,3.3489235113546285,3.8188162662999625,2.4011369348328846,2.6730766816776086,1.9001798191723756,5
2.1640231092736464,3.8752721516571276,2.688682352392648,1.8363134415137543,1.1518438254542065,2.831263897302704,4
2.218688741081152,2.9431669550525927,3.5176298150213485,1.5876545349655797,1.9704641978710598,1.784554021692457,3
3.016496836534816,2.1912074686092744,4.5347993174202745,1.760662234798926,2.873421351075997,1.662635866823882,5
2.435888497587622,4.200986148509779,3.139962744439961,2.2475721934477213,2.036776777689416,3.2410900378994274,4
1.5874260822597943,3.842738857567179,2.5838181809936214,1.9704579885926956,1.338438681298953,2.36157586951209,4
1.234024916217857,3.980812729929986,2.6959885671560975,2.3668033659443695,1.8998942552629434,2.1564411875552465,0
4.129706294631705,1.7279996225552914,5.581598472147759,2.196823205138501,3.7460192515934123,2.53889682524452,1
1.5105656430324668,4.776399088422652,1.6248873467858713,2.707305508422536,1.264483221834125,3.1891931009327465,4
2.0642600569362837,3.869796854921537,2.680757494150642,1.7504665405401163,1.1631980020595079,2.826295053473841,4
3.6990379601463266,1.1466976496917332,5.382892324351841,2.0152703177513858,3.608171038741873,1.6797635133582494,1
1.510548351899732,3.8095664516395273,2.5290183902438224,1.9079313200561858,1.2379513899799701,2.3238985228878044,4
2.8325178134719597,2.391869109732113,4.58214896977429,2.172099939391829,3.143076334993725,1.2142855545978133,5
2.7876778485403744,2.008081792008249,4.452845481662723,1.3949672359826015,2.750210543722315,1.3473467603369402,5
3.5551142010184127,1.694787901309873,5.493017139095557,2.429356056250132,3.9226110714140687,1.461208724216899,5
3.489302210219013,1.4178285977346636,5.409581475208507,2.305422296447317,3.8020193687112323,1.1359676044027005,5
1.6192522657264925,4.286007890841346,3.122009485946169,2.6743757887141233,2.506671666177973,2.6244570716681714,0
1.8976893893537339,4.919742669321399,2.0483976546001035,2.943910134327287,1.7445842924776638,3.386142470426477,4
2.304546700776513,4.181731987786347,3.077622326253187,2.5793560397783035,2.1237756617691437,2.87072405256679,4
3.69796205308077,1.1314765931832238,5.3833676563641895,2.0101218168537196,3.6060390996928118,1.6697931407602553,1
1.3288040606472808,4.959718909460116,1.9973862154836335,3.099162144117673,2.0337177367261505,3.1245717206895227,0
3.9628125711587323,2.2675974233557437,5.7002895632289645,2.952166645932046,4.191286245946661,2.1014497955614946,5
1.8847594213197172,4.882906432561421,1.9263861434130793,2.9196791696421815,1.6155161747415399,3.362767120234942,4
2.8471617705348518,2.1511978332044315,4.516372064443904,1.5385631466721348,2.858906638813661,1.5475048732880838,3
3.265424330287998,2.1631295217034134,4.556273032117579,1.4334605480489775,2.732426762415392,2.1766467806321375,3
2.768536818123577,2.638068810269784,4.721750042568162,2.20482150470777,3.3662360411344188,1.5769012204415704,5
2.8324031317087135,2.511297110268928,4.640679623333335,2.2143987669130625,3.243806977973676,1.4106718202826483,5
1.711718565641951,4.839634989296778,1.8442180920062836,2.822868709135038,1.490606475041547,3.2765675829144905,4
4.797857676162137,1.2178279373586345,6.444156594942759,2.7134996876714523,4.564637443296558,2.906363197035272,1
3.3011242576570385,2.1755106442047922,4.562763472168282,1.4962567087499403,2.7345963618182028,2.19382392251616,3
2.499558864020812,2.9457792996740264,3.5910271338948245,1.1718430972975415,1.80382929172062,2.260551503076508,3
2.614435300118829,2.23788657770719,4.516055798020475,1.9181709274157492,3.0415905180691145,0.840165804471433,5
2.158933389243902,3.3700532613193404,3.84700959395903,2.293216640134066,2.7279107214784206,1.893919607960994,5
2.610975370381192,2.9908770823328013,3.6176147595991037,1.356166798046591,1.87198495429814,2.362954895569112,3
1.3994917699487006,4.183881077889843,2.9863669814093723,2.535901796563383,2.321012077102792,2.4683281043868828,0
3.140781508165076,2.1101911943641607,4.53305691212116,1.1985246267378662,2.704861435205552,2.1132089382068697,3
2.4021894966102457,5.008425761416763,2.312108710260342,2.89064799689779,1.8148755705094448,3.817246158067636,4
2.156488360844686,3.135648248387592,3.691998736861933,1.6437589978479616,2.2909961569595985,2.022906948283167,3
1.9752932399751342,4.007855902953749,2.826984650007304,2.286870122114771,1.7630222767131234,2.629581355914417,4
2.7273850317723976,2.4253123206858938,4.609628935879742,2.0909704429060225,3.183941912633324,1.2199687903022058,5
2.2524281823874053,4.0922159867762335,2.998582374980136,2.0445257044350917,1.8002018564824447,3.093728763793596,4
2.146642993340622,4.118215840326107,2.964387192233436,2.4480645778041383,2.0069746678544282,2.8253555124440273,4
5.683620635499601,1.8408441432959457,7.414551948930265,3.9138932241151663,5.615564888045736,3.4563398716623883,1
2.3415470286086926,2.894468572148399,3.5526608097813686,0.8665555441254085,1.7423091325158253,2.200685926129419,3
2.4389508577033214,4.197245167021887,3.142621768399712,2.247430787356343,2.0319635911996397,3.2464209264932316,4
1.309477570487699,3.8143948298356194,2.531970922807453,1.8041832679586516,1.2919616998119863,2.327360435659316,4
2.0593569782020174,5.856779762846841,1.502185041381111,3.6557831294650134,2.2461680510427247,4.239962340736829,2
2.729743583525513,4.218724886780213,3.175651141204272,2.4802360711728664,2.023498712874788,3.268783220572543,4
1.9518647175475201,3.88498826264642,2.72309526404567,1.6721132602411004,1.2455913669753886,2.8282291237621644,4
2.8788709224580473,2.8051297886904596,4.822099106975972,2.3612390726841506,3.505310137291048,1.8461962962690837,5
4.58652175306048,1.5114851379670624,6.439898659688515,3.224480171744057,4.785344793825483,2.263263066481637,1
2.8051837169666376,5.853740227452285,1.6303627537994794,3.710386671666702,2.025238219372761,4.499310454274564,2
3.1920375143075916,2.4299503675557745,4.638086950125992,2.0451507445089385,3.0600772479205243,1.971293732520725,5
2.04949520742363,3.184094271340745,3.6741164841326057,2.136179949745101,2.470117630624166,1.585711789579445,5
2.6611724939796546,1.96027612043308,4.422258639766101,1.1881276489601102,2.7254985631177227,1.2709089729004843,3
1.760451090729328,2.8366461319644354,3.44139239066601,1.0424779823028003,1.8441211014821381,1.522801100283859,3
4.763750784138751,1.9996162705294398,6.567430417943004,3.473563200630499,4.962790987522596,2.6133190696992696,1
3.1208599616289123,1.9533452719496147,4.473304439431125,1.0734151869151085,2.5743343753098933,1.9562904247838122,3
0.8779791339431037,3.924187134248407,2.6150801699325568,2.2245618101008624,1.7866870122015677,2.03341873200293,0
1.090520738228914,4.901238306719952,1.887320395938252,3.00442391075104,1.8967176510322192,3.029558823691757,0
1.0178543297537483,3.9300104401193074,2.629901418509684,2.2686553281140664,1.7905293247574825,2.0302510760626196,0
1.4617039695842358,3.8231763362094244,2.559996571776333,1.8896456545353195,1.2990625628527188,2.338181924824107,4
3.302079886312886,2.262718538394162,4.620750548127367,1.5390258976362925,2.8159611132186435,2.256473091011579,3
4.597263025343957,1.5811866916038864,6.457295103156589,3.2454177774465354,4.809921795460233,2.3202700984488795,1
2.082708108353363,3.200432867256523,3.6924443809709633,2.1650849825351584,2.493036071342643,1.6124225475768268,5
3.5561307766708525,1.518156326586755,5.431988613723555,2.3939834621735643,3.836114623864897,1.280560957333325,5
2.1404244465033617,3.9240738261621204,2.7660235409359104,1.8511827042709035,1.3277867912505723,2.8901067291713396,4
2.265028973697031,3.9392434349422225,2.792180026751871,1.9595250850940396,1.353676200285493,2.9067517734581956,4
1.4480547664263472,3.774227470227439,2.4758416344314766,1.850028214358438,1.1294761426651985,2.268941705497126,4
2.019566857846928,3.8534882232276697,2.6854114789798436,1.704812956478059,1.1137006100924942,2.787281525494047,4
4.010050043494688,1.7224836325450197,5.578085806129373,2.03829410347141,3.758879127220517,2.534730078992644,1
2.4018297207127746,2.8932640789752564,3.5518144989183447,0.970188891295801,1.7322769249550025,2.1987768570088937,3
2.1000614784587004,2.8836106191732815,3.468376202592485,1.437413578856088,1.8798226603764794,1.6553355163425816,3
1.9020779130574175,5.928575275008789,1.65584278791522,3.907810056339429,2.5601482743067727,4.0844065578996736,2
2.2771340479321505,3.3488628230861845,3.820567229982389,2.362825822580761,2.676157478737229,1.834895376371263,5
1.6748995729640732,4.879458810307241,1.9499966523564247,2.828974526236624,1.6361280836650383,3.3133089256286623,4
1.4268646083321619,5.007923601558869,2.1449611947841722,3.1542884295284366,2.1547340074687655,3.189896598375611,0
1.7713732982012385,3.1918886383902554,3.6926621201061063,1.9638500571144293,2.505696995188833,1.4951438362178995,5
3.626154345511293,1.091938075762892,5.368245617011024,1.9126123629674665,3.596357529347364,1.6161320640872048,1
2.182518853121138,3.03219739613169,3.597517723387356,1.6063691088916034,2.1207482565760265,1.875505265839149,3
4.027820849355043,1.3205006957062337,5.460881179494459,1.965394228039653,3.569011616124392,2.328410166559912,1
2.251210599542471,4.973592884215683,2.245993453084576,2.786947702875449,1.7289887635559564,3.755701866008133,4
3.030116712617246,2.2219420165799892,4.5454115648637,1.7853415082910558,2.903988101654547,1.7297006944488162,5
2.6726760501678672,2.395530662481803,4.5990884477774845,2.030466390033565,3.1671031258413183,1.1637612947215084,5
3.6232790446276315,0.8789895521220151,5.334147976988259,1.8726836681970727,3.5343273343042307,1.4961707072201573,1
2.1270755017577456,3.9442107432647755,2.7889236839842804,1.8516346169336406,1.4035903785225197,2.911557547640719,4
2.7768932656798695,3.254493441036453,3.8650823244832297,1.7234690633501182,2.298260429251762,2.649365757913644,3
2.5601320522293465,6.103607650552596,2.2086975130822815,4.235624620898543,2.9304181926870196,4.358144248203441,2
1.9194736559779244,2.850137046561787,3.4519747342100766,1.2270214165825106,1.8545692549638582,1.5989725815354363,3
1.9227331090617044,5.755941629578733,1.0556952613380801,3.5536086188960714,1.9451414035485937,4.101751406998622,2
1.906194344759871,5.754818975236984,1.0107835079053527,3.546250952127385,1.9437060568960531,4.10665486510925,2
3.0076272167549694,2.8071406504792225,4.820085792767908,2.4676401550671736,3.4976257418834624,1.899420332708127,5
5.626299866089655,1.6731764531152538,7.3688811466733535,3.831625398164116,5.563983351663946,3.3700128183533526,1
3.035958470749114,2.6713969405570905,4.73509438793835,2.4468181700760483,3.362186207373726,1.678271340623039,5
2.3007483016209616,5.931259798983668,1.8041965174761825,3.7905700296036366,2.429908511303536,4.33640529288516,2
2.4855657350865523,2.1005943682287054,4.443957786792303,1.7440237465974144,2.9417472864038166,0.36889542778617207,5
2.998491932477527,2.141094980768038,4.5132471333288136,1.7190152102109288,2.8342298323070017,1.572440830777573,5
2.8459098893329275,6.799733640575455,1.5200812819205363,4.5658412071530785,2.955525179352507,5.132844192751893,2
3.6544972838314034,1.9598942286530654,5.582642147725253,2.5898070420535997,4.044457723916364,1.7295161951906501,5
1.8065403301540872,3.9077897273599427,2.645933694248941,2.1319715407565316,1.5015154361682057,2.506922741390758,4
4.605012855421943,1.5398893919293708,6.4425368217631,3.24608456649907,4.793732624934936,2.2960445387939585,1
3.6614418959159623,1.146093739984594,5.386863606576221,1.9676639452203852,3.6137486684805746,1.663616158528246,1
2.4140929039312513,3.0356114615284246,3.669506836630174,1.1193498486404014,1.9812141661957863,2.3586539172684318,3
2.999556343402692,5.996901275975091,2.0630477600504586,3.88374299845296,2.4118386396670264,4.6758859674352085,2
2.1556679255148965,5.913879180125309,1.572719620705696,3.990527422755431,2.4915537365894074,4.097620305413156,2
3.03731291102567,2.5932768497979506,4.696804365842153,2.4189329951355547,3.3017943866012653,1.6289451531783692,5
1.4586412038123038,3.9690249576436343,2.7557349808812646,1.979497185591345,1.7200859564584077,2.5438511146418956,0
2.05174741275574,3.852101596878373,2.6564705532819888,1.7298569378866535,1.0874074044102753,2.792542088956717,4
2.047063739231831,3.0893201179838496,3.648041766970367,1.5165790967982893,2.2270061807807933,1.9380897703928595,3
4.5724622222059,1.613104785436862,6.45800563504181,3.2261139914518324,4.823000010171802,2.3330372322899144,1
4.9338915029635295,1.247531231619874,6.452212971103964,2.879615189161645,4.556753062025772,2.9469917198655082,1
1.8633881012458235,3.1621948662371495,3.6421612295034023,2.0049230676353247,2.4526600184156777,1.5075207397734829,5
5.56136872383035,2.079491381786626,7.450896452680753,4.091393121006022,5.763846450965363,3.253310290478154,1
2.5161516456215574,2.965802275671557,3.6018657849283238,1.2117591209339895,1.8355211256137511,2.3008284071699463,3
2.83988559284439,3.13230001243789,3.7565746556166615,1.723316105328388,2.0831561122175772,2.520789099320611,3
3.8922510286847953,1.6176886526577583,5.512659627831922,2.339305177947732,3.7862347062466832,2.0276975154010115,1
1.6476763826110108,3.079133107298007,3.5949658416161676,1.8281135913412208,2.354647094466436,1.2635742929194465,5
2.4705758563988525,4.019098175462144,2.8918976090461492,2.166841314961533,1.5684109750972974,3.054452305624193,4
5.052502666684393,1.7298992796308907,6.568437738743465,3.091763063380233,4.715276452065344,3.1632397283731097,1
1.6271802935519264,3.100573754201793,3.598198233917847,1.827243503627752,2.3826453260335723,1.324862988067942,5
3.115030455177346,2.132550547829819,4.551654203222003,1.167203406468201,2.727173593496421,2.1216429502143894,3
2.8759391333639166,2.0768878542315523,4.468574704467244,1.541716966219961,2.7912253861208427,1.4835586670462106,5
3.43758114329374,2.3593050563990703,4.648604470225663,1.7685267805851919,2.8824808239155413,2.3993081458148824,3
1.7309357957163924,3.863129863825618,2.6065809303122753,2.0631635715032224,1.3832304538187032,2.427621925371074,4
2.884640839801493,5.96387804414118,1.9514662870921744,3.806120830760432,2.3408827150672855,4.638559198263944,2
3.02973046581432,2.386405031320248,4.626450858187469,1.8505097917243623,3.0452691058184183,1.8736181580806979,3
2.6073622680716677,5.0364803683151536,2.391771786903486,3.024511696024148,1.872962767752014,3.8680222389224537,4
1.6296945907294886,5.02334745965704,2.161501640471308,3.2281607749857515,2.1755003764616556,3.2365618646576766,0
2.1845524131382366,3.973843341946438,2.8384895835378776,1.9158748353511368,1.4891151354430423,2.9499033388544933,4
2.981927745385388,2.713027940929872,4.77593684827195,2.4153061532304636,3.4117519983526665,1.7391491708842577,5
4.643181676992636,1.672773848334187,6.474306238059637,3.303791479321376,4.837854367543758,2.378460631647138,1
2.6984274260299985,2.253227309120051,4.510043474290679,2.000511644078094,3.044499852719202,0.9759856185879826,5
2.112116849625525,3.4808501910451404,3.937986301016255,2.3173819346231053,2.8768073732043424,2.045790961039182,5
4.691569751966183,1.3633015040808136,6.434888695700162,2.9770845271909336,4.671535745146236,2.6138982893378566,1
2.6137035592343225,2.2265604205776475,4.494253516280776,1.912438584040937,3.0293817344980387,0.8516434933872136,5
2.6308794334585035,5.805762022979278,1.4541636810550518,3.5976893383951496,1.896026190668226,4.442732389729425,2
2.698273213468791,4.398091116375633,3.4010653257779153,2.550941621777594,2.4274354326454675,3.4865465226211234,4
3.045585708273185,2.625472891938642,4.7016471082372675,2.436550270840105,3.3265413048366232,1.6891045987969413,5
1.364237501207687,4.958786690346462,2.0355845624857714,3.1087353358984466,2.0396268311862733,3.1256293500838765,0
1.892581063092648,4.896524861967194,1.9469803377048074,2.928917635899864,1.6652703180274018,3.388138432996993,4
2.1217249036681873,6.069902186708453,2.0948860452858,4.05148368885942,2.886073204151746,4.279418597652789,2
2.007688539020826,3.270112735658569,3.763355146568163,2.1517299080847194,2.5946142278085196,1.6627388455260836,5
1.8084682769780618,5.089139138316263,2.2933818560671626,3.3227708666247895,2.3281909011762223,3.334426750268582,0
2.7501849318190303,2.440168675287698,4.606072052624861,2.1142122208585974,3.196862943502662,1.292840274758557,5
3.2219706485752972,2.043551718605378,4.509304428441666,1.3068293741402741,2.633511170521444,2.052405005399899,3
2.9489629391598773,2.568380217390953,4.670732862210169,2.335703174371918,3.281120853550511,1.5268222868561958,5
1.7113387688279842,4.859341403537409,1.8459948517861355,2.8325256057168064,1.5551322336662416,3.320933922991243,4
6.010841659283955,2.328213353798949,7.570108165958829,4.06368687053027,5.730780566645835,4.006089684539692,1
0.9951317555396523,3.6966910111429776,2.3567543750996025,1.5766460106675124,0.8654807491545619,2.114829072925514,4
4.635932319779832,1.093871041734868,6.3933641859716355,2.8806022856775915,4.6014996170259055,2.4805488510355733,1
2.7533580352881417,5.827987381226196,1.5240791475525701,3.6704242009745074,1.9506832354969925,4.474169334337159,2
2.606568759927789,2.162659416796718,4.464914868222925,1.8831565982010863,2.9771201370095723,0.7059250708617498,5
3.1384065794250544,2.421437629720703,4.63760270000223,1.984724096516284,3.0589774096382,1.9344272572369736,5
2.5573578520957234,5.096536932510544,2.50312088340963,3.0296915221590397,2.0358861393693135,3.9070705265416867,4
1.537393909980756,4.997396591709066,2.082790159957882,3.1830984618673437,2.1178709124556283,3.2047573820686743,0
3.5130684716844875,1.5196936783162855,5.4412883956663585,2.3505529355048003,3.8438365996037183,1.2540143063581242,5
3.0448607097198743,1.9684829478231876,4.48313639579197,0.9229334108865314,2.5985127190255963,1.9536908078800217,3
2.1184690183541295,4.877020138332239,2.045030948429124,2.659757374168879,1.4116122622258869,3.6202177181054256,4
1.2178197761178593,3.7702308723056532,2.455978178238882,1.729855755972014,1.143480929778481,2.260089651835788,4
5.543312091879618,1.7272226783234295,7.386459638716888,3.756207547700089,5.592348778659603,3.3608575571164794,1
2.6031245389418545,3.1573516524930745,3.7575704027417887,1.4633213133641712,2.1520832058783057,2.526561959874428,3
2.28416168303249,3.0229026135783057,3.596803475347378,1.6946245666450122,2.0970111174529493,1.8853642815925793,3
2.783361532904269,3.0843228378048266,3.705218012324628,1.6312472146566765,2.0057626634813412,2.484280113918818,3
2.139424579735621,5.152173641791198,2.4679410349264965,3.4839796741007296,2.4558372768037735,3.447118681824662,0
2.2333544830029566,3.272709229837423,3.763690002623683,2.2995557080375657,2.577206597329648,1.7189941213722302,5
2.1668768167084345,5.978679216127586,1.7986045222781928,4.024344982692571,2.6616489339576495,4.185205752157214,2
5.739239262997576,1.991734047030917,7.446316324310629,3.990910123239543,5.666413970784795,3.5376857013635163,1
2.6205614343574912,2.986674730015477,3.629288980165364,1.3694099833777913,1.859073805688591,2.3339183013225373,3
3.0475405698618956,2.233016279728549,4.53948189287598,1.8103060906146948,2.906533858616831,1.750048298279922,5
3.09493231431819,1.8876791754392381,4.438066537983628,0.9820766310881023,2.519072545051207,1.9044648996422588,3
1.715621354883031,5.835048517612089,1.2746369991745155,3.803497264701712,2.321124054864861,3.9613009199091467,2
2.6976882842613517,6.811646528248271,1.4182748012449409,4.73274207859688,3.081548186566184,4.9578707563674245,2
1.2522872629428887,3.7897724660149636,2.5085179825219077,1.7610670785453528,1.212535322083212,2.2731320110563464,4
2.0430527805350165,5.121939984566162,2.4802190920077436,3.113786105345829,2.292561953887764,3.6677228842450234,0
3.403335732379118,2.347929648055198,4.65220369602243,1.7197936423437965,2.875122953278158,2.3586834850747027,3
2.2952781683078465,5.840084532968357,1.4646271235631965,3.743198381089754,2.166772622542098,4.22030160853986,2
4.423244762267405,2.2639018407244285,5.7730175907747,2.6864676233671174,4.017627175337621,2.936933921467044,1
3.552450168892598,1.5937091138538741,5.461751146894104,2.405082956031189,3.8745974652158743,1.3583344445987942,5
2.228081550045533,3.3087424318352014,3.767452699943669,2.3101939584463747,2.6275475222937197,1.8169227733565854,5
1.8409344509980279,5.695775400448388,0.6017150248890727,3.491987508071902,1.7482207232320173,4.029391141369929,2
4.8094240578829845,2.3975508768603278,6.710799402176343,3.5952468698430713,5.151352936731096,2.87407514030679,1
3.234676496750326,6.907675527601283,1.9531343644849808,4.788630486111273,3.17933931554434,5.275646921787723,2
2.3063934159814963,4.115037405754463,3.0401532269914378,2.1018121502603018,1.8435260790898944,3.1132918444141757,4
1.4083615637101639,4.98977411244707,2.1069470697454316,3.1386201088913186,2.112745367810086,3.154505133210625,0
2.6512190280154146,3.5752422326520086,4.074366138077606,2.2938523998725135,2.8766934831650772,2.656596617022543,3
4.2642889231402155,2.0193271011794613,5.66838746037615,2.4376751150149842,3.8876572232235054,2.790560722353741,1
1.7723733784173972,5.884754246713639,1.492241162781786,3.844749458257487,2.456047499609441,4.025280895736917,2
1.7609612549980977,4.89114558606932,1.927458578476695,2.8701187783253346,1.656381024584082,3.351217194260045,4
1.9254203444980857,3.251333729903336,3.720901562932324,2.089684718698576,2.570588434783648,1.6556500483527745,5
1.6863087528165541,4.9913068378933705,2.11030184317247,3.231409505229134,2.094769386092722,3.185408189402597,0
1.6091787064673395,4.28658007916674,3.121241399354811,2.670354408033002,2.5091672726525824,2.6327980538074676,0
4.12221695030722,2.034247636854657,5.69007281683559,2.269293381644389,3.9169348237241466,2.7317218041595996,1
2.8085302987959464,2.417774867198832,4.59289807362418,2.1604344336306407,3.165683379587331,1.2569891868867733,5
1.4389503497671818,4.9429847856200615,1.9898820364856333,3.124433594069127,1.9841997729861178,3.099195383191843,0
2.5394833704724578,2.935843583114307,3.5761130181766805,1.2179865834457455,1.7856364189486442,2.279970691099002,3
3.517448532260051,2.806083285032108,4.89423593695438,2.0587926845157556,3.2898288435347216,2.778605451618036,3
1.4346355156812363,4.882719882486732,1.949856291075623,2.739064193327438,1.6729050565933394,3.313291480503432,0
1.2387372579657416,4.934363137590717,1.934366526485758,3.0608021022307326,1.9708315559064562,3.0959661384959944,0
3.295576435116022,2.2623720632206266,4.622926827763802,1.5259930687163645,2.8240390082926754,2.273200238645619,3
3.924717903095358,2.183635968219559,5.656182341803651,2.896752457994703,4.143686177451132,2.0628364052413435,5
2.6732886935202855,3.592931538335529,4.051925914748313,2.7318548277342907,2.9736312014228736,2.2594114380709223,5
3.2466812703695087,6.855721260738827,1.7606355427474916,4.770574362752196,3.0508884013833315,5.233791100484324,2
2.454305842137726,3.167262049703672,3.709436286325433,1.9248247565884617,2.301699205291207,2.144101514628212,3
2.476342136912105,3.498257567783129,4.012178587587414,2.1166446542608464,2.7858028431696136,2.512477809072916,3
1.978895313000598,4.806046035110927,1.8541312249280495,2.543192105152167,1.1286816972098594,3.5286249671469507,4
1.9093161659314142,4.450504407547408,3.3643974621603054,2.8819537658362973,2.7934548944571524,2.8763745297053234,0
2.823811610008083,3.1944683561530423,3.8138714133612175,1.7431762411080722,2.1853338389119505,2.5765811149986177,3
4.5068432914882885,1.3989858509710151,6.416981863202931,3.1302304859717784,4.756851079911449,2.1806968220157246,1
1.1675051893637363,3.704255271218196,2.3511816614623426,1.6607752493346608,0.8673252788985041,2.148059187600616,4
2.067791021331822,4.8604985038681985,2.010373340157662,2.6231029058034134,1.3545418305438996,3.5961994568964357,4
3.4955066022354266,2.767369445114557,4.889960584083055,2.014614482780498,3.264147691527894,2.72714511784357,3
0.9816182924141649,4.017310154300367,2.759280902069805,2.30496056011126,2.001981065457886,2.1844180431188156,0
3.036087265561006,2.174985139389276,4.53352985126718,1.776031370060932,2.861259497291626,1.632825893518619,5
2.0372254940226022,2.873515141868931,3.4765700466641145,1.368976935872663,1.8731579934329368,1.61086967082906,3
2.036469836240236,2.965636085915418,3.544476864791142,1.4294079844812544,2.023642488922359,1.7541699424495802,3
2.7554337352424088,2.3062823523883647,4.547251731188036,2.0716521978205065,3.0849086200003764,1.0577543285248825,5
4.1229190598199645,1.6332920503181674,5.537756257497496,2.1656138290421363,3.6938628436471577,2.509606927389139,1
4.93699171057787,1.4285330619394816,6.494604899836074,2.9093145388374375,4.617973434573143,3.022678237745475,1
4.08454829738302,1.5902459002187315,5.537863669056466,2.1028666844850616,3.6857219276182898,2.473575759867836,1
1.253880265345437,4.7623743975176085,1.6078129740729763,2.607480004500393,1.2508302940430853,3.164470039665517,4
1.1851458037745486,3.7796368646270664,2.4743579821469535,1.721022950983566,1.1823617262389192,2.2697310903123595,4
1.993587160480364,3.151101231406651,3.6475682804868,2.083379290591267,2.428529527969467,1.4811478223114258,5
1.6010197187922086,4.153755611219708,2.941742880335316,2.6015710537147996,2.2407630643954497,2.4437597791168644,0
4.474372444160335,1.4028152421681157,6.414877571321003,3.0982999019076,4.762153619514061,2.184607626481457,1
3.3072118589526727,6.7693873467726275,1.5018950347142528,4.536939483192569,2.7339611437871048,5.319803440319719,2
2.241383764152732,4.97473903190963,2.263678318301355,2.7836405954693437,1.7311314350322229,3.756349328010758,4
4.244875252015349,2.3872208321342914,5.81616502122558,2.518362913666316,4.117300884051167,2.9941549007649035,1
4.581783362832639,1.233235666392559,6.4137967237453735,2.8379836672577823,4.647119417860378,2.5147901089893807,1
3.884707376385068,2.0925057446831707,5.633691848202487,2.839033863561016,4.095374493469836,1.9235741263374173,5
1.9943578092090526,2.815809381600047,3.429134686687911,1.2826636939097735,1.785834819676538,1.5403896790981675,3
2.2984578867974172,3.978753911538461,2.858884548447644,2.0091226966088707,1.4828036102919389,2.9552345479869326,4
1.884145363099675,3.977326148099338,2.7429102903519964,2.2162996933215817,1.684243896301414,2.6077605979576988,4
3.3046467745169026,2.1599705346274223,4.552580088266295,1.4933749569851085,2.721694421004296,2.193126232713406,3
2.334956945326347,2.9124997151838827,3.568989411383724,0.8750187843430128,1.7737460563294343,2.204441838194515,3
3.884707376385068,2.0925057446831707,5.633691848202487,2.839033863561016,4.095374493469836,1.9235741263374173,5
1.279978954042344,4.987852153568499,2.1018707974771345,3.098967482309157,2.122061712924337,3.153101021076411,0
4.08891625539124,1.6777073948283618,5.549598051439504,2.1310286952282675,3.7218979521464024,2.5278567652118515,1
4.188112213971893,1.824578043904504,5.60358422006705,2.2935665949433566,3.789821399106746,2.6271008645743787,1
2.6731019386155874,3.205034428076872,3.8141433946219303,1.578157996092371,2.225512184015528,2.590061375149742,3
2.7248916096353257,3.1049475638587603,3.732750444935088,1.573078796616179,2.0594230151145294,2.493613775683614,3
3.754708812444308,1.2603999610904992,5.401248725307203,2.104616217276422,3.6423062238241304,1.7676573484080205,1
3.6840758268943117,1.832593004286385,5.538372719577474,2.5885715315896243,3.974855632117991,1.6307645345749224,5
2.856951907967668,5.930408834731829,1.9131008090192065,3.7755565664173174,2.256087915217299,4.5817118074030425,2
0.9951482907576926,4.882698257275761,1.8141008471380806,2.97182568195387,1.8452727347736981,3.0050749620928765,0
2.544913149229266,4.3272221326214755,3.3165952460409325,2.402229252022295,2.296654590431187,3.380805993525459,4
2.915065819866902,6.882271849943378,1.6868943156468343,4.851535361070454,3.2265689431308617,5.062109057663071,2
1.804236133327495,4.297554507216521,3.125286007530955,2.759988957803295,2.50989157783437,2.660642381453362,0
3.7312611913001015,1.8253064987973406,5.536087035894198,2.6322670005943936,3.9669906451120425,1.6396408876162958,5
2.750126989739818,3.5563796859633765,4.080371094168921,2.36602915914434,2.8361941959680284,2.6031429266469837,3
1.8601408447660202,4.168977693903461,3.0500835048791477,2.313771939724467,2.1459358184455035,2.8265864272817276,0
2.895905957897879,2.0418423241468244,4.4507601422290675,1.552007091647929,2.760191743502914,1.4579595070829874,5
4.226763160304828,1.8236435151013926,5.615443692172728,2.342357020017289,3.785915177118002,2.629051589395426,1
5.770164013282431,2.4035878347330395,7.571882836130799,4.091702074741644,5.841134084801404,3.77183137649653,1
1.6233597166432792,4.110785673834675,2.8875250925927767,2.586929238907068,2.1603703214683403,2.3904644959593795,0
4.6770853295013355,1.781881426789719,6.510016855916761,3.354099927795155,4.87907748929984,2.4415313152528486,1
2.687460095423619,3.116705709458953,3.7509626491033687,1.5373200957451787,2.083777042907507,2.481369552813421,3
3.9526814584484566,1.8941672748965435,5.58342410285461,2.471733076200048,3.912795676444561,2.2553264498376087,1
1.8462762840110112,4.886292354105583,1.9359213378948645,2.9041808707529775,1.6319909160173889,3.341150447272753,4
4.747514443854733,2.02361590148667,6.570017832587431,3.4626376415324365,4.974690708929152,2.6356596884745693,1
3.9941273022390127,1.2236309437347126,5.441566586103429,1.8984923105706404,3.533389176381719,2.2603523581098006,1
1.7569571457385709,4.825979123061325,1.7856734346185474,2.8331905210028325,1.4354327541706393,3.262907606671538,4
5.830327923711743,1.7963864953094923,7.4329963697085,3.7883126722106786,5.540055349488038,3.718589126071106,1
2.972923458871548,6.831213031182225,1.6464188564399476,4.6344936594952495,3.0254556835247914,5.182695898113995,2
2.735682489026472,2.284171922843276,4.5336802989923495,2.0470985020266586,3.065377108606948,1.0216818379344135,5
4.845395208773504,1.2359424113380388,6.450197495729891,2.772706359440515,4.566308642060321,2.9351616583059923,1
2.9051556485205565,3.3474353773703824,3.941234860770173,1.9135742615258686,2.4258470930187297,2.7776221346059775,3
2.6788268944719937,2.3227231627655205,4.550539756205424,2.008201793795985,3.104960885910887,1.0993696802635913,5
5.581902718406559,2.0646671625041195,7.438783305964508,4.107402727438136,5.755447474654049,3.268529850008218,1
2.406094179772935,2.8547291144818066,3.522079832633161,0.942853607653465,1.6563474954940514,2.1646522289023813,3
2.039689848031672,5.827470237620088,1.3888999559561732,3.633149444410337,2.163737976006771,4.207282801454767,2
2.2118835727884174,5.938484084496985,1.690164090989697,4.022653435806757,2.5546924761403997,4.117730403614155,2
3.5928462994905233,1.6663918835302054,5.482096974256623,2.4619312286963195,3.902107678531338,1.4470382536218998,5
2.3158538299604037,3.957463906010965,2.798816146116302,2.0098045077943474,1.40110716608862,2.9470184657126626,4
2.1898969743910315,5.755181053199651,1.0578384599491473,3.6570122334127064,1.9121131476433286,4.121591532915569,2
2.1223484806016044,5.774149263347444,1.175873724362172,3.639592000496616,1.9834198541690196,4.134632015669113,2
2.2076069297375223,5.954327383036222,1.691214639486741,4.028727893952672,2.588055516742318,4.1504522456564095,2
3.6980260295783793,1.3483097475596801,5.440559055578302,2.0523348380246618,3.6900093231722133,1.7866871508194961,1
1.6988172134040478,2.7190272474626935,3.348749274185924,0.8549471120822855,1.6471275618821375,1.325615511433508,3
4.034472522505097,1.5018284924808822,5.507343523691091,2.0142451521433293,3.649129714256771,2.420653863669819,1
2.3881825855320127,3.112957897542339,3.6742208879082328,1.8398567239366581,2.2214068329378804,2.001567015885173,3
1.599779662962478,4.070072562199392,2.8053147822887565,2.557107302547362,2.06410113502091,2.325925754213602,0
2.576869235651547,2.1608524197078487,4.471782294648822,1.854827722249132,2.9795243128157844,0.6258836227415923,5
2.183234930250173,4.81169429506747,1.8554464841017007,2.657670621426813,1.1122559891051023,3.5614580759165775,4
1.9769405474261132,3.1471502840263748,3.6302034209889897,2.070802002094188,2.4197561077887757,1.4855117610766915,5
4.7267865103094096,1.900333134880695,6.542652757899032,3.4223560322696827,4.922022983364503,2.5513798508164993,1
1.4389503497671818,4.9429847856200615,1.9898820364856333,3.124433594069127,1.9841997729861178,3.099195383191843,0
4.187835748110324,1.9156957012088909,5.627595451881223,2.3164127306106113,3.839151541377667,2.7054348808373367,1
1.5044375882696606,4.809935614142124,1.7188554257138047,2.7231235781767467,1.4031190030665368,3.2305800490320378,4
5.743821608384396,2.5129858909009166,7.578346986454447,4.332501224957901,5.935409343851252,3.577927612313441,1
2.7642845467024024,6.804672775943684,1.3784709024277562,4.756027992675454,3.055007325707191,4.950877457947584,2
3.5163554733679,1.5234634843182013,5.442729307355824,2.3542645054069262,3.8461267668149097,1.261344652949518,5
2.545286013203866,2.1853113195121825,4.4803199314930024,1.8337349326589956,3.002695107084685,0.7298437753938444,5
3.6635106693112043,1.6781145151187455,5.485435189049414,2.5348253815273862,3.898959395073548,1.4673908303859176,5
5.165441328086997,2.0086940000197515,6.638303375209001,3.2658670758894504,4.825756447391784,3.360625283094768,1
4.234911102753103,1.8734545812094365,5.623190457364591,2.366350140552015,3.8065788575486903,2.6755054756328467,1
1.2610641680777022,4.02492501674085,2.760296889653618,2.4015644465698394,1.9904339526298453,2.1946092617429955,0
5.699155394866448,2.0863909121918796,7.477290782470072,3.9668476617165895,5.7103154592345655,3.565497188350062,1
5.610350962542617,1.6642408071940193,7.3672913918135325,3.8153310258079243,5.560646359442367,3.3551150333809785,1
3.675972360354198,1.9468431274508007,5.577427180230678,2.6064586145602844,4.037538945903073,1.7492095949653845,5
4.897905746233297,1.3165192012586278,6.468386034797747,2.847536752131752,4.583288538765747,2.9709967381074427,1
1.8227945902966174,3.0709988161834945,3.587488028376807,1.93439181941347,2.3272066512144516,1.2874592567742114,5
1.6240903476464479,3.01995547730689,3.5346136083202078,1.7811193427256267,2.269166101606343,1.1736724014915356,5
3.869816377390188,2.1579133101074746,5.656290421050808,2.839219325257353,4.137908109122956,2.001866600964953,5
3.8256189713650044,1.4373749731438135,5.447712819419534,2.22397643448651,3.7073173934147237,1.881672805758315,1
2.770845446676081,2.5547254782680673,4.6777534810846335,2.1755328578696047,3.2937560186573758,1.445213743633923,5
3.5471588137017855,1.5437170760395458,5.4458285839589715,2.390595662423016,3.8490913993351317,1.2828297301469744,5
1.5945366142804285,2.978324901955002,3.491042999486991,1.7405791315679982,2.2053728938474437,1.0663375997171942,5
5.607452992544214,1.7027182988845118,7.380322083040516,3.818096069111265,5.574450628232191,3.3671637132860184,1
1.8899945688916249,2.8743734886131316,3.4682088743614488,1.2135522492570543,1.8961373156716852,1.5976957033263117,3
2.422934703386471,6.204783896742147,2.472835556393051,4.228134324567866,3.165448748126456,4.454620222593431,0
2.5998920466078874,5.869876213653447,1.672197401862166,3.6153856677877965,2.1048566273635547,4.510273412841911,2
3.5218262312795012,1.4736793529206182,5.42209339088064,2.349631894641785,3.8219730751412753,1.2126284034652666,5
1.9179378680366428,4.227330403933108,3.050784366833821,2.7799015464286136,2.360261346215053,2.5526324817861914,0
3.729237864016127,1.8805200717051944,5.552633896441166,2.6434950227667744,3.9927418898979097,1.6648320917920938,5
2.96318224932787,3.327075605011327,3.8904178241522294,1.9648863309599125,2.3668470410380467,2.758082713943474,3
5.803092553589196,1.7787295991771104,7.421433358269139,3.7569101058758396,5.535606788174005,3.720115653222317,1
1.9381674909763178,5.896025455611234,1.5027417533153726,3.9040770608086497,2.469778167842781,4.061347899152039,2
4.597263025343957,1.5811866916038864,6.457295103156589,3.2454177774465354,4.809921795460233,2.3202700984488795,1
2.939760610066661,2.039215240306764,4.466920643742836,1.605889350068888,2.7593318006250542,1.4590029647396416,5
4.909092893458078,2.341245213285834,6.7254994467691755,3.381099843523396,5.067541611270342,3.176660065658019,1
2.2352129384826314,5.969117740573904,1.7781051481131724,4.046765697298188,2.623106638166241,4.153669833183224,2
2.721612401139908,3.121599681042785,3.7458129977252597,1.5794194136933042,2.088221034805534,2.5133254017826956,3
2.6951020464832434,5.991178504617648,1.9985328944745466,3.993023846940174,2.5421135690506027,4.431527044602387,2
1.7558401928198706,3.8908137280843267,2.6351787261693373,2.0927970819812343,1.4649680750182121,2.4818811569613892,4
1.1374641273329105,3.754885805015403,2.4535061194811463,1.6819209879911743,1.1003358634700213,2.211726427639691,4
2.564478271740767,2.3158379996225475,4.543862261733821,1.9008411532834142,3.1091199128951006,1.0306584304730122,5
4.617350728359922,0.9631799741001319,6.370466717909851,2.845538973881655,4.569492376589447,2.421348180889239,1
2.9948431819510315,6.7444295322913375,1.2314965568352436,4.604326311226948,2.793176059825986,5.086017946756195,2
5.670321465892161,1.838027948685246,7.41616654708925,3.899219431894538,5.6189217472084865,3.4468731791842693,1
3.302329589991937,2.27385284351374,4.611982064087636,1.5430867712312797,2.824786856247238,2.2951391190029984,3
2.904629107347299,2.6121946134188407,4.701020352625486,2.312940742043964,3.3275757066978255,1.6225311705458167,5
3.6126716207869,1.188771558538406,5.396134562726212,1.9134428745639926,3.634550903088781,1.6692056118972782,1
2.170986633060008,5.775668952821059,1.1238324639765,3.6594038848812294,1.9777806995838971,4.143296079952691,2
1.7842195599886315,4.048040345528599,2.86031941250315,2.2025924153372034,1.869149573607148,2.6656976683847127,0
2.5744224001821454,2.164779858565996,4.474761514473131,1.8537851129495608,2.984195111198383,0.6752902730237514,5
2.9999834497146685,2.415085016578585,4.642682224761536,1.8297399458271517,3.074479565371178,1.9355757156707,3
1.773650751696093,4.17143313687132,2.974434319010858,2.685823692016107,2.2617827127982824,2.456419798869292,0
3.336294055157328,6.813921920455533,1.6695655508632152,4.573179186753151,2.8447192729496225,5.373555773792093,2
2.0160555114920076,4.05343620810485,2.852327803409165,2.337681431897406,1.8521309544679034,2.705878673594189,4
2.8526966751382385,2.2841984861857734,4.58514511800271,1.6037508292293767,2.9742794469811416,1.6957529006964018,3
2.3857174679116193,2.938011719906803,3.5794583280252286,0.9872520014616896,1.8099712292843826,2.246139185048831,3
4.959688300574788,1.3462245886190518,6.469725225956523,2.923131115885431,4.5851690634474345,2.9926171823399765,1
1.0926208613677713,3.7796873535016604,2.4760289615948694,1.6802525712631362,1.1845596902502362,2.2448191260098573,0
2.2320369927252552,3.0320880421130085,3.62054992870195,1.6537647897069063,2.118609224403151,1.8712151335414768,3
2.6696182993139037,2.2879356461292555,4.5266907482965895,1.9881362718452682,3.072181506583026,1.0084557345828113,5
1.7927649152398397,3.073823463546479,3.569578690284314,1.9168841291918752,2.327242262263667,1.3153909633821892,5
2.2049261120188253,4.822251002514108,1.8705077011761615,2.676217464186865,1.1517480195288399,3.581115673147749,4
2.907804431851374,2.6789658244905707,4.740781709342683,2.3374339004703315,3.391807035585693,1.7154748809228553,5
1.9743518060808412,4.465945178289119,3.3923495123839014,2.9205637990842668,2.8122646960160442,2.8886074832071547,0
3.3780148713622022,6.790553403543183,1.6034493859158907,4.582622371212288,2.7813438390812553,5.344896470878928,2
1.4429860300594215,4.933018678371723,1.9548117134871565,3.120306479545526,1.9577486271310747,3.106282376340829,0
1.849692644483096,3.983131354998141,2.794712508212199,2.2017374258532385,1.7073904709817205,2.569637731309911,4
1.1807142888842843,3.92842622376397,2.6146408782259063,2.3213172918577105,1.770688060995358,2.05427985030867,0
2.512375437508777,2.207478729615142,4.4899630550937415,1.8108862090149058,3.0236149372482934,0.7584030395593766,5
2.103352707739183,3.284087629888587,3.7497546131189847,2.2169898615515233,2.6072314660161244,1.7610712041577017,5
3.7129682094382237,1.2947080126908164,5.419729203597557,2.059323215579197,3.665780500452855,1.7814715262355345,1
1.286373443710869,3.717173312790672,2.37486057225143,1.727915972559578,0.9142990853753423,2.178108511006355,4
2.0205286638141544,3.2810905596782214,3.7623711081362465,2.163302878700212,2.6129366084078343,1.7434058549490246,5
4.9455707827914335,1.598321940876053,6.530675277804932,2.9478886241568145,4.675055799207492,3.077609917671229,1
4.040732192246017,1.7876643805260273,5.599213253649904,2.097166510038356,3.7871193964427072,2.5545600257098076,1
3.253928072984305,6.796315990865371,1.6205647416746447,4.523773422653701,2.8135031006798004,5.349289349405011,2
5.560781417580274,2.0339126034852013,7.4387658191967425,4.0834118861106985,5.746418448491031,3.233666408265873,1
3.9248107016017966,1.2406687245854755,5.4416346192303635,1.80055414690058,3.547859260993629,2.2462837818551367,1
1.3995157503146223,3.8410814417143455,2.553563510503125,1.8684074724634465,1.354297750326498,2.374600028524509,4
3.8447974546850476,1.4817221372169245,5.461330743770993,2.255162446641955,3.7258662092434975,1.9181122424262727,1
2.7372705667362762,3.125334136611098,3.7361858897416957,1.6032200241444983,2.079263073114578,2.518544834004526,3
4.62951832497182,1.7107749813803577,6.488286786065728,3.2959671172320797,4.857394479575366,2.4000745074935326,1
3.6402541420880814,1.2794636220783402,5.422365217455829,1.966215543581716,3.6685184972950755,1.7291629495319325,1
2.9450927162474074,6.77809923433782,1.3762723838752313,4.598618924271948,2.8824227007470595,5.115392208941019,2
2.59860878186281,2.9709130068110414,3.621636192536479,1.3274225391580066,1.841806640729714,2.321452654309957,3
3.8023690433268698,1.6071212405699082,5.503637571334706,2.235274578288778,3.786894985017276,1.996750909013993,1
2.6611434005906234,3.0700701750011192,3.691994121315812,1.4770246689985482,1.9972312202023914,2.4425917215004893,3
2.242146140170749,3.14711232371284,3.6904500057187914,1.7295929808718065,2.2894557930228716,2.0704129373531988,3
2.9116498677847855,4.315577421997656,3.3202105996937856,2.66735559677502,2.218347211898035,3.3947148872690676,4
2.5147838301707157,4.125750874137677,3.0398447930390557,2.2652947360768185,1.835836581719807,3.172590647723394,4
2.8304498252162698,6.838766908670259,1.5222848034648568,4.7974152332642,3.133196638826079,5.000722427797643,2
1.3243149575173925,3.7373490596540666,2.4036550894270623,1.7605809079682921,0.9973805672699928,2.214029685154,4
2.101381959431013,3.2563689088340584,3.718860165029178,2.20439492512535,2.5610896862470556,1.7052954684294996,5
5.582987641044793,2.277360875934639,7.49844106056002,4.144288406325162,5.842798467058837,3.3907379268309237,1
1.6518095242823743,3.846553898079789,2.5828949401104646,2.0077849803128114,1.3429830523095638,2.376651349443485,4
2.525218712908381,6.10006646588444,2.183376450032123,4.221622863137423,2.912186933448416,4.330463674400161,2
2.058643903866468,3.8979457526710553,2.747340199628802,1.7673195414486864,1.2669890813389113,2.8358849814475033,4
2.2656154541224582,3.8949764797360444,2.717321197058779,1.9297792869898296,1.2083822843546743,2.8715938342350973,4
2.0582379987316752,3.820347151154968,2.609434285614317,1.7119751324845065,0.9570704666781168,2.759952991884632,4
2.3794512520145226,3.085181941769906,3.638458424707593,1.8183122884515799,2.1735221841610746,2.0042321102783682,3
1.4895587961316112,4.753055445167519,1.5569550573917843,2.6860000188386044,1.1679269360881177,3.1589380574745456,4
3.9180024197309065,1.2352027186786887,5.438808680035859,1.788530578760294,3.547769591841499,2.257979940226259,1
3.0969507295938867,2.3308945512763874,4.613754563152168,1.9048289003212635,2.9916016490625066,1.8386559429960234,5
3.154349188192184,6.031023864125584,2.1574837153099176,3.9813166952130405,2.4933270805212886,4.74944354662249,2
2.1956323418055153,5.022399787660187,2.228371978788326,3.1344406882421136,1.9965412463094923,3.551979336464601,4
3.138556804392511,2.3922506354421587,4.620354837438181,1.9760227276011089,3.0276712995971584,1.9061125333481528,5
3.1585525613717844,2.37985750197166,4.633416743217385,1.9928040826008409,3.0202440872137633,1.8697377527999133,5
1.9541299481465346,3.9969136501079467,2.7985438132543767,2.270870602563637,1.7216983548644809,2.6047979677140707,4
2.8669119390938964,2.6132377094119175,4.710520880795143,2.281521487320816,3.331794672992075,1.5439850689532977,5
1.8699015494196556,2.9613899447792242,3.5550020894150687,1.2586997131515885,2.0463542015006144,1.7293180313094132,3
2.754187286288306,5.838019556674563,1.5841888572719545,3.675924887505357,1.9874322794748327,4.484699437442463,2
3.8198295064579697,2.057419640237075,5.613012816582297,2.7706978376673264,4.078134368001859,1.855757979695602,5
2.0629989653403853,2.8306402252581506,3.4371107269522057,1.3648881034966287,1.799660714295765,1.5657726989196201,3
4.7054216746152955,1.187374255556851,6.410706071268866,2.968070987116548,4.618693934306922,2.522746560259096,1
2.8644248864210993,5.944940715658534,1.8943173337971466,3.786418301877207,2.288566656491432,4.613870564166697,2
2.8313683067703823,6.851145528331817,1.6147489560319406,4.8041649065211,3.1627616331746515,5.006595540221014,2
2.212989255129408,5.9479343011299175,1.7041072868705653,4.027532442698528,2.575821726985509,4.127793576343262,2
3.531675112261038,1.5758656053582265,5.451056035333281,2.38055075647855,3.8667511443229654,1.3446742830950542,5
2.4583762923026793,2.9416873021919816,3.5830521874899532,1.1052178792676413,1.8054952512450593,2.256033158350247,3
1.8448367629920552,2.7957549128843278,3.4013061296297895,1.1023994221087836,1.7662672253890148,1.479164178949277,3
2.324514084566079,3.2711534095759367,3.816858354614329,1.8722265727294858,2.468420256448144,2.1921273055895374,3
2.5911986383457086,6.14047242310209,2.3087007345375072,4.266809731740533,3.0030911546796073,4.380074924007147,2
2.021772690730083,4.777180977506051,1.7579542198418454,2.5487116974435158,0.9695412325783087,3.51300259120908,4
2.952565766445772,2.5637316234137972,4.670221253506368,2.337272134592533,3.278508408993219,1.567330213503122,5
2.9572218571404916,2.084069747083556,4.482406177185066,1.6438241580625503,2.7960258086273,1.5258668323104219,5
4.644123501114575,1.666576685744969,6.477758379089488,3.3043078598680364,4.835331844209795,2.3676396235240813,1
3.6525118630045,1.6910337600650867,5.491314765152953,2.5258261123823478,3.9090863632197332,1.489479135648215,5
3.6831749504856925,1.3578037965983372,5.432512492881885,2.0366311272192106,3.6905977314336194,1.7712593003707884,1
1.3103511672753136,3.851567475430993,2.574752495027585,1.8310246275981945,1.3975505618055384,2.3759881184391562,0
2.817246676109205,2.030507315171246,4.465239646625838,1.445637246990402,2.76499863684995,1.3944982135242365,5
4.59553185985803,1.8607728999844733,6.5264735570487895,3.289208144950989,4.921593509113568,2.488676442909851,1
2.4509331077737566,4.995948341325623,2.327755052396346,2.9125116424357946,1.7735157007730402,3.78634144881502,4
2.480323108236359,2.1082766095337973,4.446777644088662,1.7419344974780406,2.9478485495046676,0.3840308139279626,5
1.4188369882267404,4.001750824088091,2.734870858383115,2.4478088009749848,1.9334206908684053,2.191017059633855,0
3.61345475766756,1.0206414869563742,5.357879163029866,1.8817797000511993,3.578428826788955,1.5688841074413113,1
1.9093161659314142,4.450504407547408,3.3643974621603054,2.8819537658362973,2.7934548944571524,2.8763745297053234,0
3.7087735201827625,1.2296633764590779,5.4060073447366435,2.041290436693147,3.64125329134348,1.7169046310050684,1
2.673956010498306,2.365522742474565,4.577041206631236,2.019957802228567,3.14168337941122,1.160013878267062,5
2.4488647574879816,5.048108582438352,2.4074222172499167,2.9402920428055133,1.923001042613271,3.86617254878358,4
2.1363612772668685,5.742592165319679,0.9882853426185886,3.6288327864932417,1.878300043854227,4.106343181803137,2
3.84008835735708,1.5110289440312876,5.46750362970292,2.2571156534810695,3.7361797690122476,1.9261646107638821,1
4.220069763560697,1.8066335158305775,5.607443327618593,2.331640516194865,3.773208429069598,2.6123697490606435,1
2.837701750759431,3.437687240858907,4.0082350477285305,1.8958151767022153,2.566626140607139,2.8629815326169994,3
1.7342099529167225,5.8326904177645424,1.2492265391057003,3.8083302450209917,2.3099036775766875,3.9591901724812737,2
4.595316538244958,1.5149382326029692,6.441616675266105,3.2330153706717,4.787064149764565,2.27105972030374,1
2.772993784403722,1.8340369733640722,4.37189009016382,1.295015913379633,2.6125989328617854,1.1502180920038623,5
1.9652879627362605,5.901978595903931,1.5299886637502058,3.916072613105712,2.4839482252653355,4.06846925970805,2
2.831878934878964,2.3406512383237255,4.6124514509668195,1.603106706680121,3.0275571020386494,1.773662093328746,3
4.028319285269473,1.3113685557423178,5.458962367316066,1.964199897906968,3.5647316190129,2.312563807498609,1
3.266266601593009,6.773207365346388,1.5060122618660567,4.5185685398769255,2.7478078350069555,5.318845154484071,2
2.442912969932408,4.996869760444346,2.2771738248404625,2.909673818071044,1.75735567805956,3.798589169222362,4
2.0463186888602634,4.203068311370558,3.1073879080866473,2.436868779841424,2.2056337342745764,2.896047537329937,0
2.172955541822135,2.94710803706288,3.5174736553061265,1.5480735111129467,1.976983802762726,1.7820698971064255,3
4.780691345463363,1.9817600444646697,6.570576063719555,3.4861413718176193,4.955987097535762,2.6197769240354765,1
4.770609056974382,1.9941975541448336,6.562230325362072,3.479696571597745,4.957816992807741,2.63687015622219,1
2.688988593350636,3.1371263265321248,3.736655888183588,1.5501598267629657,2.111498814906523,2.524704566706174,3
2.7068018810063768,2.248613157069821,4.504932196651927,2.0066262857190287,3.0384819553756928,0.9539678536238307,5
4.896145572980342,1.3970127565633288,6.474403067305988,2.8572890032757003,4.607562577092708,3.009430230158502,1
1.7663934283379492,4.2891738213003645,3.1473554294408417,2.740767340553275,2.4987452019650975,2.6196455406958634,0
3.6280413122334347,2.708848662743661,4.855284857358521,2.1485946645760405,3.182963346382068,2.6852695248606437,3
4.98294995270298,1.7552588043981943,6.5662387721782975,3.0162982307639368,4.736797431512002,3.1865160698578427,1
3.584334819768958,1.2189588451885267,5.402632015332975,1.882559774407433,3.6487274101927376,1.6588215427229458,1
3.464257908375933,2.380899598409087,4.676195927158382,1.8108143785259947,2.907430336256705,2.4070937642389856,3
1.8568578398442577,3.9178618698384398,2.6688659449015373,2.166610846070438,1.5291116246511782,2.5292687634233286,4
1.3810351091174715,3.9892799348169454,2.6959653852652954,2.4263022418039504,1.9023537026587238,2.174278001758827,0
1.1758721564611625,4.098104223347996,2.8591350343403343,2.4105583374534456,2.1582051122653794,2.3227402624446487,0
1.7122676731115514,3.0199505627127596,3.534349323612568,1.8383831325901432,2.2561209931438793,1.1633035730318533,5
3.1074823113772747,2.1782850784845706,4.572397250900181,1.1781743325192218,2.770344032104375,2.1542767097499897,3
3.9248107016017966,1.2406687245854755,5.4416346192303635,1.80055414690058,3.547859260993629,2.2462837818551367,1
1.6171494171476624,3.040381291156829,3.556857526909587,1.787841920118867,2.3012362247834472,1.2069673168013701,5
3.8412251968034905,1.4610572582761296,5.454636836821379,2.2463102092553098,3.7180985267715823,1.9195254701180715,1
4.971519526988943,1.4817428154739436,6.493229388641495,2.957781323625121,4.627479385279889,3.0487744791256066,1
1.9990297653776483,4.794747917326791,1.8299819592352686,2.5465943257952053,1.0785848796244253,3.5306022968682877,4
3.6651079633354917,1.9273921435730241,5.563896659890177,2.589830927671385,4.029181357482961,1.7212766948214648,5
2.108687162780473,4.836687876773641,1.9372126257408204,2.6315649174219566,1.2443954976909173,3.5889431500863997,4
4.09400894391926,1.557419563793575,5.530601771035333,2.1087049415391785,3.6669357957014026,2.4428917413458904,1
5.98461558192927,2.264659241615456,7.554175299701084,4.023849166536319,5.7113564121001765,3.9863299469393274,1
2.5966335629426194,2.288472153616855,4.541069644080404,1.9209953129585102,3.084337585951626,0.9521633176765092,5
3.482829307088862,1.5246536960299322,5.441154446707503,2.3207595960299114,3.8485267304952147,1.2468005607178854,5
2.8764655521068714,3.1837516552511076,3.8002583935066623,1.793576078628092,2.1634645074376726,2.5980849133881527,3
3.738744764643788,1.8091362852902562,5.520393774083542,2.635764847883946,3.955651003366139,1.6480198574446545,5
2.7900847093934,5.880549615087568,1.7114977456713925,3.7165995968409673,2.1066450210727012,4.524479396004973,2
4.607009125728314,0.8530847775798764,6.348326643167672,2.8220145164000514,4.54645104882756,2.4000320282304695,1
3.695885754765197,1.7573826253853178,5.506343587553696,2.5819187100524554,3.9366707990057273,1.5709477778187915,5
2.1213609475072643,3.4005611900117954,3.8702610494062486,2.2837028585621844,2.770485456286272,1.9065907984518704,5
1.894480999846489,3.092650856116468,3.591417373712799,1.992273347245707,2.3453035801174678,1.3428635789488412,5
2.911095921293578,6.732445360735273,1.1740790249983317,4.561747401603586,2.7728430908329385,5.0658443849236034,2
2.033274520465275,3.841600257586833,2.646568962917186,1.706423975241365,1.0570360900436526,2.775981870663383,4
3.0108424267462306,1.8825471649873395,4.439328942882177,0.77933731348649,2.5280377028260603,1.8775068473434677,3
2.832635677313833,1.958871683593279,4.421139222536056,1.4344039069352958,2.7021704941880933,1.3435203254579597,5
2.367452719586327,5.838752035999837,1.4105261636920652,3.7715913400029466,2.1578808174455535,4.248400867376552,2
1.7002671372689306,2.7184000593828808,3.3427152866295615,0.8562965438366613,1.6425050858877503,1.3096453051063204,3
2.295186156111492,4.215059254028228,3.109349349878115,2.5895282862688878,2.1979308779216695,2.9119578741829413,4
2.434224852198925,3.715587181882152,4.156852255537168,2.6266208129892834,3.166737286390135,2.4058980510920915,5
3.1863860864248204,2.187839263155701,4.569889680255051,1.3185582267582656,2.767734237644318,2.1980016585536784,3
2.2122555482122492,3.2234005851938656,3.7650393560232915,1.745137766299475,2.4167406944319887,2.150321321808596,3
4.8222893717125626,1.652238165746434,6.5124232137254845,3.1588353951667947,4.765694266855969,2.779186996802897,1
3.130509892718544,2.2902780550404174,4.578306930215674,1.9252947716541573,2.9498648223152766,1.8087642641643127,5
5.564929553386488,1.6558213872739824,7.370672655862868,3.7686252563350355,5.564141575207811,3.3354586803434048,1
1.4625421700405459,4.858771353099473,1.875448874374282,2.7347078703305674,1.593914897902281,3.3019226779780717,0
1.4622804192255694,4.797196699659532,1.678080281999595,2.7002450418731483,1.358556125156481,3.219132010939706,4
3.7558270414661807,1.3103802304966217,5.429244490663027,2.115741409657749,3.6664055683261663,1.7816057094748579,1
3.9192705537441794,1.984718115568373,5.618520576720342,2.4559573782526,3.9718464151821413,2.3246672872802865,1
2.1568426576875455,5.962116698674028,1.754946661816466,4.013031891508244,2.619527101754112,4.141409006205811,2
2.76063923160243,5.154516011441952,2.627146036034866,3.1793116234532364,2.1636049959774035,3.983933175214105,4
4.652933940262929,1.0217985313413267,6.372047368013274,2.890877255610932,4.577964760387723,2.454197929620039,1
1.8433839621959274,4.292797113117559,3.1200557357671976,2.7741754720655325,2.5026772616384427,2.67285986373327,0
2.0237030176534105,4.86630654241598,2.020399734115255,2.60320548893169,1.383526332171501,3.606062777965183,4
5.601989716091821,2.150332996684351,7.471519456455456,4.139919576115922,5.790192956087592,3.3123251046209816,1
3.263167010354366,2.2997406726440763,4.630219325161091,1.494281899033934,2.860822185873871,2.3064240244147647,3
2.012179634819104,3.8380621374766486,2.6425908962100237,1.6859267966124174,1.0529392011792493,2.7753649906004436,4
2.018923336139565,4.252058059253243,3.1473487260476207,2.446829377327649,2.308534792401501,2.966997466095313,0
2.6422572263848787,1.8820934607311086,4.392706044523324,1.1184890147928253,2.665599032154789,1.171354598568566,3
4.020175611467287,1.8150093983121425,5.602773500007713,2.0767463699857256,3.804800329898828,2.590030021697775,1
2.6856738475717896,3.6386338930483397,4.091892462388736,2.7593344595950025,3.032726173611686,2.314047401800401,5
4.207248419590125,2.259540795725916,5.771882674982744,2.4368995968783587,4.041807737509779,2.8908599110869115,1
1.6108160110429737,4.813542335623155,1.745504852732741,2.767328533596659,1.4027225070276224,3.2497049374095486,4
4.60566255866414,1.5478241235349126,6.444182994358354,3.248134323496676,4.795883420085165,2.298500733382637,1
1.2341544867912775,3.93781755744355,2.630930104216438,2.3449529680361314,1.791049523519543,2.0680788271629558,0
1.9845827632801158,4.938499532792196,2.052227737091778,2.993992071429886,1.7744306371339675,3.4219226298973875,4
4.08718693403515,1.529596867230808,5.511078797876147,2.093951377214314,3.6503696181412075,2.451770989903958,1
2.9394190496149513,2.5375384443575784,4.66538629515783,2.317977186961015,3.2560659538903787,1.478917692031272,5
2.1491648194782416,5.748086820075848,1.009437686901942,3.636939685369365,1.8920095588264272,4.107537139777713,2
2.142496722454072,3.1752341577856598,3.7407944255792356,1.6574546164146462,2.3526342771626663,2.063995874076124,3
2.747157812403261,2.114776320570311,4.493442723680279,1.3870075586504462,2.8460327221707886,1.5200318945432096,3
3.3382013779315742,2.3934830362204593,4.683207266771392,1.6462769046775816,2.9375220029491707,2.3945457440919418,3
1.9507406851159719,3.178865148495462,3.655499416361773,2.068995122565614,2.468058738942091,1.5438858350261428,5
1.6921639935918138,5.024865460563553,2.1906450324808615,3.2496745565895035,2.1850482102297457,3.24541325322323,0
2.4204634746305214,4.931795900018331,2.1745689733224336,2.860345569459283,1.5620198107616967,3.725601322624217,4
1.1915213716221746,3.7552189786891983,2.454184915437496,1.7082251337153675,1.0906265822137482,2.2091350637174356,4
1.8781985415716262,4.190386925971771,2.990310108770104,2.742979970775414,2.2905156961728315,2.5278165448619654,0
2.0524437293762183,2.9846856551660985,3.57302258535114,1.4564672382383772,2.058588937726834,1.765408252024646,3
1.1620750627141936,4.901081980711198,1.863814327286927,3.023042853349023,1.8853279264647531,3.04666634648495,0
4.1768735421172645,2.130249060352563,5.707446643186187,2.3622555689377855,3.964746104867938,2.8319498811286152,1
1.7960527225179652,3.071526803582692,3.565547414247719,1.9166051362681293,2.326193890805018,1.3158151375666722,5
4.0196186229002135,1.3650223663331498,5.469738927705453,1.964934601572138,3.5850100192442143,2.3327249516420023,1
2.2297176729788872,4.908200693043496,2.078685116112177,2.738682493911322,1.5009190988957946,3.686757663492868,4
5.568180333205123,2.0274641933302533,7.434614996999673,4.0893658767500005,5.742115476230187,3.23113368490562,1
1.8183553437775273,4.849998457180727,1.8247367353329818,2.872693947592138,1.5088023649418703,3.318050498572982,4
3.5838339501778296,0.9426325553696889,5.345165256934265,1.8309710139862168,3.556160150807881,1.5218602127424665,1
2.7840411710983446,2.3682291382398097,4.582391096464641,2.12068535964792,3.132146294331781,1.1751828964287216,5
3.4165245423566915,2.6345893945308965,4.804374729068466,1.8591624832664446,3.146884939590357,2.6105971804600676,3
2.0560197746331297,3.2619804684732516,3.760305337810356,2.1776503447068354,2.58392270711888,1.676244858810058,5
2.9408962866092976,2.250063292721508,4.57066492978302,1.6942863311398044,2.9363139241000105,1.67173109405679,5
3.769941215285714,1.6294303734740596,5.519071573613475,2.2006776600539553,3.8075145904766536,1.9953024058538054,1
4.571782415772885,1.5064457931974826,6.4395992526574615,3.208442123744291,4.787815148987168,2.2659826735234603,1
3.427284250076278,2.361602846216387,4.669674258434077,1.756528348171271,2.889508412674464,2.354780078642141,3
3.9475620383803816,2.1588467734786416,5.687549093151746,2.5324706165775663,4.068354167579913,2.4149639598265464,1
1.9416580460914838,4.417829350542387,3.3216289559285133,2.8814738344744177,2.7307424575835966,2.8460774443605907,0
3.8430924176480388,1.9930039050983148,5.593419242048042,2.7764826125794864,4.044584317957305,1.8376819322393472,5
2.1045952033197777,2.9753767954636583,3.5728968219535133,1.4991325873893702,2.0448016867101666,1.781022065885118,3
4.7315878103511455,1.9306571492296623,6.556398082946453,3.431585207697554,4.9367353250708454,2.5462435786636575,1
2.545091554013695,2.9967317630099166,3.624205965573536,1.273964387696272,1.8894026790683416,2.3553644950186197,3
3.1749704199209283,2.225110010589482,4.587314401002279,1.3202901308455952,2.8002674244466017,2.2152629215777675,3
2.1142258471455992,3.826154198904367,2.6304336276894627,1.7630025551365924,0.9689853932414847,2.7660841136452627,4
3.0422356007087856,7.010813299747357,2.1831704780628813,4.96161455133868,3.515429085433426,5.223274947088794,2
1.5984532780431673,4.797211071520576,1.7163433165786595,2.7518093862700943,1.3546485991023907,3.22195700170433,4
1.6071219894155777,4.151946537433468,2.947005927048389,2.602271245321893,2.2430209881030287,2.451855583704337,0
5.729749377120445,2.4301718016080196,7.545130544595405,4.304697882382211,5.896454227981563,3.520284209657855,1
3.633052636689848,1.0420876084680477,5.35864599945037,1.9112243866091998,3.581680754497917,1.590360161605417,1
3.082893455028469,2.303680615481154,4.592299773410539,1.8785130661830252,2.9660790948472333,1.777894070264238,5
0.9454437193407462,4.9241381600769065,1.9308916055656054,2.982679437837912,1.9679793659529585,3.0637827876476607,0
2.2073040958337415,5.906691647277505,1.679521919402492,3.739473097896204,2.37032029274983,4.312196704982754,2
1.7964371209870187,2.884542575718265,3.485288005274873,1.1225571181405753,1.9240805549715918,1.6069905552246961,3
2.1302578973790305,4.805515109984024,1.8665672239932822,2.625666930783961,1.0951815620204344,3.5452869273177607,4
2.480108888035599,2.933218930860524,3.5719669970399517,1.1325792546435662,1.7821736093440665,2.2597619950517633,3
3.5297727045990817,1.623099331364676,5.466096396216234,2.3895192671503587,3.8865413537689486,1.351257393104983,5
1.3272787058626774,4.044754176689223,2.8037997671493797,2.434637221874833,2.0418800761086042,2.2507809125941898,0
1.3197035796593486,4.9701367870016275,2.0726794561658237,3.102228670916372,2.0707894099096587,3.1305634777865103,0
2.7333260718857333,2.3369855096962726,4.560877894018747,2.0641363672389184,3.109048848070065,1.115912825219757,5
3.256672570657375,2.8760602898516328,4.896333027480631,2.2839742158362983,3.461173538766912,2.432582163162938,3
3.5971464435225466,1.938474120737271,5.564207964791256,2.5277182513854086,4.038802190357539,1.7070709819450482,5
4.183585446695855,1.675930341849554,5.565238625783996,2.253526177199706,3.7121790347614687,2.5441143916603326,1
2.7484376412501685,1.8921916732453254,4.397695024766592,1.284177060168963,2.664916384214222,1.2422236496134864,5
4.0251081599802525,1.9179851474258451,5.608762197255185,2.5545809699134123,3.924234383870764,2.2560563509665736,1
1.6881347741762835,3.981031733590492,2.7622961529189296,2.110028777729871,1.712200483436137,2.569243824972265,0
1.8810159861604328,3.139103078304931,3.6216134633021433,2.0048341424941922,2.4171358801239102,1.469773374525299,5
2.859897582470025,2.378267207888766,4.5829040025101095,2.1911768946572723,3.1327540509420344,1.2095040198688534,5
2.8257856953423444,1.9268682073430496,4.413192726687847,1.4099045479187529,2.6818224280738647,1.304899160457628,5
2.399533488658848,4.902271195845971,2.105175448989765,2.8318316842116085,1.4587077973628162,3.6846408459007383,4
1.7309357957163924,3.863129863825618,2.6065809303122753,2.0631635715032224,1.3832304538187032,2.427621925371074,4
3.169304067402527,2.2380678804230736,4.599558651837914,1.3169608932096477,2.816493806092739,2.2325312933752537,3
2.3717283364261017,4.066469389502165,2.9626874451869134,2.1217932952342844,1.7028495437862892,3.066771587594377,4
3.309792588004622,2.2628301866756435,4.620001391855273,1.5502755891269406,2.8150867918854643,2.2630164820628265,3
2.360268723973193,4.037714446878886,2.9303967980901926,2.092535876359149,1.6450033525690564,3.0622988536406464,4
2.6649017216168858,6.802032522256176,1.3735233396805437,4.715986819145806,3.0593363576987986,4.941226687644541,2
2.448924601870037,4.024273160150966,2.9049599373957897,2.1552417017695014,1.5760659461676467,3.0249312448092165,4
1.5975367557890752,2.9880880780637518,3.5000483699510263,1.7473284957030377,2.2211561410932465,1.0918037151704365,5
3.427284250076278,2.361602846216387,4.669674258434077,1.756528348171271,2.889508412674464,2.354780078642141,3
5.851180617987881,2.057298824687675,7.506116184386044,3.851926142221855,5.639632476119023,3.8424638914504032,1
4.960477204538029,1.546807685728176,6.515274504017177,2.9568827354729637,4.652286644851472,3.073898466288438,1
4.0674779255166795,1.4938835693805508,5.511692427149626,2.0601427036866147,3.637222489338141,2.400499301212622,1
1.5296060959438162,2.9526059760625687,3.473231380565514,1.6859495956966624,2.1734340923661923,0.9848571379333758,5
1.6688274199118784,4.995255744134405,2.0879798446490723,3.2262692899787693,2.105504657941094,3.2045919531852394,0
2.5159798009604333,2.9401966073744092,3.5948470903718444,1.1915998749587404,1.7940610977684723,2.258310417148434,3
2.3276947569402924,2.92703037002552,3.579208601272076,0.8754168888467789,1.80375217310564,2.2252724497127767,3
2.2243268984941458,3.8815072268707724,2.7179903374922647,1.8896241998411027,1.1684878822477496,2.84234390481226,4
2.963573855461331,2.518091059198435,4.660690941205589,2.331117032508787,3.2406364668002974,1.4440552998690936,5
3.974991527763492,1.4583717899718673,5.500490554476755,1.9218467157019496,3.6376826087685927,2.385907724733114,1
1.0377112130333142,4.85225436080756,1.7367643937559,2.966879657256202,1.7460078629652833,2.956644228628068,0
2.1394763018323415,3.8487788137852252,2.649713112379531,1.7985636480715659,1.055795909369498,2.8096278587498853,4
1.7969764413876366,5.0626569378955715,2.2387204449701588,3.307311853869344,2.256845628733871,3.2953555458505,0
2.668911988957874,3.021810054349839,3.640714988335995,1.453960287024945,1.9095449902268848,2.3926545736357308,3
3.887889759547914,1.2081795561353605,5.438182574189633,1.7376791315351412,3.5413668284433695,2.2184304396765233,1
1.8261633241044652,2.8051672471435793,3.421729675549011,1.0920526706188198,1.7826337200503668,1.466278453826743,3
1.0487191210101188,4.911297746191643,1.8987257924192473,2.9998134642511363,1.922603628182332,3.034377834186585,0
2.60482035463124,5.777880649768062,1.3389929705295618,3.5707906632349253,1.7997179985829905,4.404194847780855,2
3.9501704315982678,1.7739028564288326,5.563885354305332,2.4399982986910116,3.8562178636891677,2.1426746527214453,1
2.4918076184363454,4.051579274895897,2.9564687137373227,2.2052090502415664,1.6467976267360847,3.057367950989949,4
1.955426049578857,2.864542184821382,3.465176705997171,1.274409754281423,1.8765308100941953,1.6053472352071307,3
2.005778367531711,4.491663588132593,3.4209331877103533,2.947740762417264,2.853322790682653,2.928912162602457,0
2.5879699508432967,3.1889498577036406,3.7864282983844886,1.4651241724540036,2.209749022093568,2.558548200447955,3
2.3638809382958246,2.8494922921830423,3.510940738794344,0.8623114466062523,1.6473357892229394,2.1373120602975613,3
2.258971617086033,3.9894768277749866,2.8661223894755428,1.9862604384062437,1.5164460919390552,2.986544239613095,4
4.9189409452700605,2.0129541437008855,6.59619236346283,3.3228758921779655,4.901713745895966,3.0042786082247526,1
3.12766031469698,2.68261689681734,4.788153282183194,2.0796891308883962,3.292592226025987,2.2015014622029465,3
3.596707422849973,0.948555694500901,5.342968416181937,1.8491685141810932,3.555200056358481,1.5297948794398777,1
3.5754298059637484,2.581084129425318,4.763859498044591,2.0344033330839206,3.0656427441622354,2.5905592460777522,3
5.0508022620996655,2.1997999266338284,6.703571018644196,3.1817504702968114,4.931738566244384,3.421363234729178,1
1.7073104303897015,4.998762389812551,2.1269388502263147,3.242516415576189,2.113699530529994,3.208229901116494,0
2.4924292085336845,3.183040846808398,3.732585706676342,1.9663567790113625,2.3212312388505367,2.1239021823112023,3
2.6894529527585114,1.815662807395633,4.354731380096141,1.1579672965848649,2.607349414288793,1.1135290002279419,5
2.728270249182129,5.860035912817363,1.63469527986181,3.6740549893282535,2.057497766175233,4.517324803321136,2
2.4427529957415124,3.0181677567663714,3.6628477116169624,1.1470623849859807,1.949061673188228,2.339927010242845,3
1.5185980727315185,3.027808579343182,3.5408079692627616,1.7207023424561372,2.2886182502534766,1.1516209532079016,5
1.9356295781948079,2.809476034691913,3.40862060903178,1.2153028509876511,1.7747428366573907,1.5138279721432113,3
2.1278112487948087,2.9808462373365723,3.5773596107806083,1.5252733089498745,2.049103791308511,1.7837801822324637,3
1.188272920568107,4.1254303400923185,2.904063755163254,2.4294110177619204,2.215986848979934,2.356491998483551,0
1.2785981749314859,3.765922992918527,2.4400535307316584,1.7572423295162851,1.1105133241540015,2.2468425609892644,4
2.9995137714882842,2.521106533070874,4.714295646419302,1.875932285581596,3.1676367629357194,1.9963505307430944,3
2.130741850633328,5.006480117000679,2.2032254625026835,3.09661045655397,1.9576415770405526,3.531680460329248,4
2.7746948061251646,3.326322594147456,3.908979883126046,1.7647762557731324,2.40423568959843,2.744242084659592,3
3.0884562869167036,2.0906561589676955,4.534197933435998,1.0916964584552218,2.696255969683415,2.082148012838269,3
2.3483893536950315,4.16175165970679,3.0884896316087347,2.160670655261454,1.9519315750012038,3.1861331844078737,4
2.263320809813561,3.3201892996471174,3.800480828923629,2.339820119912728,2.6421562603321957,1.7951529267629347,5
1.8141059101381163,4.94881432489531,2.08138931870094,2.9228378338581362,1.8380440648158025,3.4240510543079967,0
4.044753042465246,1.7858786288052924,5.595631714247004,2.1005167851461475,3.788643193630835,2.58723495780441,1
1.377351043375016,3.8706582485023433,2.621684753986663,1.8764427494719946,1.4570393492712506,2.409037310740939,0
1.2421561517523054,4.007759079978938,2.72757776661059,2.3836008153811874,1.9606624299295032,2.1974049382628102,0
3.6262575453689236,1.8438292657037794,5.52964943589609,2.533689381649295,3.9858111733876225,1.6479036853768876,5
3.813765756464287,1.4153670292160787,5.446154554444762,2.2047820253690706,3.7023028261807647,1.8715123792950124,1
2.9411844174744664,2.123027178529718,4.506393270559906,1.6432041454454582,2.825534397827525,1.5363521098246418,5
2.7767588799134697,5.949786230051873,1.9843251257075123,3.7440252211251335,2.3276204437635775,4.601105576186362,2
1.7226839415358197,3.9238639764941032,2.695455365511575,2.092131570650382,1.573974180631861,2.5121182570773053,4
2.1434726105028714,3.8446666888504057,2.663588571736651,1.798110235889989,1.052830214679343,2.7967473032820416,4
4.117107410383876,2.516372861541127,5.83063521008011,2.8057075089755172,4.274820707125372,2.7442897695495008,1
3.8998613425876187,1.3232862833621526,5.467515884418489,1.7814298314127384,3.5872590894254284,2.275785356233222,1
2.800758009728128,5.926783361629939,1.8995300933011372,3.744023188677663,2.2590200080491445,4.583167586020186,2
1.4021878572196815,4.794922174192098,1.7021563600733747,2.676498763631895,1.3699790580019717,3.21798952705731,4
2.378815114514702,2.849189089584764,3.5165453955914105,0.8881626113726077,1.6494537905574016,2.1384937175419036,3
3.806661873683552,1.342219896618111,5.4291307697915006,2.182532813899521,3.6721382815809602,1.836901769441442,1
2.051622609427379,3.2697543475360127,3.7360262361255723,2.178698420413541,2.586453750781546,1.7301094824518786,5
1.9029761671707484,3.9856109413060365,2.766654658149367,2.2340467658318772,1.6963738255722332,2.592661197164992,4
2.3591949591060177,3.999431253493788,2.86158737271165,2.0690368744767156,1.5245510119364976,2.996601466195707,4
2.6471896843144753,3.2450535226170447,3.855639757815193,1.572688993897266,2.298110301673009,2.6137224280047797,3
2.391240613940436,3.680390493575991,4.121343097541638,2.585817256036064,3.116574057806489,2.337044871480547,5
1.2763096192548078,3.835343790927993,2.5600391202517,1.8045548493805652,1.3492121087127322,2.337596654990729,0
1.6769172631599016,2.711076396642446,3.3379188667970987,0.8163671842235529,1.633623074497143,1.3128678106885505,3
2.582184086346648,2.9389896128380486,3.576514484530456,1.2831003143986879,1.7762661724383169,2.287541088777961,3
1.608088295994832,3.8567185603811343,2.5904552375224332,1.9901403248028653,1.3754301458257432,2.383918617986194,4
2.235012825919798,3.0747090873682277,3.6330776612645903,1.680485805908009,2.1818175962354496,1.9824811134881228,3
2.7118569873720157,3.324425198365655,3.914079413783899,1.6973559588783318,2.4058286215026907,2.7011381983390086,3
2.068595951185196,3.0163293212344557,3.5752285908424035,1.4910671347963163,2.10339714407261,1.8548887747953513,3
2.006651806377519,3.211429415989949,3.6927965565625644,2.1202281712799103,2.514800220386498,1.6291003870971923,5
5.910423002029244,2.0764435330337436,7.499251674777961,3.916569788899723,5.636038170569296,3.8575345220693,1
3.6373024104766256,1.8930722687510797,5.552118246610454,2.556699594647287,4.009249157261151,1.648108571223311,5
1.8988302851792296,3.7687840722723114,2.5441664661117716,1.541657182699152,0.7511357244392117,2.686714418466904,4
2.8888268602849934,2.3057035169614664,4.58917422244996,1.6562802229289888,2.9889697336214818,1.774328748174106,3
1.5922746077341519,5.13594464367342,2.4399659836993672,3.2697944830743526,2.466662125549561,3.378975048763429,0
2.201834324175627,5.77328589230796,1.1349071679719547,3.671027569434834,1.9688629173941303,4.152897860649593,2
2.106752174742629,5.908912494177855,1.5572001756964409,3.970735172187241,2.4800551528938097,4.073693386442008,2
4.074097368860505,1.6140845126944228,5.535697724576386,2.097340357428494,3.6908874374924503,2.4834067276970724,1
3.132336616223736,2.8889134421627993,4.849445483430776,2.600001625670517,3.5530638539760235,2.033234985988568,5
3.819616741878595,1.9983726806655684,5.594170021362587,2.7546749237707076,4.05132379237552,1.8273955760415206,5
1.6234348471786657,3.921678610364009,2.6847407086601116,2.0377815533024246,1.5702865945856344,2.508439765584388,4
1.6980180428094624,3.03961323795298,3.5593490956652793,1.8391246857101828,2.2907810977323857,1.2035514937198837,5
2.3463707521368375,4.880821026968616,2.054076925833246,2.790477209958176,1.3772979982089377,3.643781605635103,4
2.8236242154414612,2.4041836798145444,4.602526891288132,2.167958651136187,3.160310980455168,1.2369685227821505,5
3.492464276316808,6.837085696742109,1.7956461594288384,4.6628009297913895,2.889855300993077,5.413203138255918,2
1.5271225992622348,4.803619357006799,1.7005643545651266,2.728902580768646,1.371790649013113,3.227341882680926,4
4.010818423637036,1.2799399627566908,5.455550544551102,1.9341102350027795,3.553516502091333,2.2912810381131727,1
2.749231861046707,3.044478320691634,3.6712122918357712,1.564565178547167,1.9466269659154387,2.4263980838516597,3
4.19341108235898,1.7512370694750463,5.587894307278494,2.282416699165891,3.7521586691998734,2.585879467855848,1
2.0568826115602685,5.127070242762948,2.4244783017647897,3.4385863286343343,2.4036444509929322,3.4008603810191067,0
3.6052198228581607,1.083696044662715,5.374990209194772,1.8833757243881326,3.5989550771973073,1.578532307766304,1
1.4740512753968846,5.0604067898096865,2.259732112193244,3.1930901027713254,2.2942046678409507,3.274805969686496,0
2.261528488433711,5.961894630637224,1.8800253617376366,3.7890993998745497,2.5156304195658206,4.371515569436839,2
2.9630093167436007,6.916846269016713,1.8640321610209272,4.886600002956741,3.3082961641692865,5.095429502644774,2
3.3378652470874246,6.862230021189478,1.8781480953257366,4.596985555223829,2.9730188961440795,5.422753427150607,2
2.737337406185581,1.8899734675365574,4.388204880067288,1.268057494457205,2.6595419011051824,1.237822908772511,5
1.0382321233620986,3.9458888507330956,2.6579525298799576,2.283620266217926,1.8295928655692568,2.0619740460971356,0
1.174423833298326,3.7677413020265695,2.4712272207798236,1.709065322930002,1.1391085636996612,2.2351330003860284,4
4.916109257615553,1.5216300561054223,6.504105967006358,2.899691650997544,4.650763024458722,3.054838824252826,1
4.580750921938254,1.8150827947879864,6.524940163432383,3.268103433506162,4.904886824441314,2.450107826473356,1
1.9088321320814645,3.79997013771108,2.5847266879062842,1.5739534556032557,0.9046003802371001,2.7268009786259437,4
2.129530732394323,3.1450309869912485,3.705236410920345,1.6256304851857917,2.309778132943965,2.0372398054201377,3
1.5471256295576303,3.012142897445293,3.5250699628823465,1.7290992367484632,2.263241419635754,1.1326394458180133,5
1.9502058125334538,4.242576798654878,3.136118220250351,2.404002178677465,2.292251730821543,2.9322521070565957,0
1.6129401158890402,3.083811331234819,3.588630561346788,1.8100177670664,2.3596710645426406,1.2826629235908267,5
1.2933251229808753,4.995293922114014,2.1203238552473027,3.1079794476877436,2.1335923986069827,3.1581930334764756,0
4.845783748989888,2.031919064341565,6.626472295856812,3.252981611419838,4.923955029069714,2.9712526199608074,1
2.014580994316291,3.2789542069712696,3.757934428270465,2.159503933229084,2.6045996375004887,1.6813599890586204,5
1.4098655457575573,4.024783304339935,2.744030414896098,2.45694851829945,1.9762781870643389,2.224687286491809,0
3.6249779529617623,1.5900827255783119,5.45537668002868,2.4776063091286242,3.8622235714816635,1.3693774641865242,5
2.1960183835747102,3.00742109157807,3.582526753291223,1.6076470184142286,2.0723220003545784,1.8304752587578035,3
5.493445067151688,2.1026332221992265,7.454290237261636,4.031511092607595,5.781700441697269,3.2678305990109635,1
2.0797923099774387,2.8479760133249754,3.4523280430098744,1.3932060075222565,1.8295988444613749,1.6128228538617746,3
4.35612880663581,2.092647968155797,5.70225661164852,2.564778808680658,3.919685885223564,2.815287642480658,1
2.6884259104643102,2.012928998196696,4.45170835963265,1.2541743597597002,2.770118596653509,1.361403481438289,3
4.156924355912348,1.9143557891151237,5.630961253385449,2.2773919212520166,3.8437301597038713,2.6877528281206136,1
3.3117233251635247,2.1447860977324957,4.561038548736941,1.4962678848836906,2.713805018984207,2.164906760060081,3
4.672849778507301,1.8225427075657803,6.514820814511906,3.3564258242612333,4.896817274383096,2.5042049289637447,1
2.914941742045622,2.022456622615025,4.4594790584772435,1.5682761444885418,2.747804386923129,1.430376194606664,5
1.420831256659871,4.101520287389611,2.875406429815857,2.501385441163128,2.147712852183605,2.3198657187750475,0
2.472673785627723,5.753803568230772,1.204874887566993,3.4930801364515625,1.7319195369600262,4.3627480656688755,2
3.6383530875456502,1.6124730020231577,5.461621684722609,2.4953138345444326,3.8715357821297327,1.4012280759716684,5
0.9540886569956021,3.750292049366814,2.4373455468804552,1.5985166876928423,1.100058363914472,2.1957925339488744,0
4.906735325299218,1.1617231395599168,6.431553192436647,2.8360264744497616,4.53387424173152,2.914475100154424,1
1.4885514365574506,4.782141463076065,1.6773985196737093,2.702781748611777,1.2962903599860427,3.185606548034842,4
2.2878082675508398,5.980106443819606,1.792260863177037,4.07019125757652,2.6528601679706107,4.193761454959374,2
2.2722002964107144,5.0096321135670605,2.346459920275242,2.820057523864189,1.8384819431818824,3.7956349592917653,4
1.6233753228898486,3.995395487619024,2.799350046076198,2.08101683448565,1.772400439570424,2.5824024779817227,0
1.8321809233397073,3.9217708314368935,2.6743961365601367,2.1551670877845743,1.5405105194307471,2.5318068358815737,4
2.7753920704394033,6.696856025110739,0.9167880488909443,4.487154986301427,2.686551789874631,5.010166996081733,2
2.279493640725923,2.8055907018407735,3.4748536579023286,0.6286384149611238,1.5780712788611402,2.0828024661517315,3
2.275540788727027,2.8096390984328425,3.4790546261395425,0.6239513400197125,1.588322264723783,2.0908928622077547,3
3.7398761376166663,3.1189619351836524,5.0807155311815695,2.435408164089259,3.563304051276232,3.0852821829135784,3
2.165968544969729,2.9242851211763212,3.5007037175287454,1.525966850524423,1.9440169020349036,1.7390580589476794,3
2.241536129099747,5.868090314736925,1.5350195293390045,3.7347638996318198,2.2510839190329293,4.2541065126939,2
1.5995171388349139,5.047254169072575,2.2079421314937515,3.2275339954948112,2.2476452450120674,3.2746651666928486,0
2.790510062950076,6.847166062003733,1.5567420652761386,4.786036285093444,3.1527850510746753,5.0002672976555,2
2.3106801424376924,4.893591295342365,2.0432096064133094,2.776152040653616,1.4308165244988917,3.6792295998311113,4
2.17030101771374,2.9740768414661853,3.5506506501389836,1.5619275313243592,2.0260572055799284,1.82474914054754,3
2.4804927797527885,3.1701184939847784,3.7139895747062037,1.9522068992086643,2.2939895077668173,2.131786784960762,3
3.7374662748611174,1.314618276649943,5.412784003939876,2.094062407235499,3.6652325640706356,1.7909469221067724,1
3.2047690537698217,2.7471748838505765,4.817465808477166,2.180858941848417,3.347799012208936,2.299127639794552,3
3.227322331738056,2.0093579350401507,4.494054338372767,1.2980932102666511,2.6057159928300133,2.0450001355780936,3
1.856162584201384,4.047933454505637,2.866926427397498,2.2398292473846255,1.87437924248695,2.67395219637303,0
1.9212448410139762,3.131571850290043,3.619149684256209,2.0286058410129266,2.3984492307549474,1.4318141186333417,5
2.9875405078240136,2.7642820336638683,4.801202832474514,2.438399503252235,3.454466341275557,1.777381388601686,5
2.9765980002906405,6.928445598100505,1.8887831577758978,4.898447187614467,3.327717728647178,5.118806212943531,2
1.9329159078791696,5.91596605805286,1.5651292217977437,3.912523207510923,2.516616380816331,4.07543814373075,2
1.609068097006295,4.095863863765993,2.860060721171496,2.57600775793549,2.116101181041167,2.34809028855378,0
2.42435986114053,5.854896840093462,1.4821807892579038,3.805301873884001,2.193113941680648,4.2716505945482535,2
2.993462243781739,2.456702279268366,4.6643194950463585,1.8424523917098903,3.1061694869411633,1.9549662336472304,3
3.5431319498761424,1.6960273780376602,5.49120714764492,2.4188153314648972,3.921380517502933,1.4534608213908642,5
2.8202774565937854,1.954703840240626,4.411733834628956,1.413500492024632,2.7017835972195225,1.3450950985475696,5
2.70007199325259,3.2574210067702927,3.8580568963495754,1.6430172100117852,2.3026367952328255,2.6398425893979605,3
1.6251899839217605,3.124163995882141,3.626833127355009,1.837756263122687,2.4222464597372135,1.3752982415506696,5
2.8884883626684434,2.02101916352421,4.447424043142881,1.534423157840434,2.7453375210450224,1.4379919097635807,5
3.132336616223736,2.8889134421627993,4.849445483430776,2.600001625670517,3.5530638539760235,2.033234985988568,5
2.334883920705777,4.2235324461942225,3.129871469234885,2.6182548346022547,2.212890573706009,2.925243016871315,4
1.9000822070891774,4.754596061289318,1.7053346979849868,2.470622215214909,0.8675585898505895,3.470311228544514,4
2.6610136799357154,1.739730932658965,4.327992873708116,1.0741873592810869,2.552056304852787,0.9763644496284372,5
2.4627624348257084,4.0146898791219625,2.908182449927311,2.159961318201345,1.5543819171956177,3.01413668789969,4
2.432084998707343,4.100906019279322,3.038121033419763,2.1883054137973397,1.793777668696635,3.1066717174583687,4
2.359229434580485,4.9661890573611265,2.2210826856580486,2.843319024173858,1.6843940307883063,3.752951348363279,4
1.9765960282959476,4.230725925604458,3.0735209955544756,2.8086181638473358,2.3699694212974283,2.5668627950826255,0
1.706859022672776,3.075334096798228,3.5704978790647885,1.8622702126088388,2.339860309913872,1.3103927041651677,5
2.000092298741088,3.221420597879839,3.7233195476528227,2.122657775703934,2.5302182944200884,1.604403503694771,5
2.211127725668149,3.5326742451708824,3.9755549458135957,2.403641535391545,2.9359912720174774,2.141603364910675,5
4.994914293387743,1.7929104463796786,6.587873394439273,3.0376848868080697,4.7520293569031855,3.190338731122533,1
2.0778188489998795,4.785961632339255,1.7900912652945806,2.585414387266276,0.9972331060622897,3.519493257059854,4
2.3062675229298346,3.9628621464571805,2.820378058002018,2.0073099700797417,1.4181694037211388,2.9493356199037377,4
3.1341226639440474,2.7060590567122733,4.768384806524344,2.5396065832328376,3.3923986769859025,1.7746291918307289,5
2.0811516051984364,3.956206720749008,2.814416608138852,1.825235345308703,1.4455974131627232,2.9101733657172537,4
4.7283227754266814,1.2992963475921218,6.432239989781538,3.0065000250156637,4.65205878182999,2.589437229974722,1
2.8201467734074717,2.660339638755078,4.734239952395755,2.258853553661716,3.3779928775682166,1.6346516087767966,5
2.3657085896096155,3.9773320618563366,2.860468085347151,2.061033296415065,1.4693018942399334,2.97948974159311,4
1.9016356019704672,2.757156945737002,3.371177269700318,1.139677068283458,1.6843749944833302,1.420145571327414,3
3.8690410040935395,1.5803729671147542,5.499010039013221,2.306010048494607,3.766919542721405,1.9675893882565896,1
2.218452121694568,3.273173015465973,3.809200581755969,1.7808382338838067,2.4873318947155947,2.216840599788779,3
2.761394191821525,2.317588779308687,4.544333697371772,2.082767017794557,3.0869579737373534,1.0693905972847637,5
2.1821099268493627,3.877149656248028,2.7140098524533047,1.8521177260668986,1.1676741390181655,2.8418389174354477,4
2.1901779591758572,5.9763677448945955,1.7904625080844527,4.032879199204101,2.646199816584736,4.159239535320006,2
1.1496818380822111,3.7194887003363255,2.378943602411058,1.6625419728414816,0.9438165718507576,2.1608214171806637,4
2.1171967289785703,4.8849850039550144,2.0722965520708967,2.663617573439539,1.4465460137641215,3.636731758624835,4
2.938628327292429,2.2125238750010077,4.536361294933917,1.6765201310857938,2.898242388235673,1.6430421081092808,5
3.2554579449330716,2.1623174139706367,4.566212545610812,1.4195960869078101,2.7324399313629764,2.1526388529720393,3
2.0429297024425703,2.8731693393272804,3.4693810357215993,1.3707037119522048,1.8795056152368663,1.640697503664756,3
4.133567306129773,1.7789838041616992,5.580311941678309,2.214868785599274,3.767039571880039,2.5971656915105354,1
1.5595962611156542,5.000328045026116,2.0861576889844264,3.1920158993788075,2.1216822776326176,3.202087211142424,0
3.78013569885122,3.2180329396807337,5.1579267376869735,2.51700396245252,3.6602119106201747,3.1592369255498918,3
1.2105084675963873,4.0208776427023905,2.7719666655502353,2.3807138259164766,1.9938391077305055,2.187007959465436,0
2.272507683746745,3.9837785201186593,2.834658016578638,1.9928919348753293,1.4877531922953662,2.9763713770185394,4
2.559652903263069,3.0824139864799887,3.7091957703029093,1.3579477867385137,2.0352545946375487,2.4275239651893212,3
2.772294158491127,3.191935672453536,3.7788617260250628,1.6825164385733515,2.1816618333693767,2.5842015804117335,3
3.5929120427631904,6.893208454073367,2.0175199398887833,4.7406216471512295,3.022771072789166,5.477376729474478,2
2.2279955326718444,4.989745478967989,2.294854070041071,2.7846319305657317,1.7792052334432762,3.757889883158895,4
1.6992714314336892,3.0688024369339146,3.58666482647028,1.8543658467483413,2.336607145545941,1.2639209020353759,5
2.756494242246454,2.154675468782496,4.508699388946774,1.4198038008670828,2.8751163106451343,1.5643960982139486,3
2.7132331530482343,1.851731750193309,4.375111230108258,1.2147891565219306,2.630982138869344,1.1521056669317287,5
3.9792162625700866,1.5554589435038109,5.528486334898794,1.9538332129162417,3.6779877215545467,2.4215776558633006,1
1.8053304864468365,2.7399077256245348,3.3536193253558912,1.0102807771126667,1.6687313126227021,1.391987671034697,3
2.552153082295524,4.9834117206987765,2.2741351044449427,2.966435200785552,1.7000028866406809,3.7920504199407556,4
2.1222025932149426,4.79350836559645,1.8346482660049304,2.613745770376357,1.0404238505557706,3.5314251740614617,4
2.548229020493663,3.3958095722910278,3.916026027250285,2.1233316896132077,2.628562335447672,2.431174451059699,3
3.682725932049971,1.991287332812978,5.592588694924974,2.6241725666100812,4.058307097363543,1.748477120602469,5
3.8139508577903456,2.0475604477184177,5.602400008266755,2.762755170229998,4.071626047214835,1.85756255800463,5
2.496802365663222,4.053908376350298,2.9467758933020263,2.2097477938105654,1.6534564395279816,3.0902710596900254,4
2.167725852209907,5.87217775256924,1.548182187826565,3.7067810865720303,2.2727775880266905,4.2621203452125895,2
3.0026722917410322,2.781437899159263,4.7934243171335655,2.457437966450893,3.4632099041327566,1.83199259454496,5
5.549358306598232,1.4904602794226862,7.3357990547726235,3.7301968245485746,5.515527873970689,3.27496419328342,1
3.1234442437906553,2.2912488082318445,4.586874973915061,1.9198326021059235,2.9503920998020052,1.8131962118757372,5
1.765349967785847,3.9065952112488893,2.676810576116343,2.1094835968614976,1.5052069527668104,2.472815323190504,4
4.655756072101638,1.0327290483201548,6.374713085693451,2.894065881584058,4.583301166394439,2.4694575070782654,1
1.1209068040540482,4.876693391295945,1.8153309910849957,3.000118246933159,1.8176013017231059,3.001408331051436,0
4.354869783808062,2.149630801267158,5.729211711663038,2.5772878964851142,3.9587644984013326,2.869882867085287,1
3.4550996620074312,2.745820239927128,4.877442849705867,1.959427801790017,3.2437628443753526,2.702165319991194,3
1.7608752598111495,2.867534476236882,3.4675066941892094,1.066866256415661,1.9015091534241488,1.5726144813775538,3
2.565305671146378,2.970965531482634,3.600023696733275,1.2832277830642198,1.8361795810116137,2.316848369987415,3
4.597228425231224,0.9395282631939494,6.369259993678173,2.8195920943006008,4.569111626389156,2.4051257816077736,1
4.1785930862859475,2.277089105824797,5.738775575172418,2.804206732961799,4.11384950009952,2.54975879088447,1
3.7753875560421735,1.982554418508905,5.577149275252896,2.7085534464330054,4.04549244872207,1.8178330264156346,5
3.2069536350213617,6.855456894758489,1.7592262582287101,4.752565092742824,3.0517137136859227,5.2217780121298585,2
1.8174602996235854,4.926867638825859,2.0499702382541956,2.9131556535920704,1.7712306155423494,3.3856673791973226,4
4.889170812626017,2.2208111227225715,6.645683122967951,3.6315614492020307,5.054888834851637,2.788153552076916,1
2.836408393778092,2.2471130775789123,4.560688808092429,1.5662482160182423,2.943702952262622,1.6532056824846013,3
3.878189787483952,1.770090694934498,5.541201881300885,2.3569412194717176,3.8608741825615893,2.1553836964633866,1
3.1396987518864528,2.7169248176481755,4.7587870645173185,2.5489035929134674,3.395534906689671,1.8267964051724006,5
5.054208559767759,1.7252480883432704,6.552709888982428,3.0932709025959078,4.708379636279391,3.1764101344051063,1
2.711893518678087,3.3687291290014123,3.867396636696503,2.2439538367326084,2.562392641191747,2.4077140589797006,3
4.779875620188431,1.4121432066207966,6.4493846969824125,3.0772598072764636,4.680775838674611,2.647950761423307,1
3.3005643958846616,2.2094890847232276,4.584472790779825,1.5114297653520694,2.765637834263342,2.207489854358558,3
3.202009655152186,2.2738383572580165,4.614510427040875,1.3884658178309808,2.8426227296720463,2.2596900185472615,3
2.4182048831506524,3.162871070384673,3.728146154391761,1.8947833906404747,2.29449860231217,2.076748915937673,3
1.755122022615241,3.9718168388084436,2.7658192664670063,2.140656829274426,1.6922996948420757,2.585593707219542,4
4.708454759162145,1.8478171095588216,6.525995566107213,3.39479210475044,4.903092640652732,2.49659730081611,1
2.005778367531711,4.491663588132593,3.4209331877103533,2.947740762417264,2.853322790682653,2.928912162602457,0
4.626032890629631,1.7352964218642566,6.491699421293533,3.296648336790985,4.867257102720766,2.43386646451341,1
1.9750059848781534,3.9819729245827262,2.7922582546545223,2.2741735685425946,1.6885005711649146,2.5886281455629594,4
4.557025286886175,0.7716696560916865,6.339456156496399,2.7578395983925206,4.537635095392805,2.3601641992405455,1
5.708344995508525,2.343259744138455,7.527460196891528,4.270081809619499,5.861512561640953,3.4567061033593247,1
1.3700772181069696,4.7871204831880725,1.665324751915359,2.661852475936511,1.3287232146181844,3.188099817826339,4
3.5642837889138534,1.5037087304480514,5.429223090065105,2.3993448542557574,3.82924385023389,1.2656109022242996,5
2.372067511544117,3.4323517504988565,3.8746205085462004,2.4624592265720655,2.777734583737168,2.0042435971373735,5
2.483213621053351,4.063446851949815,2.968728959196677,2.205181189373773,1.680160806967366,3.0676621180820733,4
2.0489498585605777,5.8758884173462,1.4427745274974884,3.9335213455193734,2.403909082894326,4.03429162396911,2
2.791434029969468,5.898331062672693,1.770757056814854,3.726299328872182,2.1605193073603615,4.543860863088933,2
1.72116543105558,3.884064863441807,2.6305985781733545,2.070982857812649,1.4397607526138159,2.4396152176344224,4
3.4737304971487544,2.7776296793835793,4.890153061283433,1.9953638527020687,3.270358953650607,2.7276591685691285,3
1.7528484151789165,4.189337519685594,2.980973346628597,2.6832576095014278,2.303843344785819,2.498662967790485,0
3.3647209754956604,6.780081079598808,1.5483525178177402,4.571650453954321,2.750360597890067,5.335973772593984,2
2.2239258816710565,5.814065010659297,1.3066431713749274,3.6997410771725305,2.097751642526866,4.211000399338521,2
2.610790717621782,2.9897011779835707,3.6201164778437414,1.3546920425021747,1.8712369144127232,2.3473011201684253,3
2.3661162780152747,3.983570900957849,2.8362465136570645,2.0643274504653943,1.4795250182465596,3.002240828696789,4
1.7437760498980623,5.818860198167615,1.166428507539713,3.8044145595607852,2.268680929611765,3.9405298359283414,2
1.5659651061404347,4.786711854053413,1.6498265190772712,2.7342122574707384,1.3002556794725058,3.209408054123415,4
4.720753038034606,1.6285417830042732,6.501419123474011,3.0502125165406486,4.762919718675304,2.7429129872911067,1
2.2157504480353345,5.969591841313024,1.804261203835422,4.038256802074046,2.637540860072452,4.159509346439697,2
1.700656519759201,3.1159656862593055,3.6255076225045175,1.8808854336370884,2.402476710747785,1.3615446453828162,5
2.9002721140399172,2.059248623206966,4.464077249459992,1.563202002044847,2.7784530333001025,1.4679039245986838,5
4.86004512784061,1.7022311630897873,6.5105084769378365,3.2071462885919275,4.774734201895753,2.8131612342509826,1
4.691569751966183,1.3633015040808136,6.434888695700162,2.9770845271909336,4.671535745146236,2.6138982893378566,1
1.8421639721595275,3.9508028189097324,2.715253721053517,2.1790390924939094,1.6110121981522327,2.546485061301736,4
2.3836724170554424,3.9725406635363023,2.827345007951997,2.072830100907056,1.4382537639864923,2.986731200729609,4
3.7550841728981466,1.4382627933668668,5.447847007504747,2.1420178683680957,3.7134774769948034,1.8691201030698692,1
1.3756595883165441,3.831115315104605,2.5729896905130776,1.849250233519462,1.3400480800481656,2.339294014817859,4
2.915868390918217,2.701104715846066,4.752850298443554,2.353157929860524,3.408766564872557,1.7529273617645935,5
1.7835943538618213,5.81308307614121,1.1484499704943814,3.8139141883819403,2.2516045312179345,3.9384212902244413,2
1.8431965564822732,3.9435582023643585,2.7101577559092784,2.175770854504906,1.5918393946438454,2.5382684101756787,4
2.3767300630204313,3.951073069295153,2.8205111625426116,2.05453052458162,1.3784513119245387,2.937765089214207,4
1.4040493021076865,5.057794921269597,2.249338774800671,3.170306002952205,2.2914675417293684,3.2699591740832554,0
4.609634808560769,1.5499483212748657,6.451095118962581,3.252119200033443,4.798570122848286,2.3025126633449093,1
4.095421801406705,1.5015996489687506,5.501916013685284,2.0980210943914344,3.636720949261932,2.439442900387749,1
2.343900499292688,6.000537409559657,1.8922224743826404,4.103108075605607,2.692682340666001,4.197913910965132,2
2.3701153905303523,4.101127340591444,3.0422724555892655,2.140279505817437,1.8103918778111274,3.1036461801411415,4
1.6653600254386765,4.1163749143486115,2.8725681741853246,2.608455009716114,2.158938351924562,2.3940542039481,0
1.37573767070321,4.010146355950185,2.7257825348345452,2.434948154457642,1.9514453524882562,2.2042917753918885,0
4.965324068855269,1.5766828156905526,6.513502115948495,2.9663002275772246,4.66301942918128,3.1041410202215705,1
2.112649582364897,4.911057246774692,2.128554915515097,2.6762551578638822,1.5420259145052027,3.668771629566128,4
1.587263662238324,4.095218000367624,2.8638722397996443,2.5664970265476,2.1172958298346947,2.338013414404024,0
3.23914689195241,2.1192235813340052,4.53756808076831,1.3696259098631975,2.7003273157440653,2.14624308201197,3
1.004531599553321,4.0427397543906425,2.791699802456192,2.3263064205278994,2.053659779844742,2.227724879143933,0
2.4254376612270536,2.913912541516061,3.5768686219712635,1.0294973271295345,1.7678244145842483,2.2237117793329784,3
2.0137020211705225,4.839576959800451,1.9597713154161578,2.5816603102171523,1.2798052948058425,3.5712542144678237,4
2.214216456968539,3.3568591636922145,3.8433012906041153,2.3254580027297065,2.698771463572589,1.8555222573762264,5
2.5926762979212232,2.934889179098568,3.5782984300052227,1.292483023685887,1.7734624740691165,2.278457970868813,3
3.8244388035658883,2.2749829244428716,5.699161097497953,2.8257057393196363,4.212563807830884,2.106721159906928,5
2.5755167469189093,2.2180129320963933,4.494867534780742,1.873334649506758,3.027851437090545,0.7977880216391393,5
1.705029398362313,3.1158212279372637,3.6120041928783184,1.8830352853655257,2.3981992901317786,1.3510405735522413,5
2.735383580864529,2.049446318094003,4.463714612918968,1.3389024296572816,2.7938312103488228,1.4267456699182999,3
2.492253114780689,3.168930797220941,3.7280779228964303,1.9586513955020837,2.304320071711165,2.12582335583487,3
1.0227266157646564,3.694290454759803,2.3482374072504935,1.586431669272396,0.849892068419254,2.1128145640022646,4
2.0290095423049275,3.8471629864812003,2.666127965302215,1.7080389631023953,1.0798348265693514,2.774445189483038,4
4.070678744330897,1.5511022516809017,5.513322486708477,2.076329659020603,3.6622969689483282,2.4556860249514307,1
4.2933790312920594,1.9600908356568107,5.657030927239948,2.4564246630021853,3.8538274545952986,2.7462724625347623,1
1.7670654897760958,4.29400162647961,3.119771387614783,2.7421049862559856,2.505055542464876,2.656446022368538,0
2.372581126992124,2.940999887210395,3.5863741204134465,0.9691068531240983,1.8175434339337053,2.24246818182446,3
1.4427380318804166,4.194257659367021,3.000581915474369,2.5577781369213906,2.3374208526153817,2.466999090790167,0
3.078820468262,2.0196397565564337,4.5011974711507055,1.0303463993736799,2.634037453096756,2.011410105139895,3
3.8540030615719525,1.5296618072402717,5.4833317741140855,2.2756684118748787,3.7499759696711923,1.9598696967380713,1
3.278304592012738,2.1552527745854895,4.56038178930523,1.4514676189498328,2.7242238785293424,2.1855867653934324,3
2.742556986999361,2.346376439987986,4.568181593298259,2.0744579556259994,3.1200799652347366,1.1508188333570712,5
1.7871241191821021,5.915030850701271,1.5823172050592633,3.8642194738134483,2.5310066325478426,4.068280924200389,2
3.7012739021727965,1.1592345540960454,5.383408255742181,2.0192638607260136,3.6138579024047774,1.6977198849631354,1
2.2072176645542205,3.1264263635681395,3.675329713229322,1.6852489519658793,2.2658350684860404,2.0453454257938395,3
3.3132882287679957,2.2434793079989865,4.596449561256178,1.5460677178663056,2.7930764083919373,2.2537078547384484,3
1.340322807837602,4.992542103586352,2.0983750233703593,3.119400792395322,2.1231223334856955,3.157605999543347,0
3.200267597543155,7.013254989946457,2.164889475066849,5.031586430235151,3.493141191025029,5.227858955522885,2
3.5700006478842004,1.8185927878279227,5.534091372283938,2.473549818003093,3.9800076552572223,1.5705133622073109,5
4.0804164425337435,1.781915210920927,5.603198042602282,2.1461082649012058,3.7841388384334547,2.5739675682878698,1
4.869566797890207,1.2426969578043616,6.443943634034477,2.8033969710425017,4.560793206105486,2.9362289295985904,1
2.0513724405236857,5.727255334806556,0.8985285595702547,3.587358072058542,1.837448592974182,4.0822776835973755,2
1.672198426793666,4.044102900973172,2.8635010638573393,2.1386414410533074,1.878364934328362,2.6623098145724566,0
4.678587154067439,1.269854912009034,6.423688019340053,2.9487495072345022,4.648532580490656,2.5750060622696296,1
3.4803011588981256,2.8118780797077476,4.914405578768103,2.0181545642720407,3.3043767244989004,2.7690474368417872,3
1.4652604266241165,4.749896031262544,1.5727864230941087,2.675001363393809,1.163787914464214,3.14411372674926,4
2.8406523468501796,3.177002020120385,3.7770248434214846,1.7519356600686258,2.145282511696227,2.5666556408616175,3
1.3846162807196172,4.948436943602843,1.9748313159715791,3.109472956130727,2.0042908936534776,3.1280782943666456,0
4.74499379253239,1.9508095505634129,6.564469436502857,3.4472653535730844,4.94656823765136,2.5837180003373112,1
3.996142624590877,1.8079886987626426,5.570330451965012,2.4972148642512453,3.869472690277156,2.1852142396693863,1
0.8708442379960858,4.88953331244557,1.8314541753199247,2.9488939715649414,1.8708564848399571,3.0063092262591127,0
2.0880223320204054,3.1496606837809327,3.7153303023927156,1.5928176431423362,2.318977793140021,2.0152694877248396,3
2.8717477895175163,2.059599113628892,4.466344179488754,1.5256332407509656,2.7863192761452384,1.49229566294148,5
1.456826424873209,4.777769911188357,1.6663889801388498,2.6867976377408698,1.296537233887501,3.194025932081503,4
2.8141428012416148,3.14830176038058,3.770188529736491,1.702400470039992,2.1181497444963395,2.547513001187113,3
2.0922668299297755,5.808448607312197,1.319014108644683,3.6452065195004972,2.092796908036561,4.176207878806482,2
1.30493222016055,4.93987223909142,1.9781464494185046,3.0832640165268392,1.9812680973293395,3.0875013042898862,0
2.1068134486773165,3.832101474416161,2.638048063051715,1.7605333069488307,1.001239454124815,2.7857063098994694,4
3.0905515544793785,2.270969713907058,4.557181034638386,1.873727269878262,2.933932029637301,1.7992839250708308,5
2.235270825396706,3.9659660198601863,2.8258323142758215,1.952918175776352,1.4461867625566376,2.9568811924174243,4
2.643315671348532,2.433759806902367,4.616557967026744,2.018422822436847,3.2018346295766946,1.2207042742423746,5
2.8601858823563586,5.8994321287665645,1.786022253610766,3.760820290934418,2.165727749433529,4.5669077596502134,2
2.1207186313497126,3.2319082552073968,3.7223352107775955,2.2073316894034543,2.5264315160331323,1.6344986968695006,5
1.7652289703994373,4.230004695416861,3.065781981564098,2.708243674945862,2.3951422183217623,2.5652530509501825,0
2.9172697375850065,5.92827656375232,1.8446491173397268,3.805119319513488,2.2363682727178475,4.608746285319747,2
2.9630093167436007,6.916846269016713,1.8640321610209272,4.886600002956741,3.3082961641692865,5.095429502644774,2
2.3978190691441004,5.073351272048693,2.487302001904168,2.92592249233879,2.00472792719767,3.865794580522123,4
2.1394763018323415,3.8487788137852252,2.649713112379531,1.7985636480715659,1.055795909369498,2.8096278587498853,4
3.0291015787965363,6.078026878295953,2.313424825760412,3.937247225285711,2.637737594529053,4.764262877577655,2
4.129192105005847,1.689677223077995,5.55391074258839,2.187355073382741,3.721053816650747,2.5426255133131583,1
3.58089647881258,1.752070113137309,5.511925765267119,2.4693974838249746,3.9442169716997446,1.4933227187230473,5
2.4947724342684876,4.299321738179042,3.234330306174274,2.7561187559797418,2.3459014875198325,3.033370428026008,4
2.2391426852286407,3.884465801595181,2.71584016555299,1.9032045015731862,1.1758068855096984,2.8585941227288334,4
0.9491895356428387,3.956835596354543,2.6737907586631464,2.262849410321457,1.861710221921988,2.0685966511094818,0
3.951257010059835,1.3607938878187449,5.471531565031502,1.8670137268020217,3.5927213300527905,2.3126757395432507,1
1.8810525948905035,4.874742829425333,1.9054934702222686,2.9139111832958573,1.5866952016972715,3.3492627507899098,4
0.886605983514799,3.898361945173899,2.566879349999823,2.2124490172953593,1.718972301435445,1.9921201182388266,0
3.7721919495873912,1.285178752486031,5.4173549872168865,2.1309134675888775,3.6524871910799517,1.7842297379186427,1
1.9359343201163626,3.1576302181474705,3.6420164439173632,2.0504462744782193,2.4358208197766595,1.4764566778511592,5
3.063045576234021,1.9082271184468604,4.449701254584594,0.9222771815717248,2.544921342560169,1.9186487275900344,3
2.662446535778599,3.5986876492859756,4.113336409646154,2.3152197318036554,2.9096016899791146,2.6548648705244435,3
3.2719800227332283,6.768064421435226,1.5006505387697608,4.519196163396234,2.734486479949035,5.320107036244109,2
4.20685180020038,1.8012201571987003,5.591001897670744,2.311093000883333,3.773673239000916,2.628640882887663,1
2.3179887671858266,4.42672994746489,3.3833666815086936,2.7108958725829777,2.6247206081668435,3.2039012278130357,0
2.3124470245151874,4.047873838843183,2.9317558420053453,2.0646591654164848,1.6626381445073481,3.0454413223093426,4
2.1499834101306536,3.260936437497591,3.741355627264065,2.2397399353401712,2.5644920184713738,1.7127596293662042,5
2.7109003201046495,2.040688379635758,4.45667744290647,1.3031945809316305,2.783499135503645,1.4011196115368487,3
1.8317087684587872,3.0829983060078985,3.584739809250408,1.947262374366477,2.336779282837272,1.3171727625955638,5
4.648196180151602,1.7932049377323847,6.517280874912344,3.3289189766142644,4.887025592589703,2.4345135456071594,1
3.5656441442994136,1.091663148170884,5.376247453884063,1.831906401292236,3.608142804489749,1.598058464008194,1
3.7111688020164793,2.2212966489748456,5.682149963789277,2.708120172480042,4.189146255394934,1.9898204286577945,5
3.6492847950113445,1.6947087369781066,5.488677712439821,2.524573367574044,3.9071993632153315,1.4724112146680097,5
2.0946494338181147,4.790379795919528,1.8047971543616452,2.597355764687555,1.0169535334119615,3.5259222283492266,4
2.8812346623793927,3.1965934602326556,3.791832015903833,1.807519722286686,2.1723350177368754,2.6130645599633877,3
3.798862448044225,1.8197532964999938,5.563769379827771,2.279352121649096,3.8972894850130166,2.1535573719262047,1
3.29293363780289,2.946993007475397,4.954279937661354,2.34846336179688,3.525993796542683,2.517306518146783,3
2.8066727108425575,3.1572984886279922,3.748499102778883,1.699117493786485,2.1241563770972647,2.57112921873292,3
1.5321832203993846,4.974217175409075,2.0497221303311064,3.1690093620682154,2.064932039886981,3.16519399399295,0
1.7078342036066858,3.0145307761385562,3.5276023815504205,1.8321834194481479,2.249785940647491,1.1715086691761165,5
1.6260237024739668,4.808894030824192,1.7399289625027008,2.7690498483059227,1.3955842360147133,3.2411884711543903,4
2.2571452038807225,4.8703413697653986,2.0002946782867905,2.7320507438948676,1.3585281279907637,3.645374706501122,4
2.8214085238654167,3.140750286224753,3.7658452186796483,1.7089898942470336,2.096750335261971,2.524012839674076,3
2.256315376946508,3.88339008407138,2.721290870674959,1.915951220433318,1.1722574556676912,2.8509937756582735,4
2.518806173896281,5.803714097053572,1.4387671268392999,3.5406660291852416,1.9097100186176164,4.429458083731706,2
2.059939235692264,4.8970228299229905,2.091548876823697,2.6406438851706593,1.4927423569100813,3.641739977487322,4
3.0141370102978464,1.872185929864264,4.434455942762494,0.7800636407910505,2.51895264193073,1.8718199786855807,3
1.8428593453298652,5.050315390614902,2.235439507568792,3.318473968171516,2.227821679900023,3.288341362332093,0
2.693157832276709,2.2702837218427394,4.516886328944397,2.002286350222014,3.056606149524797,0.9614186242807254,5
4.043100998150955,1.4401507410077001,5.497642976009552,2.0141042402791123,3.617247904221167,2.363758480346795,1
1.8499272640522861,2.750277868515102,3.3612620434454987,1.0733603051489173,1.6795911969905648,1.4151722806579554,3
2.8002886983620674,2.561679601829605,4.691267169629999,2.2040813051200105,3.2992759953928115,1.4686743998742948,5
1.4389348738403578,5.006002830410729,2.114619046384531,3.1564958509989367,2.1471348259489016,3.203038544848441,0
1.9138240386089664,5.951700632509283,1.721665126252288,3.922904390745338,2.6170645625818985,4.126442724180952,2
2.6606341633176678,3.1360064445508145,3.746119687463127,1.5193646778709495,2.1072769901641513,2.490144616040285,3
2.364780016050748,5.8494964815816015,1.4601584119344517,3.776030782407067,2.190135496061608,4.264998658572133,2
2.3045031049463716,2.830356516383233,3.4997219619766757,0.7178865488893952,1.6274730512416271,2.1180625261673622,3
3.5699896798442556,1.6449490479458966,5.468291298998585,2.4343899734280225,3.8924094423780318,1.422520479565417,5
2.7436018160909392,6.683788768221148,0.8547457935174045,4.467676177071385,2.6560487529394567,4.992579903570285,2
2.5527576665266265,5.893756149036418,1.6680642017440397,3.88039201051085,2.2975556014303393,4.312767348912091,2
4.788590333938095,2.032638923255389,6.587709596062866,3.5026850683835233,4.978619437536255,2.6503986157934047,1
3.0527613551214188,2.242688430837794,4.543634144591778,1.8212882658044383,2.9113503046093445,1.7558418388631936,5
2.366570071711656,3.3944698759582512,3.870391903761405,2.4430148149975124,2.7318945482913244,1.933257293483354,5
2.8438714998118613,4.268575568982408,3.2223785180129636,2.5889462803370247,2.130619159143223,3.382178599504358,4
5.5297087326443926,2.031914337515184,7.431471757854461,4.054348231967471,5.747286111476127,3.2395537396035925,1
1.954710325578505,4.274390871521976,3.097367396722907,2.8169213094483805,2.4587474427804956,2.6716779254701755,0
1.6631177653037517,4.078191175526911,2.8394160393914585,2.5892866827394374,2.0802846254909846,2.344860298612843,0
2.592544435657303,2.2831892988360494,4.530561057516893,1.9131144341155257,3.0825542671305985,0.9709786323848129,5
1.9905416634491955,3.1261362834785884,3.6173975471780127,2.0693053790592426,2.391049922632108,1.464137408224858,5
2.2719661960219946,3.9860077429182135,2.8410818710402186,1.9936231449921447,1.4983014153095242,2.9893496358665113,4
3.2657101688391506,6.823621154667376,1.7364434273259397,4.542623097832595,2.8849699725734297,5.378355400583661,2
1.3827856818082906,4.123792545056819,2.9006362257193854,2.4970707072198426,2.203579836877367,2.3938565224015695,0
2.1810705567066058,4.8249884667406535,1.8878558100819272,2.664586338563983,1.1699727535932165,3.571102148896425,4
3.4339210352486953,3.1335390614341625,5.063526039297559,2.5543517613108033,3.682990106768397,2.7031609157219583,3
2.3853680474556174,4.9163756920617505,2.117633884686448,2.832376874564919,1.5026328283981807,3.708491834015426,4
0.9928722205166344,4.871305764298658,1.8030836285643619,2.9656931587130453,1.8136603064163546,2.983713716088568,0
2.7168128476895888,1.8296889026168062,4.370343993026171,1.2069521016740958,2.618877002996412,1.1207208538433149,5
1.474864208282108,3.762111196270155,2.4525985924857077,1.8574364424133436,1.072844811302028,2.256790926361637,4
3.918651669302667,1.720310333205409,5.528200503919302,2.392963555173398,3.8270889551273855,2.1252502119825114,1
4.03610976328844,1.389344168233542,5.477109720897815,1.9926244907328394,3.5954433020919416,2.3658540994875525,1
3.3074228065221383,2.224066065846955,4.599864466603556,1.5287788708036807,2.780538115038988,2.2314042226727326,3
2.0754592960614135,3.1802542869497716,3.6624666487390867,2.1515854015291818,2.45896798081987,1.5865837486690646,5
2.236710916745881,6.021361394547288,1.9155510617487757,4.0705331710827695,2.755176779527977,4.228724972328392,2
2.791832078633067,5.909168116710074,1.803516938171399,3.7322729886791928,2.192415006290735,4.567438075431204,2
5.862145200361013,1.8751098735165186,7.452663078405322,3.8332677748878043,5.5665907305927025,3.7688561749866976,1
1.3077683773168058,4.05880617534867,2.8191420879617985,2.434605823494785,2.073080220109111,2.2630015067624214,0
1.6967093756055136,3.038341967793959,3.5518005779577773,1.8382262209511155,2.2851779799914116,1.1983701107071103,5
1.3036452117464914,4.146286306099012,2.9245233372487385,2.479988656080003,2.2513708115544664,2.4033769534288485,0
1.5210367103413058,5.099462861910848,2.3649942708612084,3.2294809564707774,2.3803571983930714,3.3138456150159046,0
4.796049353127594,2.0424127807846326,6.584493462924762,3.5117287102965467,4.9792912561785645,2.644307452999018,1
2.693303676647524,5.829413738381457,1.5711161768456108,3.641399451438619,1.9666199704686236,4.46288805092125,2
3.6313409041141296,1.065267029179781,5.372284067727307,1.9149349798832185,3.5887440048154495,1.5817275552535828,1
1.858194500607845,5.100085108105772,2.329466600560725,3.3486512285884884,2.3432606282156088,3.3415955360521794,0
2.44899680627191,4.23827581703775,3.2130481874679466,2.2795012488675854,2.1256326310788243,3.273697255682208,4
3.567332256089175,6.899200933604285,1.9824485545538655,4.73019747228866,3.0330914030419707,5.48035999780572,2
3.1249670670916894,1.9650381946956772,4.474225524602656,1.0903051695608812,2.5797316251984714,1.9768780575829514,3
2.9061993522733442,3.2220961115723203,3.8338646843664157,1.8476015723793207,2.218955833623208,2.61560040404155,3
1.746571525326006,2.7667484467782977,3.3845250527441038,0.9610005794443991,1.7296980473344237,1.424785222500726,3
3.351774948220349,2.288603535652037,4.627832469126717,1.621411607065403,2.8330815032374073,2.3115359706562804,3
4.123455104916958,1.8559359725744007,5.629832601025271,2.2213953152296155,3.81805684318512,2.624890670542598,1
3.3891749597161533,2.439500235119812,4.697706835752611,1.7404016196839318,2.960815126488204,2.421201933984295,3
1.685006892028552,4.257969471486056,3.096551821999486,2.6894300203683645,2.446490686062027,2.6000775532442666,0
5.664979223107702,1.8036382813696652,7.398863406505077,3.889914693345995,5.602139927004594,3.432531726074181,1
3.278886590171521,2.141257570335626,4.552806812281739,1.4460484924304027,2.7095676666702033,2.145390375013013,3
3.107886807450758,2.1336447211904406,4.557859275720532,1.1545936204048883,2.730466344435025,2.1010722006626956,3
4.60450846579107,1.5474066074263182,6.449558857383474,3.246947900551369,4.7976689525192215,2.302937329108697,1
3.0549857800694538,2.63663626580256,4.707377798534144,2.450370642826461,3.330080709703894,1.6910395525102702,5
1.961202751388272,3.1841994471853345,3.681678158585558,2.0807812289351157,2.47441340525281,1.5311385248665597,5
4.10755195982051,1.6866038364684741,5.551726414246923,2.1575419957625908,3.724164747354348,2.5445431251206494,1
2.332294160846347,2.8152208227148403,3.491794686494634,0.7613494279117674,1.5912576035425547,2.0968833504142226,3
2.764201420762757,2.0676644085119404,4.485145129333282,1.3904638749518161,2.8041535824212174,1.4240924712121212,3
2.7964591063148143,1.9270953303741931,4.403893833515017,1.3691745077297106,2.6819789782705223,1.2739819284825102,5
2.123635747353735,5.902444835851376,1.5350276289023166,3.97290044119927,2.4677639677990144,4.081884846653847,2
3.5971464435225466,1.938474120737271,5.564207964791256,2.5277182513854086,4.038802190357539,1.7070709819450482,5
3.6556822790242007,1.223067677527505,5.395709639832056,1.9749949746489235,3.639394985777165,1.6919174289840702,1
4.561015354764059,1.454887895519371,6.425422045686299,3.1909062462055737,4.769164534574549,2.226753224808454,1
0.80524260794795,3.9200044827554614,2.5982662468983984,2.203664545121438,1.7756214798603074,2.0218915762456424,0
1.6544810350333194,4.000779503328194,2.807898264487666,2.103681872667837,1.7712321484762923,2.5779690355282194,0
2.08918413844966,5.772979329332921,1.1440518210172534,3.6260757565007857,1.9797448979564465,4.135511698708421,2
2.1444242156895217,2.9961631249787133,3.5694508307167823,1.5523004257617963,2.059627250945241,1.8105158393467582,3
1.8836620934527313,3.8394803036010954,2.6516077910072795,1.5839935805019858,1.081015228940949,2.7575683296168245,4
1.7198632969909073,4.86374855529602,1.9068397143916371,2.837604477925904,1.5866086727573563,3.321869507152379,4
1.8762458741308912,4.87453595487261,1.8860374708582035,2.9102901297070014,1.5908083160690354,3.356831282732505,4
3.0541406315106885,2.961022703440112,4.90563125287098,2.563000567672148,3.627936908823537,2.104195489624124,5
2.6388275934100744,2.970253671314952,3.6142779747465434,1.3815846278581387,1.8263940589208578,2.314912310699625,3
2.2872747884957008,5.981708633619957,1.8044434468186477,4.071214951843322,2.653969820611724,4.178797629056914,2
2.6357482979270985,1.9182619083449575,4.412816293010453,1.1260953561229052,2.697839864610902,1.1982492492500663,3
3.9580714839184714,2.2488286586586987,5.694251744866519,2.9448737038932573,4.177159358484576,2.07798994637008,5
2.30152089571278,3.9321562105459322,2.767714201351062,1.9836397966658164,1.3197874474804299,2.9183679361316823,4
1.779719465922189,3.1245074627542713,3.626341846440607,1.9349786973897503,2.4041009080325897,1.3687277990222173,5
3.511129895967591,2.474139746973679,4.728110844816359,1.913200577891315,2.9796474331670186,2.482692437796541,3
2.822946292941269,3.12842118319733,3.754578970358536,1.702865650568989,2.0770644329680445,2.509246786685111,3
1.926830246901894,4.752406693606002,1.6968828587891767,2.4833230000127084,0.8466804651047478,3.4695909893770174,4
3.5506973216965814,1.6712684695464626,5.477597021462246,2.4195553930961835,3.9099052000416896,1.4483787971702173,5
1.6717520059207323,3.8751043498105955,2.6235521481059716,2.0377569353379212,1.42152832403596,2.418327364567862,4
1.6134969216575936,5.038515276625532,2.1794917506248215,3.2290843555419273,2.2160467040453633,3.2491472216003086,0
2.4644836278158166,3.130856888295542,3.6733008417493624,1.9156828592049782,2.239667688970462,2.0966506278029535,3
3.6409053106667404,1.6966470573089116,5.488648080861385,2.516666814141233,3.909200613451157,1.48238335577399,5
4.140953867820706,1.602197892222211,5.544647182008521,2.180894354950864,3.6828979195169564,2.490722741530182,1
4.159811508757264,1.6743729101385603,5.566624778539412,2.222715918058408,3.7147000405409223,2.5196736778968827,1
2.1624468063408613,3.2777158490771874,3.7554520005551977,2.2553112176788814,2.586282820226992,1.7056645549036407,5
3.0792773461176957,2.0939941085100893,4.540475738139357,1.0761270112992654,2.701104840281102,2.067302110165157,3
2.1327514069781315,4.7777647032122585,1.7707941703264665,2.610650597522335,0.9430056324945962,3.516336929767779,4
4.049439611100626,1.6171158632435996,5.545758670730798,2.063736387296831,3.700421527278711,2.4597802499611725,1
4.006069794559867,1.545739680334417,5.522809958607217,1.9860263613566644,3.674158979465793,2.441499637841875,1
3.404713839337868,6.822146189628152,1.6960629110078513,4.610805494837686,2.859032273644414,5.387678444100399,2
2.843100355821628,3.2156905394204407,3.8290089773628933,1.7739359975432156,2.2231273170380046,2.6066503122655447,3
4.09910154749091,1.5516778375317537,5.521538446773281,2.1158300969656407,3.658368184401592,2.452581535313906,1
1.4876584550334484,3.915006934886555,2.690400083085534,1.9628669495836004,1.5644010541446245,2.452734489476457,0
1.5164942156542833,4.998972636353262,2.12643843041731,3.1783217084483852,2.124160075224032,3.1809146431910746,0
3.5309435700996596,0.7825134481284254,5.319134036857759,1.733475216643348,3.5197773504763488,1.4123658400974366,1
3.2669265281266173,2.3664234980208136,4.670246480776247,1.5343191547557673,2.917927161295408,2.331531856040293,3
1.861790188888726,3.0838667985283834,3.598245090183577,1.966183045444359,2.3421711639896468,1.3276347635945258,5
3.423019422802343,6.8260257236269535,1.7488405189828422,4.621734552619417,2.8730348557346708,5.397909795517636,2
1.5741827034161138,4.105285778124013,2.8629870425288892,2.5653609867701475,2.139931037010125,2.375595323744711,0
4.022498484276833,1.360729382039306,5.47178600241893,1.9677170731840117,3.584917481464183,2.3442065771345346,1
2.234672598278813,4.880474990029878,2.0567044231715137,2.725666377815883,1.4071439813598476,3.6377091254956704,4
2.009247360315731,4.0438119819099825,2.861192119805392,2.329008209513438,1.8324508105374901,2.668656627696073,4
2.704257420956412,2.0250001169010874,4.453593949889246,1.285927986371715,2.7730813960308627,1.387066639984545,3
2.2441113428207116,3.968438690655208,2.8180867757585766,1.96138466558411,1.445977244621964,2.949438765052671,4
1.3944427543642455,3.9592502294418908,2.7458886269200846,1.942203972435061,1.6984646267744858,2.515793294791984,0
2.340066153273025,4.450759826201237,3.427976910796545,2.7388496467018686,2.660757382154913,3.2099620954642094,0
1.1846639735373539,4.894705974946143,1.8349395043059211,3.0258758204670406,1.8615574929423175,3.0366818721410826,0
3.125727659958453,2.4788334989009977,4.663307160757531,1.9952728873567405,3.1064761212779346,1.9989673738634224,3
1.980305101055743,4.936629711455059,2.039085551018771,2.989133072583691,1.7788513523951055,3.431473539604098,4
1.2765750212780178,3.736662822091555,2.4210839251293326,1.73654252383366,1.0062645369207945,2.196818496680968,4
3.283026086773214,6.914988076397086,1.9208226849858256,4.813634749380905,3.1886823844417007,5.304908090862555,2
1.5790450311575404,4.818784314405023,1.7386510697480184,2.7570038021347427,1.4258777916710907,3.2584874913201913,4
2.441607654530962,5.75841225877596,1.2663662781763463,3.4808453052268242,1.7576791680625412,4.3609213296529274,2
2.700603818380794,5.801618559199215,1.443583904055922,3.6310238916620015,1.8678628947228362,4.4340969519928715,2
4.643318036787165,1.75103509931092,6.498681402890827,3.31735425418159,4.868099473589034,2.4145675443361228,1
2.5747477159589085,3.095798869630177,3.7061338813363323,1.385771520659095,2.0527285119463774,2.453376654546052,3
2.248276204783606,4.065734165048049,2.984794832676509,2.0264739719581315,1.7321766301851695,3.046354748672426,4
1.0729427137432832,4.722881807444002,1.4861724553984923,2.527938338242045,1.0954855252814446,3.0988621292893095,0
1.9642115503743578,5.894434067608104,1.474628098243882,3.912646851193738,2.4575500727524977,4.057705732087234,2
2.250902016092526,5.005749782340502,2.335078417953917,2.8054346594256634,1.831792845366,3.7845299785288535,4
1.1555681417169386,4.88445233789474,1.8109503534908404,3.013085681933114,1.8322198096606503,3.010626750969238,0
3.087896000612375,2.4828460021640573,4.686407643731391,1.9533184762002855,3.1281935337094833,2.0173288290257663,3
5.730387859967026,1.587799443988978,7.381132777300261,3.652075135053528,5.480089533010117,3.622885363296729,1
1.5142478011329403,4.987787631968702,2.097299843356728,3.171827226507787,2.0946223001858852,3.1608378404699056,0
4.5724772900863835,0.7557401779794436,6.337522392553373,2.774651662904417,4.530769582020065,2.344004014358191,1
2.0987005704676513,4.054098026555133,2.9002488842883687,2.387243602312772,1.857280313247508,2.6948995573584087,4
4.041775335501349,2.6525720453555595,5.872766751240879,3.1220434259649696,4.4307408282127865,2.4750187035002393,5
2.561072487378277,4.100964453975654,3.0085367750533867,2.28396461610528,1.7768753073176695,3.1606702324120373,4
2.31746258768777,4.015242437054747,2.918346908412849,2.0483260963336307,1.5830444555126368,3.003480740232758,4
2.4952762583661454,2.9337312857438778,3.571189977222193,1.1553392003782215,1.7807158436544988,2.265596647439041,3
2.0730378072101177,4.302034976739135,3.214667352026744,2.5045596786885613,2.4044011579114146,3.0259596206912303,0
1.4948365535006263,4.148404931867025,2.916832077032377,2.553829315958937,2.2385979225829966,2.427445882265806,0
1.584760129124737,3.8038556290405703,2.499827922428207,1.9433546011180878,1.2077131626377762,2.3339077207526375,4
2.0330932581224284,5.338320381092174,2.846983532943258,3.5296602202972,2.873763111729321,3.663525652096714,0
1.9886360670213754,3.243880223270396,3.7108811199170324,2.1256353755199915,2.5553014577818245,1.6713978701589043,5
5.073732872156028,2.22320623199491,6.717128819314186,3.212214238401104,4.941235972539685,3.435670947352094,1
2.4918076184363454,4.051579274895897,2.9564687137373227,2.2052090502415664,1.6467976267360847,3.057367950989949,4
2.059194247267282,2.8372835346174896,3.436775651258623,1.3666336795818108,1.8070117845869715,1.5897937419272867,3
2.072870076758869,3.2700832095288708,3.762135723366487,2.1937510434754697,2.5876042804489923,1.6744126355212678,5
1.7226159591007282,4.064612604798862,2.8831831635268914,2.176551269345105,1.9248439464395268,2.7045587788056973,0
2.6397270253793694,2.203620680515517,4.487499760505707,1.927988893503042,3.010619010487113,0.8337588312769522,5
1.3377142293386162,4.119323818635276,2.891824821211853,2.4780102184015065,2.1942640911404636,2.3529169517149326,0
1.3111777869181058,4.937209040958771,1.9819622161072754,3.083326659505937,1.9783596553365046,3.0913758624637016,0
1.733161044612301,3.111008697661683,3.601669563617245,1.8968397313889556,2.3907779555510245,1.377307191804092,5
1.6347157917834705,3.8549958110372886,2.5854313766080055,2.00173769595277,1.3777486403704797,2.4081265835063332,4
4.048429364768951,2.0643963485556482,5.657114981135418,2.616493692156429,3.999144905006728,2.351048394110822,1
1.3973010734889266,3.8001085306125506,2.4920113331665377,1.8412709961144396,1.2138587927750109,2.305228426067349,4
2.071623814001906,3.2962991691512573,3.763330792606793,2.204293944863883,2.6229308426412237,1.7767527923244253,5
2.0836770634032136,3.3947728593226105,3.8670232530162796,2.257270741042364,2.766034274698717,1.8907050206766225,5
5.590475467847292,2.1069838091276285,7.455089772263087,4.1230127153101925,5.770891121466482,3.293272470929114,1
2.780704661164683,5.848102213282551,1.61022488040886,3.6956384764876984,2.008287194275244,4.500417433440541,2
2.0688303856981745,3.8363005311486598,2.645126720405082,1.7333865245162525,1.0212892190807772,2.7732185129564697,4
3.660974830989544,1.8819473458311828,5.552082012415011,2.576395898008071,4.003454667079909,1.6441170418059432,5
2.0052281438523636,5.8246632198624315,1.3846313659443357,3.618952361805424,2.1577362411558965,4.197764130676499,2
3.926993548604155,1.7684574610097998,5.544292490520435,2.4120426370723416,3.852301958564558,2.1290799455928218,1
1.5697464537156003,4.817290360308418,1.7907029752773973,2.752002424700928,1.4384920748850267,3.243596033113341,4
2.4468261645781535,3.2299096904468367,3.783846236691574,1.9531396566102728,2.3961260172193866,2.1542553546757843,3
2.5238400378372816,4.043375916115811,2.9475811902507325,2.2230240145418194,1.6300843346517224,3.061822369584053,4
3.006255818229028,2.4877675496746634,4.689638613220278,1.8665557635678656,3.141331141023354,1.9960524044112644,3
2.7875077349194086,2.04589613217703,4.47534452753083,1.41195795814145,2.7837140767730366,1.4105713114531657,5
2.49299330833002,5.792571099552656,1.405493890859934,3.523113894234347,1.8712186236504345,4.401958571865422,2
2.59354671149877,2.3722205840072337,4.5823234609493255,1.9500187693782294,3.154123108063289,1.108737741385484,5
4.847871542584783,1.6473197989771309,6.51388171471896,3.1863649366738427,4.757175535701555,2.761358556199025,1
2.224023207426077,3.3223506531658358,3.780854659537023,2.3135742449690877,2.648414821164539,1.849464518320379,5
2.7330570841662896,2.308445137075448,4.533744073119846,2.0527825751441338,3.08278739980128,1.0558852427180943,5
2.6966912903780282,3.1550335133161025,3.7758110893324712,1.574842767273416,2.1384637019378463,2.528149049008544,3
1.0691119715218194,4.012681851086222,2.730870957802391,2.329759986479759,1.9766023521084162,2.187618302374377,0
1.9415941040148945,5.781280970592229,1.2103087096190122,3.5728954263055774,2.032843935758756,4.137454477235667,2
2.4133702754078055,3.419397484603613,3.8762889385869546,2.481711407133954,2.7681494834076936,2.028566361538743,5
3.930929144831981,1.7062690725702,5.534660704043207,2.401749274738383,3.824691864386364,2.092114286561001,1
2.779095833506691,2.1698276872446574,4.531345788837048,1.4563000534887132,2.8906815588200785,1.5677985990479442,3
3.198271547421351,2.0581353695595563,4.511000804762989,1.2729783509494634,2.6505253677550518,2.089738226944913,3
4.900483790158291,1.2645967251577634,6.44769156038415,2.8421768707342787,4.565242210839658,2.9536037142816847,1
1.8237580930953854,4.931150394456294,2.026249137836355,2.9183522381772686,1.775445269995442,3.4045545907782553,4
3.3115814852625305,2.191061458906252,4.568178160372708,1.5177669380983385,2.7484511885965626,2.208748465425086,3
2.4937666884484315,4.22577122556441,3.194420555522019,2.304659327891436,2.0926400626144646,3.2661640123731455,4
2.9289496390774294,5.9744518802504665,2.038030777523104,3.835101741426263,2.3686011230399626,4.633651720645754,2
2.0525290482675436,4.774194901213023,1.7761214360964055,2.5645242783734927,0.9471820194380005,3.5042231219052686,4
2.483642846128764,4.962185485630599,2.207373802451789,2.9146003386111268,1.6384367417454078,3.766669993473719,4
5.805282568946438,2.2253268097381103,7.508234912804491,4.094982733436845,5.75142859857927,3.669829363517417,1
4.608875228789636,1.7460435392539868,6.503528394871653,3.283133958125265,4.872413783466091,2.3948343575018503,1
1.7533389354135467,4.127155864481718,2.8884494610722493,2.6525830985025816,2.175699498952723,2.429717608289774,0
3.5650776914141513,1.7085046384464118,5.499154812774751,2.443524883424975,3.9255808945934967,1.4410908577680275,5
3.794344336936977,1.7969062095704051,5.552081790878096,2.2704421460348816,3.880546372243767,2.126565646116953,1
2.704257420956412,2.0250001169010874,4.453593949889246,1.285927986371715,2.7730813960308627,1.387066639984545,3
2.3916544873273318,2.851011207942078,3.515097177256993,0.913597542483423,1.6503499618147928,2.1624678905339554,3
2.4076512115499957,6.029576198680525,1.9416179936885691,4.140362108432056,2.7585825588532673,4.251277697467254,2
4.647745098205898,1.920078198741299,6.559015188194737,3.3504650184306097,4.943352176323225,2.5235270077985517,1
3.7327746505584094,1.8696966752198043,5.5351438572583715,2.642571624080606,3.9876681343943408,1.704343395480381,5
3.760231130204629,1.4799172984945865,5.473281379651004,2.1557150158785463,3.7375757140750636,1.8729928869489312,1
2.125537298197228,4.815116936751496,1.8523193987715199,2.6281306213469056,1.1329344297885484,3.5623428720811843,4
1.4445618108778526,4.927658307534613,1.9250428863792635,3.1180754204854946,1.9382349927159033,3.0904340606999603,0
3.878638081987754,1.6520208044686895,5.5092466030600855,2.333112118420944,3.7961656671502357,2.0308219203987004,1
4.098748440923449,1.5019272975607991,5.5116541555136935,2.1019648629379315,3.63996265232886,2.4218836451376813,1
3.690323231372497,2.167555959410346,5.655326633444025,2.6751696919017167,4.157015931264811,1.9378452752487347,5
2.4307369243633556,4.934835389213397,2.1673136626344864,2.868843093905031,1.5614300383484785,3.731236302730215,4
5.830327923711741,1.7963864953094886,7.432996369708499,3.7883126722106772,5.540055349488037,3.7185891260711044,1
3.6820211656281736,2.643010695890334,4.806499444773748,2.181621482473707,3.1194963095665726,2.6959418378149635,3
3.5564855283478236,1.7342295421359895,5.506273983193948,2.440899171065081,3.938860566305628,1.4835271270999077,5
2.2438394807351725,4.031112457908416,2.904972401415226,1.9996581747713946,1.6344348171323981,3.0236648668147907,4
4.212894920485982,2.157038071888921,5.736792622193372,2.4151581473020425,3.9775044227077667,2.8299695259011783,1
2.8597907707598376,6.924407838787394,1.8899918254399326,4.84872582042639,3.3326006961709473,5.101324995513258,2
2.766613820476011,3.14326791478537,3.736419188730475,1.6468773111596426,2.1020430354753827,2.543382523174854,3
1.486486911671662,5.055427969162169,2.225136872457315,3.1959141228973826,2.2700208994150657,3.273345094798579,0
3.798573379559035,1.9647201108539367,5.578796051548201,2.7267829577928664,4.034716801098824,1.793810431864295,5
3.3860346639463477,2.6535162119623195,4.819229793900151,1.8296577535842373,3.16966804178255,2.627138680579538,3
2.450042573427513,5.752705051726134,1.2208159187238372,3.482035512185627,1.7323755966493266,4.361488834425078,2
1.839088957212037,3.051344073593977,3.56617642833617,1.9346540861026855,2.296755375579129,1.266812575552361,5
2.540111135092703,4.996425580272548,2.301100612666388,2.9642319201937557,1.7538805165233482,3.797261942409227,4
1.9234714809319648,4.749658898337305,1.7051803619400703,2.4797811858239154,0.8392123504185228,3.4693755309133683,4
1.930675280402219,4.900623904270846,1.9842141757957519,2.9500760230313587,1.6651093946169215,3.3645430507950014,4
2.795256660380466,1.9103769374825241,4.394933005258402,1.3592969215885142,2.6704049742160683,1.2881622289851253,5
2.6081839980598236,2.93414227856953,3.581252556362175,1.3147530448508,1.767733272751236,2.2878527872873184,3
1.2799253412169724,3.7920195045828113,2.4829301510987505,1.7752306627325765,1.2079851030628956,2.2805275261630125,4
2.716804906451553,5.814525363492471,1.4956382827594241,3.6455857289659397,1.9117760441935716,4.455935627239645,2
2.0782975327647573,5.177715303460121,2.608169353429051,3.159547146542645,2.422790682004323,3.717231771010861,0
3.7327671624504966,1.394118940009847,5.440498975708247,2.103609197430841,3.7023068345939705,1.8233539732880384,1
1.3348013992306935,4.762184699169692,1.5865615214713893,2.635269761576174,1.229216239144517,3.1632513593177976,4
2.360370451677927,4.0314172666298,2.8970490458639975,2.0891608164914994,1.6151936064236256,3.047262746962893,4
2.083504975455685,5.177875044533404,2.6059966603189184,3.1626916423103855,2.41925910185293,3.7199306315447247,0
3.7526036873163617,1.9069244828665102,5.551131949267262,2.6698861220832946,4.005991346744013,1.7266075422800635,5
1.4154674069970297,4.9533893017057595,2.009043164002045,3.1226126810071153,2.0138008631582784,3.130057641456852,0
1.7116084335497945,4.806349992843775,1.7076682115168098,2.8033486010091937,1.3635844154260133,3.2534444766744572,4
2.836396148929251,1.9597807374318263,4.430773881498981,1.438621775114234,2.706976640270761,1.3148681492478753,5
1.4100750377882172,4.060200105692407,2.7920466017387238,2.475388468685181,2.0552320003524045,2.288140653832684,0
2.7974681818972837,6.719359729364004,1.0705352212806187,4.507463237336086,2.744866315475017,5.04163078194486,2
4.102294244336957,7.756473184950975,2.1543455325231244,5.496534304671121,3.6900758109141005,6.255502835033493,2
3.8154701130329673,1.5382090198252627,5.469121607869737,2.2331883653389415,3.752596288098223,1.9669046562347468,1
1.9997100861921895,2.8430589805143267,3.455417465706235,1.3091516854604077,1.8287237723029952,1.5623510587373834,3
2.158528961686925,5.158953829909549,2.4916541775718515,3.496216939744858,2.466627414355173,3.4500545103493008,0
2.906526491984383,2.373705474752842,4.634005785091223,1.7056176778158332,3.050841940080847,1.8228001873818622,3
1.9987891280414756,3.790482272330233,2.5805347177848748,1.6419353147275964,0.836021954148999,2.7101631356619014,4
2.2385754382393794,2.9770923558319065,3.5614594419648142,1.6293066350622263,2.0201212311782544,1.7954520455486795,3
1.0269706048443008,3.952817448686596,2.650711254452972,2.284653797193687,1.8386878606887966,2.0753837750504087,0
1.6654139209431942,4.791702386355012,1.6940485155819252,2.777354288565069,1.3108371103928715,3.221232754012762,4
4.828506128503776,1.670242800739765,6.5180748691774335,3.1704998166413536,4.7667481562555,2.764940200812071,1
3.237530688672684,2.415789968858204,4.6963792290267286,1.5168013127789186,2.9657526569582195,2.3718833496655196,3
3.2703637145985427,2.168485391805364,4.565616425771731,1.4438935554090748,2.7380771758110334,2.170711374139269,3
3.748755523483811,2.043389675731339,5.60514775009217,2.6980498989247974,4.083336863773855,1.8813189674007142,5
3.562684724211742,0.9082484199829454,5.343007718167003,1.7969423849959956,3.549335375502938,1.4735703737863317,1
3.9962064990579016,2.3553289959331427,5.735332795544947,3.003534725683807,4.243388521643871,2.2110697953360368,5
3.5879061398604613,1.3069866973054731,5.42126428683189,1.9050545677135056,3.683120656611143,1.7288060726664207,1
1.6852456005425533,5.004126303377488,2.1078050431849733,3.2368940428185002,2.124010888674423,3.208275691886017,0
1.74375844745565,4.11047449929395,2.97784497535425,2.2154799821876114,2.034637681232547,2.7390905830266385,0
2.0718768685748623,3.9844204097901983,2.8553940424051785,1.836547408931652,1.537257586951751,2.9596217158056053,4
2.4321515754648892,4.911797129264961,2.118160220586015,2.8565574638275133,1.4796619070846155,3.6875189790342247,4
4.991029339920514,1.5259190853003166,6.501915425324479,2.9877225821631925,4.63972967586741,3.0779089503179473,1
4.160762788756315,1.6386622333095586,5.550479952098261,2.215236023625112,3.696559399040768,2.5276344991967243,1
3.1742482181800464,2.766766555845569,4.846777147716061,2.159112173996284,3.3731856502005546,2.3200920511046044,3
1.7011635182566942,2.794378127675319,3.4094113542029088,0.9323323322758028,1.7796914880524812,1.4335363499605536,3
1.0210357328358963,4.040652728240876,2.782907044055647,2.3296213341826495,2.0470854892033388,2.2126459868555557,0
1.9957818856166982,5.912676086870921,1.5847964560924785,3.93197913295421,2.5086887430636886,4.071681883448777,2
1.7933288262967115,2.7875395253095396,3.4102703597261033,1.0385918550497546,1.7582451410399083,1.434684197660766,3
1.7820682102441707,4.862899199555191,1.8717310017986244,2.864967022938059,1.5562930367077137,3.321976683008657,4
2.717391514712241,3.350824254859685,3.9327913094197657,1.719117600612488,2.4461202312354904,2.7365810786584266,3
1.339435808368665,3.808037962202975,2.516326595665845,1.8146554368992902,1.265560158772473,2.3196329922564765,4
3.5364574756897995,1.4939499788330475,5.428334950223915,2.368424810813876,3.829878881245776,1.2441033284540273,5
2.94217791863352,2.443670754361732,4.666552843533671,1.7779225664753373,3.1050198816368533,1.8976388420893038,3
2.220820177748177,4.9825645653775625,2.2831593723710233,2.777149158309843,1.7561920338462749,3.749140140482713,4
3.7868225576946384,1.5096424500905596,5.4724450493495755,2.194453111143587,3.743311416645044,1.8982850180179036,1
2.405913269340586,5.104263242360859,2.5441602879979497,2.946417308649962,2.092802946851927,3.90461053346758,4
2.673657827512637,2.255067438026705,4.515336470790771,1.9801829635770338,3.045451598421512,0.9322019578007802,5
3.762397420023968,1.2379034651784142,5.402985999625588,2.1097978368040953,3.635031141383547,1.7579453514309582,1
2.167216829473109,5.888757238392545,1.6372464632155777,3.713656669852207,2.3306727300418673,4.2801031818159,2
3.0698479447390947,2.747650736383184,4.774189716090156,2.500512615759253,3.430488858338382,1.853794021584308,5
3.2379243819297376,6.988331931196744,2.2337148081262908,4.826390651283548,3.375540847645482,5.372360820210589,2
1.0004579333105255,4.923985859737151,1.9387511174675307,2.9946700361351546,1.9668368481827827,3.0645872610664635,0
3.777616457829773,1.8630157686083626,5.59032561589146,2.268151426841562,3.9219486805899555,2.1524600701929524,1
2.596110100575566,3.1959800946831,3.8093855675148234,1.479293156163383,2.226574799646391,2.5555219488077143,3
1.6802436013253268,4.100314739955904,2.8607746186974516,2.6067343955483167,2.1285782710852246,2.3884047137464215,0
2.0865490599866994,3.8826032248818354,2.705528971844347,1.7779685792741045,1.206547126058278,2.8509392900883936,4
1.4559398418771932,4.735932976126789,1.507102381505153,2.663461530022938,1.0969216203862888,3.1405091181855034,4
3.925153388018496,1.7025097039974568,5.528236120206022,2.395146285877922,3.8200128991548277,2.0764850771824563,1
3.255332066149018,2.1099678218983993,4.5309443890300685,1.3930999471278755,2.685993967502512,2.145003581830938,3
1.3294857005983518,3.815328060900089,2.5258449942400896,1.8154175136985227,1.2841875731924879,2.3100595082741275,4
2.1954407222227212,3.962133874902474,2.8136463379682524,1.9168337283459782,1.4480939587965218,2.940857052518951,4
2.135240914777603,4.799411097480005,1.8376475081119694,2.624827907486078,1.060402193806016,3.544811018455345,4
1.752747761979316,4.2301639131277575,3.0735556254264678,2.7055322227575345,2.3872561851745537,2.541186296020667,0
2.964045815482684,6.827000422401049,1.6026445472283577,4.629548977674111,3.0076618366890826,5.171783619487025,2
4.04136916193539,1.5112385030094915,5.506705118595005,2.027923546694891,3.648036179164049,2.4307819519031146,1
3.9461634953402145,1.5576055953190122,5.532385807831626,1.906749613198689,3.6862999204893723,2.4125703073758986,1
3.27910083631315,2.219693439241517,4.5887106632341315,1.4842583458070056,2.7779244930604925,2.2295140634381094,3
1.7881747105665566,4.85774260438105,1.8808914351755912,2.8643497506447475,1.5465184061380928,3.3189116902538323,4
3.1648837465780892,6.759088989837791,1.4753401190883175,4.4622465629918855,2.726720065848492,5.294422500960809,2
1.6988172134040478,2.7190272474626935,3.348749274185924,0.8549471120822855,1.6471275618821375,1.325615511433508,3
2.1136884194944905,3.86235342705243,2.682709574528081,1.7880259983870028,1.1149869713216416,2.809761570586655,4
3.0583780689861495,2.2422077441699426,4.558812991528419,1.8273687419049565,2.9158177463113555,1.7532634889830858,5
1.8132136068493376,2.7998665987905786,3.421210406568488,1.0714384051822368,1.7801161648100021,1.4735838950875693,3
1.7018339994991276,3.8806794300121017,2.6446319065348676,2.057122228476962,1.4433897400853997,2.426245459922135,4
2.649313559955281,2.2310213555634992,4.499710052539156,1.9485476092629397,3.0273600662079434,0.8502158940287432,5
4.764410277159445,1.8170832477189756,6.558033043128655,3.127315448016487,4.8394095273912185,2.8465142058403092,1
1.7152370152802798,4.012579173015227,2.8189764054981277,2.140347895316437,1.807639830605769,2.631839570306229,0
2.4705758563988525,4.019098175462144,2.8918976090461492,2.166841314961533,1.5684109750972974,3.054452305624193,4
2.6439701840895475,6.110781489785655,2.3260600052055915,4.024975145596965,2.856936174401973,4.577853287402955,2
1.492473568843518,3.8670775733296994,2.621534707450787,1.9346085373576705,1.4286249801431776,2.402926233566185,4
1.938422614311187,2.9350251710589625,3.5189494827614496,1.307865841736658,1.9922635766478713,1.6965914848442312,3
2.2843126316343496,3.58535414136029,4.030823448569973,2.4724280971473775,3.0069155614417995,2.226267386994498,5
4.5824918018945615,1.474357495937089,6.430431936019831,3.214670679508806,4.773680875254376,2.2465832559069323,1
2.0875270396310492,4.801313955929838,1.8368623548889007,2.5984237379673836,1.088891627228654,3.5490692226665,4
1.4586412038123038,3.9690249576436343,2.7557349808812646,1.979497185591345,1.7200859564584077,2.5438511146418956,0
4.882883221194502,1.7103998817799628,6.531561701949498,3.23284098895636,4.779249559795693,2.8163047710851705,1
1.896935010513838,5.936569246102525,1.6854947125615496,3.9109718893435406,2.576121974533541,4.090822216098702,2
3.312787088504177,2.1720926998557863,4.574931110587764,1.5098498843232901,2.7390541046561188,2.1904186827366687,3
1.2387372579657416,4.934363137590717,1.934366526485758,3.0608021022307326,1.9708315559064562,3.0959661384959944,0
4.8556205944427715,1.933164841457417,6.597002359301197,3.243629492241036,4.879456448901484,2.932731911676738,1
3.9826655835730804,1.4256800114854156,5.484395572720692,1.9264478130431106,3.6163422081699994,2.352930853631536,1
2.7427984537324135,3.049436103025123,3.684177472652384,1.5615510822963352,1.9560572139015255,2.4330752658863615,3
2.781931023532796,2.025977310793804,4.4478883299670695,1.3951811962671123,2.7626063198009794,1.4182189053706065,3
4.146093563084326,1.6694241865637467,5.554752097586876,2.203792787661547,3.7109331282095943,2.5162575737159876,1
1.2023298699715357,3.9517214650643457,2.650587077114742,2.3401927166322634,1.8317551896402502,2.104015351199694,0
2.2087210051996204,3.025409525766722,3.5971069837894762,1.6268242405995248,2.1104775539619522,1.909467541573607,3
0.999468863400014,3.99709223001146,2.7294559793476756,2.2997568294061175,1.9510576890074722,2.132774561810796,0
1.3462211548075516,3.743194596265397,2.4267413612239253,1.7769572569375929,1.018385458555317,2.2181198066556096,4
1.936336179533016,5.061469507725724,2.340483342871619,3.0350228275493487,2.1440531175525748,3.5757359682811147,0
5.048715840586178,2.181580527230639,6.672049588160565,3.487427023776552,4.968605449189874,3.1216439570849213,1
2.5447900783352218,4.987014568624269,2.3004242373307573,2.962034252916906,1.7289102295908851,3.7913748482938416,4
3.6711138736928066,1.2857591091393654,5.4107905063869515,2.005031680261335,3.6656266162429696,1.7540833539979925,1
3.699907390125238,1.189931064832068,5.388797909269664,2.0226749865060842,3.625619205581836,1.7140486896995037,1
2.5826834615595904,1.7598040089012084,4.339985205990934,0.945249138566726,2.579089900770247,0.9619554391650812,3
3.078907349162591,1.9906209182690573,4.4928848801621735,1.0123042038194745,2.6108657270959115,1.978844673083986,3
2.1514109317608923,2.9830070801596027,3.5443620758044037,1.5480976547188388,2.0407827481154643,1.832900553082708,3
1.2753603341523227,3.9072107399472107,2.6731645482566937,1.850911816366124,1.5704552923427197,2.4362957582492446,0
2.4181970792663297,4.896404546872548,2.0805750900225326,2.839258761327005,1.4306984197400026,3.6807622511905524,4
1.534161682577874,3.8260565012415246,2.5507762571405963,1.9313597395477184,1.2877281661386948,2.3488922820290328,4
2.3612334095572964,3.3941417703352847,3.8724461167202073,2.4389431954796255,2.7342803513365337,1.9416307441143592,5
5.29028769202505,2.3012958410705133,6.743971974109569,3.460165208867499,4.951744663632324,3.5239693543326918,1
3.18136905489286,2.006889804419215,4.4950821155373335,1.2186518264102628,2.6074820779415253,2.0148845819783237,3
2.7194310077197756,2.3685366865820896,4.568245238842044,2.060821723950559,3.1385140220516483,1.1603567920805746,5
1.3288040606472808,4.959718909460116,1.9973862154836335,3.099162144117673,2.0337177367261505,3.1245717206895227,0
1.5966423749464687,3.822887276555359,2.5232944718636228,1.9623881013596804,1.2658157770596539,2.362033338394258,4
2.769411211078552,6.891187688617331,1.7565338638636947,4.797315140365707,3.2645951562891447,5.05759911262697,2
1.5102659843936528,4.754341544089837,1.5797717809787388,2.6943387002369508,1.1772122037182593,3.1557058553187045,4
2.329849153146422,4.8720430661734655,2.0062103832334834,2.7757338337057442,1.3425375600905396,3.6530510829428424,4
1.693471054715354,4.857721421813521,1.8402923981683257,2.823895354479435,1.5523427042130558,3.307323178858585,4
1.9687534467886547,3.13459460080789,3.628839753156835,2.0592738445570142,2.4066426699606285,1.4819958168117464,5
3.019528086495088,2.6435864368066966,4.711789433199848,2.4227142014543883,3.3385784803615657,1.6516805099214653,5
4.647745098205898,1.920078198741299,6.559015188194737,3.3504650184306097,4.943352176323225,2.5235270077985517,1
3.1517171236139303,2.09738129379228,4.530903561492668,1.2142852932237451,2.688176293227844,2.090618791111916,3
4.646707119200908,1.1542729778892715,6.392127400394352,2.899656669645989,4.613497782256114,2.508699767635983,1
2.5479861736105183,3.043088328588855,3.664808469451137,1.3134652442870918,1.9663677313148147,2.382963026890707,3
4.530833751518416,0.9508818927572279,6.367676505836388,2.746590602676061,4.578528514127401,2.4022673951548006,1
2.2837579563495063,4.398605992057279,3.362099223798559,2.6767453299099553,2.577741449673591,3.1623968382700376,0
2.7005371081805314,5.037572843239441,2.3915614012014683,3.0806709088932425,1.8586107190136585,3.877352473571359,4
2.17500680429217,3.8660664166731844,2.670581875522323,1.8382440387309125,1.1177336080818976,2.8339712219507165,4
2.1663189447493068,5.217707882814367,2.6733160253916064,3.2208468709904494,2.502701992347534,3.77654888373154,0
3.6215884448720517,1.0218803505473026,5.359475177410966,1.894562567941505,3.574575238844729,1.5535970536502914,1
3.7191662905515357,1.4654573921908638,5.452241257616339,2.1037826764366026,3.730409616532944,1.880242355646775,1
2.8116975432792954,2.3994573809953343,4.594536018154736,2.157177694263123,3.1524936006030946,1.225931629705772,5
4.530779742117334,1.0123919007083786,6.376621915435837,2.753262120341036,4.593407517509549,2.4207204933988042,1
2.721612401139908,3.121599681042785,3.7458129977252597,1.5794194136933042,2.088221034805534,2.5133254017826956,3
1.6369162272405093,3.8599601487275854,2.595840180663589,2.0059417430513,1.394497836993214,2.4163063178239077,4
2.9915197323956986,5.991187564084126,2.0427648634837574,3.87470547064643,2.4089626325801117,4.687601163745243,2
2.7714408284114818,2.033523174595177,4.4588544263489815,1.3832769222571877,2.7747033997617088,1.4328078597912652,3
2.216623189635093,3.0233437485270582,3.576986609947345,1.6339990858040518,2.095689739702167,1.8925463402826743,3
2.0283733188791477,4.2738108150233876,3.1319620925827967,2.8544908260536004,2.447914538973181,2.626176064563122,0
2.8500543285987945,2.357679858539207,4.570184871218247,2.174875114922458,3.1173476969026885,1.199920008001579,5
2.30448156296683,3.9141323590370933,2.765405565902181,1.9745611672022914,1.2691273824563205,2.8929960982960545,4
6.094145264133285,2.578824369978725,7.662746357058318,4.19459983688266,5.841264026535503,4.134650248768033,1
2.8907120244821116,2.091961963317055,4.491750228064309,1.5651580314362112,2.811536223790431,1.5288957504094969,5
5.032856329738559,1.651918452373422,6.540234844902511,3.0553934392805755,4.686860336168292,3.1562617556811947,1
1.1395538857717395,4.0946330667773285,2.8669116616296706,2.396562872689908,2.157593830478128,2.3161814201628235,0
3.087486445563614,6.014211070556969,2.103093449438879,3.9374313578967612,2.453135707964284,4.7090255528697345,2
1.2690802915902353,4.904810949429176,1.8696822444906427,3.0535417913015213,1.8898374610596198,3.050641001093819,0
1.481771411940344,4.989375850905268,2.064658417032319,3.160456708542781,2.103624934521551,3.1836593431624025,0
4.594756338581726,1.5278466739544094,6.446248915312722,3.234441053540693,4.7923043748702545,2.2856421854305307,1
3.4643678038659957,2.417356682304074,4.696182437849731,1.8274045436931672,2.937747487613884,2.415492980853371,3
2.112461202960945,3.872434324326429,2.6973837886474623,1.7912319079307697,1.1674125554233032,2.824080069704877,4
2.1338942287395883,5.86862886339408,1.5850537927350454,3.690769310383385,2.2777477514413023,4.2525772453767114,2
2.1954965428612234,3.2907181527862446,3.764492697954681,2.281421330630214,2.6054032861362426,1.7437481900192624,5
3.9292668700673374,1.9097564872574977,5.5858304644298755,2.4478817878324586,3.9266661029882566,2.2471226240879414,1
3.860254659238774,2.3288341537369064,5.72283654526032,2.8738277654679414,4.237646749730597,2.1157539688454015,5
1.941177409265297,4.943278883542676,2.0553619190886594,2.975130628826328,1.8036651508557913,3.433962837361211,4
2.812150698466743,5.934297326454419,1.9064956668588726,3.7548163722917387,2.2684503453465448,4.580770952047733,2
2.1169584376894854,4.771925550991646,1.7604194313570767,2.598205037304906,0.9185743160981708,3.5093402442718786,4
3.343060102455435,2.284832281706529,4.613532150323503,1.6067966988696778,2.827679599664835,2.312211672804653,3
2.324514084566079,3.2711534095759367,3.816858354614329,1.8722265727294858,2.468420256448144,2.1921273055895374,3
1.480938974053418,4.7564305870524795,1.5881604085410808,2.684795866862521,1.1878900803732255,3.152910719701945,4
0.7405116509464902,3.88730150783199,2.5591613157651394,2.1693707416622727,1.6998768849155113,1.9468657802706695,0
4.217305175519804,1.92947502787542,5.637367185108608,2.3588825812693766,3.8391527084890944,2.7114755838372835,1
1.693377130980013,3.086766416539583,3.593167581910697,1.8605665691289195,2.3586139861425806,1.281344282498832,5
2.3592294345804823,4.966189057361125,2.221082685658045,2.843319024173856,1.684394030788302,3.7529513483632773,4
2.6973729234620376,6.812036498828453,1.4122381377198803,4.732676692193948,3.082425742329439,4.959365347676178,2
3.6579067362506428,3.0577532655936768,5.059564848883859,2.322871999112846,3.5196114942029584,3.02003056767829,3
3.117509595418158,2.3761084538352852,4.619396845410652,1.9470945592406252,3.0173439976104057,1.8650343477526437,5
2.177416678670388,3.1536336214738263,3.696487813916859,1.673564193024794,2.3123761329316648,2.0653264840976866,3
1.3761038961323042,3.9976862078788087,2.7333696080628833,2.4295086935232693,1.9264663003443978,2.1751043593285577,0
2.166182625789731,5.7571615649172765,1.0469376917235496,3.648569967812074,1.9186769284677574,4.12826297849675,2
1.5224036166345634,3.923007064694704,2.710034135834669,1.9838633674959303,1.594545302576505,2.4694643927367963,0
2.598764505760657,2.9239003122859786,3.5747227067328837,1.2936442948340572,1.752573476539982,2.2639220746644964,3
2.214884285921607,4.300527138269667,3.23928198243953,2.5855946479365444,2.393732495395409,3.03708899812175,0
3.815533382024473,2.354727442635422,5.727656620582191,2.8379978465830886,4.261159461814426,2.1723329675331335,5
2.727591970502841,5.917966674082996,1.8354567913043858,3.7039905204189734,2.2284155823688914,4.56345512626136,2
3.980423517398933,1.259600015934699,5.443624387697062,1.8857540665867374,3.5484710138773474,2.2854980030206553,1
3.1565153093289458,1.988685604369745,4.478792261417669,1.1618897697144994,2.5961585341380493,2.0180861980060394,3
1.4269094823231248,4.061082168270227,2.795039594962859,2.482679532363495,2.0552029398197798,2.2885804575403097,0
2.7899016014452522,1.855200697016453,4.3807935472542265,1.3284974366145388,2.627534181182895,1.1738458071805993,5
3.9019835931680578,2.213807969396616,5.66032124249182,2.8845537619907375,4.157620263829457,2.062674491398607,5
2.188045140308025,5.413251598295748,2.974710638653793,3.628106919117755,3.0101846489461117,3.77191539478086,0
2.0640527350384477,3.4082221512184208,3.873247545502854,2.253807690598578,2.7782348814069575,1.9107491854551302,5
1.9174077392787199,5.262850962564025,2.6807787047158422,3.4474726805813374,2.7245376136735175,3.574701685475792,0
2.5773468706991074,2.9611294719577286,3.6000280224634125,1.2931087558494951,1.8187540041309729,2.3110825691672403,3
3.0868284792953813,6.812510348887146,1.554112953233185,4.677634093025974,2.957514429373988,5.176414308596136,2
3.554703967688549,1.588361444646086,5.449732122154195,2.406574350662185,3.8680308178526377,1.358054660740781,5
3.0436538323938196,2.6521128361839845,4.73434662924768,2.4469839830431233,3.3472357143262683,1.6676541360566268,5
2.841228698747528,2.5090355522658747,4.639874602472596,2.2219072725974836,3.240023880902243,1.4195942890041935,5
4.60566255866414,1.5478241235349126,6.444182994358354,3.248134323496676,4.795883420085165,2.298500733382637,1
2.408748691760051,4.196792447600399,3.1407791643226513,2.2271266161317786,2.02545140274652,3.23139102624391,4
2.1383774013038974,5.750139694721106,0.9998515442396134,3.6335863718652552,1.8996927501331429,4.121088564892952,2
2.706124344428389,1.8781152174609828,4.38142100929117,1.2149042671505494,2.6536144041941943,1.1874743397681846,5
3.0520117507354443,3.617305410998106,4.164217941097983,2.202451116329164,2.806885926515399,3.073314038762948,3
3.2141044697007164,6.9466715117429905,2.0720129550169255,4.796129921252781,3.2781403027129823,5.325451268913214,2
2.522159411762856,3.0750888401332874,3.7049743447589925,1.3026115415827608,2.0303733271705866,2.401741361536247,3
1.7238239020004877,3.0906500204086225,3.5857243194294233,1.8820390269501657,2.358049526854443,1.3279925940109971,5
1.475158334313524,3.824272271953204,2.5567821313401877,1.8985187413924367,1.2926101457338128,2.3295872698825226,4
2.1495117562160613,3.8854556376904394,2.711948932778792,1.830211346400069,1.202971833482323,2.840419143439807,4
5.722539430669508,1.9777555321632283,7.445792449899817,3.973156442232539,5.661399953739435,3.5139794468402363,1
2.433111134015848,3.1410117399599393,3.6812188786771394,1.8938386222173313,2.255845842137203,2.0652807907703687,3
2.005174512000002,3.061762716858084,3.6239863973427475,1.461373599463566,2.184956345498624,1.902049618982739,3
3.6280413122334347,2.708848662743661,4.855284857358521,2.1485946645760405,3.182963346382068,2.6852695248606437,3
4.831861756619295,1.543231148846842,6.483625168548135,3.1517021146612856,4.722244595345275,2.728849036868369,1
3.0796912522864437,2.4195673030150906,4.651022092474503,1.9195777016235878,3.0698841517120483,1.9096133017933938,5
1.6523090228544446,3.0460504170320535,3.5595937112181293,1.8121486446776074,2.307192370557504,1.2224794139727684,5
3.179323226721395,2.763699585936036,4.804189251795029,2.5976614852346036,3.4383932926883096,1.8604871994925631,5
4.0524453600218004,1.5345297498230013,5.5107333734072785,2.0484974802053015,3.6564288117133437,2.442455677053524,1
3.5838339501778296,0.9426325553696899,5.345165256934265,1.8309710139862179,3.556160150807881,1.521860212742467,1
2.876929147174709,6.742662612386466,1.2376068420446131,4.552083645781702,2.8035351710406395,5.077195662123546,2
1.4546814496968976,3.84082468837227,2.5623614006103628,1.898182379187394,1.3431244621388254,2.36735417403882,4
4.678975159377168,1.256158397410433,6.413897386768103,2.9487179940367825,4.638683865294009,2.5516768225462454,1
4.76473960268437,1.432631135161209,6.44680257073171,3.0649000801644304,4.685934208581395,2.6549944109502532,1
3.501515857181348,2.4667864409223097,4.708254106434204,1.8971303586182071,2.97022756097735,2.470422338761209,3
1.2193677629133757,4.6999235759778735,1.4123141421056302,2.560044824966627,0.9549671846007839,3.078041257553724,4
2.6815200905056966,5.2688845595362706,2.848074937974303,3.1913086019467087,2.469059004275156,4.115339656296318,4
2.416419348732718,4.0730119398306535,2.966911117356073,2.157461478324028,1.7245078570838137,3.1126315558437114,4
1.3752074399030867,4.0214255876953375,2.748650900258769,2.441115193121936,1.9784384627233849,2.238009573099537,0
2.5098872324848083,2.8876913011443834,3.536640441649815,1.1401985999043525,1.6931119941715376,2.2139516117484384,3
1.7825157855852403,3.908968336959022,2.664607366176344,2.1206379629288037,1.5050546916917316,2.489790323997477,4
1.943925163917693,2.891029775564847,3.48457703179536,1.2821104778573638,1.9193132814220597,1.6300120125037827,3
2.6843793532314,2.015669147218771,4.451236575330898,1.2518588414694263,2.7682555004124474,1.3392878713557377,3
2.3473195805156584,4.1175858526499605,3.045811768194724,2.132158433899707,1.8544334924462744,3.1457468933331523,4
1.1592291001429396,4.747023490957483,1.562585063423916,2.56869210473561,1.1927022740177151,3.1357057381243676,0
3.0295510290881285,2.902809012554175,4.869747356344394,2.5204058333971635,3.579712661427738,2.0229647890753566,5
4.018840112035959,1.549970208596911,5.524160228432289,2.007547041698264,3.6684341691262197,2.421809315586142,1
3.4150886625446915,2.3673727490617567,4.658417630020882,1.743574490980475,2.891209645181018,2.3868970074171667,3
2.9116498677847855,4.315577421997656,3.3202105996937856,2.66735559677502,2.218347211898035,3.3947148872690676,4
2.70478235205634,2.2611658700609687,4.51115548834308,2.0092516254939126,3.049315926929518,0.9928055764915716,5
1.6604333587055011,4.796529542678025,1.686318002772218,2.7770854230790856,1.3303956611906607,3.2240346604643073,4
2.629972441594496,5.074580408533387,2.462309581916586,3.06061706078757,1.961841890115165,3.886421421111759,4
2.6156953884575653,3.1354536923778835,3.753147398781181,1.463310741085273,2.1187514476495526,2.479481513497872,3
3.7464441636123054,2.2335874398398277,5.684060052793885,2.743051230666928,4.19527346522176,2.03952249827667,5
2.441689941011653,2.880372632270015,3.5438267253144247,1.0270876690108284,1.6967527310970683,2.1792040736048897,3
1.846925984610036,3.0836455841515837,3.5761541804982113,1.9564984863869594,2.3363053535362046,1.3427510595498566,5
2.0811516051984364,3.956206720749008,2.814416608138852,1.825235345308703,1.4455974131627232,2.9101733657172537,4
3.226204179602412,3.5075053056338303,4.081237311717274,2.3172696376909356,2.6124816703147595,2.958863420483809,3
1.269706963659525,4.160239704231707,2.9652938211445803,2.475668392826358,2.286223930083885,2.406650807328402,0
1.3679642123921176,4.087197877461368,2.8359981879092317,2.472064110161974,2.123167110130186,2.3203885476286366,0
1.8508399032993417,4.854095689278147,1.8398293441722462,2.8883523017650496,1.524380130792044,3.328554894874881,4
4.331438948604224,2.0330466666190055,5.675713772525817,2.5217442255762044,3.885323294551306,2.8053484574350205,1
5.6469668561485955,2.185822891593415,7.47908447808,4.187292614758964,5.799171129970085,3.3447938096782535,1
2.435760904172691,3.291119756659857,3.8360943337953244,1.9733431330515192,2.4976108724161947,2.273745569368577,3
5.069506833040091,1.8406345940493154,6.597244211635194,3.130126859664275,4.760754930117502,3.2197057255665977,1
2.6014307288189014,5.7809138838,1.3373979522610628,3.5697516928571384,1.8146438869996722,4.408989397819086,2
4.655751143674274,1.7732681463123572,6.49796709244257,3.3324227584218327,4.875605785887344,2.4556327627872943,1
1.4445618108778526,4.927658307534613,1.9250428863792635,3.1180754204854946,1.9382349927159033,3.0904340606999603,0
1.9088321320814645,3.79997013771108,2.5847266879062842,1.5739534556032557,0.9046003802371001,2.7268009786259437,4
2.8715643182177435,2.010829153867035,4.45135497684102,1.5054432186883244,2.7469930493149866,1.4184764649950043,5
2.0905022538202793,6.019801452579349,1.9695108242985995,4.016642419576555,2.771514468064533,4.204016626962153,2
1.8848662580695892,4.995789572011725,2.1982462073058575,2.97994007981626,1.9617465986193485,3.496751069238462,0
4.776365304195648,1.4608626706837073,6.454345859055304,3.081621730833076,4.694105141698715,2.666453659281581,1
2.7342602263985474,3.055199662719218,3.693489660315882,1.5553246080358458,1.9672788901654983,2.4253319970033296,3
1.2321116293871852,4.718928947199922,1.4529044872436236,2.575390980816923,1.0441564050224916,3.099448130392909,4
2.4540310436161716,4.216826169681998,3.1675918894067556,2.2728255456673923,2.063421043118682,3.254457072765726,4
5.027051500435772,2.011069880123566,6.637482035637924,3.1174994820787423,4.837968572042065,3.307223611130577,1
2.720603290116809,3.066909612729741,3.6813961448931387,1.5470472186051138,1.9788281049756598,2.438059027567793,3
2.67295877238695,5.080301966645117,2.493790345519113,3.086232051388195,1.9930712817631093,3.918149487356729,4
1.793588949497984,5.13857974666485,2.407685405831152,3.3410072601574647,2.4504823495838175,3.396709015874145,0
2.9455076774520683,6.817924381305269,1.5927904384857168,4.6174384790876895,2.9898097772619208,5.166934848178319,2
3.8232575579621124,1.9929217109941635,5.595537084802404,2.7582590969462113,4.045903588178871,1.8220876939178292,5
2.8382300278611137,5.161781546545979,2.6509829818110155,3.229396212877547,2.173222099455433,3.997513229137518,4
2.2342416001531187,3.911342691376691,2.7319067660540783,1.915542767943427,1.2677958472483157,2.894248472091508,4
1.8073372997452457,4.146661718501644,2.9219459527081106,2.6877039455774123,2.210174932254075,2.4705349961748753,0
2.191099109997448,3.1310698900303637,3.684290182256111,1.6717144239440342,2.279960207888784,2.031081285143806,3
1.663336213305401,4.1683099651466105,2.9659536799797497,2.6357990088657774,2.263517116212003,2.445355023053679,0
4.289544950275255,1.9644994405408687,5.662246946093861,2.4554915080661517,3.8519680466266224,2.72664022329031,1
5.041590649572065,2.1781870559918626,6.69915679230322,3.167268624820665,4.922227870448109,3.403040078434096,1
2.037263383676751,3.061129947304156,3.637559986094152,1.4910245382214813,2.1839404731263468,1.8748679245447792,3
1.4091739322702928,3.7937716470243825,2.5031533264246986,1.844076301091195,1.194881889129295,2.2893402343165583,4
3.906852091107642,1.0996843706742643,5.412432240084483,1.7440120440552023,3.4984131249799444,2.183170445076706,1
3.3056979743480714,2.461192407463796,4.717085871301669,1.6345041580608308,3.0011143827508193,2.454997523416659,3
2.664728694926547,1.9978456490756609,4.444576080527979,1.2131456384340316,2.757126455146238,1.312515332514617,3
3.874316837407012,2.294185393389465,5.712859691942767,2.8781509626621893,4.2156667660552545,2.085752805021665,5
2.352757892767163,2.8241495608765885,3.4928923501209073,0.8125306616462836,1.6030113321281323,2.1073685914891294,3
1.3546310198451867,4.76315917899843,1.608787712049204,2.6414026966966224,1.244996164816987,3.162672102545594,4
1.190117470137677,3.7102583747635114,2.3696553427335627,1.6753944667841578,0.8992633237371547,2.150594401712236,4
2.70098850657544,3.0906486278787857,3.7111046085603414,1.5344515410487543,2.0375720564839006,2.4738467578736247,3
1.584015328293447,2.9649766052982653,3.488256213435918,1.7265302495188792,2.1894729306983836,1.0248451438906494,5
5.1321449457440576,1.985871561073989,6.620347343664426,3.2268085050877997,4.8121933420702945,3.327567722498402,1
2.541344407095819,4.080247445066248,2.969825566995958,2.257692272570544,1.719265102265626,3.135299845701676,4
2.712199002938391,4.21825106613257,3.148124163474576,2.465524570054115,2.022677466415681,3.2858668436343677,4
1.9380074415359634,4.787343419653805,1.8111011370845886,2.5107384717876364,1.0439953043161754,3.503402121238487,4
3.7283171724713626,1.4416638872558203,5.458069892671224,2.109125849673958,3.7229537165342,1.8376125442072622,1
2.6530299301135805,5.80300057325702,1.4269179644854293,3.607246896519863,1.8794029255647624,4.430917307259706,2
2.8563610905291252,2.7266935662788194,4.776170344616117,2.313095896389116,3.436337201333455,1.7109453993435526,5
1.6966818928290446,5.821092620216641,1.1977812475768361,3.791025100387241,2.2812450487248657,3.9421074345333245,2
2.1845056460845136,4.885548392251475,2.038987795799285,2.700059390884467,1.432454322614693,3.6562509055640495,4
2.786722724311882,3.4267355695255786,3.99988161847818,1.8379483227370337,2.5533666791086618,2.8226055245655157,3
2.2328368611661706,5.946739223030777,1.6976675690026157,4.034231856036995,2.573474332993912,4.147636172214116,2
4.679229109036943,1.1884797585881839,6.398076591716095,2.9386261161555294,4.621358815999217,2.5414267475772454,1
3.676140574374329,1.8436080762299825,5.53806016279318,2.5833681213656927,3.9793170222141074,1.6079396668142896,5
4.704612505693584,1.8248594416408455,6.519509673746729,3.3868817993990064,4.89553888581951,2.5097422826489932,1
4.595977975839582,1.2969298720479996,6.4318998037995305,2.862779680409004,4.666332621964781,2.5531261422019655,1
2.0227555716651295,2.811830877315539,3.424255370555001,1.3114433407422867,1.7701682167582506,1.5251516664953924,3
2.9588059193864704,6.7454317036510965,1.2149325254571024,4.588852479633344,2.797929144285651,5.081878353404736,2
1.0734723326393971,3.724825052421726,2.401544645297101,1.631970140122779,0.9816005997089083,2.1669515570285696,4
4.702815149827545,1.8693789095600128,6.532404453071337,3.3936063123537785,4.911817377218574,2.5025961185662764,1
1.3100801995938094,4.130279797068927,2.904436403741537,2.4745292626527844,2.21651630632829,2.3859148588086785,0
5.6606095207611515,1.7684984241140038,7.392342033737198,3.8800238774865745,5.591337058823898,3.40778555796829,1
1.943776342201974,3.795639617813596,2.591605466197791,1.5991403010444747,0.8843041662081582,2.7124470970321184,4
3.8943825025333636,1.057885478320417,5.404743063638463,1.716397377011186,3.4861003124418803,2.1625892663533324,1
1.6844463791458129,4.865812445717496,1.8729671815121618,2.823580555193085,1.5913021539024497,3.3235787331445237,4
4.134901919001292,1.9425366103499306,5.659790731146675,2.259948898420097,3.8627106997721636,2.6720270431379127,1
5.98267540199078,2.5127481828892426,7.635333782146917,4.06849135367585,5.826798649406091,4.11101093992644,1
1.4832722061033978,4.089338323682196,2.8335328201371404,2.519198663811855,2.113067290199226,2.331789290585628,0
3.771156840837674,1.5093154578567194,5.461970912760281,2.1750143156761546,3.744300904321084,1.9277865052842766,1
1.4965611480587804,4.1796611923593145,2.9865331712557817,2.571941172519542,2.3031561431444576,2.4438136861616835,0
1.8209194751062698,3.118176592910785,3.614117033194639,1.9563086654096757,2.393347520405453,1.3778027213889017,5
1.6290204364041303,5.804531726848177,1.1002055561954278,3.7623659798864355,2.239042760159048,3.915976029844198,2
4.709232864670579,2.0313771319811793,6.573809967813271,3.42885743247572,4.981074745085014,2.6199948990951603,1
1.1384665882706453,3.70793604252644,2.3674534066827895,1.6486131153599868,0.9003608243537462,2.147564740478295,4
1.5001406716763561,4.8623737282043065,1.8795871583064663,2.750155458904,1.6034085082875627,3.3107556732238055,0
2.474039666158413,2.8918791388639633,3.5554488534262942,1.0878358444254141,1.7165159199260394,2.213577187888614,3
2.080091834990759,3.429932995933863,3.902384720696769,2.2720155621349263,2.8159450325759727,1.9605420908868805,5
2.998513526114571,3.4739302817701883,4.037347164513277,2.078252508865503,2.5965506071374795,2.9298990130986753,3
1.899576437618735,3.8215742780637108,2.6245603310214825,1.5836353046508018,1.00264798618453,2.743683031571749,4
1.814565112366384,4.103703115299534,2.9337200689417364,2.2505902730110954,1.9993015479520533,2.7436091480578186,0
4.975925067218387,1.9690629463355196,6.60191133913832,3.372160923706142,4.880642379760866,2.9916367701981557,1
2.747771307818464,5.837937978625459,1.5761123110099664,3.6736565636437875,1.9790935493542359,4.473297536919957,2
1.7236641856840906,4.007366880890426,2.7975209573541266,2.144303924471756,1.7776105987806612,2.604637977570173,0
1.4327613803616857,4.752550609705188,1.5758404961318297,2.665242732472039,1.1738851924085736,3.1489168545239115,4
1.8114173504486752,3.1339087752942016,3.6300640228257697,1.9578588434669022,2.4188899040988243,1.4082755928565522,5
1.4274095203205468,4.916060351168782,1.919272869624403,3.1074544424562442,1.908494684401267,3.069725121274557,0
1.419102688834576,3.991572208447081,2.6989307810779386,2.4425460239669508,1.9041628026817046,2.1848172082619652,0
0.9779468118100183,4.855712618385002,1.7574309448103314,2.954913463710511,1.762779821821045,2.9617273860849993,0
2.65152136859356,3.1962765880665835,3.7921453910338734,1.5474510568990023,2.2085732830443425,2.5771025508613916,3
2.0845399497589874,3.397406779658805,3.862649865819184,2.258468246587376,2.7704333860984467,1.9272113247577827,5
1.5396999957710673,4.1068354103013265,2.886533949022482,2.552544908334797,2.1482687314002438,2.3523611400367774,0
3.358987648732438,2.239691873938282,4.593677305681133,1.6090840518140042,2.7862729647722406,2.279689824483613,3
3.090109207247687,2.9932382043280947,4.93504964737947,2.6052440300247324,3.653232646561991,2.1309672165967415,5
3.7797816955852164,1.3150778790715132,5.416221161850927,2.1449191092015423,3.6621345541846186,1.7967528398955237,1
1.8110522493244932,4.851421300793599,1.84627291052018,2.8709269847304664,1.5152455213584393,3.3139098553070157,4
1.6220868665923533,3.914826333561166,2.6788548128731713,2.032526293851158,1.5506871688737953,2.4633578861627425,4
3.1094155438523257,2.422099186100954,4.661650445321825,1.9563917282249164,3.0644796767295026,1.906931509529285,5
1.3833675227808824,3.830140939029258,2.555199438867439,1.8537629918704595,1.322006043477219,2.3247881539662214,4
1.7984373812798664,4.840049740065315,1.8482324816762423,2.858920469754901,1.485988511623337,3.286212651959009,4
2.152928575934123,3.9128587958587233,2.7723973315935995,1.8529417830259243,1.2993744044544393,2.864190443632492,4
2.8861112106187092,2.4480455320924985,4.619897977828987,2.2382986809284655,3.189787865028599,1.3220657890688499,5
1.799813064819591,3.078132753504411,3.585962874859276,1.922498719760077,2.3404236980750914,1.3339299906711348,5
1.9287196805948554,2.908319329766718,3.509892015527863,1.2795899453364643,1.95225693524186,1.6431979625650013,3
2.5269403439621296,5.888054160092557,1.6524512451985338,3.866617184262996,2.2828219979781226,4.307694392167462,2
2.4863610641656995,2.942779321580277,3.5890168356148013,1.1472478299139348,1.8089118899352439,2.287009473520662,3
2.0954807558069435,3.201648427247355,3.6794184054130694,2.1745112494241776,2.4866542384664747,1.5932816093736877,5
3.473406627231092,1.5392179727914423,5.446722124775706,2.313978211158077,3.8566053298484473,1.249652824499163,5
4.686436515176437,1.8627747472134946,6.527376322325542,3.3765899422617456,4.910883965067234,2.5007237950951913,1
2.5194254810832644,4.070344208326925,2.952837254828092,2.234736038788466,1.695049546360805,3.1044585975135908,4
1.8385729345404083,4.215203836817622,3.0272070195674137,2.73668796095081,2.342994845511668,2.527467728769672,0
1.9204034167897466,4.746665481497021,1.7001366493680583,2.4760250134112947,0.8243358762586768,3.4613883023517302,4
1.765349967785847,3.9065952112488893,2.676810576116343,2.1094835968614976,1.5052069527668104,2.472815323190504,4
3.4691874026773952,2.7938011899725606,4.908166436463068,1.9961056869513554,3.2915704728267183,2.7488370318111732,3
2.8743488515388815,3.2333709825461123,3.8375608289299437,1.8197706677140786,2.239042510662468,2.6185228677109857,3
2.322277723638665,4.889680227967303,2.0679440749244744,2.7816097567774363,1.4138191093375547,3.64884741923036,4
2.3407379589159367,4.400073863224545,3.3019927036738768,3.0688326973266262,2.66290090000588,2.8462932446913043,0
2.5608065201856762,1.7300452932484782,4.3290309679358625,0.8848007701328645,2.560359113541436,0.9222819518503307,3
2.7610216371695007,6.73978212135487,1.2176510443744222,4.501568544759147,2.8077914508520854,5.060733104136594,2
5.670321465892161,1.838027948685246,7.41616654708925,3.899219431894538,5.6189217472084865,3.4468731791842693,1
2.7842515236953616,2.360461103192635,4.56806934085104,2.117915530865132,3.123447699604662,1.195571611456463,5
1.793329759162598,5.043358386037883,2.2123929671014033,3.2946482764034406,2.222759738820508,3.282559120004583,0
2.7388958125214153,5.838683746381406,1.5996456583953966,3.6688693859388324,1.9909554996104646,4.477189856404457,2
2.3483893536950315,4.16175165970679,3.0884896316087347,2.160670655261454,1.9519315750012038,3.1861331844078737,4
2.2507966799114594,5.796684279475093,1.234564520115801,3.703232006883155,2.0325780848570973,4.17413749156794,2
3.7645672425914407,1.9435997874466941,5.574636084450747,2.691215369364939,4.024590399447572,1.7705842615054252,5
1.7689692708206572,3.228921179686048,3.7120823576940376,1.980128439474584,2.558972465599255,1.5984632824053147,5
2.231604997494222,3.4444344717930506,3.9073736400145846,2.374721040192572,2.8191022131264085,1.9832490970595968,5
1.8935598051299793,3.1230271030820096,3.609757063243673,2.0063602593372227,2.3887413517457627,1.421403650822313,5
2.0321789143809137,4.451080392384,3.3486000964969,2.938483486084099,2.7816323742930265,2.8862953435138534,0
1.8656720215465337,5.079072396116996,2.315626720845847,3.3395291378385754,2.3073058691470063,3.320711551660703,0
2.6748333580944843,2.2224426703852713,4.498309796941244,1.969092121669579,3.018635153438657,0.8362773619398316,5
1.6225300863891985,3.824406305922118,2.5544318380485374,1.9783903505352582,1.275500181179744,2.3545389964052603,4
1.9278002130719851,4.370603665214728,3.2382853835706658,2.850871095611841,2.6454860826899584,2.7964774210426593,0
3.140781508165076,2.1101911943641607,4.53305691212116,1.1985246267378662,2.704861435205552,2.1132089382068697,3
1.6997240672226688,3.938871225958065,2.7041415979780545,2.0890595722533787,1.6112837171373184,2.544840516228188,4
2.4766112000001756,3.7295496868600457,4.164134602543304,2.6606234473527395,3.176392075090488,2.410404003040283,5
2.094151494259224,4.810120259800257,1.8527715302828478,2.608329338651525,1.1161874005621137,3.5445817405728652,4
3.776329750825374,1.3349912249525013,5.419088003568133,2.1447364807343594,3.6704210809928184,1.8286388909521507,1
2.299042860055332,2.8388346174842205,3.5072047369396384,0.716826224927199,1.6442670001584834,2.1219508662048474,3
3.2370848099939478,2.30549875397117,4.629787889725069,1.4601871874732462,2.864742252107222,2.309898705943104,3
3.1707931294932443,2.0208746619209292,4.498040624097,1.207183977903828,2.6196785062843904,2.0258215078891255,3
2.3194089571512135,3.9578948758448274,2.807507995775709,2.0121747356938458,1.4080569043108364,2.9440580019232874,4
1.2484471153096919,3.7161805842852296,2.3724249173081335,1.7090901483372751,0.909128854310277,2.169929355707701,4
2.1232167339330688,5.772016947828697,1.145042972876965,3.639082130189181,1.9727390595456242,4.134409756152732,2
2.4876579533893186,6.059817498702275,2.0552314971451504,4.186131503495181,2.8279016689110983,4.2899950064329415,2
2.378503833240773,4.912148351282669,2.130402608784608,2.8258911796803305,1.495836438793093,3.6965401233781296,4
2.493636772469232,3.098290281954428,3.7236704104811023,1.2805933630428996,2.078443535142655,2.447184504407315,3
4.101914232430303,1.4779151924433174,5.507084185190619,2.101448847024454,3.628313704650167,2.417793908967474,1
1.1799711012489622,4.886143743943782,1.8241349201713082,3.02077223824894,1.8354084779512347,3.0140885072314734,0
1.8406433210024837,3.1265673328198096,3.614008540384516,1.972958253067753,2.403383866306922,1.4445464880978849,5
4.092314312345524,1.9467402113578232,5.645711712764206,2.206187445704801,3.8690708228805293,2.696097108496195,1
2.8722584506766373,2.5074575586704886,4.645144946888891,2.248899454151925,3.2360190744687967,1.4121395759402373,5
3.1775659924993693,6.733571439919812,1.3477354807419375,4.456649383936002,2.650473383703665,5.269071949559331,2
2.3935163290376003,5.8474190485656505,1.4257704010719758,3.787318006240891,2.1760948988051427,4.260132379232816,2
1.884571313832445,5.844806095487855,1.3144131237408856,3.8623987398729978,2.332878121235486,3.9859004072128665,2
2.587908581151375,2.97140188492824,3.601901858711153,1.314467364170369,1.833484875155178,2.32370731507318,3
4.098824522297778,7.782484116374918,2.2457951705035946,5.506593001919028,3.74944705691626,6.274921338290066,2
2.187294081262876,4.328620416422568,3.269584936362486,2.584124542188814,2.4516289556618434,3.0710607741670923,0
1.4663831509573695,4.017078053426747,2.7574859042870523,2.474977351345021,1.9640883543333454,2.224609795029138,0
2.435086933455821,3.4158444609987453,3.888520390781251,2.4962865848752624,2.7584517156817157,1.969601177601665,5
1.9180982930031787,3.120352936495088,3.627841155290798,2.020081194873203,2.3907870470517905,1.3965263481669619,5
1.8281275483036923,4.842830777602563,1.8138298284027905,2.8721713112221847,1.4893910082407018,3.3097002264506075,4
3.8235082932551623,7.145501997572221,2.744350683261825,4.974993030307596,3.595265972996108,5.779778419651521,2
3.0175687199872763,3.6173167170303206,4.16247779708255,2.170144123881519,2.809584430301812,3.0651041494625297,3
1.431801621703035,5.070203727274015,2.2974342125502387,3.186137865287246,2.317565036107682,3.2654652473073713,0
2.6956348479283956,6.674336924401642,0.7486749884497275,4.442938774345562,2.6349114412725165,4.980428669158499,2
4.934459148919803,1.344116812132719,6.4685564903542945,2.8941829977654936,4.585748510603511,2.97789717378665,1
2.5173908693627767,2.973032811769654,3.615222131925229,1.215790343591257,1.8597719035744449,2.325335415441903,3
2.3499762887393474,2.827039453240079,3.4907689834053506,0.8108154270214263,1.6062982525045133,2.113478990941251,3
3.0585217328330288,2.2851236543099946,4.582640991250068,1.8440515196360632,2.9522220612699015,1.7483349443196974,5
1.0992053863636395,4.893413241956333,1.8577427781979823,3.0023918084177814,1.8730191813862105,3.0276887490357303,0
1.631341717204406,4.092707728476818,2.83788143901555,2.5830012538603166,2.106724445998451,2.3597281097024254,0
2.2951934541526744,4.881272965284568,2.0285338314876626,2.7597762201822604,1.3950129793757202,3.6624922428099627,4
0.8544809859691473,4.850258215613256,1.7411963880588783,2.9253511043264724,1.7559596864137244,2.952838217171673,0
2.089165559224643,3.216316030045728,3.686852457516729,2.1782404266568687,2.5041617060045125,1.6277430348167528,5
1.7127537267913557,3.0251863675972266,3.5438908273479703,1.8412557733307773,2.2657021886380977,1.162990037005407,5
3.96905392786049,1.223558286921501,5.441653052961386,1.862342341201695,3.536609543430543,2.2574067867085224,1
4.640322631241691,2.0662093996922652,6.597731702784882,3.371105539027042,5.007964948442714,2.6327973771482998,1
2.5182378520905733,2.945987052855791,3.5858979847998103,1.1991533986235752,1.8000242727019538,2.282981928349335,3
2.1792934788065286,4.816877821365108,1.857829342285755,2.6585846701120173,1.1336218879791344,3.5714362337731567,4
2.650515006580489,1.7190081675049669,4.322613062670008,1.044921737181865,2.539317664747576,0.9333403442548871,5
2.6977610085813937,3.9192440337897727,4.326114537805426,2.8855598616036247,3.397498711433431,2.695340312774576,5
2.1208445084186014,2.985669040563778,3.5816226398987614,1.5219303726670486,2.057848323251743,1.8021680327148228,3
2.2406709650301746,5.869181133093718,1.564966470356005,3.733855254942241,2.2663042000064526,4.274214579654476,2
3.0254184537132116,2.569658721393276,4.690544034578843,2.401739429788506,3.2813218171955745,1.5670899974286083,5
4.955431477046212,1.3674897990266073,6.468995964247254,2.921871285800241,4.589997564214038,2.9999973186848585,1
1.3755892590809065,4.762672800879595,1.585570082176297,2.6494641596663366,1.22889372061949,3.172403173571543,4
2.718765682437861,3.305598324655415,3.8910710136292854,1.6900005472942317,2.381883852797089,2.701403487540472,3
1.832152265298123,5.912611292392089,1.5929240965983609,3.877094592767913,2.5251436442586166,4.066561125885976,2
1.795089797449692,3.149865453088148,3.654371311178503,1.956209191706269,2.445111865970153,1.4235169576463125,5
2.9262623895924715,6.864144992796862,1.6572024990510128,4.848731816435406,3.182355184091277,5.0285707512126185,2
1.722398910253735,3.024899561140431,3.5445446404730525,1.8470227836253765,2.265736541561671,1.1777733626621176,5
2.157319974029164,5.157429900759693,2.475778950140278,3.49386003498996,2.4662413258761227,3.45711894520835,0
1.8058148824037827,4.161014375893696,3.0336019659446882,2.2775692893625172,2.1395542076275973,2.81694880733635,0
1.7914463584413467,5.684208881272624,0.5573271838610084,3.4686532887388193,1.714648690350888,4.009090458233412,2
1.962826495045227,3.8143714612507686,2.600935869509817,1.629127423275191,0.9559058290684127,2.7509040121175845,4
2.275355013477762,5.963102926122034,1.7791146614040951,4.058535101941425,2.61033388544598,4.14931870669069,2
1.907413980121696,3.067566737960609,3.5765991772296135,1.9875559258436906,2.3125907489718704,1.321990345353476,5
4.151381527693016,2.0662305515385726,5.695376131356667,2.3132992869084754,3.9317940664355895,2.7559207017220086,1
3.2125642386495152,2.1341113389446713,4.559170958547661,1.336175608151218,2.7170362815711973,2.119069067178228,3
2.0334482701896106,4.047620250690071,2.877946017076291,2.3435749536764514,1.8502652436717577,2.67880225147052,4
1.4409864202979736,4.763553598871618,1.594672805489878,2.6727113053375637,1.2321845112225476,3.178971980998581,4
1.8044157078095655,3.1084933208201253,3.6066655475624043,1.9427178905356173,2.376776557315895,1.368063482082263,5
2.7592838908844013,2.3260628429710155,4.560432327152133,2.083354464400533,3.099163166272441,1.081745589220143,5
4.167977744664019,1.760426130635741,5.593731165676536,2.2527157117785417,3.7613069329132522,2.590212196967055,1
2.7443748325422184,5.829216709276144,1.535938382245521,3.667298468982998,1.9528771482620977,4.477976627301305,2
1.8708215125243999,4.174483554878433,3.059210089923427,2.320674453062902,2.1646198230209364,2.836087922894857,0
1.9259241145524237,5.857745846116407,1.358080281197612,3.8828942037959573,2.3609493554345047,4.00241754678195,2
2.7009311009843433,3.0836570605267335,3.720756892656982,1.532870647319813,2.0240056107139304,2.4538424075870706,3
2.80692404519355,2.2608381545797753,4.561918582955033,1.5355803350096071,2.9582294908693063,1.686486776164599,3
3.293208899841833,2.2622727200774597,4.624735669510823,1.524403002702642,2.820155737131886,2.2436686292968084,3
3.3252450090267263,2.4538792680008052,4.7253599879226735,1.6585980468905372,2.993728194568584,2.4278116803331105,3
4.621221852985229,1.563977754762149,6.4543929379199945,3.2657787924937685,4.801495281474163,2.309764251122469,1
3.8154746569012037,1.4817325135327808,5.466179020773703,2.223337692864772,3.726030125707778,1.9004673351975312,1
1.7285187998999305,3.011936536251985,3.5184887906877607,1.8433803106768487,2.2436356023207447,1.1783676550597442,5
2.9275668506835903,3.2547713068367496,3.8633746243802087,1.8893480261075606,2.2675447620474505,2.6678320744440427,3
2.806391132726622,4.494606247332172,3.5295274115786457,2.680620445699165,2.6057121583859746,3.603978412926924,4
2.857002032300624,2.0222367850111214,4.462156347698911,1.4940070464591773,2.7546183398515023,1.4018942256815035,5
1.921308107193725,5.790013723307082,1.21187458844895,3.56970421299709,2.0588175436626397,4.150254051703815,2
3.9259211635430384,1.795502880786086,5.567458483990944,2.4188712702101567,3.8669237386341204,2.1268026316256776,1
2.0056182790388015,5.858649408639572,1.362980371397206,3.910236085213461,2.359123794505109,4.012836876843357,2
1.6432051528812974,5.8190921171281715,1.1805798330936434,3.7735770265574273,2.2814385737256804,3.939762200708163,2
1.8061159186840925,4.950711980957057,2.0882609444266196,2.91980395113711,1.8506900432770517,3.443568468161755,0
2.1373646936131006,3.2872218484905797,3.7463346894416296,2.2426118888304662,2.6003827170373395,1.762018533163559,5
1.9493441889449827,4.160820119146335,3.018748971429864,2.3560639837819135,2.1243321008201694,2.850227493514168,0
2.2082388646845303,5.786669886909707,1.2172382245730788,3.6803093018017985,2.011657943485792,4.153627370745714,2
1.4417864802190656,4.825797651149293,1.8055315775670175,2.7087807280398923,1.4828306308512256,3.253770766240401,0
2.757960240718506,2.052591033168807,4.46082642893456,1.3717285354200432,2.792339797484385,1.4420592642248464,3
2.8549337491541062,2.1799399556127463,4.524822506838636,1.5563683263579924,2.8899080392109813,1.626620043195839,3
2.2543254592579487,4.832717072050457,1.9067287892626241,2.7099052346559938,1.1925707925201794,3.5914037247957475,4
1.8882026535399927,4.231464908589937,3.0373379497510964,2.767563956239745,2.369275727791485,2.5847436353776825,0
3.1994925293083836,2.154356752069587,4.555065628128644,1.3255665192314638,2.732165584714112,2.164496218296941,3
2.156469977923233,2.9391702566451055,3.510437833614953,1.5275695187961276,1.9647013722657583,1.7571143778194445,3
1.8409344509980279,5.695775400448388,0.6017150248890727,3.491987508071902,1.7482207232320173,4.029391141369929,2
2.7079910932923545,3.3042142758157262,3.899667769969481,1.6782401234953734,2.3827382473632577,2.7005313557863833,3
2.3826726219244456,5.849723644504769,1.4332069419884652,3.7837926852972146,2.183822337298166,4.260601411988193,2
2.225713742817348,4.071633428563743,2.9745944780853124,2.012955532244455,1.747159772385115,3.0724650790283143,4
5.874678243597063,2.024223496660721,7.489720972725213,3.871133103369424,5.619852337301411,3.8204850290906687,1
2.788084229970118,2.4034962466619354,4.582930024416996,2.1368891355052555,3.1556622208394787,1.235818474977928,5
3.4773709734171243,6.832566737452684,1.7564626261044796,4.652836046852591,2.878280868779152,5.411084221950581,2
3.1662222206698365,6.72381597380057,1.30211468474841,4.446428504953304,2.624372321543411,5.2535276823297545,2
2.397283086765669,3.987645666206628,2.847504261351353,2.0921527297492846,1.4839099768026132,3.009297970310335,4
2.5706241954902156,3.5423595639023557,4.0449115108372204,2.2133525457837493,2.8391952322625618,2.5925208642518682,3
2.7203881863677957,2.360813667258452,4.581101895004927,2.0604464460213316,3.1335001138975205,1.1194207332276183,5
2.7158904072543044,3.112839820796525,3.7288189730166277,1.5675309044137848,2.070471108194732,2.5139143397885118,3
4.080530385037758,1.8577852764336253,5.620956727631088,2.16625366252341,3.823721055245491,2.637770642120788,1
2.3888716547564495,3.106650455748423,3.651384000120976,1.8353066400442652,2.211670242937818,2.02858002488595,3
1.812372091845271,4.98840976996027,2.2124828763800615,2.945271651908344,1.9534553511623032,3.462026062876223,0
1.4740022932067998,3.7732813814213055,2.465462311231554,1.863499214891609,1.1184217393740024,2.282055923412556,4
1.9464785369774187,5.842180717497315,1.2819860430981107,3.8819947450684924,2.3173100428575903,3.986572094961681,2
2.543813296825722,3.5279493373274358,4.043736623347659,2.1862685103193473,2.8215415106308246,2.5681084103561633,3
3.2715035976407445,2.2909445210442776,4.618651991990365,1.5045416340554512,2.844658236310712,2.280758969311317,3
1.0327598831124218,4.896922449964503,1.846680809608462,2.987967482799737,1.8834777779370633,3.027965715333973,0
4.636173937054557,1.3592961705983229,6.441895766530105,2.9169472473087876,4.677704200072515,2.5767379322142134,1
4.811652927177354,1.5057967125406775,6.471710751447971,3.12475175261784,4.710583507320188,2.7180093075331535,1
5.612998707673208,2.23301337838168,7.494857095390636,4.16482747976278,5.821648834646585,3.3668863821882606,1
2.399777540559591,3.4321019550889695,3.904323424430757,2.481461793396906,2.7813126682659672,2.002503334328026,5
1.7942921114215151,4.183758778025806,2.986711602504679,2.699779417324868,2.289435469711006,2.480769412130219,0
2.1704910528756622,4.964288283820433,2.238673872119239,2.7383905145783425,1.710399301053849,3.73754667476533,4
1.9286837281544362,5.257397323644396,2.694780085877019,3.4507736195590413,2.7081815190103202,3.538620449878033,0
3.7307471562303336,1.8556590421919177,5.546004141400958,2.63896981851115,3.9816000365875945,1.6655672092919023,5
3.6692433463466636,1.4056971591058836,5.454565013560667,2.0288041098329903,3.7174901026522167,1.813548875738047,1
3.9622396922354346,1.155196021763729,5.422756487534692,1.8379466212661733,3.5112075804113116,2.224672781954984,1
1.705900422827272,5.88274258152467,1.469637714323221,3.823669399968612,2.4514954490477074,4.016304030845614,2
4.939571576637069,1.2943278377181877,6.456514193691127,2.892663126883556,4.569936167063059,2.981800201639293,1
1.5226175509638136,5.041799749994739,2.2166969382900876,3.1996520917828386,2.2433548620033243,3.262988651947501,0
2.628259290990582,3.0662823038362417,3.6802837672537914,1.4319239513059494,1.9972706111272023,2.4463813577120392,3
3.833077041809016,1.500102717598864,5.467207567391607,2.2463540737067635,3.733401877370228,1.912551479519416,1
1.9144225246241469,2.8808359613389416,3.480699278585845,1.2468915694005698,1.9006410182080724,1.5959682964543378,3
2.3541797552324777,3.1113174184421615,3.653537127866155,1.8093317047039041,2.215858393340409,2.017186947666196,3
3.9048275660167504,2.1645928097258436,5.661771615612736,2.87529040891222,4.133791289423309,1.990547111972635,5
2.0430225966830293,3.8240777441112748,2.6159305100940817,1.701378485010984,0.9839666406155095,2.7733194171726594,4
2.3573402931731167,5.060772776836831,2.442526256385035,2.8961530136890246,1.9719623671747122,3.8602324303760795,4
2.9444745247005732,6.826533479656392,1.620466033626961,4.620597435209462,3.013216105146169,5.18064704249954,2
2.675640383180546,2.06244973164028,4.4713844178306665,1.2618891121873008,2.8096705597751717,1.4228023799844616,3
3.1608304653605126,2.060767132705829,4.511441345626931,1.2088975325522358,2.656480239024378,2.059571092796539,3
2.2086472437907143,4.844597394996237,1.9572349010720456,2.6913476227669895,1.2566465978044195,3.5899749103080314,4
3.125675004304388,6.933256399466997,2.034763807936809,4.7501070104588,3.2560341801108197,5.301285030055569,2
2.1800655990193087,5.969098522653792,1.757514920336141,4.024408207116138,2.6361892256291495,4.172838656917239,2
0.8498651395628685,3.903670167314901,2.5816048575504107,2.2054034956562703,1.736319453493271,1.9842900133464298,0
2.0577739468564693,2.8705559985155515,3.4573908566094604,1.3860719997545738,1.8637671731719487,1.6286566585264488,3
1.6529212162373503,3.968114467864452,2.7336462182050485,2.081499507936856,1.6864328516382747,2.5624582975729333,0
1.1335054979911572,3.955232466318311,2.658358667598757,2.3202234354463314,1.837814316199227,2.0840688303561787,0
3.6254211239787826,0.9173154219198097,5.335860997095417,1.881954527519357,3.5423876850963127,1.5210310256262372,1
1.0965823159504366,4.891475621304826,1.8488203955195668,3.000627160297435,1.86724705504496,3.0248586118911382,0
1.57042687494938,3.878283197158962,2.603785934155458,1.9826096674309257,1.4422888259521662,2.4324470765056097,4
2.4005109754308442,3.086905660133604,3.6608245947810705,1.8377917248923636,2.179817390898271,1.9708071219795882,3
2.3631415736678876,5.859010489228804,1.478487955464619,3.780415449057269,2.2113887857711787,4.259187571263866,2
4.998804083139212,1.5351729292155287,6.509905116638609,2.998406928728502,4.643461226550047,3.0870318834475388,1
0.843933489390734,3.8815804296746212,2.545105158372527,2.1916066353276924,1.679256641162915,1.9529762308023653,0
4.028050803561312,1.6300492377187323,5.545794946240642,2.0390941298159255,3.706689764895768,2.4624499778639297,1
1.5931369307202052,2.982221413509398,3.5026938524820586,1.7426700380333295,2.211091000099757,1.0391077628204721,5
4.6150825567343015,1.0614157046281596,6.3896499746684725,2.853394718500275,4.596665721267726,2.4611304735420645,1
1.0668199256359823,3.722845100342094,2.3876875610694857,1.6265573154808763,0.9727864271116236,2.1591504959971894,4
4.79423039784518,1.5181684747583815,6.468832302909474,3.1088129988734114,4.714471289145989,2.7251016726115806,1
2.8890192404153683,1.999473015333507,4.43331786005726,1.5248061042580257,2.7279942832758453,1.4000316169973417,5
2.252392091332034,4.858631629331573,1.9687040651058176,2.7246888998982084,1.2955833902463394,3.6179692336136724,4
4.578135953998364,1.2101678524972397,6.412407687563077,2.831410058941979,4.640809706282463,2.512828556222847,1
2.1267332103776733,5.992546889405767,1.866603271355962,4.016351458521739,2.702480272430308,4.194664617995071,2
3.2150932078386063,2.0998265367117486,4.541089566249125,1.3226932597150594,2.686600611467396,2.093366365158414,3
1.9957818856166982,5.912676086870921,1.5847964560924785,3.93197913295421,2.5086887430636886,4.071681883448777,2
2.249283030930492,5.797356758285687,1.2690411201196303,3.7030101323496782,2.0390193964216805,4.176525947992866,2
2.048410394008435,3.145583882982388,3.6468344040885468,2.117277954927437,2.4153937115716495,1.4869890033574111,5
2.037263383676751,3.061129947304156,3.637559986094152,1.4910245382214813,2.1839404731263468,1.8748679245447792,3
1.0444540889425837,4.8841773500652765,1.8237519366568458,2.984931661924584,1.8440484864998226,3.0141557330075788,0
3.1169677589275997,2.1254054738690953,4.541855422526314,1.164423422036982,2.721321427088794,2.117523031755768,3
3.9501310239620833,2.6211748863416093,5.834020018110923,3.0322681444665527,4.412552045746148,2.437155398290636,5
2.7182073259484496,1.9313881982663945,4.403527599361259,1.259715431621403,2.6932605483655645,1.2666611309803084,3
3.4061776775033183,6.914084368338773,2.0449823781721412,4.654686324646554,3.0978020467288867,5.490509567696262,2
2.8382300278611137,5.161781546545979,2.6509829818110155,3.229396212877547,2.173222099455433,3.997513229137518,4
2.7996738059547055,5.852515295463438,1.6439532153012892,3.7076764869662857,2.020805566651557,4.495552879862793,2
3.6822835935059888,1.23904975048289,5.403014466348023,2.0095963616615116,3.6475274720088544,1.728793890698702,1
2.4176437944323177,4.205926932739493,3.156133751561913,2.2387827432379224,2.0480129883601257,3.2466256977416172,4
1.0444540889425837,4.8841773500652765,1.8237519366568458,2.984931661924584,1.8440484864998226,3.0141557330075788,0
3.351774948220349,2.288603535652037,4.627832469126717,1.621411607065403,2.8330815032374073,2.3115359706562804,3
3.5374024268990945,1.6709772764004442,5.478304897928307,2.4067168039785494,3.90958388262812,1.4111946122346972,5
2.829002465848758,5.947146850923904,1.9374804825521668,3.7683705468649187,2.312582013224703,4.621153393791963,2
1.963704782527817,5.873840045613677,1.4277189502717589,3.9026739430329562,2.4055607629971774,4.0211752955585105,2
1.4284209757420248,4.749348010090252,1.5871864795871449,2.661490335305088,1.1690541260769851,3.14568917433669,4
4.986287015104984,1.469014761320602,6.490653216750882,2.973225950202224,4.620620880536457,3.05874588104683,1
3.6423032124953183,1.8164374362449842,5.526615104702986,2.5422324457807837,3.9736297228305304,1.6233350183401445,5
2.096355914937198,3.9393735832027605,2.79966841429264,1.8252762581417916,1.3984630025198017,2.9115562470976055,4
2.735040919119844,3.1229627235618795,3.750935260262022,1.5985635123878672,2.0831183892152088,2.50672013034463,3
4.000765256858307,1.3102062427935752,5.464107821798541,1.9258525820370245,3.5686144029831524,2.3096493159582536,1
3.2913501340979723,6.7681913521807,1.489171151734913,4.529292000512946,2.727948475772491,5.318766734581246,2
2.7006074234519932,6.82261470282413,1.4644416878480642,4.738655295302821,3.108806277564806,4.971664305629916,2
4.759654320830155,1.4047307028327167,6.4530406213889835,3.0545759344759706,4.682677446840012,2.642793926062359,1
2.407801203427314,2.8924830059120317,3.553896637226225,0.9824240271316321,1.7248281332033535,2.1859597260791257,3
2.127163625158821,5.184765590627408,2.623808606568384,3.1863092588718596,2.430561311859743,3.7257177328214195,0
2.2554395107347798,3.0580535681011543,3.6167991304932468,1.6919233376501495,2.1441524757126746,1.9296747596006212,3
4.908385677012825,1.1626826609628858,6.435193370396306,2.838610745300055,4.533962632323326,2.913652288593756,1
1.7271908000824365,4.991448565164776,2.185332982834159,2.9107515746510515,1.969368517173014,3.478824803339921,0
1.6586218495436165,4.136930818456862,2.9034808092656648,2.6174493624358264,2.1970518813258932,2.420648538427847,0
4.906078186470354,1.345983403036245,6.4697536331369365,2.862013907873896,4.589078811760465,2.9793503556743866,1
1.8700291682480539,3.1917156315876025,3.674370225815205,2.025832889201374,2.490207189486927,1.5267988592430235,5
2.3167074902501423,3.047655475390853,3.6015427084932585,1.739144709041398,2.124501196267806,1.9294701717624256,3
1.6219914483082807,2.9749507334974057,3.4936285449052424,1.756853581744097,2.1968526109253164,1.0346443958112634,5
4.606167639892115,1.0429588983145257,6.375859731379158,2.8403959259429334,4.591875890426972,2.461019783306625,1
0.9201371464441424,3.994419257242271,2.720530048028924,2.2762603991986725,1.9456178685203638,2.128606048044748,0
2.0294075371827467,4.938135273694529,2.093104549743788,3.013847616863399,1.7793622897865151,3.4158416437435704,4
1.8992231218540587,5.742112201844459,0.9492944548946042,3.536622220862175,1.9070585057305238,4.093244487060138,2
2.2198111222148875,4.809893948289685,1.850181938390419,2.677417281055821,1.0944555199729764,3.567115743022158,4
2.4593618490770686,2.9071757646403897,3.5481380729153553,1.0777050331402505,1.739699940951978,2.2361754889728567,3
4.057858456344003,1.4175238030821478,5.49294110035649,2.0287739476982227,3.606823476193814,2.3625561138624174,1
4.5724622222059,1.613104785436862,6.45800563504181,3.2261139914518324,4.823000010171802,2.3330372322899144,1
2.8815329829923595,3.363907257816322,3.9446839975946624,1.9016138472598665,2.4398860560199696,2.7563157909769163,3
4.173470840612698,1.9838081245784631,5.649806633319081,2.3180727404323243,3.8757746640006308,2.7234677882266904,1
2.054399108989731,3.0525692389332937,3.624250810717944,1.4986489401721756,2.174313114492051,1.8975124193760002,3
3.2001939670025195,2.3923080824559446,4.633253419045885,2.0397093971079445,3.0317560694904695,1.952839438955939,5
1.2246105796443483,3.868397092948148,2.606996791733415,1.8006580322716275,1.4629651720349575,2.3888877897230114,0
1.808037516778374,3.2111890260205267,3.6909126480522954,1.994850879321321,2.529650513176026,1.58290264042218,5
1.134276584059118,3.7035290359002055,2.360476657649441,1.6435442706521792,0.8802779102131519,2.1415171974451748,4
1.3601116732158463,3.7583397337728766,2.44443862811565,1.793133234188059,1.0810635103555126,2.2508286419409758,4
2.5040970141667347,5.3361964940937305,2.8892720086287684,3.4401786194727504,2.741407208106677,3.9634096441358464,0
2.537383657769551,2.311631704260556,4.549909047986348,1.8745452177745012,3.109499781575738,0.9765678013314089,5
1.7999885317686704,4.217375850308376,3.0591175191130087,2.718863879215134,2.3651174486853694,2.5432269026217607,0
4.813751335017303,1.5440069634477294,6.471107329745841,3.133180823296342,4.720596779163246,2.7394133103127927,1
1.9923594920483334,3.133941703614404,3.630863368747421,2.076162253083859,2.39880254928754,1.4675746430955667,5
2.236616381360128,3.160997379281298,3.711927302836547,1.729784457402661,2.321818044457778,2.0882978387913615,3
3.9578810747004844,1.3536983284211812,5.473217092194597,1.8728275679917068,3.5935853567982274,2.3112182384334896,1
1.6100506631641107,4.781929197265521,1.647848480655542,2.74819518087684,1.2844122468995653,3.2151128556130106,4
2.7014761524652946,3.0264632363474258,3.661086529390248,1.4985091514163529,1.9156659101934685,2.3877362633787813,3
2.990345674332088,2.1458035436081375,4.507316556502588,1.7081478794904976,2.8438301892210354,1.6254226583051274,5
4.138082188102256,1.6034261466211641,5.534715431384854,2.1764193391922704,3.68264416753038,2.4974494784475083,1
2.6770962966483234,3.2709644768853754,3.8553759516531123,1.6226710484975466,2.329287809979212,2.658706392469495,3
2.4490196989197033,5.080584198620099,2.4769761086441298,2.9565750850289976,2.0232421017627717,3.898529516352765,4
3.1481723490816953,2.237708109401525,4.60616786774885,1.283037114542084,2.818216934956989,2.2029432485085043,3
2.0478787836179007,3.164612854457345,3.6455471793981493,2.125553763707078,2.438537801902088,1.533174457431275,5
1.9059551564387174,2.7723750981257216,3.3809940637935005,1.1560651827058444,1.7111755332630647,1.4574517163494662,3
2.8827726012580794,6.84692382465438,1.5658924155487008,4.823001910138421,3.1449337366579115,5.0140882161656615,2
1.1302966008791786,4.993689343438825,2.11639422836988,3.0627140274488083,2.144406284268928,3.158132525635181,0
4.7122320885099525,1.8750368044645855,6.5265880140615,3.403383092586236,4.911745545431018,2.5249349113800776,1
2.705157856181563,2.2237793889903408,4.494337591008101,1.9966372716864076,3.018163195772796,0.9065747937172758,5
2.8302963117101,3.1532317651645285,3.764735226780905,1.7248160939541874,2.117622645497172,2.5702797905590176,3
1.6988172134040478,2.7190272474626935,3.348749274185924,0.8549471120822855,1.6471275618821375,1.325615511433508,3
2.812310236431141,3.433510819928598,4.005956107860675,1.8686518994623833,2.5592304106529964,2.8281146723597352,3
3.767641495879257,1.2258922140762556,5.40422379179849,2.113668210878638,3.6311924545076684,1.7347947165850155,1
1.917111459100736,2.756079711997341,3.3726466712459633,1.1557821080897535,1.6826539191567191,1.4177344591641012,3
2.504384872436017,4.060339295516776,2.9666275518829366,2.218799438119641,1.6727586917717805,3.0678963386416607,4
2.730978169275745,3.057302182861011,3.689359667133498,1.5532744582806062,1.9667423468053313,2.4167364822117317,3
1.2922866921570315,4.066786487209826,2.8108634860248296,2.435072370947696,2.07865490832423,2.274938893884851,0
2.992452052509453,3.3433213361363836,3.9045114236204697,2.003785881954771,2.3875750671827003,2.7811191975463956,3
1.9345886875130558,5.712587058190123,0.7547150885616265,3.5348423050860167,1.7987902696607392,4.0543650830382365,2
1.9534981043867135,3.8426678230065643,2.6623060490329924,1.6428920744991051,1.0827738848575799,2.7628839636732985,4
2.1700216833611363,5.251747815521488,2.6811856390074857,3.5447009179563245,2.6732479727159077,3.5457327235855884,0
3.338773999456922,2.265593641881089,4.621525727162386,1.590947502813956,2.817519352400541,2.260734543423582,3
2.316131431504497,4.882924339932781,2.0527945575262616,2.7732892486515577,1.3965647584050436,3.646212196037728,4
2.6173729909363206,2.418191592976839,4.603384966396789,1.9876020467936824,3.19341455643606,1.2175489913714515,5
2.6808442268089916,1.7967586883787665,4.350655186613558,1.134949318973287,2.594242097017379,1.059681078757541,5
5.64800460911561,2.208557522432398,7.483952670150352,4.192929210184272,5.806278647699483,3.3635803317165798,1
2.2970718168466004,3.0909374303414663,3.647184124324471,1.74733326923524,2.193106024404286,1.9606769521896612,3
3.609725493736023,1.658595126109369,5.477559394717741,2.4773087577314117,3.8946812854561803,1.4124879070898007,5
2.313967201491572,5.967871450692361,1.7656089737294807,4.075129569020126,2.6187955134377545,4.180878986226485,2
3.1792843722153674,2.0887660005743363,4.53858968440304,1.2577457729641688,2.680835323076606,2.0756278193639424,3
4.6522447173954085,1.6950482799680537,6.490935221638075,3.316451320021586,4.847638451319535,2.3854876213948253,1
3.4259960780943888,2.4167980299681875,4.681867016658197,1.7758283872219274,2.9408783224769026,2.4271254852040554,3
0.9407466227521127,3.9040580386032016,2.5854649617236896,2.2307610172276595,1.7330205573806776,1.9971143793579087,0
2.682195591762337,6.6793459838423175,0.8084464848015306,4.439777761802781,2.6517355302511465,4.9855398468294725,2
2.397283086765669,3.987645666206628,2.847504261351353,2.0921527297492846,1.4839099768026132,3.009297970310335,4
3.661973962061679,1.1433204348218415,5.381298150180151,1.9662976751101071,3.6140704447747622,1.6750227051508109,1
2.4855410903186925,3.362590464011555,3.8704596884198805,2.052312795333182,2.5876643554517726,2.3761948492713922,3
3.249453030536646,2.105924200170502,4.537049669554439,1.3822867837316757,2.683859154692183,2.1091427470743995,3
2.100123816504396,3.975432427528757,2.842558850804209,1.852953234892197,1.5013203468937752,2.9341605528530406,4
3.521713689265056,1.6988432622817693,5.488851797982772,2.3978334500836227,3.9242943338902623,1.4494424658548102,5
3.951689197401281,1.243509245046295,5.450967304562818,1.8406855270987208,3.5489531884147865,2.2584710921327806,1
2.687051616844844,2.424805862371356,4.601776281531906,2.0538122951723063,3.1873792643710046,1.2184244058708706,5
3.2672690377373166,2.466007291557991,4.679604697744596,2.1383464514752593,3.0887945709155336,2.008712503920959,5
4.687937925077738,1.7878046916649184,6.51109340490656,3.3651470285291376,4.880877269362804,2.4527078209410997,1
3.9230096709584705,1.9420367518345014,5.598068597131476,2.448512745621997,3.946955510500634,2.2818436712086734,1
4.743823899308992,1.478856670581608,6.462075876112338,3.0507170609697627,4.703374115480679,2.6616718073201913,1
2.9529548898830424,5.933937961487068,1.905896422493656,3.827295379557295,2.249568088327591,4.597120401513014,2
3.9501310239620833,2.6211748863416093,5.834020018110923,3.0322681444665527,4.412552045746148,2.437155398290636,5
3.0865902313152853,1.9026907964792867,4.448897318362374,0.973770866876991,2.533992552773849,1.9154877376417696,3
3.491399751056998,6.861552227448003,1.9033838932344347,4.673442390116931,2.9571740979900567,5.437509407881925,2
1.4609827431365832,4.86127798142739,1.8865536208977791,2.7357694335173512,1.6023710488239908,3.3030731488276626,0
4.069406166197417,2.81449157762902,5.930056255058211,3.1897691548763483,4.535430434591004,2.640149322456291,5
2.8901931613559304,6.085049677761596,2.333246566981488,3.8693360955332485,2.672185523871083,4.766555333235958,2
3.0010672435757,2.1785914846208003,4.534752896652142,1.7351491181256244,2.8707199928050073,1.6275987601999968,5
1.159804762833867,4.025364699849502,2.7606904519704134,2.3669277588158493,1.998704191798467,2.2034399261238047,0
2.8080977136655147,6.850017143575866,1.582510708855002,4.793606963637965,3.163985119846672,5.015665426500344,2
2.2479235431950326,5.833208324222332,1.42744008602363,3.7195202769977196,2.156181020079385,4.22965368516142,2
2.750867841259166,6.842548942769124,1.5501704002253032,4.767329460599831,3.151844697542237,4.994903694015075,2
1.6369942884612139,4.091865651266137,2.852230729653455,2.585828560311906,2.1053395262739447,2.3506077601336006,0
2.34932928719268,3.3232656510617464,3.8712632067417894,1.9209647402672356,2.5484107768793405,2.2761479269891023,3
2.6641448967313486,4.135157243145558,3.0837076183452883,2.3837111344217004,1.846078455696446,3.176878369155705,4
3.6932988985132917,1.8874635531704098,5.550267966461147,2.610414294622509,3.998862450268331,1.6632875623166863,5
1.0194078492594627,4.889838619588691,1.830887659719451,2.9823702684014486,1.8575449012272096,3.011714280645938,0
3.4558920659832513,2.4219669820643057,4.685505667168469,1.817347902589032,2.942894867785,2.464503803823668,3
2.2686008737813648,3.101255949854006,3.6793028343451826,1.7271939208803868,2.2220049901224947,1.9624966753164113,3
1.6729469621422544,3.0020404729709105,3.5110714348946974,1.80251403954894,2.234864806172067,1.146471755344888,5
2.026786492335847,3.442878985889697,3.909059491667953,2.2461171488596685,2.833513647761348,1.9570107615171475,5
2.4026838391583745,5.471592462185181,3.0631651047803423,3.7448942451539735,3.111684170440077,3.8774884902160407,0
3.2967671631324316,2.6837783639514465,4.79986158540514,2.252207124029587,3.27535736825444,2.213615675286888,5
3.108227591094009,2.100282900222787,4.544777631262052,1.1358068376257988,2.702522348982836,2.080386557130208,3
1.891219714080926,2.9811007736414727,3.5572438111859808,1.294493822984044,2.0708156817584795,1.7626716146079586,3
2.247369733920139,4.872168433107315,2.013182104970271,2.7274607462438687,1.3705848850635822,3.6429135217453306,4
2.631178746807091,3.1162099880958722,3.7241927712190903,1.466775895716526,2.0879631441697875,2.5025651371181072,3
3.093785448579583,2.7040541613461193,4.749876661458083,2.5049728252585655,3.3908417214406525,1.8077302699938544,5
2.648856767721898,1.9606407947834832,4.424996154790898,1.1689177722633401,2.7287009665039115,1.2662274462599603,3
1.543562505585811,3.7863413708138802,2.490768245581023,1.9108449383488548,1.1516370636244881,2.294862177854908,4
1.7630997168081737,4.132772948194719,2.9040053753055153,2.6597009665080904,2.1896216062648506,2.445870163436855,0
4.103816357122533,1.751572145684681,5.587725687408414,2.1677759850957496,3.7652530418344696,2.572489239318773,1
5.508151486683308,1.4087008635601737,7.315477345698947,3.677914730602949,5.49532948836693,3.232893338809449,1
2.006866250923411,3.2114000463973937,3.703421789108759,2.123578924757214,2.5075347338207785,1.5779684586944713,5
1.0871498634904782,4.043257807780039,2.800540952133677,2.35198135261919,2.050186649963854,2.210590071594387,0
2.7571422237163823,1.9801335953940342,4.443669282048446,1.337812118889245,2.7360992745995687,1.3268016585357654,5
2.656739328860186,1.7928063463479602,4.35549444183503,1.0924212181877526,2.5983463605721164,1.0610749264159192,5
3.1186490854747997,2.069273605258308,4.530522743523088,1.1376612686771879,2.673430621290641,2.0493522101183466,3
2.8588131474945544,2.283298731720453,4.57456098611439,1.607587109756732,2.9763072567222775,1.7377648688498313,3
2.075310184077891,3.072105235927613,3.6457079160020114,1.5313041945801291,2.2033289833900964,1.935173893775118,3
1.91628777883509,4.038687845011643,2.841987783639128,2.2720025579725203,1.8294373812661338,2.6768081075403303,4
1.4439315386701936,4.019882583162564,2.758546069395581,2.4670691205939024,1.9731725567041458,2.23271007220613,0
3.2718033507359796,2.142283843854993,4.551303868920074,1.4335260841503599,2.7159220028068445,2.1813232956872217,3
1.3845225047587046,4.962513356366133,2.016759417759334,3.1166201894917416,2.042403707400315,3.1308976700346554,0
4.668955463572579,1.7278068730828693,6.495645139289553,3.3379172161637665,4.857662408785673,2.425198369161537,1
2.626319503490045,2.257737384860366,4.521202027643398,1.9356563578585237,3.057022166162756,0.8924725159947169,5
2.204311584843632,4.000768758585953,2.865882305010168,1.9487319463239796,1.56155916263284,2.9922248658657895,4
2.1414378393205618,5.906953445987086,1.5469300845872231,3.981309051319577,2.4778407691103204,4.0829882685823,2
2.59098579009689,3.206376872070216,3.821141795789056,1.4814510045474758,2.2424411089439023,2.5636434612046783,3
2.286488141537156,3.3436487039213887,3.872399810807196,1.8792422300928155,2.581165758053357,2.3005503901466917,3
2.783760611330078,2.388572703001604,4.580755183258686,2.125314272947465,3.1513235321887567,1.2462934366202796,5
3.821596938892253,1.4714031379110004,5.456367435844442,2.22763331714991,3.720530943702532,1.9192435080986814,1
2.6444742217676724,3.2861002838938704,3.8830094806153537,1.5970888963747438,2.3587362332696715,2.6594427443833815,3
3.60159873756526,1.9115404760321983,5.563120695343014,2.526252780395728,4.0243816586871635,1.6539894083222204,5
1.7431075199880155,3.964793187620517,2.7259751426892094,2.1295770787857067,1.6645333340828792,2.567702964052969,4
2.287958980362275,3.630231894154223,4.068011588601446,2.497293973915744,3.0594707231028577,2.2693653582206537,5
1.5725034291256157,3.8180632978630387,2.53666292704214,1.9458416818543334,1.2635707815702286,2.3559822700693034,4
3.5483063978332816,1.871468208818337,5.547918749674441,2.464116560485507,4.009506835723006,1.615081918658108,5
1.9807837996321247,2.9864961624930504,3.5814115221478127,1.3873793298376864,2.075420148303369,1.7784582469774617,3
1.6928922877451356,4.179509297551572,3.0014753551276563,2.6539505969947244,2.291064893460457,2.4704115386212657,0
1.7401460368507053,4.837505676942517,1.8415443070828228,2.8330077996680987,1.4840595244572918,3.2822677489668552,4
1.872704372583455,5.874852735181544,1.406084734506975,3.872654164478742,2.4139081562101836,4.029486692457328,2
4.987486148139624,1.492444282271663,6.4940039818189375,2.9780147240981876,4.628876910655394,3.070755826535721,1
2.6237910587977122,5.79302263695364,1.3813137743595745,3.587959525332796,1.845915635343828,4.416600776178648,2
1.3862630004971892,4.061491635074464,2.8239981841898585,2.4654062529170817,2.0744675789367424,2.2859194169760246,0
5.8768996092332655,1.946164335109243,7.466366897366471,3.8610242120491143,5.587842661833195,3.7993526606121253,1
2.19250407587476,4.922755188580954,2.1614235932980783,2.7265238041016113,1.5707170380969009,3.6804281974850355,4
2.3730659858954963,4.423208946168274,3.4029329211967725,2.7432090049704274,2.612751662459895,3.196143088689139,0
3.0116543444238086,6.76905411847527,1.3427182166031417,4.62389938502661,2.850897253675296,5.109171388244042,2
2.8957649532827725,2.0933953902201226,4.478797271076517,1.5741896227923229,2.8025499752702645,1.5012397648015576,5
1.8690109099058982,5.085156504156866,2.3120904244071103,3.344944763563105,2.3138042321797596,3.34248913707936,0
2.0324718640032216,2.817674830525981,3.419268041800404,1.32539086972146,1.7766897748205976,1.5578824437178478,3
2.8082244696092133,6.851843027310907,1.5727198664136792,4.794694437343667,3.16546407384164,5.018459091743451,2
3.5929120427631904,6.893208454073367,2.0175199398887833,4.7406216471512295,3.022771072789166,5.477376729474478,2
1.8246083749092412,5.869422170385736,1.3906755481202706,3.854483634263503,2.4022659803600974,4.007200637673114,2
3.1985319434558894,2.014548978087773,4.502255958695546,1.25224032728312,2.6141592882295366,2.0282061041984063,3
2.6347696720262133,3.5712134323580424,4.025781448868406,2.696944506256484,2.9460906029187024,2.2142381028231983,5
3.6038802828073906,1.8431563813002472,5.532674968130854,2.5124141283800103,3.9869111171759943,1.6263119108545752,5
2.1861460018829435,3.972478186934161,2.838444839491633,1.9160423582163717,1.486546087971574,2.9505581659370765,4
1.886058253405012,3.194108753704865,3.673502097331581,2.035047339228614,2.4972320131775376,1.5476005594378792,5
4.10365037467448,1.5437945393914725,5.512364879386807,2.11803002051554,3.6559873648118697,2.464124523207916,1
2.0525290482675436,4.774194901213023,1.7761214360964055,2.5645242783734927,0.9471820194380005,3.5042231219052686,4
2.4062098839647157,4.089522997156833,2.9873775688184856,2.158922254486799,1.7684832478446435,3.1079059272580736,4
3.2690563221157087,2.198216752162025,4.571525778248861,1.4570772765130158,2.7612127072459156,2.2233278666289005,3
1.961202751388272,3.1841994471853345,3.681678158585558,2.0807812289351157,2.47441340525281,1.5311385248665597,5
3.670310705195771,1.708430142439392,5.497077256108544,2.547758887455936,3.9140164061688703,1.501709156258052,5
1.1977072239724287,3.9687394088171772,2.663284427098343,2.3487062832215266,1.8643754319122996,2.127161521305745,0
3.0021357846321597,3.3575042682612204,3.949184059913167,2.0222946291223103,2.414935117799141,2.768276830235324,3
1.4213934330945577,5.100133399144963,2.344617995611338,3.197946216305559,2.3885082012041274,3.321481404879134,0
2.0200218366533416,3.910618738157116,2.765872643189715,1.7457239002552554,1.3169162231903306,2.8484732888530586,4
1.8069710902407548,2.782366270213515,3.3915846642953915,1.0475886423039615,1.7473013677528313,1.4482594413556409,3
2.392784687334331,3.415864859318877,3.8642314434610725,2.46711465214988,2.761162164457557,2.02702787327567,5
2.1622859457163717,5.937870736784252,1.6510903643104653,4.004541172854979,2.5507513695407966,4.1258614956547515,2
1.9477862565813548,4.030273439128723,2.8166915243356905,2.2839381819020157,1.8067487059332163,2.673090060429432,4
4.579771661119221,2.961200086835117,6.067037001267415,3.056144196557224,4.471805826919626,3.4696742865911987,1
1.693969682217022,4.993751238071209,2.211508278554685,2.8983406735962673,1.985707787358273,3.4782372102547847,0
3.3185022807602422,2.2828710749359953,4.618885638604304,1.5709035742447381,2.8296108266619773,2.2720548680927783,3
2.0681707854756715,3.828351042113656,2.6289864374436034,1.7261750510896403,0.9906554775053427,2.762234573848033,4
1.6192522657264925,4.286007890841346,3.122009485946169,2.6743757887141233,2.506671666177973,2.6244570716681714,0
3.350256905231008,2.3394309474928265,4.64405515981847,1.6427237575383775,2.8744248812472137,2.345205918525365,3
2.791120411877284,1.892348315397212,4.395819231440895,1.345217073449319,2.6597481044182305,1.2522955795100323,5
2.310138917344826,2.81091489400028,3.4857588717814347,0.7085947126751081,1.5846018194690998,2.085116090718721,3
2.0782975327647573,5.177715303460121,2.608169353429051,3.159547146542645,2.422790682004323,3.717231771010861,0
3.730310444272774,1.3420245952074978,5.43257313342186,2.0924584117328684,3.6778223763944955,1.7818513863913386,1
2.8831356582210783,5.916307565701051,1.860832181306975,3.783127883286098,2.203688253962723,4.570264403810416,2
1.5020722712419374,4.0065720100808,2.8182421747389093,2.025605411856206,1.8109568998347165,2.5869845539821084,0
1.4472213321096812,4.928666806680681,1.9313849205690874,3.119826916494156,1.9390679621201867,3.086295637156477,0
5.870674842875957,1.8445421993348143,7.441722683426952,3.837890377587016,5.552378510676584,3.76126254622782,1
3.0195909912080277,6.956497644326968,1.996904130238036,4.928849060789093,3.389464727121432,5.155824653473544,2
3.7214662417119126,1.8036243353667758,5.525619267792142,2.618304860083886,3.9554887752418253,1.6219784397230281,5
1.2870201609573646,4.917502537939491,1.896918426279067,3.0663520229633994,1.9169009555257837,3.06438850627796,0
4.722976302215272,2.0401743712239773,6.574102694004068,3.443533330253334,4.982840257053952,2.6382738875388183,1
2.0432988492385395,3.3193515352267418,3.8084559054765608,2.1960913579499812,2.6668298596765276,1.7668459977253455,5
5.232338189496624,2.1725702215930407,6.6909942942048035,3.3701780518297353,4.896603041848783,3.4629394134057145,1
2.0769683465082416,3.84431259763027,2.668960629034935,1.744977512359187,1.0620534062316576,2.7792192905805297,4
3.5375219515445897,2.8595059513433423,4.929363406200532,2.1032010373658583,3.3435810293670833,2.830428321222306,3
1.3188269229101477,4.932946654569183,1.964399407523835,3.0835405888557896,1.9637211292820165,3.0875918127506163,0
2.2031230115919946,3.371396611279575,3.8227687087088413,2.324800147792092,2.710680193574865,1.8958987134957332,5
0.7345684340845748,3.914643987015658,2.6002237432174855,2.183580233788644,1.7694977544280173,2.006434271568819,0
2.828667605212251,6.840410406613945,1.5410533765378096,4.798074058423031,3.1355865364188635,5.002886128796504,2
1.8524686218446078,3.2781421216120648,3.7563699510701567,2.057899550240972,2.617020585767067,1.670041551896178,5
1.3941802527325027,3.859113158692724,2.581962102057301,1.8775531996509733,1.4109115422532508,2.3976735780340896,0
2.593661652160548,4.135096604670189,3.05014781979775,2.3306650980956207,1.8449262926585503,3.1916350060555674,4
2.772297579496511,2.302414346640517,4.531095692533149,2.0866257289441035,3.0733120815527877,1.0693686495173194,5
1.2834996714066838,3.755851983547584,2.4519431968248835,1.7526526233684725,1.085478747378501,2.2291163096812814,4
3.809563148802669,1.4626123890208411,5.462746294264027,2.2121168464619383,3.7196927295900233,1.8970536590254963,1
3.0840292459433747,2.2690416240662667,4.576469857000691,1.8688727865824608,2.9315782479205588,1.7433809090120955,5
1.7033009434135662,4.800314291787083,1.7129028743077623,2.7969712216962246,1.344531285198592,3.243611877420526,4
2.072715814582404,4.2597942679309835,3.155978230996343,2.483521833863267,2.3104827060195228,2.967099510353841,0
1.9874141549300266,3.327721755344146,3.7901903001719934,2.164411008762638,2.6779373028008315,1.8085202657765347,5
4.615537489045003,0.9883863683181567,6.365536782200355,2.8449685161350913,4.576163480814465,2.4479759043838163,1
1.6867013594372042,4.111106325496244,2.885967544580449,2.6147609101964155,2.153349047480077,2.3842226989128394,0
2.76933927193021,2.3654540657589838,4.577514640101973,2.104652432918947,3.1346245324660056,1.1849137469384172,5
1.6308261167217624,3.0128439545312737,3.5256806138834724,1.7813761678354891,2.257435383982666,1.1620245286150017,5
2.328236671299965,2.8713963012385078,3.535490573619938,0.8183558077394183,1.697830429466092,2.159993130899421,3
2.524254461434159,4.226313059977982,3.193283262218323,2.3297543208806073,2.0792429781458845,3.2514769732011146,4
3.0948731032488586,3.0196569711159214,4.952407135819998,2.617473849613179,3.6804410505572562,2.1700525593007116,5
2.1368457118909054,3.2396545541625477,3.7047126079549884,2.219484839480757,2.5350323766053258,1.6862510194480125,5
2.7401342880845183,5.937409724213078,1.8964818221643056,3.720120007520635,2.2841545954466227,4.590069180208471,2
2.821904935814358,4.51299172807528,3.551522355689771,2.7018169824972835,2.6368530497023013,3.6185823700285606,4
2.203746075354719,3.9252871314879734,2.75230477696821,1.9007054733066437,1.3191090040444948,2.901861907979777,4
2.6124046362425064,3.169064408704857,3.774365872625984,1.4808080826085723,2.1772679479771355,2.553415720853616,3
1.968980336525752,3.838299554533674,2.6592999562713726,1.6527251146309578,1.0631572903318685,2.769389561778157,4
1.616329632821158,4.258456495277709,3.0840125098078426,2.6584085012857237,2.457321519526371,2.5975876782491754,0
1.932094358809353,4.92086071160531,1.9963540107485915,2.9603920462866204,1.727578888628004,3.403833851233663,4
1.7973883078059978,4.042223596641678,2.8616710389100812,2.2056064403233253,1.8622447597255918,2.6812156021238303,0
2.699871330285621,5.873256895528526,1.6625851447070155,3.6663420156448994,2.09952008125316,4.522572515128387,2
3.480813702718577,1.4483051161895641,5.417383503243238,2.3031220739036122,3.814770808902491,1.165476231565334,5
2.7916167212633543,2.5239126434727837,4.646338049685645,2.1812451635323185,3.2640020997546184,1.4571642983799373,5
1.6586218495436122,4.13693081845686,2.9034808092656625,2.6174493624358237,2.1970518813258897,2.4206485384278453,0
1.2341544867912775,3.93781755744355,2.630930104216438,2.3449529680361314,1.791049523519543,2.0680788271629558,0
2.190001515731109,3.0327297528101202,3.614492013499156,1.617101896039074,2.1175577935964593,1.8593169183987541,3
4.643318036787166,1.7510350993109207,6.498681402890827,3.317354254181591,4.868099473589035,2.4145675443361236,1
2.271046393300324,3.0041898834804712,3.5767909273680463,1.671553109415005,2.0683434047054856,1.8697908465685975,3
3.022875005093219,5.989805318634913,2.095640708927982,3.892677136363879,2.397613215111575,4.6620892530670375,2
2.8082244696092133,6.851843027310907,1.5727198664136792,4.794694437343667,3.16546407384164,5.018459091743451,2
2.5590032982310795,5.136074896709088,2.6029594199817057,3.051188254096583,2.1532111020995033,3.9651221326343546,4
2.2497358898101303,5.800141367677351,1.2822735433590131,3.704555521924415,2.047238058999398,4.17384144144128,2
2.1404116252737873,3.04924047410625,3.6150380955250085,1.5804660698261803,2.1465975890192808,1.8780631494503197,3
1.9866829839985833,2.9790409396401945,3.5699719079477616,1.3860270355884778,2.0651947204270864,1.7706919430783317,3
1.8504241863080528,4.353615828695779,3.216098656085959,2.8090651723133973,2.6140011641231893,2.7563282080589078,0
2.812310236431141,3.433510819928598,4.005956107860675,1.8686518994623833,2.5592304106529964,2.8281146723597352,3
2.711501186420911,5.8674794690654695,1.6635016501873776,3.6686054079531747,2.087634577270399,4.520563835684225,2
1.31515832735263,4.956815887672877,2.038686529012693,3.0939027499129197,2.0359541503401357,3.1124621910632717,0
2.9292825870539665,3.2251509521174393,3.8284617316272627,1.8721809482916578,2.223116972607993,2.6351881038390244,3
2.144982225984287,4.97997125358407,2.139668294324606,3.0879539294702205,1.8890095891000995,3.513313774293714,4
1.1218233912837763,4.879758111017697,1.8254155944274721,3.0014235708108084,1.8298777962259245,3.006815902905929,0
3.22407044444896,2.211636814196837,4.5832796135735485,1.3909035993482293,2.785383621872166,2.22021235648705,3
4.61827276696244,0.9029488087962254,6.355216622361119,2.8400050122086333,4.554307421594018,2.404792562470485,1
1.5659651061404347,4.786711854053413,1.6498265190772712,2.7342122574707384,1.3002556794725058,3.209408054123415,4
2.1317964474427256,3.2632505803548137,3.7527178832453463,2.2263825186959383,2.5797256625982743,1.7177978791984243,5
3.780665190007236,1.4537081435592376,5.460948722012192,2.1731954316219233,3.725109477468721,1.8919198219273954,1
3.7813709851967103,3.101401004100885,5.091618205783783,2.469315916994119,3.553885590221919,3.085625063510606,3
3.62364955817591,0.959323117387613,5.3499078419097055,1.886306330321371,3.556565911180092,1.520377134859695,1
1.8173327029801032,3.911747992212412,2.677061058791347,2.1395640973239267,1.5244110689372345,2.500974048079512,4
6.027099860775867,2.361930454928931,7.592196942749904,4.0862805105094875,5.7468354706476745,4.010598839824301,1
3.2520002278393596,6.810081356495172,1.6881450424210962,4.529928094988483,2.8482421028940785,5.354573266270481,2
1.1758994062501646,3.7496684074761775,2.443867000368441,1.697285649614349,1.0685054383762809,2.200841650757029,4
2.061295117567662,2.9798085628500486,3.5499383441324346,1.4583231769620164,2.0531780331535803,1.814322959427046,3
2.601731037169387,2.2379675083372192,4.515483522166981,1.9057620249461455,3.0440769094389184,0.8433813694583796,5
3.6912591270146686,1.8609289118955923,5.543061106760928,2.600641841587716,3.989478764496587,1.6416655192060363,5
2.096587055092302,4.298992357148401,3.2361933648768653,2.517993036331039,2.396156886464263,3.002957243703536,0
3.1718781006055896,3.6310474276810947,4.196944191531623,2.325659048186418,2.8065517314552793,3.074093705797431,3
2.2470166563207306,3.895632590213891,2.7184959527673653,1.9148393172362297,1.218843455518394,2.8817059893211474,4
1.0690661556390653,3.6847134813618827,2.3256627140731894,1.600749341065807,0.7873729916517725,2.107240329554777,4
2.602353785140266,2.1406877342115456,4.454995992696266,1.870733481976778,2.960734069736056,0.6316018387286794,5
2.9276394970321,2.279219157294012,4.573657174995702,1.6904476283211067,2.962105761492237,1.7647359814053696,3
3.5262344511920403,6.884426109920676,1.9410194745274636,4.701373113585816,3.0071017877096935,5.462349174104343,2
4.930620695894061,1.4814094452832813,6.504159907273785,2.9103947434308037,4.636796355060878,3.051209265987031,1
2.253554621757591,2.9766928895596867,3.5636504646944065,1.6415600485049242,2.0244866337515233,1.8321393582048484,3
1.4685774207756583,3.8662348622305873,2.595537229829359,1.9197223228252522,1.4288879875191172,2.42103551598778,4
1.4698576760973119,3.775181806763146,2.4746071113725883,1.8631315363856993,1.1251081367124267,2.2785957020859278,4
3.0943268167719475,2.5521524478409154,4.720866073923366,1.9905925486520044,3.183633919595312,2.090997690259795,3
2.1773892177900493,6.047185151908473,2.0025633441421427,4.0609924554610775,2.8233312671369917,4.261531653573422,2
4.141144240310503,1.6894094520930711,5.564967648636483,2.202642848727117,3.722073021866657,2.5201353037581127,1
1.3224028845270173,4.924584432235428,1.9516560401107963,3.080073321584333,1.94248907775514,3.0699437238461487,0
3.5153375966452876,1.761829739812084,5.512188477055716,2.4049455570064113,3.958516117204583,1.504206175055937,5
4.508363481850484,1.5505094840909768,6.454757560482444,3.154275149936077,4.809457663948603,2.257723159115372,1
2.2876901288386122,4.870064638955633,2.0032544885984547,2.7498607366354575,1.348731824309428,3.6501860857565207,4
2.864881439776773,2.0077046517110197,4.455599108062464,1.49750087939895,2.742895923194212,1.3892219439989764,5
1.3799146083740035,4.16200913124335,2.953934922827487,2.5167276182762834,2.2793505928838256,2.4420149644298372,0
4.690665483391497,1.8183579164583656,6.514239289402814,3.373931949522523,4.889530557433643,2.477897995768786,1
2.332627625336762,3.253466292838057,3.814233759277862,1.8677381333980203,2.450143125046048,2.1813974555720783,3
3.594553545219322,1.6132503934210936,5.460072053289156,2.452054282193091,3.875198219340884,1.3739054341749535,5
1.647806462220767,3.8675230951107,2.6090369647503318,2.018134163421993,1.4109803549596993,2.4352702461285425,4
4.557888741411265,1.1329723241799388,6.396425645451645,2.7989282010940664,4.620366181236783,2.472989922883342,1
4.582442161423837,1.2271732981854333,6.411516135569443,2.837601242657162,4.645739493702072,2.5212010296239016,1
2.796519339873652,1.970412669028585,4.431764157721143,1.390537571864074,2.716375675313876,1.308218975541899,5
1.7939170480645381,3.123365069173679,3.6303279218891076,1.9423393593361007,2.406933174674133,1.4106451348867153,5
4.06779695444709,1.6935433539560898,5.574836489817774,2.1088321717323986,3.735852679948232,2.5150091481794004,1
1.5817587313196175,2.9698460508794846,3.4923434425155198,1.7285851506723475,2.194876666740681,1.0335986196083689,5
4.6142497141830345,1.9944177814727952,6.570278990584582,3.3327745971220746,4.976626642772928,2.5810448489312185,1
1.7240823081172505,4.308532429806988,3.15265559555719,2.7315330066902153,2.536254587790863,2.6664509817899105,0
2.8708413847395042,6.864745787978975,1.6419697691937887,4.826516520504212,3.186777441001206,5.025649788654541,2
3.1627348860353055,2.3883773031237134,4.636487283242173,1.9996932187097851,3.0286626534095276,1.881948740947377,5
3.3417873140007877,6.865728533826992,1.8949465551409224,4.600056161043508,2.9853318744159996,5.432568710511667,2
1.944882240991478,5.847171281895046,1.2982990912258034,3.8840164834459583,2.329687954723038,3.992547882058988,2
2.6958813932293126,2.233118783588011,4.500565718253696,1.9923014339174714,3.024616098025759,0.8806237037196717,5
2.9268147364985055,3.5425720749808853,4.095315160506036,2.0437470347454076,2.707763788361133,2.962059845098631,3
2.319670301813891,5.044196522403738,2.4239820302421617,2.8651596262836247,1.9370891946525204,3.831146394498617,4
2.7892564289390918,2.3904941901131265,4.585538668888529,2.1335116336173687,3.146472955322946,1.1872428546069518,5
2.8412502619109907,3.401918966275874,3.977143695889264,1.8780691739745972,2.5127408292699833,2.8051807742480572,3
2.1602395839786035,5.947963546842234,1.7269461363514464,4.008823178027982,2.5804536230673896,4.127246735691559,2
2.17199754294548,4.142448042558176,3.017313540050121,2.479483586180748,2.047965888839476,2.8079104272226654,4
2.7646509809628905,5.2656055705769536,2.8377512821097066,3.2357390424822503,2.45910198068594,4.133546849226464,4
1.3734023429491027,4.129105349559418,2.910173183848844,2.4979410868454637,2.208885079346202,2.3830443677913298,0
4.018416216353144,1.3113060606797946,5.463683391773477,1.9507153891942612,3.5665462052036627,2.3018844511390446,1
3.1868299270268508,2.1940663802056695,4.589021341794739,1.3260243298427572,2.7724921906458775,2.1752423008711026,3
2.190539727130814,4.81447729674668,1.8580196019817583,2.664419920612997,1.1139420793958508,3.5636493034769896,4
2.5096972668404924,5.771191620866218,1.2934122921563596,3.5203485821923906,1.79013239842827,4.392033891222188,2
2.6860325335743,3.06780706325597,3.683660782588964,1.5061400855275584,1.9859103287731503,2.4365030384529978,3
2.2666646875840195,5.915920746315509,1.750078098686639,3.7680784657994484,2.3944046117748488,4.309370467554518,2
2.3265292962814526,5.0654913600831355,2.459785661544434,2.880953368947052,1.9945089654688657,3.856771183394134,4
2.375625887092323,3.1827927614895204,3.7465063816577087,1.8670652261740441,2.3333064416334,2.082483805322717,3
4.7245266350680835,1.4433716326446728,6.464722390711543,3.0244201811569145,4.696880380382307,2.6276881543838586,1
2.657156585788345,2.415699286539847,4.592963799378373,2.0230511198658925,3.1838036492522126,1.250478872538522,5
1.8611301128737718,3.986224039722004,2.803526350857218,2.2096490499741654,1.7194701336210003,2.5974304902489376,4
3.9237188668217975,1.4117868538293028,5.483571460455433,1.8370584879226812,3.6216701504359747,2.344037784598816,1
2.600651814431622,2.152751255059783,4.469346291943646,1.8735436096640048,2.9733028052759884,0.6546119113084388,5
2.4578743251081976,4.020189676232507,2.898294510348366,2.160342035878057,1.562149951189969,3.0402610683900813,4
3.211042512134779,2.2662176438175723,4.624826797741816,1.4014930769581109,2.8351718767050462,2.250292110361262,3
2.9223546451314126,6.725118281684931,1.1020009398271842,4.563527526434873,2.747896006183123,5.063276864990759,2
1.1843422613964794,3.952667541451982,2.6514162646463006,2.335814585264459,1.8290900437961923,2.0971943398048563,0
2.4515540334742187,5.088914614590323,2.484123802847559,2.963617712856458,2.03878043795417,3.9105461472478567,4
4.54889392451098,1.458934794236749,6.4293081132982834,3.1801749300192537,4.771696352422286,2.225962777867044,1
3.6822835935059888,1.23904975048289,5.403014466348023,2.0095963616615116,3.6475274720088544,1.728793890698702,1
2.996028195652923,2.453737587726565,4.6662459942430266,1.8422253258725054,3.1085466228685554,1.9693823609675731,3
0.8032995828001901,3.8782011923562547,2.538463074170769,2.179862937533581,1.6694972668114094,1.9408149811434783,0
5.832242684697278,2.093145243800476,7.51159642421617,3.838944886247637,5.653729660860545,3.8450986407253267,1
1.9014283392087477,3.958173127122984,2.72042120183083,2.2155544273785353,1.631393790795879,2.572610346185647,4
2.205760231327427,4.8430957085382165,1.940221991908854,2.689008687351592,1.2455360664701307,3.589895810161506,4
1.075921628749923,3.76724981353515,2.4545939279590474,1.6627978547731201,1.1472529033646985,2.23981932839924,0
2.3477394476093445,3.9382879461940665,2.7736610317669417,2.022167059811069,1.3400318016693091,2.941137268493212,4
2.0533694399059934,3.030691571675171,3.603441210137554,1.4834007445361204,2.139685175687366,1.8727777088184425,3
1.2455669453073397,4.882457546443809,1.8217997699852992,3.036724608231959,1.821568967969145,3.0127492680914507,0
1.9141700115883689,2.7664608990078623,3.3869904043526096,1.1593425495470204,1.707082141199525,1.4428550642796718,3
2.68732088964459,4.355373579352425,3.3659250790491875,2.5202325531859033,2.3463242631968755,3.4456215302187556,4
2.1600403879908927,2.930859753727588,3.5231796105530435,1.5250575162992175,1.9590462336918497,1.720111921040584,3
2.123676293443763,3.161281925629658,3.72841060793248,1.6317949151273603,2.334218467616884,2.039079673574341,3
2.0603647145895345,3.206845155288846,3.6885663079191677,2.1528939400992155,2.5030967285306427,1.6262811856209294,5
2.1856033829477988,3.256306326897551,3.799161895619214,1.743884352822502,2.4644861918382435,2.1777614675830335,3
1.8253567890160807,4.328565391053906,3.2025042594120605,2.7837249607973655,2.5800962348708127,2.7067461030590074,0
1.8593382315670763,3.1117001077865383,3.6133470786764774,1.9795167473915294,2.377374247375456,1.3819458194105958,5
2.7351859006206722,5.254275654067343,2.836265057999639,3.2132194993771663,2.4369933667491717,4.101762803712683,4
1.6769172631599016,2.711076396642446,3.3379188667970987,0.8163671842235529,1.633623074497143,1.3128678106885505,3
2.4134839336045095,4.9026812412257526,2.081755459505749,2.840848940105372,1.4469173989142594,3.696576115076984,4
3.9954952443969196,1.611755148036806,5.549789333046684,1.9895176137985735,3.7067203786960037,2.460304261513772,1
1.3692920473642587,3.9970864751987984,2.73158840475133,2.426596932043412,1.9255468101502804,2.178056305962967,0
2.2002004311635344,3.0064568919925807,3.569384658939963,1.6098665804057573,2.0689991642819145,1.8437425014698319,3
3.6524832882592513,1.9582215483872132,5.567905469570724,2.5866335485231025,4.041459700620947,1.7409149288589143,5
1.1074790585340015,4.869165997176999,1.7717501526404653,2.992406677260237,1.793723442140394,2.997485239114264,0
1.641678261538948,4.14746660140584,2.9155072141298612,2.613328924070479,2.2286586003985027,2.4498109043935554,0
2.0341463299306115,5.749897549575927,0.9729836880958629,3.592397115482347,1.908288512258448,4.108028958055135,2
1.7431075199880155,3.964793187620517,2.7259751426892094,2.1295770787857067,1.6645333340828792,2.567702964052969,4
1.330898309358233,4.907042295162309,1.8742617463849214,3.0727871841399983,1.8898791435211841,3.0555826932958445,0
2.180610416092492,4.071003064583338,2.979273954894751,1.9780612944492668,1.7545496820257425,3.05412947242712,4
1.4642529883122697,4.108806319615405,2.8871535380748035,2.5216014770558557,2.1625029273074654,2.3357824609347895,0
2.0110017222715846,4.786037017719845,1.8035272444193589,2.5492186259063527,1.0178303462224783,3.513764703659082,4
2.5040970141667347,5.3361964940937305,2.8892720086287684,3.4401786194727504,2.741407208106677,3.9634096441358464,0
2.375914368077986,4.899552210986596,2.0632278241056103,2.8166402478148216,1.4441069619882132,3.6931242511666316,4
2.9210116040111758,2.779090339256078,4.806485543072626,2.3859996374632786,3.4787623890403263,1.8042036896022273,5
3.459509600065228,1.569180427724542,5.451866419054453,2.3056638382341546,3.871584235298523,1.288709920304611,5
2.0748299693262933,4.794043410652976,1.8069525412499203,2.5872075727678996,1.0511768242764312,3.5394395875921063,4
2.5278127096722525,3.1260806245204034,3.7530438077570794,1.3457556379250046,2.122104688524694,2.4723765955695947,3
1.5608365686214385,3.99473914480823,2.7889498517917812,2.0481805243512063,1.773991248959261,2.5969485666907954,0
3.8931834273296326,1.2663111420485558,5.4494010452320225,1.7586133589133837,3.563382047632265,2.2606637662040936,1
1.6838058462976357,4.8142207644624415,1.739223213076138,2.7972816236679447,1.3922468658651406,3.2532666867133457,4
2.532379751529224,2.955808583078664,3.5979274759864746,1.2230753644963361,1.8263695323547604,2.3081294720357683,3
2.7182073259484496,1.9313881982663945,4.403527599361259,1.259715431621403,2.6932605483655645,1.2666611309803084,3
3.1064994495303875,1.9990241035543985,4.488866188028459,1.0732842312414532,2.611963769268327,2.0070703289611136,3
2.230930901357938,3.3015593823429628,3.776909294383382,2.309130437490947,2.621753180225199,1.8157952046681136,5
1.8173327029801032,3.911747992212412,2.677061058791347,2.1395640973239267,1.5244110689372345,2.500974048079512,4
3.624095746471076,1.023581663601447,5.356634433390505,1.8968596377686222,3.57690720615695,1.5921415373030043,1
2.0800757177933993,5.186018232796844,2.511915140862684,3.4756166767062004,2.5343653443971066,3.502225102126846,0
2.5705251981176627,4.100597135225915,3.0164189631167218,2.2912744660527897,1.772975116332749,3.13055234332707,4
3.822372552683646,1.9707213268393353,5.5799755108345455,2.7510266707035496,4.03436206239463,1.8013577525461764,5
2.8002211501959993,1.8875285086660256,4.397043304437525,1.358222898466255,2.651663552875322,1.226398209801434,5
3.100288538483355,6.06839246454343,2.2992609009583456,3.9722228939430635,2.5946299567361932,4.750843565734167,2
2.7877722822509288,1.9726602765027692,4.433481650290499,1.3765998433188475,2.72464813097824,1.3236811450120383,5
1.6373584547876159,4.798853838775301,1.689049774667205,2.7695155308186017,1.3399012374159676,3.234801810259899,4
1.9521489517251374,5.874420468015171,1.4563993615969295,3.899425359885946,2.4093818557772986,4.019828511576077,2
2.7952566603804674,1.910376937482525,4.394933005258403,1.3592969215885156,2.6704049742160683,1.288162228985127,5
2.6175104438634973,5.7944227308790595,1.4029276397478951,3.584976423717256,1.8580077482764616,4.417833042177172,2
2.5818869720168554,3.0460955479189997,3.689556280264225,1.359292749250613,1.9775314033081153,2.393408738729826,3
2.7516423964476906,5.843260300689205,1.609987556986808,3.678504110023532,1.9974920651882353,4.480357229990376,2
3.1208599616289123,1.9533452719496147,4.473304439431125,1.0734151869151085,2.5743343753098933,1.9562904247838122,3
3.950487185859215,1.8628812777118495,5.577748628574452,2.4616032685310323,3.898266160486307,2.2353736606783356,1
2.267555884623533,3.9321362028224547,2.760948486106301,1.9556321884647367,1.3298225658835094,2.923810478544301,4
4.857997793920281,1.4282317808598097,6.494326085066432,2.8177355774952457,4.625659641782605,2.993632527568076,1
3.22065423498521,6.761880063097826,1.4993054700915358,4.491194890676317,2.725722630669411,5.300943120926379,2
2.1106082092414526,2.879815664049463,3.478511325951673,1.4438844005164948,1.8817474380878076,1.6568347287785183,3
1.7851517836271875,3.09622548159003,3.5987799717297215,1.9222345148971989,2.3678454378116203,1.3722296823166813,5
4.948045436333612,1.4737284951402108,6.495446040297281,2.9283320299090754,4.631602246900745,3.050878518843561,1
1.1921257515687584,4.065819820316686,2.81384796967331,2.3987045469824233,2.0885895047015186,2.283390239430644,0
3.9145726309179065,1.2247147831078438,5.440519086096389,1.781464510408769,3.544913611433569,2.2509146586117503,1
4.94949864158137,1.8398257761980148,6.588799904890147,2.9951278971533393,4.774905848591725,3.210805840949443,1
3.217139659738562,2.172031941148264,4.576817854371797,1.3644798320941096,2.7472930360410937,2.1583680687808036,3
4.568397398828758,0.9676698839734452,6.373702605301837,2.7903011804654,4.579665786110173,2.4151328659489293,1
4.529638064400649,0.7103235565541364,6.333685067615772,2.7221422278512057,4.528889731484172,2.33371152826396,1
5.007191351518752,1.4806365690846979,6.502676685453227,2.99814888526376,4.626488481725834,3.063252157610299,1
2.43997631796686,3.1579215474334243,3.693476912206674,1.9102188872523114,2.277592031709181,2.108630010282909,3
2.281104972078188,5.8297310512364025,1.398911664237075,3.7324824163423433,2.133211356358296,4.218370510022064,2
1.6992714314336892,3.0688024369339146,3.58666482647028,1.8543658467483413,2.336607145545941,1.2639209020353759,5
1.8242324698811685,5.863948462677311,1.3856476534727622,3.8512831033655486,2.391863951060267,3.999763907285429,2
2.2152695507279145,3.3904753814711888,3.837134046984813,2.3410147023141037,2.7363708228335386,1.928315627530206,5
2.109318166145562,2.9055257413872506,3.4820355746854292,1.4596580343414882,1.9168959063960316,1.7045775644181842,3
2.9892398451180893,6.7705991243464645,1.3337321428247453,4.613780682986616,2.8613845003490463,5.1164548370819345,2
3.8235082932551623,7.145501997572221,2.744350683261825,4.974993030307596,3.595265972996108,5.779778419651521,2
1.341441740200234,3.981196621160133,2.6919488780711824,2.4065867216795493,1.8905480074142629,2.1620492139213354,0
2.1192403485804707,5.730627447427641,0.8972524220520276,3.615773684993315,1.8383664243317057,4.090351921300024,2
2.23814076059495,3.231504919239966,3.7677092044266454,1.7722478276698286,2.4250391780906098,2.1744535398109717,3
4.068933097064776,1.5352656307154129,5.513484555495842,2.068975629301322,3.6591074644816706,2.451380867319916,1
2.7489265191679166,6.842974800527301,1.5492524572290343,4.766805177146282,3.152461098229293,4.9944374520062915,2
1.500818466896916,5.113683420562363,2.366742848746459,3.228773465594136,2.416122532777053,3.3423926854367405,0
4.093244332469673,2.252982775076868,5.7184759852684275,2.7092905836501817,4.110472614169386,2.570559744251175,1
3.786039999021264,1.7092354371900065,5.52874073109669,2.2372091771766605,3.84254184326496,2.0679295920261755,1
4.552251254223827,1.7072657603614785,6.48882525958676,3.2223395207802428,4.861761083316541,2.3623199508720205,1
2.578040923270342,3.5202956231054734,4.027045806868192,2.2115123326228634,2.797881787583705,2.54016369724279,3
0.90132645803197,3.9265417406903085,2.6138214589770055,2.23173196272733,1.7916425910236817,2.0398652608632366,0
1.7320367986095577,3.9322567856874793,2.6791767935933857,2.104298339544002,1.5771065225437408,2.5243968572646347,4
3.145485618129191,6.955168193113607,1.9815821160998275,4.980723698539546,3.376714145591402,5.167928353168397,2
3.6681297061831515,0.9727495000523513,5.351424397250213,1.9463017529787232,3.555245287597445,1.5542353651035425,1
1.8466115383076824,2.8925614333040413,3.499956943521493,1.1821520283768627,1.9367088181564236,1.6216213514032507,3
5.096627285307331,1.784545832423216,6.568945875585169,3.149100543563702,4.732607459194987,3.2354966085019043,1
2.3881825855320127,3.112957897542339,3.6742208879082328,1.8398567239366581,2.2214068329378804,2.001567015885173,3
2.140302830872087,3.213103111855993,3.706034586160106,2.210005286499878,2.503160207846606,1.637997439684235,5
4.078533579908712,1.6044691796526405,5.5355748417915605,2.1009358946135004,3.68583266043993,2.464542369645248,1
3.0198452776375904,6.840529831428784,1.6556065817744072,4.6607509071898825,3.033942003448581,5.198132943303062,2
1.930204800901988,3.20878562688983,3.683221594999589,2.070078504876766,2.514544434962555,1.5969426146328134,5
3.9740751637783753,1.4848968218324199,5.503284257269081,1.927521893990031,3.647531863035069,2.402724875028619,1
2.911318725468279,5.920324089256443,1.818476953161069,3.799194464732217,2.206278352124611,4.590563026190765,2
1.9166559628473363,3.8115806395681884,2.617498723241927,1.5884673076560996,0.9677790995296928,2.7315226156120915,4
0.9057729068916439,4.88332553093424,1.8361497588023366,2.9535766555264855,1.8514218971407053,2.997775224370141,0
3.3703223860720275,6.787688183656787,1.557272929130129,4.577606285370661,2.7700648294726893,5.34792036250401,2
2.269722823551617,5.013556834482547,2.2570763590670664,3.165067767140242,1.9786564586989606,3.5532197253743907,4
3.5240190345792843,2.459809326580516,4.726453271904193,1.921729843830429,2.9702225108892435,2.4713303219735363,3
1.478434082417213,3.8256093141123793,2.535294985125323,1.8982108985141564,1.3024551701899283,2.3555004457478885,4
2.0481052079586544,5.882876875579177,1.4598514478020292,3.937190214293705,2.4183850089972383,4.045844312891401,2
2.579027663394114,2.915637863999232,3.562069480527316,1.2608926050594085,1.737765177414665,2.266516086997325,3
1.9529780539450063,2.7658830483016312,3.382564621937518,1.2032357908190427,1.697221158169081,1.452123844312245,3
2.363156921866967,4.881264533659315,2.038024017474807,2.799565065289676,1.3759368793072657,3.649693831699605,4
1.364237501207687,4.958786690346462,2.0355845624857714,3.1087353358984466,2.0396268311862733,3.1256293500838765,0
2.1093276556245897,2.8778439796914115,3.4756076797049458,1.4426272073357955,1.875732730841252,1.6684841426689407,3
1.8177247194990704,3.254262641582918,3.73919178159173,2.023549792461372,2.5908418527111574,1.6496960936184601,5
1.502481135111234,4.004547040616504,2.8126786196813276,2.0253716839405618,1.8015852693127623,2.5795363573473424,0
4.566391208553676,1.7422975100869842,6.4930504568026475,3.241615067158074,4.873764398046629,2.4082680407713877,1
2.4251110329841263,4.91359499774983,2.096252926374812,2.852632855031207,1.4862998473472966,3.7014411015403867,4
2.2978557601103136,5.956686046121584,1.8790965680900473,3.801922975946361,2.4976493063138276,4.364041218911203,2
5.592622266295331,1.5477763968893856,7.344890483247458,3.781293857609925,5.5271793070682,3.302029366959327,1
2.735383580864529,2.049446318094003,4.463714612918968,1.3389024296572816,2.7938312103488228,1.4267456699182999,3
4.613699862896175,1.6660253082591168,6.471355023913515,3.2736967949733646,4.839970800545125,2.377408058788441,1
1.921087879116737,3.1665543810072116,3.644897785247114,2.0439089231446506,2.4532038694445,1.5197191668408985,5
1.704958267014418,3.9776534535614845,2.7648248928325323,2.1143085172561693,1.718241048359112,2.5938457640313564,0
2.345195042972113,5.993872713566255,1.8624775568223186,4.100424923289508,2.6766424896304932,4.205773604308321,2
2.7935395656863475,3.1433025921300546,3.7579638925064973,1.6792932993445133,2.0999600026889804,2.5156273705071936,3
1.8860126497546208,4.772009381575256,1.7593213977726765,2.4733227398705693,0.9784811245235545,3.4885801573892556,4
2.654977385475994,5.970020400239836,1.8565605062592698,3.9626117676648294,2.4898023784774073,4.42537756586466,2
1.932608161734276,5.7162688661885594,0.8305035247423834,3.5360479278966057,1.8166434115844317,4.059765560728175,2
4.120906169901643,1.621690318825798,5.5367152509700555,2.1591932339740074,3.6907411552053593,2.4934005974573763,1
5.866957616606003,2.239617023599406,7.557982126733564,3.9005114456035685,5.713925282199412,3.92675633075755,1
1.9217496683916084,3.151704983291379,3.6453213149841956,2.039092625243501,2.430420778179332,1.485940333118479,5
1.436981725313934,3.906355218895322,2.669077312058484,1.9281086092535156,1.5570230325102479,2.4552070833570108,0
1.5652533104768234,3.811748863830552,2.534276858198323,1.9390934970070541,1.2379938719024157,2.3249128710023177,4
2.7775901100845966,3.110403376174075,3.728526186172323,1.6377876688896145,2.0567427478450395,2.4956557234074292,3
1.8034153529618893,4.8739534395908795,1.8834849295673406,2.878213224539021,1.59922772377948,3.3508457823635363,4
4.529638064400649,0.7103235565541364,6.333685067615772,2.7221422278512057,4.528889731484172,2.33371152826396,1
3.108810163077756,2.0254128256831336,4.500962277385982,1.092813127738081,2.63525847657326,2.0342008691286226,3
3.1066055635528755,1.9127646548407065,4.453057693800214,1.0202913428498397,2.5419566399125535,1.9256360901517093,3
2.641221975643844,2.2166112143453067,4.489786753187936,1.934204938021727,3.0194050908274908,0.8573490925619547,5
1.9406231797249194,5.898982479009738,1.5211307838599684,3.9064696064568842,2.4777425088150773,4.066217464967328,2
2.347195191372447,3.9759144332568317,2.860800821749412,2.0453917408104996,1.4701115677416838,2.971652543735195,4
3.020427414472031,2.5838994719445876,4.736012380706517,1.922929593573953,3.222685810490967,2.0894472856462825,3
1.5699675842687995,4.068081969686291,2.820485170814752,2.5452650099476406,2.059168745070494,2.297394914820326,0
4.873565758131159,1.455970694012088,6.497968441525418,2.840771332781014,4.632353152001867,3.0150787948121995,1
2.062303717531775,2.852209181382732,3.456111330473996,1.379096637207221,1.8370040031951271,1.6157767298909242,3
2.9662664268322616,2.2497707374207967,4.55721468133898,1.7242033279913895,2.9285857443203307,1.6863875094571974,5
2.189938474479551,6.053360542021537,2.071282885791182,4.069130757648277,2.841077307855855,4.258017361248222,2
3.387770044500166,6.808363708504589,1.6644439165600478,4.596155821452181,2.826422271237102,5.375863401623364,2
2.2216412979723734,4.100224586387429,3.01619086305303,2.0268577153304226,1.8259028277232392,3.0974809533617145,4
2.6308794334585035,5.805762022979278,1.4541636810550518,3.5976893383951496,1.896026190668226,4.442732389729425,2
1.8628150943766633,5.888860756262875,1.4877705068407374,3.8754670327457155,2.4586387685274174,4.040519560684482,2
1.759904852307941,5.8615659343042985,1.402596807293296,3.8298277046092157,2.3936973522284712,3.9949610254129935,2
3.188539712199852,1.9989065213415442,4.484056556101183,1.2252172244256196,2.600990863260675,2.0344565012944553,3
2.3517148800921444,5.044924705637414,2.4255429419026013,2.883183659520086,1.9364638519230013,3.8425083488664193,4
4.730866423951441,1.916358360476805,6.5443866548474166,3.429034049106272,4.927688227378814,2.564710134848679,1
1.0165779387866158,3.964336805921622,2.668908963747966,2.287538406042858,1.8689627939033853,2.10420863788246,0
3.0333367466977372,2.9905262211630306,4.929489865118935,2.558180233403557,3.6548778283944836,2.104269171594235,5
3.098182829404958,3.3689209477441944,3.9591736853441093,2.124124146246275,2.4216480739649797,2.815706240304291,3
1.2722394936567947,3.7532921210348364,2.436490092659152,1.7448012544433602,1.075313695286294,2.2363222000710197,4
2.4157373531641007,3.1585485306186594,3.7139499379312886,1.8899821614727494,2.284753979605174,2.061628823879505,3
3.6687048975577263,1.0079210636675247,5.354117621931038,1.9523007955355327,3.5655024323081426,1.5727887468957216,1
2.2009918159344517,2.9592630766781793,3.531083977804614,1.5799213501695335,2.0007439474203186,1.8099270933292833,3
2.049402776277815,2.918755137124829,3.493612457503409,1.409606199089673,1.9452485449270216,1.7155685821321194,3
1.915966498375917,5.084323243219045,2.411198904989492,3.0388258404466226,2.2092307266602855,3.607618751231471,0
4.574627317550854,1.5668441027970914,6.446923534960995,3.2209527127253557,4.805774878338372,2.303841184897985,1
2.519676429160339,5.044597312653562,2.3938082976045814,2.9777865208776175,1.9068497291718938,3.8740717281666748,4
2.9271072819178583,3.277778021015589,3.8794184139798995,1.8979343992366795,2.3129908920604985,2.7025084557950985,3
3.5035060036699157,1.5573753599118543,5.450411948124472,2.3476509303563904,3.86323079620956,1.2978841766986042,5
2.558208603431385,2.922787392795795,3.565491968893829,1.2361334840128682,1.7542995231760454,2.257434287392062,3
2.7276032671984165,3.3334714224284117,3.92602350319692,1.719378431731057,2.42178930502811,2.727227655089628,3
2.01105019778426,3.1218527525006246,3.614781763084245,2.081306533711677,2.3817639755396436,1.46310939457666,5
2.7279489201007294,1.8269471082504074,4.364981420287859,1.2250754061196045,2.6100869973919765,1.1143953236740654,5
3.716450999782955,1.911499223787361,5.5594829616156325,2.636273808766536,4.0137741507606695,1.7025557470923645,5
2.1954965428612234,3.2907181527862446,3.764492697954681,2.281421330630214,2.6054032861362426,1.7437481900192624,5
1.0367880020468727,3.903202510933861,2.5802401732701408,2.259789614010058,1.720628171329586,2.0028110071996514,0
2.6671501269132394,2.4704191317977586,4.624616040655154,2.053058818672834,3.22942049149924,1.3337504889952263,5
1.7003693468307746,2.786040615057478,3.4051019086213477,0.922004303514253,1.7694145142449214,1.437309068027506,3
1.3186096594584162,3.749451080358477,2.417485265774696,1.7664265701566129,1.0407923779964825,2.2234301207687563,4
1.7015489613905337,3.905641028386953,2.6547520520733054,2.070542052133092,1.5130076925690186,2.4683684985018606,4
2.5131747857877818,3.496265886785192,4.006138216871583,2.144501892732078,2.7803937771904925,2.5373391254051954,3
2.02079870135965,5.773983619932715,1.1295408764026909,3.5997797435387753,1.9906498756861881,4.135917589119931,2
5.75936553508481,2.156203672301859,7.495314664996338,4.039085956396381,5.727864666911582,3.6110188695383125,1
2.3689799814114822,2.912396403738085,3.5744636698101866,0.9350130540699998,1.771124657644801,2.2075979496103413,3
1.5816693422791095,4.166436495035835,2.9822783440915797,2.5985833768922375,2.278056509951892,2.4323369364502003,0
3.0571248309443866,2.4549659176021565,4.6753635012864345,1.9088321732024667,3.1066162226580962,1.9508196370825848,3
1.2058740022876941,3.752721641769565,2.4315231558555124,1.7115821695882862,1.081087958266678,2.2263235973360187,4
1.198369324139705,4.012206379196056,2.741293296678211,2.3715414015069527,1.9708826447303867,2.1749032671914033,0
1.149795870349954,3.96454149423685,2.6652967368459275,2.3303745199743187,1.8579322313238664,2.0989350710173014,0
1.8917358610977375,5.115180961473964,2.350626400891672,3.3664683040974324,2.3856160553291823,3.380425166624335,0
1.85482350586254,2.794326765048883,3.4061002802427014,1.1157190511470751,1.7591054635644574,1.4821925152917894,3
2.959910103259241,6.861894671458754,1.7697170297779152,4.643893099237064,3.099237924291246,5.208727783920533,2
5.566397426995682,2.086860473576595,7.442799431801374,4.096665812479332,5.7654027320599965,3.2801565401557586,1
2.0897732428138234,3.145269919661551,3.6938998574624193,1.591316119699726,2.3078248042282223,2.0342069937824836,3
2.4671912335447814,5.885344936009688,1.5876474479276599,3.8375115096389485,2.2828129213386252,4.314045506575113,2
4.21480530765013,1.7451081537859454,5.587142684657051,2.3086896177131244,3.744880840994805,2.593158868064443,1
3.7227265424699025,1.9750932629924194,5.569602029037716,2.6576071899735663,4.0432954672776065,1.7926089026185406,5
4.62869607123739,0.9958259857056114,6.366139752340952,2.860967040023864,4.574735761260982,2.4456866562794413,1
1.9419036421362288,5.86122049838235,1.3823406126172344,3.889853256120927,2.371116300414304,4.009497628947964,2
3.401128359190922,6.808580072980235,1.6636719898765124,4.603372844919205,2.821409267565633,5.364450697874174,2
2.6907896843273944,2.375083640960002,4.588581441460788,2.0392614192286973,3.1480417429121608,1.1388734115698176,5
1.4937842791921037,4.1659453441416066,2.9579129187846886,2.5637918206521513,2.273141740697275,2.4308690092544527,0
2.734864543503341,3.1419686171012255,3.7433425495899537,1.6105244779303844,2.105208690831345,2.5362431097858975,3
2.2594394500148094,4.909783633663209,2.1016583671452596,2.7571265726033687,1.5016008892758759,3.6892789941127764,4
3.759882182033829,1.5433141310569165,5.482797932413772,2.171006683233373,3.7604731732842356,1.9155192671680372,1
1.8860178989584737,5.906543368080504,1.5468309016685688,3.892943433371237,2.495266064671464,4.059846761302654,2
3.558987876936713,1.584559624632376,5.4597755428805135,2.4106757904997984,3.867422407738352,1.3194592342402256,5
1.752246480391584,3.046888549904086,3.54848619477841,1.8756795745107113,2.2960961354780145,1.2603712529506046,5
1.793588949497984,5.13857974666485,2.407685405831152,3.3410072601574647,2.4504823495838175,3.396709015874145,0
4.127590448441024,1.7215836344458346,5.562504557049424,2.1916783248322953,3.740403850620513,2.571432676683627,1
3.1169965615954105,2.7492856901532896,4.789821832651556,2.542199928901304,3.425406499304465,1.7951684148287097,5
2.2141499588862357,5.7897366831239045,1.1827720320287032,3.6835626574965925,2.0211001178698775,4.179901025897322,2
2.0182977989443,3.132553334389074,3.6353327734864447,2.0917876459930986,2.3972311228038787,1.4426209335035498,5
3.2710782684246658,2.4015467342897794,4.69391122799364,1.558049882090688,2.9502658033582856,2.361058590294312,3
3.5889484981575297,0.9561521655988986,5.34583022719611,1.8394047476966777,3.5602350551830435,1.5393331264458685,1
1.2233356997619502,3.8096476538591504,2.5327538814299637,1.760533300136687,1.2803754175737296,2.285262861680994,0
3.312699082250488,2.194537412434643,4.590664823180834,1.5216538992998716,2.757703803647589,2.2057259132818436,3
4.703019367365904,1.8334973826075136,6.518826797324946,3.3865412806462354,4.898870822076671,2.5083745743131574,1
2.4891929578595917,5.898766506837306,1.6398429543730404,3.85564283256649,2.30741856853296,4.320541382538125,2
1.939919427491168,3.1217702166906074,3.6123701986277292,2.0362005379371686,2.382565279357818,1.4254627760649525,5
5.556951162883352,2.0628060124040903,7.436706365733457,4.084390658471488,5.755868338914419,3.256934372808057,1
2.0323512288022827,4.278667383722093,3.097707017261516,2.8567915220500653,2.4544447773453983,2.6615978124870305,0
2.188363309383895,5.9596982016730955,1.7533555496178008,4.023619687789519,2.6108119993921868,4.139909691944852,2
3.5854163836009056,1.2809031904960044,5.41748411047855,1.8958795211339143,3.6745863650566633,1.7135738188206464,1
3.609356177178662,1.2737632271934647,5.4117955914947125,1.9247175321531653,3.6688829657044852,1.7296727886008207,1
1.983874100118453,4.90125986290574,1.9863269307312055,2.972247441836815,1.6748013899789358,3.3890542542091544,4
3.6543337843136308,1.2113667311152692,5.406044373400198,1.9699266308841166,3.6415265589865027,1.690878644246222,1
3.010159379383028,2.2068342936333463,4.549723302042501,1.7582038839824385,2.8925558089490324,1.680339665685825,5
3.2665616231281565,2.397941210624805,4.67883751549267,1.5475568945748277,2.9480739459025758,2.3861110105944,3
2.3158538299604037,3.957463906010965,2.798816146116302,2.0098045077943474,1.40110716608862,2.9470184657126626,4
2.710900908904085,4.231529266461928,3.2015138684355695,2.471256166527223,2.0656347227778746,3.2783659164338985,4
3.2541969249831055,2.203027548870198,4.594312666662539,1.4374576776849362,2.772557242397623,2.204342519203239,3
2.5541229815722035,5.7968247986694115,1.3934515372722425,3.5553621617544375,1.8717400404134465,4.425381940902679,2
1.7550139745881812,4.8324172136236125,1.8164195301496644,2.8361173780723434,1.4637583080070131,3.285481710838515,4
1.37573767070321,4.010146355950185,2.7257825348345452,2.434948154457642,1.9514453524882562,2.2042917753918885,0
2.4686800617524804,6.043171439980878,2.029785937117726,4.172352762635402,2.78541014809386,4.25853372137761,2
2.0194142981281495,3.1911522731851107,3.6743901402429033,2.1209066799338006,2.4765093676157837,1.54349316351245,5
2.299602325196208,4.894013012272547,2.0805026302188763,2.7715843858335334,1.4327989351684345,3.652162905004208,4
3.0601104626774855,1.9873149099904506,4.4871348033748015,0.9706585225574129,2.608856469516868,1.9743823297672505,3
1.3059146342284427,4.7331089202301175,1.5418403129472316,2.6082678032289164,1.1157991606256479,3.115392110865842,4
2.147701533266207,5.810120404708062,1.2954532815029887,3.6679570342174808,2.087665798997382,4.184830886821116,2
2.982502329272073,2.1392536825691586,4.500932424304385,1.69827488344583,2.834241260901514,1.6214911106252978,5
2.6420079523201747,2.999187339395494,3.626327402897449,1.4053142366216878,1.8737669581433307,2.3581608576448128,3
2.98753352146691,2.164079307923776,4.5093974158115255,1.7150836903683295,2.8512962750137376,1.6388035786477544,5
2.8953454016575333,6.742358920928179,1.212127231086949,4.5595245090171925,2.800631525692563,5.082381202356042,2
2.138763471531834,4.790508515541463,1.8029420034078896,2.6216117245976,1.00918666753916,3.53465377567279,4
2.650515006580489,1.7190081675049669,4.322613062670008,1.044921737181865,2.539317664747576,0.9333403442548871,5
2.782512988733395,2.5028591921767562,4.652014667209103,2.168506592438923,3.244928355297628,1.3852719211936046,5
2.0053632941986175,3.0600373339732303,3.622463748509083,1.4586272182150464,2.186574818211082,1.9104456010788569,3
2.773356231419401,2.3997539429726333,4.579194621305186,2.1217639210690753,3.155760670024348,1.2632453330949993,5
2.753314155567736,2.555427379567123,4.670658473712292,2.1616772497111447,3.2915891023030164,1.4509440196358114,5
3.1867378182052994,2.1665483774697014,4.576572332428623,1.3113489244732144,2.7486345755386363,2.1515487976544785,3
4.117508147919567,1.7987304951836436,5.588952240510888,2.199588867146314,3.779577809575896,2.5946852666527436,1
2.3487069941032166,5.0632358617636894,2.435989477641672,2.892131384098586,1.9795038052185594,3.8601713419753105,4
2.366971614075064,3.3970826493937323,3.8752741218907953,2.4437516450947463,2.738915475610719,1.952766787760736,5
5.562040375218953,1.6671983115420996,7.36908013351205,3.765962422375398,5.5704990913026515,3.3550121121206637,1
1.6662283370348885,5.121856657421763,2.390807343532478,3.2870911191784042,2.4276368299332436,3.3707813080078153,0
2.320920965931822,4.006416788854714,2.8770286864431958,2.0432243936762187,1.5585154221898958,3.024882190847721,4
2.563048736254097,2.1270869424286682,4.456607226261352,1.8283552915762993,2.9562385271086056,0.5564748940315937,5
2.786287089584046,3.1035806014484812,3.7080585853696784,1.6454349360778213,2.0352581536815504,2.5125186535560786,3
2.9535191209930156,2.36247523700617,4.630286852880168,1.7547808874599478,3.037436859560841,1.8306255780386853,3
3.4355513867388825,2.7321800846718576,4.86516626709454,1.9289568942036823,3.232894298911735,2.682159242434436,3
1.9807737766238236,4.757273812272507,1.7184560965203022,2.514953298420062,0.866074499416248,3.4755775763192154,4
1.8936810790046803,4.910809565733958,1.9998710656030079,2.938681943534436,1.7024765665600656,3.372683070292391,4
2.5372611179694275,2.1753591583928937,4.482037013317252,1.8213771353197048,2.998973512231353,0.663452645487532,5
1.6429044478379113,4.794111956388253,1.690090133886336,2.769199528182451,1.3214846836527916,3.2135301312653692,4
3.2839346411321713,6.7550833537585175,1.4399526682960884,4.518849395509942,2.696225403018561,5.299091411581543,2
2.2868670211653086,4.03517055171299,2.90477777583906,2.03549409923769,1.6360901158483596,3.0397189906752136,4
4.582442161423837,1.2271732981854333,6.411516135569443,2.837601242657162,4.645739493702072,2.5212010296239016,1
2.846388382053311,5.348675547453647,2.9877556976340576,3.3263276814013905,2.6397938558627843,4.226910465104806,4
2.3377878834127217,3.991663495006142,2.868865962042649,2.0463652008872013,1.5199111241739214,2.997405069891668,4
2.1841701150286754,3.559378985269583,4.008644209759219,2.3993461576170514,2.9756026599327074,2.149349649630196,5
2.480161995579042,4.02577194618021,2.930405189969936,2.180439596260303,1.584703996894245,3.03586434666573,4
2.2203586094564844,5.994486263818611,1.8395128851759528,4.052904457331863,2.686757026455998,4.194278284394504,2
2.8194494406845303,4.286594834526804,3.280397490340506,2.5818315989638365,2.1747689061803337,3.3512304789771696,4
3.4503356046617752,2.4562681348142332,4.7179659920242365,1.8277229434405045,2.971622314510633,2.4361439689965523,3
2.9266425836607963,3.5294055925485055,4.093440429381379,2.037078286476352,2.690973350163931,2.9630071177473796,3
2.7642859791787004,3.2877090438744996,3.8884887877488628,1.7305610665723483,2.3490787295077395,2.6943494160957235,3
2.3425350529854683,3.9993066839901434,2.86342495592705,2.058037077785106,1.5196641372663475,2.9981338179207357,4
2.229434740022177,3.8877083606959655,2.7202152646678077,1.8965484115444515,1.1955526856353482,2.86781301209686,4
1.7943394933432608,5.907668394057128,1.5509654024986523,3.863334014209066,2.5083907404915187,4.056775639382198,2
2.0443393233289386,5.897236244333036,1.5260480910609953,3.9419991006314983,2.4627090490125556,4.068888229972055,2
1.8240612702383212,4.40764875408944,3.3048592062206668,2.8233944130917314,2.7196194533322213,2.797321063450923,0
2.521702106476372,5.839423677993346,1.5763965106377795,3.561659894505828,2.019849519743926,4.458613254781774,2
3.1930795537425696,2.3315413649142855,4.651151209337642,1.4074113322752873,2.8937048314486034,2.3000680924185013,3
4.938474366775034,2.6144800443122573,6.798486896987894,3.7580229164353387,5.258996539352233,3.0860903675008764,1
3.5675374707179555,2.8968252720215593,4.949053339329819,2.155421772909051,3.370849645678532,2.868357478091232,3
2.5593704226803973,2.9626378080137727,3.613966223312168,1.2671333361183297,1.8354773141161238,2.3097289569835473,3
1.9020779130574175,5.928575275008789,1.65584278791522,3.907810056339429,2.5601482743067727,4.0844065578996736,2
2.0141797439494193,3.8387714938461266,2.6474131517488795,1.6905478979951456,1.0444212802591237,2.7739916797756146,4
2.498751622770556,2.963585742843027,3.606749212727774,1.182552708391906,1.8438097751038833,2.311618682272148,3
1.723902728845507,5.212871216840367,2.586181384583278,3.3535086572406225,2.626065728054318,3.4877007117250547,0
3.694659356734173,1.178218962692453,5.384167754741092,2.015530604710509,3.61807822554838,1.6926599953989256,1
4.86427906465147,1.1963599527199846,6.444141456708672,2.790244287992659,4.551509949024512,2.9226096452153527,1
2.4356377001186704,2.844558068573089,3.513518866393482,0.9850907173484151,1.6282124075977422,2.143684732238138,3
1.0466749469062613,4.852106549239549,1.7429625324341183,2.9688514352352118,1.747615753699531,2.9632217797627947,0
2.4694265403059674,2.998451739762019,3.6463742522474463,1.167833075079951,1.9136807674329563,2.3198361035584667,3
2.9240387701370074,3.5355164591613484,4.096473396667316,2.038391452034129,2.698041200436859,2.9656300689457247,3
2.3198403711917277,4.018493321968732,2.9248745962586025,2.05159292352053,1.5942987464251048,3.0008096587278876,4
1.937439456195102,2.8299726737004622,3.444332042718964,1.233821341792981,1.8148752583219792,1.5436339819777385,3
4.052661516683177,1.6815728537883008,5.573320954051005,2.0847186730708405,3.7343900960015817,2.506880569056026,1
1.2437807578924502,3.946035870883252,2.6382536315785643,2.353151263955143,1.807799674090565,2.089741331077646,0
1.978009719355913,3.2138371558226515,3.6898054211717253,2.1045698252477822,2.514680831813179,1.6240023757429294,5
2.109069040122547,2.993898201267793,3.5572357382300006,1.5138238478476815,2.067212809127496,1.847413700292506,3
1.9807077272735683,5.09122739133976,2.330565198273911,3.391048802636932,2.3208794721080546,3.3593165726646195,0
2.0117823880316656,2.8298885678708614,3.439810344061445,1.31141827208928,1.8066776728358198,1.571183981580394,3
2.9095957592858177,6.780052246380037,1.4476672572100533,4.583543879931063,2.901106637054459,5.114132648349692,2
3.9174783490698157,1.3214433225537772,5.461167860453313,1.8079314032085612,3.5812932098955317,2.284231057436677,1
2.2486651930774366,5.94892037976013,1.6812484303712336,4.040978478126424,2.5751835599813355,4.150218049372732,2
2.332395115387166,3.365138823043693,3.8375084490219593,2.407361689656544,2.693286740636322,1.9008064659724808,5
2.3506851033205534,4.8926608431187635,2.0871506212180537,2.7993801491527317,1.426593066092885,3.6670124885769213,4
2.8400617284149,2.1644876563125455,4.5150901915272,1.5324332869223698,2.873699086184435,1.5689879890529541,3
1.751165770389272,5.233744828450506,2.625208442741073,3.373184482930969,2.66956860068739,3.5083742197998484,0
2.021499381077117,3.2174513169212595,3.70148565179267,2.135511606114588,2.514649545914369,1.6182880729339884,5
0.8503342085808514,4.8387958668931095,1.701051288564247,2.9182749602464426,1.7196245228476892,2.933128724148213,0
1.2439501980200618,3.9908084988468366,2.701559630264269,2.3764348290981423,1.9148895562602841,2.1497698667362015,0
2.7313950884920333,1.978377843177023,4.422995597063002,1.3008217563997124,2.730484793896459,1.3385182023679134,3
3.036188496712292,6.813025349611304,1.5773434973467366,4.655558289831662,2.9645029571086745,5.163277563173876,2
3.9891365631887443,1.3505361188128542,5.468360329670119,1.9187348079054856,3.583430580433313,2.311183047673139,1
2.6064848116622374,4.322327631778299,3.3053155485103933,2.4450923757121417,2.273997677858798,3.3878279944255083,4
2.69400099867761,2.4692110019730533,4.622107951991759,2.075245834667519,3.2272331454458567,1.326197929790197,5
1.5421415078534844,4.8017640370406705,1.7295524184311741,2.7339731172906596,1.3676480731070613,3.2101538481458847,4
3.8430924176480388,1.9930039050983148,5.593419242048042,2.7764826125794864,4.044584317957305,1.8376819322393472,5
2.7380216028750146,1.9589353184811444,4.433803712850141,1.3021346997767271,2.7188744528859625,1.298816460371505,5
2.747470337446858,2.089199337825832,4.47793042184418,1.3752980001007225,2.8228295758156183,1.4764781567547909,3
3.9670898259338685,2.296858090530288,5.740702844091771,2.5906008808285574,4.151510306264753,2.551589355545216,1
1.9162968737575794,5.062462645853908,2.25861537770774,3.35116283154759,2.257823393618057,3.319064275178343,0
1.9489839975264172,4.4282251810133975,3.3159140992825877,2.8908968630488157,2.739634141764809,2.851312064448723,0
4.087335496140874,2.1779739677561785,5.680171456186509,2.684053970015461,4.06105316744616,2.48790211735213,1
2.5069854867032664,5.059622511968661,2.4546171298265484,2.9786563906278194,1.9590274836265884,3.878920036359864,4
3.317377378327571,2.238069305093663,4.609325697986922,1.5494916440167132,2.7924782772671985,2.2292841991540557,3
4.689869470564016,1.4145373792226321,6.453254963604993,2.9825405696463605,4.690506268680131,2.60705445366441,1
3.6679627033474684,1.1558946754519055,5.387301939386765,1.9773871826066525,3.6167419489899673,1.6783473135719644,1
3.769941215285714,1.6294303734740596,5.519071573613475,2.2006776600539553,3.8075145904766536,1.9953024058538054,1
1.5997705932179629,4.993389844810798,2.1059475321471526,3.2018711383059193,2.1076962967681676,3.179557453731342,0
2.267501997003107,4.864373623708716,1.998065333080347,2.734635823815146,1.3343127309235516,3.6302894817101423,4
2.6715458466388697,2.3852726620689966,4.591281911435057,2.0242554214812882,3.1613951760747168,1.182833194430847,5
2.6230838869563606,3.5611963238232613,4.046360887030423,2.266004639936303,2.8506923121434977,2.617101443837945,3
2.095068180940037,3.8086573091090123,2.601186552997198,1.7348504323018101,0.8948778785595783,2.7509023491077493,4
5.799362484582036,2.2099566668763444,7.506105872129355,4.086924877610303,5.7453555850750995,3.6571923035443663,1
1.631508365449917,4.018154307845819,2.830274044502859,2.100554045591443,1.821526698671734,2.6019166599575394,0
4.134532628752553,1.653179615781116,5.559597523586984,2.1861427119032752,3.705290083874716,2.501451763552785,1
2.094592452602462,2.9217250741819254,3.520364041127033,1.4544138911160334,1.957809599646828,1.7149742816090092,3
3.249411253482005,2.120137780937475,4.550159882375277,1.3896372017588134,2.6976509504718478,2.116584545562507,3
1.496181626445056,4.8986751478838,1.9749523188202467,2.769818753891728,1.7170888706713816,3.3350681852707598,0
2.5822461237661867,3.013004359580112,3.6556721399291776,1.3361543824539062,1.9161172682036298,2.34202280003365,3
2.2321736504705587,4.852230543681666,1.964327290088436,2.708140494245987,1.2894118901210865,3.623263739929766,4
5.0134164064422935,1.6485560329222102,6.5308901969088735,3.0336929572298095,4.6831452943750564,3.137134592305814,1
2.86701068350417,2.169246381349837,4.519997245103223,1.5703145857132073,2.871742002843927,1.5677807893177724,5
1.452444954394692,4.788311499741775,1.705374886589278,2.6920380981502423,1.33576129416644,3.202261255674599,4
2.831726939996213,3.1887163138257653,3.7737581436245056,1.7472662128319436,2.166549502817252,2.6010486243382362,3
1.2113156188824146,3.9917306071299303,2.696055494191719,2.3651074646506762,1.9191550049472959,2.1593677672319345,0
3.335962895008524,6.786628957692987,1.5962554440736818,4.559537371931645,2.7793021099278903,5.343268370269106,2
2.483979858931163,4.031912791265017,2.938236052061993,2.186048049093705,1.6063409327388654,3.0528094159554184,4
3.0825256445507714,6.935050443439117,1.9455589573615968,4.945954198764561,3.3349383117533273,5.125017547599212,2
5.732256159159476,2.767810678889713,7.672275224705286,4.372260372023765,6.060232931035598,3.716655074254879,1
2.822927171890553,2.3533619884272516,4.563202154666845,2.1490547250272987,3.1145819468525526,1.162664442481335,5
5.951109548651409,2.4966529573367344,7.634852026748748,4.03469931411722,5.820461881089406,4.0658723578804405,1
3.6898111939131506,1.2288539812543369,5.401664152331541,2.018280364795697,3.641218105678691,1.7354355388977036,1
2.0614669051390497,3.3046266325377864,3.7711749040599982,2.2004769162533684,2.6376122876355366,1.7535537878756293,5
2.872496587281147,4.481002524418979,3.5262102778318476,2.7209553727173588,2.575690204228761,3.6036001810294973,4
1.3142653909513002,3.9919934473487153,2.7128813015357074,2.401973227598371,1.918920349041221,2.1653819282272617,0
1.8761505999430401,4.761156673898443,1.7454917463509478,2.4620027179538786,0.9221779695550362,3.4730316522315756,4
2.719264286044751,6.833724195701565,1.518985567763842,4.751039649612288,3.1343236225349203,4.9868226848215125,2
4.281968127081114,1.8971952916361254,5.636740810229197,2.4280260539074257,3.818155552712577,2.7019701669464244,1
4.03802543847835,2.0463375905072168,5.657037256368143,2.601767952527784,3.990606461497186,2.3406488232089715,1
1.6979603555351628,4.117752297379743,2.9072228925580634,2.6234690105755862,2.168016357717829,2.3905621041324028,0
2.47874634391669,2.862136887707288,3.5232242036995953,1.068807973863879,1.6584016176442942,2.187494894333785,3
1.805982871166003,3.886813895440453,2.63752575016601,2.1191101755817043,1.4499144444756171,2.4746161311737462,4
2.254985369049484,4.850117050027851,1.973795655426745,2.720490270785514,1.2726709079014298,3.601904307991493,4
1.699466869529963,5.024689479568282,2.149454104485356,3.2523936220041536,2.1729800409985836,3.2359261572241578,0
1.5295436784443603,4.106582502238926,2.874303125298844,2.548184549967314,2.1454798289372987,2.354679000973242,0
5.157209057426948,2.4531812203892236,6.796856265156285,3.352973632220214,5.051011095419244,3.572795570448661,1
2.189442036185113,3.888281232906042,2.729656750348748,1.8641705097861963,1.2127951856659729,2.857296305406049,4
2.2548664510665803,4.887866811975175,2.064291197363232,2.740656412899436,1.433729164758622,3.660027149379339,4
1.8897831960648068,5.860936652598486,1.368938836246091,3.87186215712925,2.3757282248672555,4.011350310857625,2
2.5906194183810136,2.3051010065482855,4.546359772314747,1.920168090337647,3.101439427500051,1.014481306454695,5
4.681867299830934,1.9419707269408972,6.557221668147635,3.3877573661914804,4.944283969983043,2.542045843037942,1
3.020898120015435,7.028563366279382,2.242172053406135,4.961500007215962,3.5530399439208415,5.235895375186343,2
2.062792125578774,5.828555411707544,1.3760214829530488,3.6434279853711797,2.1566770566524838,4.203415157119065,2
4.106604812876361,1.5178107691623062,5.51802725693519,2.1161925784649296,3.646568264479778,2.4308805505003708,1
1.8587472124241875,5.055946823681823,2.25648493522728,3.325878804276171,2.247878852694833,3.2872866838571957,0
1.4747578111010669,3.760691941323756,2.4385108473523975,1.8559940247495197,1.0644896746604773,2.2599030169812835,4
3.2231723853364045,2.0922638383509033,4.531486677207169,1.3316687683905277,2.6778447545334267,2.0948427510931222,3
1.8223187131954026,4.1730086050116055,2.950104362215209,2.7072339625834556,2.2602464343794932,2.48883171805897,0
2.0490276328311703,2.890410861671962,3.49508537728379,1.3896675456602587,1.9082464478809065,1.6438801306438704,3
5.48932443857947,1.8892831431466868,7.399402557117923,3.994415959955976,5.69886500055401,3.1444200569775957,1
1.7867038448585715,3.8970615637088,2.6419026830595476,2.113268201948198,1.4820430724306355,2.4900416929948257,4
3.1240998231325703,1.9783913238545665,4.482969832474434,1.0929390636762057,2.5968212445506156,1.9891376264908587,3
1.932747567935045,2.8575607993380854,3.464227457164299,1.2460649046298164,1.868746041740075,1.602334070918022,3
2.3219954397671083,4.916461321718863,2.10678975101134,2.79472274026633,1.5206633905065423,3.708285107555918,4
2.815192522289072,6.913766563397576,1.8263207201538134,4.825528253313276,3.3112013637538347,5.080986062248724,2
2.5565254106283355,2.9319436701113,3.569050591061172,1.2398024893045765,1.7727945600333346,2.2822246914319324,3
2.7355974879871643,2.4983968063319244,4.637360385223625,2.123900790875333,3.2467334295911265,1.4100475172047584,5
2.9910957485290974,2.595890740242079,4.704294866855109,2.3821918158537736,3.3054097269864675,1.5908355490824888,5
2.4369897129506715,3.1523894234795713,3.708984732116875,1.9018167106023374,2.2850145920074074,2.111061901679393,3
4.797185765157023,2.0742349832846014,6.631210456719393,3.211376656317956,4.948667515775364,3.005333154325048,1
2.699871330285621,5.873256895528526,1.6625851447070155,3.6663420156448994,2.09952008125316,4.522572515128387,2
5.533214685668704,2.057039143597666,7.439368595366221,4.061960524965824,5.756023360344182,3.2433789934524926,1
2.1692919739476983,5.953914273686963,1.7297518792118103,4.015075212472948,2.5918826336861986,4.137747061427589,2
1.6672260511392047,4.987794187530478,2.0937992784546884,3.222902359549318,2.0869208966732513,3.194993334401773,0
3.6348455595207647,1.0775755351971794,5.3638230687074095,1.9210077693002352,3.590484109986003,1.6119804082752243,1
3.334458049578984,2.3539520882728198,4.664523716963865,1.6239998708538637,2.8995816434306723,2.339564476932505,3
3.0612614100252635,1.9996666444163687,4.485923231912866,0.9798912932155565,2.6185915384928125,1.9953028038682,3
3.634197459030642,1.2065061338134258,5.404222047211371,1.9445847583499947,3.6390823656643674,1.6584456203969251,1
2.2613965675277647,5.002832036635206,2.3037375998094545,2.8099383163292067,1.8132706818040825,3.789720309573812,4
2.1232301289179394,4.097499758016175,2.9401922726166783,2.4237122536101805,1.9570006837236644,2.7552765534044155,4
3.4946055981934734,2.491926868246907,4.727678439158988,1.899502885071372,2.9949568112475196,2.482738956011883,3
2.167455103186375,3.2562692990468567,3.72490167444905,2.2485773840617034,2.5538637548921486,1.7175031339594244,5
2.9273771332717615,2.5308718950311815,4.646118738659272,2.3040322612983144,3.2500084553363853,1.4936445718202191,5
3.095436436526202,6.803526124259143,1.489067604622485,4.676520994166242,2.934257418513659,5.162763172475747,2
3.8552064158538633,2.0210667407150713,5.640914490777765,2.3956683828247254,4.001210176727474,2.317392551080441,1
2.5813328182447672,4.993431211181137,2.3142380140051624,2.988916062580705,1.7316947976846937,3.7965322139871316,4
4.345962787108221,2.190525333171571,5.7417647278940755,2.580045594090241,3.9781773559424383,2.863761087612274,1
1.957426116436223,3.1034319314677203,3.612079555792627,2.03840421740217,2.359730007873024,1.3798162961513896,5
5.710609097510597,2.402246435121178,7.549362093402649,4.28343977440144,5.886589094076071,3.489154184228078,1
2.9025995262330184,2.441058073261711,4.600392041576893,2.2500012514857954,3.17939337803628,1.3744629362931904,5
3.6773433157755453,1.7643944927395887,5.50113694365567,2.5659883291847914,3.9384133529604664,1.5705654347808433,5
3.6123029611281097,1.928864700749423,5.566533919510042,2.5401794060620557,4.034111487974166,1.717414127738361,5
2.820236511694281,5.8626984227330405,1.66525616003543,3.7224067289327114,2.0537194876842477,4.5124073412422065,2
4.6544213177009155,1.473734738190982,6.465550782629111,2.953884033746729,4.714741723639642,2.6481147019473985,1
4.898134440787623,1.5441356905206858,6.5163589026035265,2.8842984017040254,4.659790948901887,3.051766273288756,1
4.845409937243003,1.627247638401279,6.4950856526812375,3.179031016989787,4.750246126121901,2.7919060313979345,1
1.8069710902407548,2.782366270213515,3.3915846642953915,1.0475886423039615,1.7473013677528313,1.4482594413556409,3
3.4330158342161203,2.5869874460425426,4.78492942616284,1.8598028507766446,3.0995487431558115,2.553579848981538,3
2.194969514948253,3.1330499676543013,3.701905485837677,1.6804023552793121,2.2764710426708135,1.9911932512213082,3
2.6851226183856043,3.057100445392734,3.67014823952787,1.4959278916446526,1.970854297944199,2.4242799351712803,3
4.955431477046212,1.3674897990266073,6.468995964247254,2.921871285800241,4.589997564214038,2.9999973186848585,1
4.819115248023242,2.1197290508690787,6.607327547937802,3.5469331149370857,5.014863433447075,2.7336266545639374,1
3.877166245184239,1.6400795937009884,5.503791173347576,2.328746841264334,3.790549825486703,2.039116184948133,1
2.5639156894513597,4.314703546084827,3.2970769302603986,2.40781436748012,2.272018484040158,3.3877386232245197,4
3.82196438576543,1.4189217858129768,5.4438577731349485,2.215105967985493,3.7023345008591066,1.889416848676472,1
3.312699082250488,2.194537412434643,4.590664823180834,1.5216538992998716,2.757703803647589,2.2057259132818436,3
5.797558900822973,1.8178965704808612,7.434650607737037,3.7577540312480266,5.54952927129966,3.7238293900380595,1
1.2980477544590683,3.9952956120137,2.7304862927837683,2.398717592185955,1.9268546547653966,2.1556276257209963,0
3.242170816717881,2.291981069893913,4.620289587294314,1.4620964176419937,2.8481399041826325,2.274636108130456,3
4.547593258229443,0.671541441696772,6.327083153839344,2.739330625441526,4.519337155674195,2.3207325144129194,1
2.265812405539907,3.1035070668656957,3.664841226310777,1.7249301098227938,2.2226535785500303,1.9699750249399193,3
2.5855049927205043,1.7791809061452177,4.345258914647355,0.96198018392207,2.593124183489332,1.0208723223413894,3
4.986287015104984,1.469014761320602,6.490653216750882,2.973225950202224,4.620620880536457,3.05874588104683,1
1.4122818122007674,4.91066864737908,1.8922851234041538,3.099726982105131,1.8928104915857253,3.0609434702588034,0
2.025840661211427,2.8368465147619744,3.4305757444210725,1.3309535027739008,1.810826146043361,1.5931075089032365,3
1.8511584056126267,5.72182813139541,0.8567651091629341,3.508853999808118,1.8455855966945989,4.059950132102301,2
1.9966406667997092,2.8366671493623556,3.4301848274805247,1.3009969943625976,1.8122825171409638,1.5800292875343886,3
3.256672570657375,2.8760602898516328,4.896333027480631,2.2839742158362983,3.461173538766912,2.432582163162938,3
5.805282568946438,2.2253268097381103,7.508234912804491,4.094982733436845,5.75142859857927,3.669829363517417,1
3.151742612727088,6.723267450626422,1.3001951224911978,4.439120734936398,2.6251353521945893,5.252735051435663,2
1.083216542929361,4.932046044997377,1.9664256424675155,3.018429270025343,1.9850294123872665,3.0707810778535056,0
0.7244127492401329,4.836448301365397,1.6927227182340134,2.8941221333713987,1.7162061992313304,2.921979573924375,0
3.2961126797845686,2.8949926165321123,4.877677066534233,2.7400698656409332,3.5397539070506543,2.0458463121698993,5
4.8655396453447075,1.1577527341432727,6.4376985265178135,2.78639210841465,4.540621268198457,2.9062494595522748,1
4.654764842350452,1.863493353098219,6.52217341369041,3.346494886312867,4.914210329382401,2.5165890348682587,1
5.5793549256800485,1.5789211087836823,7.350069869966409,3.77246592620753,5.537308815936072,3.3176302514479583,1
2.8107740589572807,2.083862887520166,4.4812995726028655,1.4604746390128622,2.8087587859564525,1.4937118597199937,3
1.5221275846194475,2.941054942952471,3.4681763655724573,1.675203778508456,2.156904773126876,0.9338535071370382,5
4.635946940317467,1.3217773909461412,6.433575840849945,2.9107174001395903,4.666349770548374,2.553443727998564,1
3.4711877383911753,2.468570115219504,4.729442174798647,1.8582243929318993,2.9850576879853907,2.4557935109445386,3
3.6213245371780283,1.7538739726511516,5.499984190052294,2.5094034129520804,3.938288028962913,1.5381804954669518,5
2.6477372235661707,4.185582260730167,3.119406162571478,2.400093957558581,1.9560302220137094,3.229315480954352,4
3.646522261540063,1.8242845477391223,5.5338770354841875,2.5504003012852574,3.9727342465291415,1.5808225597304175,5
4.81748100202713,1.250257768837743,6.453702486600838,2.7413887305762636,4.574068124792509,2.9294742022130063,1
2.7875866667947036,6.924224304618348,1.8843627987384126,4.819246329555532,3.3408189352222504,5.089446608014028,2
2.659729503471442,1.9747846950572332,4.42849822561899,1.1932280236844544,2.7384962546720297,1.317556759982756,3
3.7214316406247896,1.239905321179201,5.40917424483307,2.0605872619766004,3.6402949463608754,1.7069432146208696,1
3.316035572531854,2.6024871814105897,4.746187743433802,2.239157560318121,3.201178941564717,2.143338678075705,5
2.2050446788432603,4.910710654088117,2.0985239740246313,2.726655341547728,1.514615476982767,3.6696280428302477,4
2.463459412366862,3.465998839454197,3.9757633208188876,2.0895707491110627,2.7384757858100444,2.4698379522702627,3
3.56774237620846,2.57085343967924,4.761273740853952,2.0215882798737783,3.05676311644947,2.576961522441911,3
2.602195772255829,2.313846493455387,4.548502860141413,1.9336650190211524,3.107638896071825,1.0292456993414798,5
2.3484163448154467,3.3442597160176453,3.8231571833419764,2.4081422758309037,2.665721749453926,1.875967626793997,5
1.6980868391396522,4.87086936170344,1.885804080878315,2.8341425910231894,1.5927905397610642,3.3202203363661886,4
1.2922541746709677,4.976102559441938,2.042317345312986,3.096493002292131,2.083777958218289,3.145678855446212,0
1.9591364563991238,3.1517091831244173,3.635438329396192,2.0609447601722852,2.430563061006726,1.5109903585898865,5
1.3163150712337708,3.9974503689345737,2.711446867294847,2.406998698094006,1.9238017515114287,2.186673992304708,0
2.831046880950654,2.408427193339315,4.596453714615491,2.1775411743249555,3.1570077664545955,1.2396877706963716,5
1.2397439077364962,4.742952913312508,1.5363958578134407,2.591846486074304,1.1593075977542497,3.124562354692989,4
1.3280892616357338,4.039302551305191,2.791638036219227,2.433565268457069,2.0228556948353447,2.2447983904099043,0
3.4636904462645104,2.3624300734915376,4.664790829314791,1.802616606093096,2.8891936220645085,2.3863934327379956,3
3.991373540890359,1.7839703914010603,5.56459251222111,2.4872394633530965,3.8563858555924004,2.1572232329129726,1
2.680255221991967,3.067887668736915,3.6993659296368553,1.4955367255600567,2.003026090308403,2.4485099722072445,3
2.7417392220766583,2.0792264772948923,4.480365956353044,1.365829586120721,2.8119383511160776,1.4347447463305711,3
1.8896275523547426,3.261468685138318,3.7426576907167752,2.0702211069425256,2.5977266728411292,1.6747849167171172,5
3.552192922265288,0.9607439245329146,5.348730450258081,1.7913494180875593,3.564904474106866,1.4992446765662408,1
2.7631410379362653,2.031402923357422,4.462015195926261,1.372678060173269,2.771706605641949,1.3995647016496529,3
2.2354854569798857,4.035414024179493,2.910020384438105,1.9954907066854501,1.6503257146327515,3.037318612063846,4
2.3963130531956156,4.913333428998696,2.095528035238421,2.835930269032468,1.4896695992661884,3.695951715627851,4
4.91743930504024,1.2777041027134328,6.458384358221505,2.864601937827857,4.568582511264628,2.965480796644661,1
1.3665388545262025,4.041234725727464,2.7835971725822146,2.44704017531466,2.0292724780584894,2.259951374252229,0
1.2130158429414886,4.09885468033665,2.8811797087301656,2.4225817244851555,2.166682357476921,2.3234415175023666,0
1.6243350407377768,3.9503325855665183,2.754647087274422,2.0555119637430286,1.6575739522495787,2.5237630866701166,0
3.8684848094097593,1.0719124254519883,5.409075631081569,1.6779548126236248,3.4959358834249534,2.1606657033759986,1
2.155101993236417,5.749856388290279,0.9842939295936749,3.639701536253387,1.8971404259303293,4.116619208979451,2
2.5857527619235077,5.7633142740110035,1.2531494642427292,3.553459823593161,1.7494789296188893,4.389508229137827,2
2.4632548765994176,3.452540352461668,3.973832189233996,2.0830487077222535,2.7218748074076773,2.4709739303259504,3
2.687454117340756,2.0644856353493823,4.473094002520148,1.2803312940201994,2.8092159492091167,1.411100579599876,3
4.923626232177564,1.4025835338508996,6.475431249461423,2.8896443560078744,4.606779555642013,3.009499311443074,1
4.627816274577469,1.4886594910804332,6.468954658324242,2.9271000209010354,4.72398357445748,2.6486967839543345,1
2.2983800321748142,4.044576480019902,2.96185515450667,2.0501646817936225,1.676357932465169,3.0415489308858352,4
1.7624393507720393,4.132608741708419,2.924746412440064,2.6599215569893384,2.192452747059105,2.4340156736432315,0
3.1551019280953625,1.9696222273106545,4.47780071560157,1.1496807940118048,2.580588276159766,1.9751594133851451,3
1.9875862314614603,4.954547109601321,2.095549313146721,3.004007502856354,1.8230758283289548,3.4409242569453657,4
3.194371474284386,1.9805977540956352,4.477366059569367,1.2273132911549391,2.5825796599854645,2.005694495661945,3
1.8111978191124736,3.0954282495503276,3.609787819345785,1.9393758213621535,2.3639813014435895,1.3240406339743849,5
3.233806698955604,6.737810772934955,1.3645023455155074,4.486108564846357,2.65481562900501,5.279984913307475,2
3.333958168517499,2.1597712196063266,4.563854334695954,1.53592494201097,2.7238577892706886,2.200629238319215,3
3.040661800281504,1.9619754453530738,4.478253870905115,0.9096749514287168,2.592305087852928,1.9530544682937956,3
1.5388915944560524,3.9238872121387347,2.709166337403576,1.995149555173722,1.5858738932783703,2.470237749283234,0
1.3549164038657353,4.90851782838836,1.8839306961315065,3.0805665373521354,1.8945127419848034,3.06307711473546,0
1.7046890234364191,3.9955446196416298,2.7880316677352974,2.124559122124855,1.7638649845843073,2.6140275229432857,0
2.439924831807955,2.9984750706280967,3.6350938987946897,1.123497872131891,1.9170280142703418,2.3345869833493396,3
3.808826950518163,1.9327194850931944,5.571539859007978,2.7307852677103988,4.014324722532893,1.7678008957206977,5
2.470139635216883,5.776735804533145,1.309636214045505,3.5040561988214503,1.8140596649808531,4.387867887960437,2
1.342022247594914,4.91060684938101,1.8734801944970125,3.0784784510637127,1.8941986353238849,3.0629914308053428,0
2.907804431851374,2.6789658244905707,4.740781709342683,2.3374339004703315,3.391807035585693,1.7154748809228553,5
2.5499502187111522,5.795449297745872,1.3809050807412713,3.5522728401172547,1.868802502888371,4.425399534011932,2
4.7283227754266814,1.2992963475921218,6.432239989781538,3.0065000250156637,4.65205878182999,2.589437229974722,1
4.884368103332984,2.2999358571202895,6.659667526964298,3.642609891249178,5.0916861257497,2.85217759720597,1
3.8505360821914207,1.833310853251844,5.56746971940112,2.3441670090072386,3.891677372109078,2.1521678808674753,1
1.95692095717048,4.156097604239605,3.0366010294824943,2.357905995551217,2.1188750990293035,2.828457792136253,0
2.726849574486158,1.9652835266732505,4.423140830094062,1.2899196668201482,2.7191095379517716,1.302684886793077,3
1.5849988987354497,3.851170246368623,2.599119975837823,1.9731974272292885,1.3723599449341712,2.3767276407124287,4
3.5439235337166393,1.6230033822905237,5.464127153249523,2.4025916846753916,3.8876391314351655,1.399459209861023,5
2.6768400961347942,2.295763355090403,4.543047248489904,1.9976701857838455,3.080851598909913,0.9738073900960744,5
2.1757278212060345,3.9674728833199397,2.8208340828156406,1.906691330368553,1.4592644290751724,2.9360596295696766,4
2.3108192032471933,2.8146317607981715,3.4803917207974124,0.7130482130981823,1.5909603511750094,2.0989637805290284,3
1.030023316978088,4.688348683381994,1.3688856882138754,2.495351122084812,0.9174491512133012,3.049586071484264,4
1.918280826888446,2.884349605570271,3.493489659985537,1.2517031759060966,1.914207533384078,1.6077213193606419,3
2.8079013996275335,3.3989888533454655,3.9667192601174146,1.8435521917319257,2.5070929295793185,2.8167113809439277,3
3.018876254455093,2.5894278536570985,4.739787088278506,1.9246489030213232,3.22551256807172,2.0802369150450075,3
2.1169584376894854,4.771925550991646,1.7604194313570767,2.598205037304906,0.9185743160981708,3.5093402442718786,4
2.9682387810820607,2.241955433595328,4.543710325667319,1.723611709137699,2.9191431525639713,1.7178400700176102,5
2.7646580734881527,2.3328531752393102,4.55245540022869,2.0912715890862215,3.0993362452256186,1.105392990018714,5
3.2351655082950788,2.1295161833626453,4.553178200504828,1.3718057426394026,2.707702891358207,2.1430491045312663,3
2.7616773945490034,1.8548959331998953,4.375327809605141,1.2861974830726508,2.631077396630773,1.1763560479360498,5
1.7723733784173972,5.884754246713639,1.492241162781786,3.844749458257487,2.456047499609441,4.025280895736917,2
3.6953354072945155,2.092373826700311,5.627195569064371,2.6592222316714946,4.117690189917631,1.9001147148243427,5
2.510114129390093,5.757761194312283,1.2377538700241533,3.512848244562366,1.7460802029967268,4.373278944766447,2
4.018080167960431,1.5725915756288402,5.523300412372068,2.0101676386964735,3.681325972809989,2.4623128532379983,1
1.8172315596994353,4.33309994259957,3.18558206169722,2.7821648889280843,2.5845796119452653,2.729486719021159,0
1.5471256295576303,3.012142897445293,3.5250699628823465,1.7290992367484632,2.263241419635754,1.1326394458180133,5
1.8360299266681037,3.9339695431060284,2.6869845316571848,2.1642680427777985,1.5731222500290718,2.549206369869472,4
2.5874953540905516,2.295220691992117,4.5415861631682795,1.915439505120291,3.089071591541533,0.9538235988416318,5
3.1252198329037992,6.7281239186539095,1.3099847832560068,4.428657332783877,2.6407732130302866,5.255156454405245,2
5.516959371400361,1.9172181167335907,7.4018187223021945,4.024186026994566,5.705661857801262,3.1690541324953223,1
1.4995328256216136,4.935735999297663,1.9476522379620533,3.139930094204677,1.9569595503042954,3.115943952613922,0
2.3726233272024593,3.9687176448461745,2.8235019348916235,2.060679826192209,1.435046687335988,2.9855581392676744,4
3.74525807547622,1.327431560982862,5.417463361495462,2.106533499830731,3.6688401063288625,1.7902877996536561,1
4.680555060811144,1.2549898051994335,6.41278617873451,2.9501677367382713,4.638273274549701,2.557110002916969,1
4.694631049788218,1.1713523867794553,6.394606803710941,2.953500681801102,4.613774002087883,2.5344442032659837,1
1.7405949195789885,2.8661889432585625,3.470384882368155,1.0437637101183022,1.9009865509485866,1.5627605923052976,3
5.166584195429343,2.142114221039373,6.6689328963865835,3.2942526043562013,4.884622068368994,3.420436956195515,1
2.8105215379834103,2.185929691448825,4.532595682106698,1.5073148962926681,2.8931737198786185,1.5861383364084993,3
3.895678367099468,1.6553854238565706,5.509927156923847,2.3530167245167606,3.796827015037392,2.063279101086051,1
3.807814270934565,1.7313204390452548,5.54219328997299,2.2675709309861443,3.853201041070933,2.0868248221357213,1
2.892439944714369,3.2246599695859275,3.8403008536189795,1.8347053063912873,2.22579224062904,2.6189195218908,3
2.000560880921736,4.120314391355519,2.982669307480032,2.363809047561172,2.0281993359793375,2.7679880007922844,0
2.81059152320126,2.499480243693473,4.632630988344996,2.1911043746705503,3.2360901924127177,1.4199087215558615,5
0.6268524766008949,3.9109865056870636,2.5902252394631224,2.1586303266497753,1.7621188648813788,1.9824129439371152,0
0.7895416984499237,3.9117964823474995,2.5939010424828703,2.195184011125295,1.7584987808255022,2.0057182982509363,0
1.8181820935294997,2.90848301769589,3.4952846247622062,1.1636629217116352,1.9608005627060585,1.6503114305686621,3
1.9530949158085702,3.3811099385568317,3.8462198241365293,2.1703762072765858,2.7533709094924514,1.85796405594765,5
2.7991932102784762,2.0008014781137065,4.442659206824446,1.4079248795126469,2.739712128922532,1.3495897277263729,5
2.7390438348946806,6.808784187707707,1.406415991918057,4.7479039685298545,3.06887892139236,4.955558962429468,2
5.220866067998512,2.1009230918736757,6.674589546222665,3.3439595275452634,4.863476651862298,3.4093385839885153,1
2.5826820471340164,3.146097841106089,3.7638799266262004,1.430255779516351,2.1414907040289375,2.4871276247841165,3
3.1315686356673886,1.9644693970409017,4.470405083707067,1.1003080087494486,2.5811105775718075,1.993151030468879,3
1.7528793125871258,3.1400746888388507,3.64404904587953,1.9245448581229114,2.4361108298194454,1.4370413540091596,5
4.555653243704755,1.6078313210545419,6.470527827901755,3.208875778701024,4.826960385769294,2.3146367363449345,1
2.1558900131556995,3.1201885734393544,3.6854819975189606,1.6370664721202395,2.2627791268945514,2.008660974771852,3
2.2516881280199477,4.835365743419094,1.9119197150006852,2.7107474934000044,1.1978111467297872,3.5905794754624525,4
2.805785041058006,2.7044734789631657,4.760871368858748,2.261240170393836,3.423002192884572,1.6914150336677052,5
4.9786066208569055,1.4577691879203856,6.492220812884925,2.963140216095963,4.6175716573923085,3.0438486984095086,1
2.483979858931163,4.031912791265017,2.938236052061993,2.186048049093705,1.6063409327388654,3.0528094159554184,4
1.726137797786979,4.357868506258571,3.2448239246415866,2.7562339616929687,2.6376886595550526,2.724692111273986,0
2.525672367263479,3.4849037978423487,3.9539679633762113,2.58569660666529,2.848274500374493,2.1021839783634633,5
3.1341302459615754,1.9582577635700378,4.471761059168069,1.1042807513210018,2.572881269949617,1.972564127925986,3
3.045158459332388,6.120522603232452,2.4432559449282163,3.9673030739733233,2.742549877274664,4.804512435765443,2
1.3679089664357593,5.079786898430396,2.311372833778462,3.171277698980694,2.346681991524846,3.2835678777159027,0
2.6966912903780282,3.1550335133161025,3.7758110893324712,1.574842767273416,2.1384637019378463,2.528149049008544,3
4.266761743027299,1.9501497539574117,5.6384979401501925,2.4227619714275352,3.8444990254640925,2.7192640903709577,1
1.3638984587902612,4.7504607148484554,1.5737736382050946,2.63898777897625,1.1762568767830488,3.136150744799525,4
2.2325700511553896,5.03140571007925,2.2676550975715477,3.15732351078496,2.0205623821231455,3.5808231371936383,4
1.6367532029012177,4.797437013014756,1.6863464320665518,2.7686865088538983,1.3322432095980177,3.225251297809596,4
4.036750022592371,1.4004309160076234,5.482433723613364,1.9945822520745473,3.603346073113269,2.3690263093344033,1
2.356492745035687,3.34708838471972,3.890936499957389,1.9393697244248056,2.5829812178394453,2.2993139387797927,3
2.8928597841019403,2.4552708217340933,4.605713864338761,2.2463750989526674,3.191663262135684,1.3879097743316426,5
2.2599858383296354,2.9983082214842405,3.5579623734888597,1.6597853893374983,2.0499071033099474,1.8579291905758555,3
2.525418609442916,3.803507447054074,4.221367134322649,2.725123578361831,3.2648103177395837,2.533505876299511,0
1.776026174628187,4.877205238856555,1.9545975368045885,2.8691144381124873,1.622745403112581,3.328106064127593,4
2.697409462308256,3.106936326022417,3.72614374737853,1.5432613708837142,2.0604391976682916,2.499597823326127,3
1.8190806706021243,4.173131867231643,3.043887111460395,2.292182906135746,2.161514003333975,2.839198123781504,0
4.573429432758989,1.0397223867711884,6.37661218460234,2.804517328621659,4.59361077779051,2.451987168148088,1
3.9918275247007813,1.6825634666903928,5.557898419083419,2.002636165499634,3.7386352243861185,2.5022968185931007,1
3.5881655864149646,1.862533781409439,5.540734557095357,2.500860545646972,3.9997969655361443,1.6134306720379055,5
1.364237501207687,4.958786690346462,2.0355845624857714,3.1087353358984466,2.0396268311862733,3.1256293500838765,0
2.567798243882637,2.1728323893091543,4.47254645490876,1.8491019130043655,2.992593257886875,0.7283629469108639,5
2.267556194877972,3.3376953752713856,3.795009129051412,2.350301222048725,2.660925184737798,1.8415731887913327,5
3.1362745369128824,2.3921983619722904,4.64385051918919,1.973908830755475,3.034902409391929,1.8993955406425647,5
1.9562228776892658,5.743412362485574,0.9480984974365102,3.559162838828152,1.8983195053750452,4.090398020491278,2
2.272412879802891,4.8915042676694345,2.090402883912839,2.7534319945139116,1.4431867539494043,3.6553760268099236,4
3.204430487899245,2.5834894121064567,4.751666357234723,2.11941357530359,3.1999099551822137,2.1128085045297067,5
1.401050668437257,3.8345959329400614,2.578509545381487,1.8650454008950959,1.3446670560430467,2.335958653366178,4
2.900080423635464,3.49589803832362,4.053734232609915,1.992966164073465,2.639859100927284,2.9253627606283854,3
1.8263959004803072,4.086605176313566,2.9471742361368474,2.2473268713852663,1.970884831851273,2.724240971215813,0
4.224676420595947,7.8059763103579245,2.3081552463715624,5.581618553466,3.7854125886763765,6.316397736501703,2
1.7096999070538699,2.77637313188081,3.3962893450726024,0.926881978231724,1.7463943034518632,1.41133671037833,3
3.5672774044577387,1.7391699844467043,5.500940508342161,2.450919320457631,3.9422141431091533,1.5175659304974523,5
3.1823404298715854,2.2750328037725915,4.617106409399138,1.3597685913794295,2.8434885485994186,2.2444983666598066,3
1.9892396857345545,4.76662779208653,1.7592886011430964,2.525353348304655,0.9250104544581634,3.4920026229241965,4
2.191006324621522,5.868467493803556,1.5435038102516636,3.713068643739791,2.2667260814112105,4.256312251881254,2
3.112228991591457,2.7420414934867616,4.821760751915105,2.0862031410002624,3.353327426352094,2.270353400865524,3
4.7407145257638215,1.316402129622868,6.431115735867257,3.0223849109781775,4.6535683107347205,2.586401877198669,1
2.3260652023279698,5.88890616391767,1.6339563785639764,3.77995369854447,2.30502318105718,4.278990944095716,2
2.9875335214669114,2.164079307923777,4.5093974158115255,1.7150836903683304,2.8512962750137376,1.6388035786477555,5
2.833565314961946,6.039242453573576,2.212900560840289,3.817279407124705,2.5627092372718323,4.709337843328909,2
1.8818125302731816,4.032032690799216,2.8238444904795617,2.247677153501716,1.8175151249381043,2.6680546728251056,4
2.714667943621488,3.211107403708326,3.8043344728937916,1.628084781758056,2.2286192276100127,2.6186135503901564,3
2.718011338422541,1.9260309988017605,4.411181469458834,1.2567334260808596,2.691866319590869,1.227486795909374,5
4.569329962203047,1.5505106511031894,6.45362420841385,3.2137652221340227,4.802368995104752,2.2831839436841013,1
2.527195559683495,5.905280329868768,1.6509331608073503,3.874229356469129,2.328350057476759,4.345580643110621,2
3.0062417542825743,2.7618572227987297,4.795571323890641,2.4504809819656477,3.45729080064867,1.8428012885135785,5
2.7532158752608757,2.342144622372693,4.556075814464554,2.083491055358727,3.1103849792020855,1.1543424076429134,5
3.5712516004313533,1.7607834077152407,5.5169857957740875,2.460773768011245,3.952884119336692,1.5219413558224941,5
2.524474756886785,2.892580868715221,3.5434110146912006,1.1660683270298158,1.7008317644741564,2.223711484646269,3
2.863746005231352,5.932755711191514,1.8691855077996617,3.780983537306694,2.2496513434501275,4.594933937434796,2
2.3673433625230906,5.29826963834345,2.821661182361025,3.3546773045357248,2.6712874232023425,3.897829275961348,0
2.7876778485403744,2.008081792008249,4.452845481662723,1.3949672359826015,2.750210543722315,1.3473467603369402,5
2.1696327915119675,3.035994401842654,3.5958597262686562,1.5993611754338606,2.120057554162976,1.8777107216985964,3
2.7813515064931975,6.686136944814247,0.8331107397939953,4.484455803265741,2.6573557965898247,5.00532265988705,2
2.7887042330368765,2.3835366446767723,4.585468177338523,2.128262549896642,3.147885347076911,1.2241705846629602,5
2.5469048909415086,2.304663407919236,4.5481969358448655,1.8806534214117512,3.1033042309780394,0.9624655753589261,5
1.8886810032014174,3.0592569179428257,3.56583942140578,1.9717066996461612,2.298634279766068,1.278036927871527,5
2.4916596113247307,3.0513028470078876,3.6756019038594694,1.243049533884467,1.993093207075534,2.396685242546643,3
2.008446142802145,2.878691785429423,3.469388092822643,1.3401364341248863,1.8903652890135634,1.6632890919486112,3
4.608920317820556,1.3889071730886506,6.452608124645282,2.8909762632522717,4.6935790105651245,2.5876526661141495,1
2.1239788117975427,5.191007183161461,2.5055086798606756,3.4955614562295403,2.5384917352421694,3.4950521071348275,0
2.3098621016014556,4.884950159130311,2.060837438920912,2.772357410154459,1.3978567299353062,3.6519085035183676,4
3.8952581949638816,1.5724333139996611,5.4965293141830465,2.3336582620294393,3.7622280872720975,2.0013714935554616,1
4.915409446635616,1.6457712568541747,6.539744582432686,2.9216479786781173,4.696969727890568,3.1122677407545,1
4.602605617125277,1.5365007038254177,6.445391524192664,3.242995585966117,4.7944861695979535,2.2956212349331753,1
1.1124786366021298,4.686806974765525,1.3648098179367059,2.518987182928302,0.8919071851592756,3.0452066245775766,4
2.1836409590979193,5.9602501532824075,1.752307746850432,4.023412111362108,2.6063854693735977,4.14481471024358,2
4.724813489716928,1.8736161770867323,6.526750011874753,3.4150627253383745,4.910413586985368,2.5456381135783035,1
3.0080289992579448,2.9657523746178835,4.908203037925361,2.5277737838818934,3.6344545842793665,2.072352404059062,5
2.0460676028976343,3.946401380721982,2.808746388395389,1.7895672874605142,1.4325043973715135,2.907221873169777,4
1.7545738772609634,4.146693380494444,2.9421437099957894,2.6634985923122896,2.219259246068264,2.424650959900193,0
1.3804937850529218,3.8694530478343308,2.60195302887897,1.8775975997254868,1.4424596735571245,2.389148122530923,0
3.7178169507363257,1.8253316109998727,5.5302602141470905,2.62018497161662,3.9643810749097312,1.6234464038542147,5
2.1610517708027523,5.011047748429877,2.257081764593623,3.111332540200389,1.9859753021123019,3.5268892562716396,4
3.3088445527664856,2.480069534550304,4.726822663086027,1.6503367625640302,3.0126908386167672,2.453463656347673,3
5.174428828724021,1.9752849572058113,6.636805795505226,3.2704815650912953,4.807486422561998,3.31281858659844,1
4.063155666889109,1.572332229973511,5.531720792675668,2.072434052863606,3.674293696952756,2.435747935041139,1
4.14257359468237,1.924527841843494,5.6320636453814945,2.2643738262111377,3.845542328275777,2.6720745588924966,1
4.139236386159723,1.6570256188531862,5.545239393661844,2.1912189357150154,3.706564565004036,2.541413525961181,1
2.5857527619235077,5.7633142740110035,1.2531494642427292,3.553459823593161,1.7494789296188893,4.389508229137827,2
2.4844801543195105,2.1354721254112015,4.457640553871344,1.7558188709177993,2.9696750011008253,0.5016565074511905,5
0.8361524556415285,3.9359096665549447,2.6355176679925965,2.220940219516686,1.813561325356506,2.0257779430519216,0
2.52918237313446,5.822872756650572,1.542349455923524,3.5565526032617836,1.9699788731224965,4.4377994957456295,2
1.4451075192903922,4.04198083897633,2.7830821146537614,2.479931951872142,2.0147141191628974,2.2381619605627403,0
1.6038975031030025,4.779549447520587,1.6402819013531023,2.745460971582793,1.265707880649488,3.196648550300933,4
2.959910103259246,6.8618946714587565,1.7697170297779232,4.643893099237068,3.0992379242912502,5.208727783920535,2
5.563947858735133,2.0778356169041254,7.442194662823509,4.093185292725981,5.762153472323775,3.278092936084754,1
1.7609612549980977,4.89114558606932,1.927458578476695,2.8701187783253346,1.656381024584082,3.351217194260045,4
2.9292185384776186,2.579285086168542,4.675575593570834,2.3202845876926745,3.298560262529893,1.5791298495624144,5
1.1672808960909586,4.896864078237578,1.8558660375696547,3.0216905647422316,1.8762235388313608,3.0411337222056307,0
1.6177700625471119,4.112023056518295,2.864494602629972,2.5864168212739607,2.151644153413822,2.396642079378811,0
1.8595385560365054,3.0736428468470964,3.5677478329966874,1.9594759903724255,2.3211137412693943,1.32996428654706,5
3.1855246202742036,6.856733025744163,1.7143864997323828,4.743045516156289,3.0527964361578066,5.224814908831399,2
2.329849153146422,4.8720430661734655,2.0062103832334834,2.7757338337057442,1.3425375600905396,3.6530510829428424,4
2.7532158752608757,2.342144622372693,4.556075814464554,2.083491055358727,3.1103849792020855,1.1543424076429134,5
1.0562134904582512,3.9583157648125638,2.6745788460809976,2.296569825233799,1.8554717414581674,2.083671164512402,0
2.753930984487993,3.206990265482725,3.798092673224651,1.6686890613501564,2.217057498501554,2.6010544194867276,3
0.6373852185633377,3.8740726305896342,2.5326395898155645,2.1395163344345716,1.6683879204548566,1.9284871145760132,0
2.914925477763597,6.063465435586633,2.3035837589303116,3.871836998103549,2.6152101627342828,4.735682331939257,2
1.7320367986095577,3.9322567856874793,2.6791767935933857,2.104298339544002,1.5771065225437408,2.5243968572646347,4
2.368627595928259,2.8839653774429266,3.546979000239061,0.9041962089693143,1.7208016650501485,2.191841265869639,3
4.781810362281761,1.5179869961340937,6.47255433838968,3.0954192114785517,4.716471070202336,2.690318019035515,1
1.3489772187379538,3.8227620955445762,2.562348253750141,1.830918201324111,1.3135229264456445,2.3193323776816084,4
1.8504142108476866,5.06236743872711,2.3563189241010254,2.998849627672402,2.158143694763438,3.5734679137225824,0
3.2067608966612946,2.24904777743686,4.607750084367059,1.3858500036540615,2.8165581435074474,2.217468608334373,3
3.991670128122755,2.361522419540329,5.769377009789814,2.634576654371494,4.1891336460195285,2.5946634432085505,1
2.3320606744482815,4.068091980746762,2.970110347420517,2.0922537722217682,1.7161462008867387,3.0595356489069405,4
2.1298009584221735,3.192486077969025,3.7436988317490627,1.6564988698294487,2.3759617286135177,2.0771901233355625,3
1.6225300863891985,3.824406305922118,2.5544318380485374,1.9783903505352582,1.275500181179744,2.3545389964052603,4
3.9574763624050058,1.2586370035431809,5.453345169713698,1.8527141765210262,3.5528054109478764,2.2557417187621738,1
2.623536302600522,5.793065563696552,1.3953513219170117,3.587048944133076,1.8540050642453307,4.420679861597535,2
2.9052798976879433,3.2038052621416866,3.798202569190417,1.8346046856156482,2.1878282516765424,2.614251552976325,3
3.62892940563672,1.732736999081759,5.492827210415495,2.511265740103641,3.9293929591552055,1.5415599410811438,5
4.960064811006096,1.3628843017683696,6.474458953682427,2.926553211135056,4.5903383460532305,3.00963467954985,1
2.553160346753376,2.9735852031885472,3.602217493189945,1.2675389374103356,1.846071603987072,2.3309309318016393,3
3.0032633264854813,2.58473442367289,4.689256487289731,2.388005626443289,3.2942351939053287,1.608537379100413,5
2.892666888740348,5.36458986926733,3.0160858373850346,3.3616122049905166,2.6687760839913905,4.241497027588495,4
1.9076816235502805,5.778084239472615,1.1479341643612735,3.558637866827027,2.021471469346522,4.135237128006954,2
2.8084189525848564,3.362827082088414,3.949557445189223,1.8210419109026394,2.460142730173088,2.7610523648611207,3
3.6651079633354926,1.9273921435730255,5.563896659890178,2.589830927671385,4.029181357482962,1.721276694821466,5
4.869742555022311,1.2745321553064008,6.451085148633838,2.8068567905404964,4.57362649296774,2.954711050051722,1
3.3249517864651406,2.2033598117399626,4.5753992938641,1.5440409213818305,2.7562849080095306,2.2186811951656757,3
1.6754769651625705,3.8943312347377934,2.629176000989357,2.050019251071798,1.4767284469368358,2.45536304729004,4
2.8375058203068697,2.541344612620416,4.671436117082001,2.229122291946653,3.2761727138846983,1.4953382010111347,5
4.979175796375704,1.530279270761674,6.513840659319042,2.97386194434746,4.647861909007569,3.0656283798412685,1
2.827883203396128,3.136103268976697,3.7362555051827315,1.7110773282314053,2.087045771845736,2.55791080093324,3
5.9200183159318875,2.0221824554773025,7.485104792552048,3.9167063540013327,5.615048113898691,3.843367014708192,1
2.251520305474041,3.2847531328986457,3.771169392544051,2.315446835100038,2.597031507468593,1.7674353824894504,5
3.461518515740682,2.52803775390247,4.753621649372997,1.86959208894897,3.042519319416838,2.5140250551371657,3
1.2627941312806412,4.900306429483453,1.8583579804642771,3.0500242208048602,1.8752566481748618,3.051818899652451,0
4.9786066208569055,1.4577691879203856,6.492220812884925,2.963140216095963,4.6175716573923085,3.0438486984095086,1
3.5913122279473204,1.63340981910343,5.4659447145004325,2.4527075938079257,3.886402167859206,1.4285405631102475,5
3.3279726359609354,2.2148148932234935,4.582945424483262,1.5541695425220985,2.766532429954776,2.24135057213673,3
3.4562234827790688,2.59272356120342,4.77771881166441,1.892454676209213,3.098474449203494,2.6041841585051864,3
1.4462344344819609,5.034389156598477,2.2084336493703796,3.171521624385717,2.231428710371578,3.2306889579155524,0
1.8557337940259127,4.862668297630854,1.8651931381797395,2.8949958344412163,1.5552202356365503,3.340882278297345,4
3.6797828129201657,1.9571371603843581,5.57735124043728,2.612456271856147,4.042005901612608,1.7683830028460708,5
1.8050579808079534,3.9501017468839574,2.731457896343573,2.154330602121859,1.635007936977591,2.5617159044449007,4
2.4863994951061885,3.051403472415121,3.6692595696837293,1.2342481218795163,1.9946520729169315,2.395810372928976,3
1.8496155406684347,3.1439817447411507,3.6266560745098357,1.9870284601342023,2.4276281563690754,1.468330456076894,5
1.306607779652818,4.0520382310978125,2.7908760315415257,2.43204562336161,2.048704037476465,2.2735968529549586,0
4.985038292215914,1.4545953610778544,6.499262894241223,2.9693747227338174,4.619311755613039,3.0416432762758756,1
2.361732668065353,4.173618957529743,3.1055796948426164,2.1769644034143747,1.9820925080634917,3.207089565089336,4
1.1690875000044365,3.994364718930094,2.7281860157278013,2.3532790927269125,1.9312013506988088,2.147486510567277,0
3.311602018854337,2.320638419521868,4.628230831135386,1.5771931088752376,2.864808499636213,2.3294647742940633,3
1.5857038712906117,2.9960669769598076,3.5096153147670672,1.7455583093297287,2.2315863971152985,1.0967040988137708,5
3.157693170206888,1.960967853566437,4.4662246008816355,1.1486636193153943,2.5725643006974956,1.9902392918786576,3
2.9627723662540206,2.7882087761979037,4.810380707003916,2.4236019065695578,3.484178760168794,1.8385326763489414,5
4.591433131408972,0.7581638499052933,6.3359113865263605,2.7962220562643165,4.528567871294144,2.359235718433065,1
2.9647750841418348,2.53962453016114,4.652094536340284,2.3380787230601476,3.258098213251735,1.545629331644973,5
1.4004260918264944,4.721398808771954,1.4726134517048541,2.6345503453474928,1.0392488677478189,3.117846238427376,4
4.514745778601429,1.3613666632805963,6.4071245442466696,3.1325489538897213,4.743592872910646,2.160095771709718,1
2.4019207741422828,5.094823608307338,2.502599956240447,2.9391794633625374,2.0610794025984593,3.8980475674074353,4
2.196153589205406,5.835473546727614,1.3763298974789504,3.6990415740161176,2.162938629911043,4.2298521470789545,2
3.6270222362352924,1.0820470515548433,5.368679178316029,1.9100377057553777,3.597152379378939,1.6171810478806423,1
3.2225854899902915,3.2057007238006068,5.066495030951638,2.7882866192847438,3.8369512457082107,2.4027456375507024,5
4.0956163033156825,1.9026838482688917,5.628202921160058,2.1995113751594895,3.839848545006108,2.6460604635737868,1
1.0757064707803032,3.909054679329345,2.58361190137618,2.27488408094488,1.7329765472810912,2.017537526354133,0
2.054399108989731,3.0525692389332937,3.624250810717944,1.4986489401721756,2.174313114492051,1.8975124193760002,3
4.584959531289763,1.1587966795444868,6.399470173481403,2.831182838570155,4.626053500620317,2.4906817592153883,1
4.599150141824549,1.5834782244523484,6.452757192046136,3.2475491190309214,4.808848744061298,2.31287450206018,1
2.5925438719694567,5.796643889723627,1.419767942309929,3.5733203138903527,1.8745497187729716,4.42584971162236,2
2.4070101147725205,3.1096230787570622,3.655189463231218,1.8547275376669474,2.21103737196278,2.054985391702733,3
3.5704354522180735,6.890708038811853,1.9516250318556574,4.727235137921647,3.015681446849904,5.4858442278113,2
1.647318330453618,4.0891222394046505,2.853595700199067,2.586544762418129,2.109705627111887,2.352290203396903,0
3.01190622629747,2.939708953811494,4.897322983158884,2.5219605174724444,3.6096783066554408,2.0230488152629698,5
2.1993412146789026,5.952187513890395,1.71985770787669,4.02375611076236,2.5923289729028864,4.139993889048096,2
1.6983537026068118,4.100999785647187,2.944376080248191,2.184824997704746,2.0151355624340157,2.7389707006910027,0
3.9197825914323325,1.3901706922720938,5.483114736945075,1.8278443880764021,3.611209501699403,2.3205748717107864,1
3.4338239592853443,2.3797379024521983,4.663577186397862,1.7738793045046926,2.898862970476232,2.391871712498615,3
4.597436201327466,1.3206349003073852,6.42860257331184,2.867896944691154,4.670784194422087,2.560088237005305,1
2.8458302606705566,2.689729884497007,4.749200755661722,2.290387950786026,3.4029448110308285,1.6606176993136719,5
4.833287123717949,2.1843470264739304,6.664779395044016,3.271130588429488,4.996067413497191,3.072632232798438,1
1.8532994309699216,2.7486072207843257,3.373411113961829,1.0769436823325227,1.6787913926880036,1.3862486125366307,3
2.434224852198925,3.715587181882152,4.156852255537168,2.6266208129892834,3.166737286390135,2.4058980510920915,5
1.2515677546950768,4.9118933247955825,1.8844775001110097,3.05349896294341,1.903771714030484,3.0546160520105543,0
1.0467246561482701,4.053971540212624,2.7950672304116266,2.344686770667012,2.07355225352698,2.2483712463010654,0
1.8873668764968599,3.118851642133889,3.604234368064422,1.999424848156526,2.3856334541378876,1.4314548331171735,5
1.937743711321355,4.894044633701399,1.9884378980002368,2.9487598197469853,1.655288699403032,3.3694118377027475,4
4.746145520241014,1.841755736300164,6.569051820306274,3.113868713371502,4.85098068636167,2.8511370026682497,1
2.6319223127868847,3.0151970148009752,3.645154383861487,1.4004021134449052,1.9123167608792475,2.366521614881899,3
2.0097967032876265,3.0800252440858826,3.6414015290270525,1.4763027965531412,2.216374940481042,1.9198562717298817,3
2.776801904773453,6.836180081743333,1.5238528400427866,4.775137894372798,3.132402608356766,4.995612159300575,2
2.048458090902253,4.792945835360459,1.8336723091487586,2.57237950522134,1.0592880980407982,3.5259621080190753,4
1.3715642337500016,4.852272645396596,1.872651266482452,2.699028305311624,1.581472206854385,3.2790104110324645,0
3.6017085664929094,0.9553851515978314,5.34489627733516,1.8567125124115735,3.5567012790868464,1.5154291292004616,1
2.5935755381493184,3.01061587466496,3.641850377896091,1.3461507561323558,1.914913857788964,2.3752163553072823,3
3.233494701237376,2.8095106547253867,4.820906654373984,2.657313053473646,3.4724875907476513,1.9190696116660075,5
2.870932904676068,2.546116968963792,4.662790445185249,2.258850107626109,3.2746049828972477,1.4772979183438355,5
3.893471931773818,1.2894882921330955,5.458157143182837,1.7646008142061758,3.5728338681467986,2.2576199755128923,1
3.382454697994027,2.2839162038592553,4.634569285172475,1.6623487122604983,2.8266541546344843,2.2903882971716185,3
1.1168945434010644,4.710689833523128,1.4643103125423722,2.534027315064069,1.031790623864596,3.079304054137009,4
1.3802667951781966,4.948845715898428,2.013699212847249,3.1098204375228677,2.0048059156387477,3.1060496383372773,0
3.0994546420596176,2.1526937363514485,4.565195893776366,1.1489942320364723,2.7496611877890573,2.1218311704562325,3
2.0460676028976326,3.9464013807219813,2.8087463883953876,1.7895672874605124,1.432504397371511,2.9072218731697763,4
1.5340250458787206,3.8487686353916075,2.57669416461748,1.9456346689163873,1.3575517041185408,2.382086124670289,4
1.762578176497145,3.0678943456479963,3.583938037234141,1.8949357851426079,2.325725463755777,1.258412110248858,5
2.804634154128273,5.886146618191917,1.7666104542057046,3.726518102503325,2.1320591270002134,4.544584686585093,2
1.1168945434010644,4.710689833523128,1.4643103125423722,2.534027315064069,1.031790623864596,3.079304054137009,4
3.452117256622121,2.4082814084488056,4.695355998706003,1.8101235693229696,2.9274634078714006,2.401698297627151,3
1.4561862666896253,3.7718752990285673,2.4627836671820096,1.853420798097745,1.1133506458722389,2.2783639212557416,4
1.9895072242216825,5.771322870509909,1.121364181460415,3.585705344325234,1.9919630234626347,4.138452071228977,2
2.3378484213839665,4.453136578451122,3.4129750603047873,2.736643743789214,2.6683813261287135,3.2280705310154474,0
2.304482489400824,5.046362060806294,2.3470375077874728,3.200326328390802,2.0587159641312502,3.5740029195228233,4
2.4924292085336845,3.183040846808398,3.732585706676342,1.9663567790113625,2.3212312388505367,2.1239021823112023,3
2.318095446561888,3.1631506533676617,3.7021102241790635,1.8032223857442078,2.311057110196307,2.114394185030026,3
2.882784463133564,2.014989210339352,4.44391818688633,1.521552893418224,2.7466474733983195,1.4458066184132943,5
3.7024555207859535,1.6520694389532335,5.519740897420899,2.127725943628874,3.821586443282568,1.9805557288007902,1
2.479587619111561,3.205604652400285,3.7509546241983522,1.9675829479408349,2.3544883633314773,2.1406387438237657,3
0.8775085349006313,3.914833817265862,2.5955024642524913,2.2189241409432148,1.7621012062319292,2.005803277019332,0
3.7196347579503675,1.2953708755453202,5.41057686259284,2.0692120593839642,3.6589518138456727,1.76973222730288,1
1.7541073443135258,2.7176318432087654,3.3379984319337916,0.9258408860088121,1.6354268646618058,1.3402419263408336,3
4.532095156622404,0.9103209893802382,6.359445789729597,2.7440572994316317,4.567549659058523,2.3850360646961084,1
3.3361913560090195,2.3901578878216894,4.672103462252569,1.642533414673564,2.929942414813064,2.3826014582856976,3
2.7381165076287592,2.1554824011124585,4.51425159543364,1.3953218350683634,2.8801927496260396,1.559675380752103,3
2.05174741275574,3.852101596878373,2.6564705532819888,1.7298569378866535,1.0874074044102753,2.792542088956717,4
2.88936853557264,3.457200948995334,4.011295126035785,1.9602147974597643,2.580988471836392,2.8741092253350375,3
4.769455479088535,2.162076602552292,6.633622355833235,3.5109876201191152,5.038746994252045,2.7189820008457977,1
3.518632920101501,1.6483695460084542,5.475370255347142,2.3836207727943517,3.9003395253380697,1.3699834588500424,5
2.1295903738368254,5.7653832537805085,1.097581616569414,3.6382471510047,1.9486917428363104,4.126842659172921,2
2.732772007493351,2.3321890099106297,4.550790144138221,2.059388139937291,3.1084133165996484,1.129396104341232,5
1.6896798355052318,3.927073677440506,2.711082469148552,2.078893853585944,1.5743941967366322,2.4825904473147027,4
2.930335034072522,2.2132886348438916,4.551304689171196,1.66775123503821,2.903091022843196,1.6326681340304767,5
2.4532014738431025,2.894224659343275,3.5496385911164845,1.0549228833510509,1.7259303620503954,2.2222953910915666,3
2.7006767423748723,4.172912218343935,3.131349218581868,2.4332693587778906,1.926765366524721,3.2188743213775366,4
1.924066155871077,5.855308233973159,1.3494088154657469,3.8801103021640824,2.3603402580726196,4.004470107786739,2
4.630755174202941,1.8483504609000772,6.524403909400115,3.3220558714911053,4.909241302200754,2.473350977120118,1
2.45057706147012,4.15956516187806,3.0818396509187536,2.2365319847862395,1.9271650997013992,3.1959252504854048,4
2.94800764730284,3.230933045890599,3.8407777057257535,1.8957405861381236,2.2313055928348433,2.6457037066798215,3
4.571158449381803,1.6035014015984879,6.462785126638735,3.22271127800981,4.822586519462208,2.3119353422012336,1
4.181629447535272,1.8218940407651327,5.598734638975351,2.286309690086242,3.7859990948988957,2.6472857157229917,1
1.0884252907486622,3.9405297273209463,2.641668257572013,2.2964356389896636,1.8109134483059,2.052502329767427,0
2.181502730231289,6.005090868171035,1.9185069787956652,4.043207653480827,2.7250043896369296,4.205546169893975,2
2.133988488571281,5.755774086531013,1.0660512535124782,3.6340870326311148,1.9256677908708728,4.119049537796623,2
3.2288953250449586,2.5789402087325874,4.740086082837833,2.1423813324727172,3.190021708693576,2.0896650943466,5
1.7768897328892603,3.1373154618308736,3.6418784733395015,1.9388914539636477,2.4265686037795877,1.3914094316673442,5
4.581948957395017,1.6309153578924924,6.473808255869415,3.238406012494555,4.83125900996807,2.340816863170364,1
4.652933940262929,1.0217985313413267,6.372047368013274,2.890877255610932,4.577964760387723,2.454197929620039,1
5.650221461722654,1.6974538609613243,7.380038140628071,3.859484282141304,5.569845658813297,3.385723139418932,1
5.019967761211861,1.5805190005759657,6.526475430328651,3.028880244684102,4.660889400362859,3.094722641870402,1
4.032001604648634,2.557198160772163,5.808274727781905,3.087014648518121,4.366148188935485,2.4359963840887584,5
2.2816230706302965,3.339736205231588,3.8124777838617514,2.3610329811599096,2.664941502797239,1.825533210765643,5
3.582115005761892,2.9163078115350163,4.96270031636788,2.1786458671451747,3.3922293955449963,2.9013859767104058,3
4.86688397879971,2.2274455510836377,6.6435869182172755,3.611744136064811,5.0618628074415035,2.8189367255107847,1
3.087486445563614,6.014211070556969,2.103093449438879,3.9374313578967612,2.453135707964284,4.7090255528697345,2
2.3839150690040722,5.853770621623866,1.491631056827098,3.785917753228925,2.2040058032079957,4.264146745795948,2
1.4366746569764546,4.7606055271895755,1.5862432755181055,2.6710394873881147,1.2070964515043814,3.1629698450462214,4
1.0393545297157039,4.705625889536773,1.441964061499099,2.5090423019415495,1.0071871865108684,3.06349029710321,4
2.147701533266207,5.810120404708062,1.2954532815029887,3.6679570342174808,2.087665798997382,4.184830886821116,2
2.7567118061593443,2.3736145949338767,4.568971419394038,2.0972799532586515,3.137040819178285,1.221382652795486,5
2.644715415173805,6.124490055976451,2.266876993181796,4.280496523699202,2.9698911101759746,4.389552513196792,2
2.2377844937066937,5.942424190138583,1.6821081429017162,4.033714799195836,2.5631880604735393,4.138275225181228,2
5.642064311530036,2.430186961031514,7.552790364178659,4.224846457171655,5.908518859058414,3.5002213604803813,1
3.3962875654452223,6.840523877975857,1.774596402532823,4.615930566100381,2.9055553898339084,5.404055247605556,2
1.741023353971716,2.756396005651912,3.3721564666288586,0.9470520673643122,1.7054302486258288,1.4017140112294801,3
1.5118049884528524,4.164483799026353,2.9566265557313747,2.567656010417618,2.279428266815109,2.4473103543084194,0
1.8845142994342101,4.327973676286096,3.1727370522161853,2.8124919408395184,2.558650576378142,2.7200365165049045,0
3.677593142674293,2.868103362377593,4.952072467211813,2.2682745338802186,3.330752092727238,2.829640657231153,3
1.9332798400398903,4.040164354837663,2.884980463789293,2.280968395263478,1.8510849926915527,2.672396320475359,4
2.7382527159013943,1.795017853916922,4.354245759723795,1.2243393892610117,2.5873660807665244,1.0814992581505112,5
2.037909996624443,3.7912673227831455,2.581565372609938,1.6745214727715014,0.8341005444939721,2.725157619898391,4
3.130718439413505,6.927246794904358,2.0179763756719167,4.749201411073819,3.2441472019461295,5.301134167430154,2
3.827517042419711,1.4249102198050114,5.456940543221382,2.2238939185506275,3.70553666578681,1.878829624980526,1
2.2017436686637417,3.8835001414523327,2.697696777712308,1.872372906051661,1.1726929788420795,2.8535996602987237,4
4.899612074129784,1.178913769396964,6.440896945166728,2.829886811574808,4.541651058585216,2.9191120525754757,1
1.0658142985386174,3.9212129189388047,2.6143860802816836,2.2789734102069468,1.7650162802801237,2.0294322703842353,0
2.23823493132288,3.0509483738227603,3.6104416046466947,1.66807581388957,2.146821051173039,1.9516054384998252,3
2.716758132892016,2.401382120692491,4.580920901294293,2.0711699183660275,3.163606793797777,1.217462275024357,5
1.9075952447855988,5.7590799174478144,1.091648280629842,3.5486186641088007,1.9659360173794305,4.108112133943735,2
3.477641099224144,6.832171610129931,1.7891059302057999,4.652946949324428,2.8794987168404886,5.397068593234217,2
3.638260181281226,6.946875805474137,2.1486207205225223,4.789368857992322,3.1412585994501576,5.538764057963037,2
2.2692691500627697,5.83810795377614,1.42994757474619,3.7302843040112004,2.166715796064682,4.221962526142761,2
2.4664031920175984,4.95839015534463,2.1852234083066224,2.901083178382023,1.6330356979029927,3.763022511722621,4
3.5732557861712966,2.8431740702594976,4.916593240908618,2.1369936244009433,3.322723781815008,2.821291711173877,3
4.616903290731459,1.7667020240837055,6.509552330074952,3.2938132171708663,4.882049797996949,2.4418189846716314,1
2.367055173518377,4.173599517556887,3.066989555914914,2.6133339839950094,2.100617833547629,2.8868060698029208,4
3.7153576843372034,2.1969217425671115,5.66168903747238,2.706102430671579,4.170830176734656,1.987135419845472,5
2.993249047820523,2.2449185514924044,4.5640008682806785,1.7552017648615943,2.922626490437464,1.7123246823175189,5
1.2722394936567947,3.7532921210348364,2.436490092659152,1.7448012544433602,1.075313695286294,2.2363222000710197,4
1.2408777781761384,4.048090666118264,2.8068633176130797,2.4065976218447793,2.04930441882951,2.2475384460311667,0
3.082536860740682,2.7002107451882837,4.805571841367302,2.0390213625061726,3.3194763959493163,2.224194267831374,3
1.9985984144088285,3.146441589524354,3.6299538493767343,2.0860592965142075,2.4126392435758737,1.484109659309277,5
3.314191188042748,2.1518116319944385,4.558055258635894,1.5025346275201101,2.7187151048992098,2.177009001648448,3
2.193314224192485,3.8554341868088717,2.666165511643074,1.8460327520079536,1.078030938220824,2.826490988654239,4
2.83694374911234,2.5666302744836873,4.691349706087821,2.2388184767947767,3.2962076834632335,1.4719105056438524,5
3.0893825969060167,2.0243626387690017,4.5045886314152614,1.0515745989023197,2.640760851030008,2.0135970657401066,3
2.7372705667362762,3.125334136611098,3.7361858897416957,1.6032200241444983,2.079263073114578,2.518544834004526,3
4.779961865735718,1.752946340136718,6.52972662270459,3.1336936975690186,4.804691302429688,2.830347184617441,1
4.955235669105155,1.3680315238852596,6.468884434396818,2.9216827671423684,4.5902401995697355,3.0007454086006073,1
4.145411856798204,1.8680450954571663,5.628544396700496,2.2527587502286948,3.818637546938235,2.621937896147684,1
1.7016176125585658,3.9059765947695917,2.676998598496581,2.0704831645117663,1.525645198636868,2.487111530785839,4
4.819208987641866,2.1716800931277644,6.626724492053697,3.5589834009383443,5.0343295810461095,2.7242335067001453,1
2.575796909850144,2.9355094962098205,3.5824837329179586,1.2690555721579477,1.7813232103370813,2.286262391915289,3
2.7203881863677957,2.360813667258452,4.581101895004927,2.0604464460213316,3.1335001138975205,1.1194207332276183,5
2.9792961330731176,2.550832196659876,4.674232322823694,2.356680865520243,3.2643491132849523,1.4944693757672998,5
3.887889759547914,1.2081795561353605,5.438182574189633,1.7376791315351412,3.5413668284433695,2.2184304396765233,1
1.6879933131733886,4.8281621053032175,1.8161149930073404,2.8053794840044604,1.4624919310720133,3.2690592776873495,4
2.368627595928259,2.8839653774429266,3.546979000239061,0.9041962089693143,1.7208016650501485,2.191841265869639,3
2.445452219530906,4.925363467334002,2.1666298118487783,2.871888816300316,1.531365689073136,3.7074865198374374,4
2.606782032329787,2.14496516940594,4.460295648852023,1.8772007127786343,2.9630314824167527,0.6194871380392182,5
2.3639977932241356,4.877612862987874,2.047051655628198,2.7981057605036432,1.367644048040256,3.651312566236003,4
1.5268572673056753,4.104434387753813,2.862125931734092,2.5451871515809783,2.1411046733725,2.3468121915698323,0
4.4674659938451295,2.3920292111933965,5.822238176414399,2.7702294900744895,4.093469532506743,3.0290211136873566,1
3.945755461404688,1.1246110928197715,5.416425708625975,1.8072403326458366,3.5026408844157264,2.2062905148406626,1
3.420227511496005,2.480194976189201,4.741160317721503,1.7978789533601154,3.0044264433456447,2.4624114229538168,3
3.2488314125098414,2.393780470016548,4.6846568652171,1.521785805319022,2.9460748458503225,2.378570038055425,3
4.93365270701835,1.9643315351309234,6.580905022074932,3.3288268814573607,4.877066076971895,2.978929386816197,1
2.071398925668405,3.9611329373398383,2.831367349043304,1.8219848628816786,1.4630197452369988,2.916810423122886,4
3.1785432081858196,2.023529990599786,4.495627302460909,1.2220680676614313,2.6204104418174063,2.0381297504567946,3
2.8638097236580755,2.5370917487534133,4.651434688431518,2.2509535642902345,3.2623578337665697,1.4702980534448304,5
2.9872957996638645,5.949982427937682,1.9153132936629482,3.8527034472979094,2.2887421105146686,4.632737394326774,2
1.9112742279298285,5.253189750607348,2.651415829079036,3.442166886172778,2.6933492038140256,3.542178886669081,0
2.110576649642536,4.926932943846803,2.1638865377408907,2.68448949474683,1.5962640674032622,3.6819434213587945,4
3.4935456237890077,1.5598492908312955,5.445336148206314,2.3383025333767193,3.8632710552614795,1.308671389531196,5
4.670723272508867,1.823877456261497,6.5132171835052075,3.355496732767528,4.894819180262043,2.494437307730647,1
1.5919069632845118,3.8192932521978475,2.5299101056816373,1.9573401145803002,1.2614576271226074,2.3628412329755735,4
3.458303142108673,2.782157925382814,4.852701539318457,2.4467946496557844,3.346469995503332,2.346939109983346,5
2.79001047035123,5.881440347202256,1.7332282725535741,3.7162760184016994,2.1170284609220613,4.5261739127436575,2
4.7005275859376905,1.8418625053710054,6.527343745293098,3.3875666090892946,4.899365911741687,2.4867825245440236,1
2.047354855906768,4.997805467201702,2.2169505974096175,3.053823299493172,1.9468793370438893,3.4880887828984473,4
3.7851632289458483,1.3819531738451913,5.438314952048293,2.1666479077842795,3.6866172757135915,1.8307528890177893,1
2.479338948918678,6.05393950828891,2.042891867531237,4.181342948597276,2.808523057290667,4.27276650852506,2
5.54007310829537,2.033384162567792,7.428772105927513,4.063663055656891,5.747064952064183,3.2421267327629053,1
1.958564990678589,5.723438224100968,0.8748068320746696,3.549518547397545,1.8381160460184593,4.073326709638849,2
4.082275131145982,1.5447355218374461,5.528155848860595,2.0896884155295155,3.6640364485145156,2.4426991567471292,1
2.749349704803976,5.846221757372758,1.6152825513513827,3.678903048669637,2.0059707810203813,4.482705811645883,2
2.974286122165202,2.1543671762469656,4.5077956026705825,1.6957373284743127,2.8439453749711916,1.5923831828725572,5
2.4587634979027784,4.94755907180417,2.1790962124761695,2.8915006665349057,1.5962027929152531,3.7325629904710644,4
3.141079724388183,6.746206483502925,1.3906162088412763,4.444599796020737,2.6912884338569816,5.28097365611615,2
1.9555440941199496,3.3441899274556715,3.8245038150982387,2.1528941490800486,2.7075295519330767,1.7952435896986978,5
2.471190338616899,3.692143828352142,4.109656414906213,2.6397142648335605,3.12530644591816,2.3910459308350633,5
3.488154675568227,1.5214566668258727,5.442269754915442,2.3250351635634474,3.848179651549342,1.245487505587429,5
2.764201420762757,2.0676644085119404,4.485145129333282,1.3904638749518161,2.8041535824212174,1.4240924712121212,3
3.536056043495535,1.690317168312854,5.491931862230813,2.409680552955088,3.9211085334434497,1.420300288934524,5
1.3750197617678663,4.939770692374168,1.952559806103054,3.103597718327844,1.9729374379024998,3.1057289655928564,0
2.5829383008392894,1.8265720409440125,4.369709809397335,0.9850202111646092,2.6317069205997408,1.0821713106064523,3
2.0574258049634104,3.149492109979475,3.6389671280179363,2.124587355195376,2.4181839698799528,1.506721725872417,5
1.8726207840417473,3.2378957785261195,3.7208110254546765,2.0484795779837364,2.562946706806019,1.6074302557948443,5
3.5288190915444315,2.733417326881534,4.87675302146992,2.0398436822147756,3.2298857348406034,2.720689864539425,3
5.083273053002173,1.8419733063173083,6.594351178505555,3.144654188986543,4.761838349296426,3.2533356962493376,1
3.815345574717289,1.565028352527423,5.494481706547074,2.239516949733785,3.7682788019487856,1.9422404778413878,1
2.0751244073194512,3.2533869946781344,3.7188882270341583,2.1853946004765974,2.5612240476017165,1.6849393398930135,5
1.8334978615436754,4.270772845367968,3.1312721169838533,2.761469598377829,2.462026318807775,2.6174693768011705,0
1.9707835575128039,2.8036854936498417,3.4040045792619225,1.248777806960646,1.7613443144862693,1.5189248726095466,3
3.9277621595991286,1.4091141282779251,5.486095145736035,1.8421020638260648,3.6211311348249886,2.3367595985021645,1
4.1142790174442085,1.6102939006520651,5.533849380415094,2.147013680715436,3.688088551388731,2.494919482934093,1
3.2343304708593146,6.732699547284006,1.326694911503113,4.484142435276804,2.6374376818029073,5.27233782058291,2
2.7243162537665513,2.2727759986114147,4.522370781461383,2.0323536101149706,3.0552703153661236,0.9626991121909992,5
2.8503367819574597,3.425151191338048,3.9865241361791703,1.9030910080912702,2.5374459641603053,2.8338122508048698,3
1.7258433974820764,4.845983193090424,1.8215900141237797,2.8314718507690784,1.5078495387664872,3.3057048998049776,4
1.994735749846102,4.264760536502914,3.167789725559378,2.4413335193663146,2.332785288803225,2.959079274096337,0
4.800975012974153,0.9425834657194774,6.397240304558817,2.6820316883133803,4.491614173683054,2.824782756802404,1
1.9041987243061627,3.9554468957590005,2.7457141931680455,2.2152956885826147,1.6357968528615092,2.566737994714959,4
1.4609056516073933,4.968483581110915,2.026250400011273,3.143078287016027,2.0533548477153416,3.1528546307480574,0
1.0053527787564644,4.037865442442943,2.785924219933632,2.3245325750294517,2.03955309624142,2.2010112262699777,0
2.4060586940390225,6.083709097190082,2.103386300238894,4.164176564234366,2.891650015431684,4.323583167630725,2
3.069701260712871,1.8800635576083484,4.438437925805361,0.9197041713704515,2.5197863735397195,1.891693444427666,3
3.0583780689861495,2.2422077441699426,4.558812991528419,1.8273687419049565,2.9158177463113555,1.7532634889830858,5
2.076409132342905,3.903082998691207,2.7484182153486567,1.784109303846476,1.2856144732671888,2.8680767777764897,4
1.3489695859630244,4.729562325933227,1.4965007375147577,2.621787849425158,1.0778398599674937,3.116590087101388,4
2.1422873666195237,3.288620177831376,3.75716963546164,2.2476673583951725,2.6008949873097333,1.7464093627693795,5
2.149395570061842,4.878445366824992,2.0499990816798297,2.6769758977485942,1.4163045751462309,3.631541289926698,4
2.5753583421106994,2.925424832058501,3.572518885674971,1.2630438120312055,1.7575992552235888,2.277158817452482,3
2.933430259201354,3.388119040238179,3.9445871451460883,1.965420949230817,2.47162865606605,2.8169122906322923,3
4.786728930593956,1.5789479731218257,6.488746265583487,3.1120316158142045,4.734763010559286,2.716384045604986,1
2.7066773835900646,3.2143641668714347,3.809422964564443,1.6225327880164533,2.231759311354224,2.6123453014061453,3
3.254341114562932,2.1720363025353415,4.564699264208264,1.4198508960194678,2.7442547560359265,2.1790381095102713,3
1.6844168904693178,3.0548804122437514,3.5697789415916197,1.8390168593342506,2.3119359584055768,1.2150199540276623,5
0.7655637633194783,3.9047988371228155,2.5748249150083993,2.185002371717202,1.7412609839818936,1.994727063457593,0
1.4923778403337322,4.746102722443792,1.5653784424385075,2.6833816293993458,1.141554244609467,3.141957414047461,4
3.907236993279095,1.195000455420552,5.438372131557634,1.7631843597201582,3.537013152318024,2.2275611104210884,1
4.834948223037708,2.045737471392122,6.618633091570543,3.2434868352933415,4.931690006071418,3.008385030946055,1
2.9712590435581876,2.562394321604879,4.66624646121783,2.3509353944982023,3.2785522777245037,1.5586288891147493,5
1.7658429557569413,2.7996131435255895,3.410719508620018,1.016654123691437,1.7784403065235852,1.4509845777053583,3
3.3205859921331577,2.551950936083443,4.763911047404533,1.6979735377404916,3.082110048731834,2.5307771823895067,3
2.0497487839624697,4.77544688808193,1.771075850302192,2.5639102474444146,0.9498243736036831,3.504800296244698,4
3.2307756062033026,2.0580167428426988,4.511189857904073,1.3271066692333475,2.6470468825023468,2.0973033076487937,3
3.868259443697557,1.2392195598144962,5.445426706201924,1.7138488229481657,3.557335336905399,2.237894387506667,1
2.390006489152659,3.9622045245043074,2.825483373946844,2.070442197269414,1.4130147935480504,2.955871967085852,4
1.8721902644232984,5.705869474569047,0.7248994597237421,3.509127424536155,1.7799972201591256,4.043375549877042,2
2.6205614343574912,2.986674730015477,3.629288980165364,1.3694099833777913,1.859073805688591,2.3339183013225373,3
2.114916577511947,4.7890299419214175,1.7966521534402355,2.6065450481878045,1.0137653847755916,3.52916881660008,4
2.3406054184264393,4.88659278767385,2.02788235786005,2.7899091523048787,1.3925867984469371,3.6598248791269605,4
1.8939015488313367,3.960398501435692,2.7614366654742546,2.2134191794743296,1.6459891418427208,2.5520043006233717,4
2.348098656426571,5.870623258704669,1.561581719309099,3.780635245045645,2.249061587205972,4.278431016858249,2
1.6469442226053905,4.303461456139657,3.163275353966568,2.696155317470123,2.536822965209263,2.636575181505376,0
2.8442568009444766,5.8951910943897365,1.75982239690393,3.7508671658932173,2.1516106978728566,4.567703205451649,2
2.5289020394438886,5.896028732735064,1.6775376556372656,3.870889038408047,2.306490269324503,4.309793804625644,2
2.084530252629835,5.156055060623143,2.4880088297681593,3.4646740590209584,2.464280147089027,3.43160474145483,0
3.670030748077951,1.480086464651958,5.469298323519708,2.0475715218148616,3.7454482827653006,1.8464506433461065,1
3.731513445581577,1.8613158852442515,5.537666499147626,2.6408037647579863,3.982161994843756,1.6912298382296698,5
2.6358633052116143,2.404136406638372,4.590085844231916,1.9988988401331722,3.1775870396923596,1.1918759533302523,5
4.95821996159342,1.3901171459111739,6.485004290250099,2.9288260520744593,4.5999173015672845,3.006268524350109,1
2.3578729229753934,3.9388946926808237,2.7973114418340352,2.0306804202796562,1.3485530927248703,2.9322981812948656,4
1.6021267589919461,4.972478600389257,2.0258439912125006,3.192232909408991,2.0475538285446384,3.173740510695934,0
3.0291015787965363,6.078026878295953,2.313424825760412,3.937247225285711,2.637737594529053,4.764262877577655,2
2.831539420743926,2.1850001724065744,4.520221799386782,1.5298967611570176,2.893229505113057,1.627390702326968,3
2.009785060835302,3.8865743029042883,2.730557177328192,1.7192804390002876,1.242308081918875,2.82551836780184,4
1.3224028845270173,4.924584432235428,1.9516560401107963,3.080073321584333,1.94248907775514,3.0699437238461487,0
3.156669920685461,2.086681843956247,4.5242078826044505,1.214277770121619,2.682967695305411,2.106955181585856,3
3.6373024104766256,1.8930722687510801,5.552118246610454,2.556699594647287,4.009249157261151,1.6481085712233117,5
2.1147576488623443,4.216636122036749,3.0880196373257993,2.4846478156889615,2.2115532039371524,2.9149965593093876,0
1.9525376611410556,5.868476344619405,1.381429444577815,3.8962238333834263,2.389755601576109,4.019531489430108,2
1.776801261021764,3.9664973153533154,2.7740954324431515,2.149181547259158,1.6805940046031793,2.547704005433209,4
1.584015328293447,2.9649766052982653,3.488256213435918,1.7265302495188792,2.1894729306983836,1.0248451438906494,5
3.6276776344498187,6.982532460181695,2.282563273164366,4.798948740807684,3.2388577195919828,5.570237828243385,2
1.6227685587717495,3.8946383535665112,2.6526851132613607,2.0191282164339586,1.502266956214176,2.455171246907064,4
4.698597989496701,1.1322579476052501,6.398075694337381,2.954014049291622,4.603027343445203,2.505229878350521,1
3.1728626666232382,2.1904941633323087,4.589872540467335,1.3001985438464354,2.7731820876833635,2.1645969164524,3
2.078885501766113,3.1177355920976524,3.6866979415735615,1.563825195996403,2.2723229037007093,1.9739803853699824,3
2.0085040176186997,5.9735067567054,1.7866087511120219,3.965966319150443,2.660413728371194,4.160635183631251,2
1.4663831509573695,4.017078053426747,2.7574859042870523,2.474977351345021,1.9640883543333454,2.224609795029138,0
2.4565723693970805,6.045115079879879,2.146705314486706,3.9119396249694987,2.7112962800788396,4.482931728304378,2
4.028999583080746,1.2936023673937185,5.45519348771753,1.9615767091421634,3.5572826034059593,2.3045255806420517,1
1.1469197854109359,4.8795897916351025,1.8099445469033404,3.0078984211499713,1.8244255445996147,3.01452093768261,0
1.6228324481308782,4.252121004111016,3.091322621449494,2.6604488261136097,2.438202946438637,2.558273471494406,0
2.5525978687699045,5.928254839748526,1.7214165379038022,3.897656576242631,2.381224865741886,4.361252278015805,2
1.8720661347474998,4.294219571968217,3.1514130032545213,2.788726803909267,2.506163889767617,2.643493627202253,0
1.048493630628907,4.023510565072664,2.759182169404179,2.3297460071149856,2.0028430100309214,2.180456521988542,0
2.204842693622623,5.944988724105799,1.693684480377583,4.0239424639506,2.5647555529445363,4.122944201902543,2
2.2882111071377467,3.108171655290294,3.648753434953002,1.748052912083977,2.2204935613888135,2.0094287048597503,3
2.514352463682822,3.198272675843954,3.740391452256479,1.9923572809084398,2.344224107584891,2.1883282428917497,3
1.9176026038139307,3.787839783330034,2.5711315357425724,1.5711504913317287,0.8496390631785098,2.704923738531528,4
2.0205936032895493,2.8644396616698327,3.468216341428457,1.3426771746207369,1.8675518441118193,1.6085142271309785,3
3.458204537864539,1.4624488469989283,5.421174713721569,2.2817739129233465,3.8248272163360246,1.1749674032070814,5
1.6144805993448306,4.791024119549242,1.699134150404854,2.755542564084813,1.3239443624943148,3.2232067301433567,4
1.4032176098641937,3.9162837795356698,2.695572071880141,1.9182018241831467,1.5897319089373712,2.464158984466072,0
2.6505762367961188,3.0978264733778857,3.704718531578789,1.481805195002781,2.042831737244662,2.4645951443508194,3
1.6099685057381474,4.01130154482977,2.8046642214599067,2.0846980916994053,1.803886034202357,2.607535221930762,0
2.789464475064039,3.278900646323616,3.88390552135702,1.7514982565385793,2.335267183491782,2.6817707589928093,3
3.9191810708228636,1.1807958717424487,5.436278770864637,1.7786943004347548,3.5296120629035013,2.222248492960826,1
2.4279055132582332,2.8436819220878444,3.5118292761916394,0.9707394976932514,1.6280280118755242,2.139798891158456,3
1.7004197797795344,5.822816196739895,1.1820104443174366,3.7925427789334325,2.285506638153996,3.944907344245147,2
2.30083893481859,4.109919369646581,3.027300880886118,2.0938918882981157,1.8333002838068528,3.124354743661479,4
2.950812942419291,2.505714949318212,4.654663776923376,2.314611248116106,3.234760121422669,1.4439101755357593,5
3.5658419345490424,0.874786792323347,5.331889746131804,1.79481605543292,3.5399523220853517,1.4729698038922858,1
2.1270316634794346,2.974886190297383,3.5498815034958686,1.5185399319013757,2.038861263683205,1.8241894327923804,3
4.009940158051029,1.3287880395853437,5.46714667349159,1.9426724069213632,3.574219825111123,2.304473502767558,1
1.1673074918308761,4.902061612422058,1.8739933787523153,3.025501689157667,1.8843686306260483,3.026837041968963,0
4.7005275859376905,1.8418625053710054,6.527343745293098,3.3875666090892946,4.899365911741687,2.4867825245440236,1
1.4258595295447432,4.926544264523296,1.9141493959077844,3.1116612924561937,1.935650718988644,3.0967029212265023,0
3.7446644699868594,1.6774920291079716,5.521640872622583,2.1820215343394973,3.8307126681420343,2.0189210651666607,1
1.8323440260131547,5.842782257596325,1.3121730258132784,3.844075440596462,2.332884261527565,3.9723613534799838,2
2.9414039924852005,2.4972156608606877,4.644688254411308,2.303808860650354,3.225526484518137,1.412785330482498,5
1.4388121485953966,4.730567125679514,1.5119748265841157,2.6538999240978094,1.0799825552976474,3.123799169432803,4
1.9797311358203455,2.8311083577177794,3.423761033733675,1.2780261255344203,1.8073635821213037,1.5772628703434974,3
3.06742731033496,2.626227323375673,4.722589730070495,2.456436005083707,3.327899408972091,1.659297175813975,5
1.489843444770549,4.83201866708116,1.7890958828645946,2.7291464150176807,1.4967350244187243,3.2721307962744413,0
2.378581378402513,2.811333853399873,3.4830591476643558,0.8490261706767321,1.5735075600851844,2.099141817383969,3
3.6014360085901784,1.009961067312785,5.3552706916686414,1.8648372397237991,3.575541849316668,1.57538818806298,1
1.9578635551499597,3.8889382626806253,2.7243400322029117,1.680225455211582,1.2544759287965228,2.835155299312864,4
1.9023997147933691,3.8703143949491925,2.693735021433392,1.621539392594249,1.198457811833644,2.8028224856186754,4
2.4328943882669494,4.049938807254481,2.962318396840467,2.1582964854006796,1.6576843259472205,3.0457736432050733,4
5.929420916885421,2.105162909671215,7.504520807776909,3.941273127514754,5.644464085068505,3.8833407234067288,1
2.742999182049707,5.850827796960952,1.6198785870282444,3.6767185568827037,2.0276462073142816,4.491336768984207,2
3.4999628573411363,6.849677442480569,1.811169934166092,4.671723882944979,2.921448820101621,5.428313783026494,2
2.425780373914766,5.854595237873009,1.4991119315104042,3.8045910174211017,2.2008302716074617,4.267568499677557,2
1.0487191210101188,4.911297746191643,1.8987257924192473,2.9998134642511363,1.922603628182332,3.034377834186585,0
2.8142109897652245,3.1611067993355153,3.7651615891103334,1.7089141569763884,2.1370650630644046,2.577407924262803,3
2.7774999561592377,3.358715192151572,3.9522531816919857,1.7867495219322544,2.45796599770982,2.7483361141021185,3
1.0648680895845257,4.8834307058126765,1.8207138417862212,2.9898604749158397,1.836578239195786,2.998099130174943,0
2.9706784639348967,2.1631130385157284,4.507008006395801,1.6946097876667496,2.8514361014076575,1.6234003847803058,5
2.5992351359126253,5.763532512848312,1.2697746572490654,3.5602772999122796,1.7500183298180265,4.387721915280774,2
2.766950291120802,2.4724143983671794,4.634239220867451,2.1431666706851815,3.221518094935325,1.3541175444534435,5
3.0213949570981566,3.603176205715024,4.155699886842407,2.1679735195761354,2.7847687198188376,3.0261271435309753,3
2.1536097589061685,5.750156138467327,1.0181134036253234,3.639372664991781,1.900763453078049,4.1123333512938025,2
3.4222459326657337,2.325329369842873,4.635978953670194,1.7328124774170044,2.855507260880909,2.3422352811809803,3
2.1263252681231846,3.953340191075033,2.8012767780021233,1.8580017688811843,1.4304034951598386,2.9362111681191103,4
1.8437895625546468,3.1649406072069817,3.649244159027054,1.9933620778370953,2.4609014681531325,1.4997696667068317,5
3.1165379745566146,1.9736022479176007,4.472277533957339,1.0770817716601648,2.588667607809237,1.9941710916887978,3
2.391299405654373,4.883647149516589,2.061458835453094,2.8174825711950935,1.3840901494882472,3.6590514938362464,4
1.725614536058076,5.024491314878307,2.1469091075467683,3.2611395738237365,2.1729190620616405,3.2451441173697075,0
3.687838156583042,1.944416168671916,5.56875308663885,2.6165296345943387,4.033428130738077,1.7229796451422428,5
1.9992663254198895,2.951408650590865,3.523226241333332,1.3800946423577007,2.0093829095528126,1.7462901040931018,3
2.164654240088291,4.874773279094584,2.0443725128576364,2.6848614649047784,1.3904801059087242,3.6284320423682668,4
2.1672558744943515,4.9087947765507085,2.129181763289175,2.7046382146215264,1.5257144972544534,3.6639351340048867,4
1.9595245857711001,3.241122769882538,3.7159386592281174,2.105482103667643,2.555700186609527,1.626344359943536,5
1.954146453408913,4.013960906343484,2.800633046557235,2.2779515367792222,1.7691843168540196,2.644859066044716,4
3.627415706308803,1.1057995134922367,5.380330284844866,1.916502839667238,3.6036945329759655,1.5969271966557816,1
2.2802828356864087,5.881540209186972,1.6015800450670588,3.7559896969472084,2.295903814711826,4.277002230729736,2
4.855807906580113,1.054268170172917,6.411605522692124,2.7621465953908246,4.510062313206934,2.8704864031382455,1
5.606132940851431,1.6608556149911944,7.369579694277448,3.8105645587999355,5.561317890201694,3.3598042936445762,1
2.148697018797982,6.0833805269343815,2.1376583169615713,4.067760838058155,2.9147317721795623,4.29376866614371,2
2.8106747395083325,6.869712738347073,1.6522382988841766,4.804152533956967,3.20644773550685,5.036520542607997,2
2.1766315359261097,5.75328173687878,1.0491005767758224,3.6504390320436126,1.9095136889441153,4.1222926902294095,2
4.4984399768728,1.4754101223040101,6.427454914738111,3.1323101204531647,4.783403492038535,2.230342946035086,1
2.851303499877934,3.1693445163967837,3.779038665579617,1.7573263870305438,2.1418636473228885,2.590923881313607,3
1.8634442340006983,2.740487270994254,3.3551820546740356,1.0811608548123346,1.6611805655622849,1.4018880202902926,3
2.615690287464789,1.8955576968159868,4.396582827908793,1.0797763637773992,2.6824546125696305,1.1970600157668712,3
4.706042016299499,1.8815068492469236,6.529460916608993,3.397984894210456,4.917148774537569,2.5324406313302954,1
1.535111499910851,3.0419479364128335,3.558216158226067,1.7391932668813361,2.3078771211677354,1.1694733771945631,5
3.2424130588780637,6.829922238520611,1.75449108416426,4.534015100760384,2.9040383095283797,5.377135614705673,2
2.6703198685273732,3.2751293592968267,3.8046704511052374,2.16357167961528,2.439231478335506,2.311914429199319,3
2.7710825836350836,2.313124437089728,4.542136672248297,2.0882154396317625,3.0871776775146444,1.1175935805411015,5
2.2037595364631994,3.2427047272596368,3.7888131884146987,1.7522617454734608,2.4403434700774453,2.149988035095763,3
2.5815971906886737,2.1865163874633033,4.479782782531782,1.8677864445082102,3.0014918628839187,0.7719213832620503,5
2.319274101388053,4.4081426190732875,3.307487267598157,3.061525264794294,2.6772950574825094,2.845395479524248,0
1.93011973882313,4.753771414445266,1.72092690814944,2.485733520827258,0.8653696484705194,3.4737086187145727,4
1.4389503497671818,4.9429847856200615,1.9898820364856333,3.124433594069127,1.9841997729861178,3.099195383191843,0
2.6109698392017657,3.5423480186310954,4.046702210474667,2.2450378378391522,2.8365248986001,2.6022221591144485,3
1.9505057751839576,3.785012448401142,2.575881082659134,1.5980662270489947,0.822212741473721,2.7020900692367458,4
4.126969372333454,1.5618389714559313,5.525360317652858,2.152955336803102,3.664088563544288,2.4811808945146003,1
4.79224761675303,1.587057188087139,6.489958028762292,3.1187859133369944,4.73749584970347,2.718079564886061,1
3.6130692396455495,1.6089839643979424,5.4655319167391525,2.4693831106025748,3.8742968432560714,1.3922333559707296,5
3.7026845103162365,1.807298722837275,5.517441885058372,2.60066151529905,3.9572374380196833,1.632109970557227,5
2.8401596875369455,1.986452046571554,4.4377952066621615,1.4557601331159697,2.7266049864987782,1.3878490485057018,5
2.8535902596642297,1.9560113848748732,4.4168272084652545,1.461182851504117,2.6961908486573463,1.3414732536128415,5
2.0941153698161012,5.936495883235205,1.6810415051686736,3.9793363406382807,2.5557834945550457,4.101410099187859,2
4.097720161602382,2.0085972747077303,5.671076692446388,2.230060062655683,3.9051973967247067,2.7280766987886524,1
2.868837392082322,2.1730515774449133,4.531218269054564,1.5752620961540724,2.876748677583129,1.58611134890398,3
1.4314500482546317,4.730228392388957,1.5112467312190432,2.651846973852683,1.072776122571747,3.122556191304928,4
4.750211155746189,1.9815273543596987,6.561733830879675,3.4589491557993304,4.953554417892431,2.612248478328921,1
3.815857441829137,1.5556135970928544,5.480612301612035,2.2386769452001563,3.7592949762123564,1.9452539009130718,1
1.3980824325637928,4.937199755164757,1.9383021597132044,3.1089098800726185,1.9641613293995512,3.1026764321148748,0
1.2376678650128428,4.038348358278824,2.763922990349404,2.3987782928909462,2.0252481519495382,2.2396240423825526,0
2.841492214846028,2.526157136202834,4.6568157010181235,2.225147969593111,3.2648569160280574,1.47384436010363,5
1.0192811337223295,3.705529421082954,2.3668661689340755,1.5927198983738564,0.9072734658432553,2.133605949405506,4
2.1899666513168206,3.927983189576505,2.7679788510158105,1.8917844375959016,1.336616877000818,2.913867135236473,4
2.1147576488623443,4.216636122036749,3.0880196373257993,2.4846478156889615,2.2115532039371524,2.9149965593093876,0
1.964653673376067,3.8129115311342194,2.5990619302792655,1.6296607754724899,0.9470312681206001,2.7412809886445104,4
1.269706963659525,4.160239704231707,2.9652938211445803,2.475668392826358,2.286223930083885,2.406650807328402,0
2.997831224798696,2.5648878454211057,4.680807495691601,2.3776878785258755,3.2746024746823714,1.5471390287136446,5
1.6911441988251512,3.0106550030267436,3.5197192865781637,1.819304141856621,2.243747240360281,1.1365695370026598,5
1.571750655599254,3.8121967800609955,2.5092324046078796,1.9422673382018218,1.2318720549388296,2.3395633552381576,4
3.3417873140007877,6.865728533826992,1.8949465551409224,4.60005616104351,2.9853318744159996,5.432568710511667,2
1.2922541746709677,4.976102559441938,2.042317345312986,3.096493002292131,2.083777958218289,3.145678855446212,0
2.142398998508142,4.804824763246827,1.8393800436448073,2.631319022938203,1.0872247719344068,3.5582294230724107,4
2.7168383039996677,2.5641217229038005,4.673990680008755,2.132465929101362,3.3042982033341026,1.473274798096711,5
2.706702240000318,3.034968151525842,3.675049756055366,1.5081551426566606,1.9389209039584445,2.407358948421222,3
2.503477559346465,5.827510498683666,1.5587685695065165,3.5462907035105573,1.9912783761300288,4.448845756673142,2
1.5974622797099178,3.85976489124688,2.604637993431947,1.9843208133354622,1.400145390676666,2.40015259494782,4
2.1137116522541723,3.270087682783453,3.7423103221059026,2.2177993097582647,2.584984564322044,1.7079320899350843,5
2.8150613348428903,2.390641653620712,4.579227092164509,2.155988796839533,3.1434983286257974,1.2109712832452473,5
2.8277932787348274,3.1835557313275986,3.789762929642777,1.7413168718984657,2.1606405908527444,2.562842057413418,3
5.72210883320065,2.3725380184879086,7.527572754107418,4.287714420304141,5.870902147976315,3.4857256595916697,1
3.0605123728982897,1.8836782362213678,4.434949522337116,0.9017692209929041,2.5213737953332496,1.896707847040838,3
2.017149660668451,5.734740394918402,0.9159180193033409,3.5779760466358153,1.8646232065816455,4.094463375326335,2
1.3678147679006787,4.902643758516282,1.8646975377695787,3.081964425248561,1.872378108039162,3.0492873872193926,0
2.373250813338157,3.083516776714185,3.6491397555100598,1.810414318343661,2.1805606571777387,2.0097730079016407,3
2.843755385295625,5.866230187459884,1.6673222250632365,3.7365057938431705,2.0603552480041416,4.5319708858795,2
2.868467467412947,3.412178787523015,3.9786560500301897,1.9112934888147528,2.5254989493987914,2.847012584820931,3
1.8994868570436358,3.1079352873197648,3.6051883561225133,2.0034392438855355,2.366685298065029,1.38119479910026,5
2.3559596168062527,3.169868639663596,3.7012571925667794,1.8420878010401929,2.3076976391973534,2.0977914435373743,3
1.5834985385144131,3.8524073297046493,2.6041833234025678,1.9742762207718203,1.3728965532141304,2.380964688537539,4
2.6499881723518595,5.236264239043949,2.8016573460371768,3.156447800877216,2.3959055479716356,4.068743250701761,4
1.7749196087882455,3.0750087806049646,3.5910580906794944,1.9061025442717272,2.3362611074568593,1.27473783797074,5
3.816846011370833,2.2481885450049224,5.694243318246147,2.812688325064838,4.195995591614391,2.0389016103112154,5
2.343874391524897,5.856009392431141,1.475470630032412,3.771301193329798,2.2026282051915858,4.249793220027637,2
1.6879933131733886,4.8281621053032175,1.8161149930073404,2.8053794840044604,1.4624919310720133,3.2690592776873495,4
2.4488647574879816,5.048108582438352,2.4074222172499167,2.9402920428055133,1.923001042613271,3.86617254878358,4
3.5459080608533946,2.862108685197339,4.9453170778347815,2.1147958308992854,3.3483005442777674,2.8384020400693575,3
3.1519741213326644,2.0049356181553932,4.489885333770765,1.1605209975092583,2.6146724008181095,2.0293527427730353,3
2.8710408614416867,1.9875320393276705,4.429251470624306,1.49741461891239,2.719532682083119,1.3920478207371978,5
1.343293533444396,4.7750012515579785,1.6187337076075796,2.6447569256220635,1.2864821517527587,3.1832575083244206,4
3.8415027021013493,1.5799217077847418,5.498197292676036,2.2748612981473517,3.7689984193310626,1.9720901065572825,1
1.7909613471538666,2.7552963408932727,3.378261809483349,1.0083891753872476,1.6977416001968864,1.3801990050435244,3
4.670482654006212,1.2875965956921407,6.429555491531742,2.942754073329876,4.654798098114885,2.5760782149177763,1
3.8878240389240784,2.1322002697897533,5.646361240457391,2.8521285960724296,4.11501545945029,1.9521176174691892,5
1.5268572673056753,4.104434387753813,2.862125931734092,2.5451871515809783,2.1411046733725,2.3468121915698323,0
2.4351477153719174,2.9611838639554096,3.5960141759884885,1.0875251290006385,1.8419491427675494,2.287078848630683,3
2.352459700643364,3.9759203427819014,2.831110606591341,2.0513168518938443,1.448484618913827,2.974719952139823,4
5.626299866089655,1.6731764531152538,7.3688811466733535,3.831625398164116,5.563983351663946,3.3700128183533526,1
3.3860346639463477,2.6535162119623195,4.819229793900151,1.8296577535842373,3.16966804178255,2.627138680579538,3
2.4316361237133575,3.41827941266047,3.932918629711495,2.039930906832783,2.671351899068468,2.4257057253096823,3
1.8709411510375233,4.9290079864517775,2.0600451037042062,2.93776822063401,1.7699994828213401,3.3895953795825333,4
2.303622283342454,5.796219293886865,1.25504308527912,3.7246566144457893,2.031264895441025,4.187396729468896,2
2.44421732025747,3.0971190687467853,3.658312833298307,1.880029204739369,2.1944676238422747,2.0407927374984265,3
3.7767314857211067,1.3361324430038144,5.418374414568686,2.145507459892296,3.6702655939918065,1.8254082712797957,1
2.6100276329820873,3.1079474676073686,3.7319141998908707,1.4353755168133544,2.081883523924703,2.482882792743371,3
1.840489337883917,4.8879624658577985,1.9429588834156162,2.9037657077091077,1.6327699551371686,3.346644395273645,4
2.1764866096098854,5.926800282979611,1.6318699715615272,4.004566355539155,2.5234395666443334,4.11173431100226,2
2.747123567170229,2.1627171857232903,4.518024850077009,1.4104072235391434,2.8858010585298275,1.5621404047248453,3
2.712095430271119,1.7624559809238678,4.339518255008689,1.1686124503915067,2.5647627422337727,1.0352412841458198,5
3.6556107623890415,1.7780691819652674,5.5189708578439545,2.5481749428063822,3.950926194192578,1.579396531669311,5
2.5906357243398577,5.77561747721561,1.3312532714535605,3.562229895166356,1.7968030775678887,4.402515040885247,2
2.834896534184482,3.39668625771439,3.9729542574518786,1.8677523566229277,2.508513860973441,2.813348072844909,3
2.725569907535617,6.858670804381807,1.6114630745622145,4.76557064406327,3.1883492560393933,5.011322406949758,2
3.746787127082159,1.5385235831451785,5.483772345740569,2.1530266600417662,3.7643786755270843,1.9495839197700742,1
2.485111047034148,4.17205477239657,3.1070572465683965,2.267725454581102,1.9638679773077719,3.2299326438452787,4
4.648590973224346,0.9332654555109603,6.36545657112451,2.876144112404577,4.560582893171934,2.4285508467583736,1
1.0227266157646528,3.6942904547598023,2.348237407250491,1.5864316692723939,0.8498920684192498,2.1128145640022633,4
0.9989117226872721,3.938207893230256,2.644715086452671,2.267690192044663,1.8115471122424949,2.043386014586137,0
1.885012845989566,5.2255073860757495,2.6164046286207294,3.4188532739731303,2.6402363231386605,3.517782752781145,0
2.099727975819473,4.810282792226693,1.8419817300676882,2.61124058312741,1.1155923574386888,3.55621850040838,4
4.737893951165902,1.4583143096040032,6.470453171003935,3.0408124794675166,4.701959558587827,2.6530951273593892,1
2.1998053909547277,3.9089375829359536,2.7364492190519076,1.8856079895635751,1.2758353879369997,2.8950463781894156,4
1.4396222865197934,4.929018852003166,1.9193594594854078,3.1175701426726823,1.939325618061585,3.0994446927131314,0
2.0107736097367157,5.760107147790205,1.0307048614878256,3.588174975488102,1.9484993636291488,4.1259149259343815,2
3.8684963128117316,1.6074894460183764,5.502045177653396,2.310981812353313,3.7788506597186395,1.9857244210063376,1
3.0406959186965707,1.9654849703510398,4.480808520514171,0.9107068428185002,2.5971710532446663,1.9539283307557826,3
2.5352299168694037,3.09227015549498,3.714432307604142,1.3301822669476853,2.060802926588883,2.430177805620124,3
4.0125891714250415,2.318436543435782,5.721357110196352,3.0098992939044193,4.217822092777142,2.179073329289663,5
2.6612694410195714,6.826225018220285,1.4748327596852158,4.725288412928444,3.119985665359763,4.973519773596695,2
1.2789722348042731,4.829085440747979,1.8076029161583855,2.654232107338778,1.5095804090696876,3.2438888161379262,0
3.0478295422538126,2.2388793303460433,4.545060718125656,1.8142897321225606,2.9096158659081137,1.752228506468448,5
2.0009132324923984,5.862915798739371,1.3927240191486747,3.9108977672618583,2.370832430289231,4.012243944771018,2
2.6336131179277906,4.159239641992414,3.078985107258786,2.371558617033795,1.909589907116979,3.2349515405734546,4
2.135292087470273,3.3680243150538103,3.8403888239498336,2.2770614150866035,2.724859855943437,1.86392115684594,5
3.932710266710333,1.7594779250766859,5.555201977595696,2.4186313379783364,3.8465747034135265,2.1164319607257642,1
2.376529753112292,3.116170414877142,3.6657773983487454,1.8298322069771367,2.2309552144742733,2.064802963781888,3
2.086409426747263,5.901046818906535,1.5073780991329733,3.959357874703775,2.4610753850349933,4.072971457829906,2
2.731890701839768,2.423040222054259,4.592484618240999,2.0934565996223657,3.1793188343072707,1.2773699993000223,5
1.8719885644483505,5.755421992217581,1.0609292934533703,3.533820147213252,1.9559361372706408,4.099329748230257,2
2.9269900306463175,2.7947480924186765,4.800717319036162,2.3981746802191752,3.485116122448416,1.8441090677219842,5
2.1531085086117785,4.852810023745091,1.9444448342747074,2.664942647159711,1.2955345805080185,3.6106107404880796,4
2.139242968890727,4.881085117181892,2.055445586312952,2.6735910418555795,1.4253146262781908,3.6415275935672664,4
1.5105692730561988,3.923785837207983,2.7019122962446573,1.9790968402077078,1.5899854690791373,2.4610315814394332,0
2.047070352825878,3.1438432946359605,3.6447223738665113,2.116232113131868,2.4103705860004823,1.4684549661480688,5
1.9472637934880328,4.896546036825846,1.9604933857382032,2.9531717403940423,1.6619038179605012,3.389488589166594,4
1.9934817634137296,2.903793836176009,3.4995671138575526,1.3408936248833818,1.9394124273647992,1.6712353695373117,3
1.1739953649225738,4.683165961604341,1.3520508597918448,2.535587073183634,0.8645710301333117,3.04974984232373,4
3.2928608920071265,2.4192845346227863,4.6931260716819585,1.5980801617427607,2.9608571685573017,2.4128699762043193,3
1.3533376603816702,3.8196643131655676,2.52984656517262,1.832177559230733,1.2868644956108608,2.3261575743631346,4
2.269423151821194,3.3427307853339085,3.804341158931825,2.353229669879406,2.6729059214454325,1.8946535999415068,5
1.792497653951261,2.917912175982226,3.5119968589461488,1.1442982513202735,1.9811207409747718,1.6507508880247301,3
1.987127188532918,5.725948950797971,0.8715942120722986,3.561939599678422,1.839567402688572,4.08068597929042,2
2.5004263904411643,3.728290449600598,4.145973692524954,2.676166357125248,3.1659263734028587,2.430037675966535,5
3.654322729958241,2.6649258011416688,4.821215773926644,2.157779446583512,3.1457039000393534,2.709186407225559,3
2.6530464205132214,1.8156083692640028,4.362982726662932,1.0983754683213012,2.6150145798942317,1.0753101708598534,5
1.9275551324858087,3.209925802017291,3.6895301297249126,2.0710496210944314,2.5112701139275413,1.5631867254816343,5
2.8522450919821565,2.052221259238516,4.47041911963493,1.4975563032026606,2.784339035834022,1.467454221136629,5
0.7374209018968385,3.879797506784215,2.540965997107605,2.164118445557939,1.6802904779400214,1.943530313018041,0
1.9068930678517173,3.1465509991852825,3.645862225335802,2.0273871149647644,2.42433297974077,1.4563962991389727,5
2.3670635349506908,5.995099590332669,1.9773129815615096,3.8492780432808993,2.5909859351949702,4.425179329338482,2
2.654925266020582,3.008553283456222,3.645537505043953,1.4274812764729887,1.8954048249394333,2.37857130998561,3
2.2460013549742293,5.998774422138829,1.8450643428705615,4.064279588640542,2.695465224096216,4.206702266243053,2
4.7774444547196655,1.4872519950530558,6.46826743573216,3.0864896177267123,4.705827654918555,2.6683023032193676,1
3.9533963907912737,1.154401980702178,5.423077430756456,1.824309591705076,3.5132133975350213,2.228772413988306,1
4.07857359995081,1.501314254322099,5.502149585166631,2.0744778095675183,3.6405334564129106,2.4335241171066446,1
1.3525220433240563,4.97236289560131,2.0442480793470543,3.1117952648387885,2.0747004895602967,3.1587060874563524,0
1.589604007883816,3.827341763572588,2.562937931793577,1.9611329968294144,1.2949043801987112,2.350765249231355,4
4.583772902985761,1.5220051816602658,6.446342288216985,3.2228973476275766,4.791776719523189,2.2746026344285024,1
2.6550449752955854,2.436310722118255,4.607180833252966,2.0281010678127926,3.2042420557091136,1.2793740441940586,5
2.0108231715165172,4.047918450101186,2.8540886235437157,2.3318082771986783,1.842669716115855,2.709730164156295,4
2.171036067107867,4.837927854382269,1.9438564953476645,2.667512925389308,1.230082843342122,3.580752448069207,4
1.693377130980013,3.086766416539583,3.593167581910697,1.8605665691289195,2.3586139861425806,1.281344282498832,5
2.585691994438066,3.016687678655022,3.635258508868774,1.34117699767424,1.9192913883100866,2.378433176905737,3
2.329638524579452,4.861858616315976,1.9700362944186556,2.769360829734955,1.3008065044750499,3.6412360508863872,4
4.596360054329844,0.7647907963126604,6.341233878401693,2.802663779291783,4.529766548787094,2.356456490705247,1
4.767269954881735,1.4414158922551725,6.452049263037831,3.0698589310501703,4.687626212952968,2.6594492607332985,1
1.8899945688916249,2.8743734886131316,3.4682088743614488,1.2135522492570543,1.8961373156716852,1.5976957033263117,3
4.557025286886175,0.7716696560916865,6.339456156496399,2.7578395983925206,4.537635095392805,2.3601641992405455,1
2.879590135826239,2.4667366058134528,4.6195665676281665,2.239167383161715,3.2031091384356265,1.3546409301633622,5
4.600701968795006,0.7222159384466443,6.334702067770882,2.803688702312441,4.5214907037312475,2.346622538330907,1
1.6631222862637935,4.090739737739785,2.834793261185036,2.5951313308011406,2.1028108571527544,2.368747056110253,0
2.141511133129054,4.962657523143115,2.147591791121072,3.078055482276015,1.8438271660791454,3.4631237381774747,4
2.860868473185875,6.866255873128197,1.6424625001602695,4.823130974531577,3.1911985291358627,5.0298296543281165,2
4.385068926952171,2.585813262357596,5.873979103943992,3.0920068050131415,4.285321828114963,2.8274499986021246,1
4.04136916193539,1.5112385030094908,5.506705118595005,2.02792354669489,3.6480361791640488,2.430781951903114,1
3.9586049341853515,2.2776669440209885,5.73321095733906,2.5763137408038235,4.1407059138472935,2.534879585461947,1
2.2381826102517373,4.910760350933083,2.1026726657367143,2.746258985808903,1.505005785305535,3.682824881888846,4
2.440053376520478,3.0359448531855677,3.670607984262221,1.1576036946487276,1.9785742311538472,2.3691421906904466,3
5.727943446731707,2.4586430914102086,7.553130347215602,4.308776710075358,5.907559375629753,3.52255056854272,1
2.2576885007263994,3.990826090603864,2.8536638976302062,1.984694271048376,1.5218157892392408,2.998393348505618,4
2.9295603747454666,2.426336151047236,4.6461168494136835,1.754598847060869,3.0915169723926006,1.9163529518885183,3
2.9511371098443537,2.8527875645399354,4.853257374880378,2.440139845856693,3.5390729490173185,1.9091079847826795,5
1.9663653679506226,4.769071233239577,1.7404651137849994,2.5139568316752605,0.9392450304258584,3.493725984049361,4
1.6885168425763872,4.994971234136258,2.1182514297644386,3.233776736408925,2.1062194443225453,3.201464090196889,0
1.8848662580695874,4.9957895720117245,2.1982462073058544,2.979940079816259,1.9617465986193467,3.496751069238461,0
3.9117826844335997,2.6217177767476794,5.844582158965902,2.998198095522516,4.419735359976044,2.4182106146166817,5
3.0089732242652776,2.6496227110820465,4.736855362301096,2.4149132161440012,3.353371317408332,1.6381464334591642,5
3.6773285797944766,1.8326837554704487,5.525402598417439,2.580275670363143,3.975914807037211,1.6559232895732388,5
3.2641696124033626,2.150367083091671,4.547784278683338,1.4260936188313753,2.7200560350460674,2.181492647779949,3
4.6903782819179805,1.8070608895441036,6.517329136894179,3.371819243638692,4.886231017063065,2.4603893609518064,1
2.540746402587083,3.0436602791290994,3.6864069831519064,1.3042105745326682,1.976817694988708,2.3750154464966777,3
2.637447153559336,3.54999895495821,3.983643895222359,2.6879714040221354,2.9188502149147,2.2581259238547613,5
3.5188193010971625,6.882795783030425,1.9246460267272054,4.696889888482359,3.0023701536002796,5.462506718064371,2
3.100787630783783,2.7147724368359865,4.8152331108602935,2.0645463954103804,3.3295901299286346,2.234709084424394,3
1.9122946804400405,5.708335158444536,0.7218185191982521,3.5245863206338286,1.7847782833907329,4.045744630621989,2
3.8613271913704446,1.6097529994616289,5.488969406381251,2.3025852843738,3.7790336015665087,2.0267804575028117,1
1.7354926675100835,4.331543702090164,3.2063328549410604,2.747788599233182,2.58534304829292,2.6970415309332476,0
0.9353705394421247,3.6801878901348526,2.3188838632655506,1.5388165929116888,0.7857230872709323,2.0924730914675482,4
2.007525685243016,3.7901571278640795,2.577394395024543,1.6487475025378593,0.834061222753582,2.723604482691489,4
4.62269288522436,1.3033300437333921,6.424388286087736,2.8936864033440917,4.660767609601716,2.5553093912607276,1
1.0353199943037041,4.872972624380603,1.7916069235644871,2.9774138039532136,1.8069990972272485,2.984854757418643,0
1.4853631686647841,5.054888787177823,2.2356536635802478,3.1954754977240674,2.268607260529758,3.2514418063047663,0
2.1717268779795917,4.809179245585792,1.840929474868499,2.650507899948814,1.093978259442149,3.55704774587469,4
2.772858080701744,2.4258875587642037,4.598278184284727,2.131595388008798,3.176621240162551,1.2542131965748369,5
1.6895622924232647,3.906983097769693,2.6560471256967473,2.0666869598207187,1.510235008014376,2.478723902659985,4
1.4755679933766526,4.791584291393634,1.720500704826475,2.7021466930480607,1.3490217454519446,3.2045791881443297,4
1.9444878283057936,3.3008380079652038,3.7668967028785887,2.1260567285859713,2.639316562453177,1.7424457828415203,5
1.4965611480587804,4.1796611923593145,2.9865331712557817,2.571941172519542,2.3031561431444576,2.4438136861616835,0
2.103558508919655,3.2127833138635933,3.702691860589656,2.184216643445526,2.509049372881945,1.626239646314657,5
1.770865510022877,5.880584366065257,1.434144699516648,3.8425642205400155,2.4382900015220725,4.023793628611477,2
1.0665937406906427,4.894579693207392,1.8468853657266473,2.9957652822639056,1.8700030975804711,3.0137945540340136,0
2.045496289927315,5.872891426736896,1.4339557490828465,3.9310881642238202,2.3954116370005254,4.030382211918146,2
1.3419126212492178,4.044219830192538,2.780626252891118,2.4408310685809207,2.030042971884983,2.2678676440367695,0
1.063605806447969,4.866178754911178,1.7718880969772315,2.980672363359619,1.7847794680858342,2.9805135365357036,0
4.687262711933092,1.7794055414571768,6.512181079789833,3.3636625893069687,4.877120267262612,2.4419893985847057,1
2.1390760465421366,2.952985232267685,3.530730120444781,1.5194871409386463,1.9914401201092202,1.7481619379453492,3
1.9781678555127022,4.98613277572791,2.2113031773516734,3.015596196166118,1.933201087642926,3.4880941179303413,4
1.933936971941287,3.8110457170890233,2.6134814675048625,1.6021944653683267,0.9598957189900832,2.7319136552347882,4
2.9172697375850065,5.92827656375232,1.8446491173397268,3.805119319513488,2.2363682727178475,4.608746285319747,2
1.9887389042758026,5.856419586580309,1.3365570585567395,3.9030972063940155,2.3534823796935602,4.0092884794285935,2
2.6469853069095337,5.795299909835742,1.397845274263585,3.6009502758263086,1.8509837900322426,4.428388219225569,2
3.1229841272880883,2.167817190368413,4.567167814488806,1.2005463781024468,2.758639724738366,2.1602225949342,3
2.838247816766288,5.894160727371167,1.7617228250129742,3.748031150700424,2.1455644931133246,4.562835923635712,2
5.077738981211527,1.930094038586283,6.614800518745972,3.1575273176039214,4.793960597069923,3.266942316175494,1
2.509343947456751,3.000565712589668,3.6347687540373674,1.227198223147902,1.9032335367771978,2.323278398751197,3
2.524242669181143,2.964107432463983,3.5946698309709135,1.2193948211392958,1.8352765627592893,2.3175204065311785,3
1.736847479641428,3.1001480536487533,3.6098911866816126,1.8956089901677917,2.373829839008239,1.315499139236698,5
2.1415837864879803,2.909149999061513,3.4928744811315506,1.492641834849064,1.9252473045071443,1.7289278230849092,3
3.39081302667214,2.3161245900993217,4.648460775176725,1.6884103604234526,2.8532723376965703,2.326742477227527,3
1.7476358169253479,2.813322840805664,3.4186377230420324,1.0066383000255992,1.8043605608544213,1.4787754829872886,3
5.098967613037888,1.8028675690240212,6.58753119719761,3.1565040054076574,4.739562657204701,3.2091743628797618,1
4.605371448426387,0.7790509715714294,6.341133957146366,2.813186056408994,4.532830280866838,2.375360345600057,1
4.1653998291347305,1.894995612870644,5.623170391623938,2.285185910467879,3.8273200933471365,2.683956417104802,1
3.0128468636138948,2.824325258479244,4.829250895037331,2.4802948752635845,3.507533297048784,1.9231672639686421,5
2.977083856371807,6.93800268147208,1.9212349663076047,4.903230727262468,3.3471292248195366,5.11922293749797,2
1.89895054891264,3.2474584881354467,3.7290952390614653,2.0697071139131653,2.5757289868697377,1.6665604146979498,5
2.1836628953447312,3.013123367452298,3.5809668623656967,1.5948616530766564,2.094264314382645,1.8780618772235484,3
4.8714349304102935,1.9116696103421718,6.570684936306751,3.257303315191892,4.858659269984465,2.9204491970732684,1
1.7276785297378898,5.022170381740842,2.1902132607972176,3.2615136729038663,2.1724864471668126,3.2263143048769742,0
2.391709644751246,6.044546430431111,2.040406826303568,4.140565184609262,2.8070425192789714,4.269614280747921,2
4.69618835347878,1.4976881882248374,6.473741724251761,3.003031733455277,4.717451645813795,2.654501084152618,1
1.9301365507912096,2.76288223648242,3.379621186601707,1.1761823295437233,1.6925926475014483,1.4311651392245748,3
3.9045182172651347,1.0448049477341488,5.404123893710799,1.72934971816969,3.4813095192083465,2.1591928584601474,1
3.5503700348454097,1.7546502517073936,5.503547187132559,2.438396479015958,3.949419008978339,1.528625829445853,5
2.0897732428138234,3.145269919661551,3.6938998574624193,1.591316119699726,2.3078248042282223,2.0342069937824836,3
2.589147569663094,5.032940109720913,2.4022810428135575,3.0146358806891915,1.8534717493077737,3.838990821927512,4
2.9872957996638645,5.949982427937682,1.9153132936629482,3.8527034472979094,2.2887421105146686,4.632737394326774,2
5.5793549256800485,1.5789211087836823,7.350069869966409,3.77246592620753,5.537308815936072,3.3176302514479583,1
1.7907735586238307,2.7199048301964472,3.3412565088432555,0.976850350885454,1.6307754497819782,1.3387459014397678,3
2.696221019563588,5.982515373307285,1.9198118154431922,3.987919605500346,2.52089748139553,4.451879408961481,2
4.744182650748746,2.1130742972584495,6.603084055073121,3.4778649911378268,5.014025093474475,2.673804449230719,1
1.317357259024816,3.9841098924923215,2.683688318800233,2.399572689657384,1.8931080820840593,2.164253879724492,0
1.858746684856833,4.438699021179458,3.339805322502602,2.854385610323323,2.7705665009574623,2.8496978804326396,0
2.730615688317188,3.3450943118501253,3.9290661318429363,1.7295811874259372,2.4375173580318727,2.7445689437891625,3
2.9713560809197683,2.5996435812891807,4.697128149157866,2.3665268598786513,3.306963915993006,1.5583638243168814,5
4.886294678583881,1.1239525552649887,6.430538626636908,2.807182235186925,4.527042269503175,2.8939441792894494,1
1.8733785053712972,4.159199417490521,3.0406385279043353,2.315369994745102,2.1252608737396033,2.8191722251487086,0
1.7037956607450042,4.826724476823249,1.772889252624575,2.811892122014898,1.44076108149414,3.2785779863742452,4
2.194244894720031,3.394111614951534,3.8776380855936012,2.3281516755133134,2.7571368668571234,1.9173991922771096,5
1.9422197059116095,5.860514263205794,1.3633813557873589,3.888693237538318,2.3722272716671715,4.011457276244978,2
3.2928608920071265,2.4192845346227863,4.6931260716819585,1.5980801617427607,2.9608571685573017,2.4128699762043193,3
1.541235995725714,4.129023362207132,2.930345392004043,2.564068591894767,2.2001271644942504,2.381910688083581,0
1.634147908821326,4.913693705318688,2.017746639094981,2.8295618796743573,1.7595766996738458,3.3761002879898987,0
2.1340016823037553,4.802610327470198,1.8375273435420052,2.6248860862666894,1.0813965169980257,3.545023542789254,4
4.266061874157324,1.931396112045103,5.64456228693655,2.419352918266388,3.833284813847256,2.6980905164598727,1
2.183234930250173,4.81169429506747,1.8554464841017007,2.657670621426813,1.1122559891051023,3.5614580759165775,4
4.106012890816469,1.6184583897400753,5.538014858523189,2.140115259525387,3.690357156238707,2.5037667824959877,1
2.3134893484484618,3.9750705500147534,2.8318719276520445,2.02034428164684,1.4538035917977634,2.9694732194598275,4
1.9625192870208263,2.858747466328657,3.4539858628011455,1.2797397465869096,1.857830854408607,1.581068302010832,3
4.597263025343957,1.5811866916038864,6.457295103156589,3.2454177774465354,4.809921795460233,2.3202700984488795,1
1.8579986242531783,4.195355523637449,2.9871500426918245,2.7338276883331996,2.308967733435213,2.5503771004413487,0
1.7970806481006865,3.1008588664949923,3.597551865249807,1.9314139493149078,2.3736343518525245,1.3804135085629998,5
2.75720054896317,6.819406657549869,1.4502894520919933,4.75959329190595,3.0943312757756103,4.972622131597908,2
5.790419261070144,1.674587231821761,7.398899719614496,3.7281944471279442,5.5013376174292326,3.67253247081508,1
3.1353532581179167,2.398155134762779,4.623833310653074,1.9743672536453587,3.0354546429265636,1.9398046963109836,5
2.0683401351669812,3.855607193504824,2.680998133228284,1.7444244044980841,1.1142527197644607,2.7952599444075754,4
1.8086006302484359,3.9346170572007475,2.6863656110150314,2.1481698173568993,1.5791611417150055,2.5308485823756284,4
3.326779653671661,2.2521450307676503,4.6064063332777865,1.5697277739171291,2.801325369145166,2.2706612060308102,3
1.2916819736334344,3.960346488329603,2.6589794588706046,2.3781598556524943,1.8381680017560453,2.1082589348023,0
3.107886807450758,2.1336447211904406,4.557859275720532,1.1545936204048883,2.730466344435025,2.1010722006626956,3
3.3343716239760357,2.1522063604669786,4.562500884220808,1.5333863891691293,2.717227791622978,2.1879684770455072,3
2.3188954601525333,4.113398566331636,3.0330073581372234,2.1070509905354977,1.8495654551129965,3.135549299729193,4
3.6939481302169144,2.1108574462763636,5.628356464128826,2.6629371586637123,4.12589882822117,1.9213614625710629,5
3.108810163077756,2.0254128256831336,4.500962277385982,1.092813127738081,2.63525847657326,2.0342008691286226,3
2.0562951225735495,3.855370941098777,2.6741817411984665,1.7357268232347374,1.105426593068454,2.787677439329162,4
2.249067095364335,3.923307949305732,2.7659909839467844,1.9358315570529385,1.306810680247279,2.8882073616686323,4
4.598154889649223,1.7737797787572507,6.50313059473851,3.276202408787698,4.8863736786137,2.442615352339403,1
2.654176653269157,4.2002583972533065,3.125948648749319,2.4098318019718477,2.0003122329097085,3.2730246445855475,4
3.1846918691674615,2.385080228465195,4.641603951733602,2.0219393891316475,3.0263170859646205,1.8969788632151172,5
3.792607091505314,2.102383774620151,5.624221672898884,2.7553255675282147,4.106072484036809,1.893734540146371,5
1.9593746351238992,2.8765803090888857,3.4806002603711472,1.2883173737955431,1.8950269149731087,1.6045041096024857,3
2.666272089037235,2.024208825983679,4.458262135389847,1.2286544342340504,2.7799103481122613,1.3522087488433485,3
1.9551819528714787,5.7018461205411235,0.6677382719290946,3.537698964093614,1.7542425054523514,4.046879162674271,2
3.412616651450556,6.862177114765858,1.854471310450941,4.634262201675855,2.9598540432577343,5.429502732914424,2
2.245235780916713,3.877582987741816,2.700714970718937,1.902097554501355,1.1550938925369947,2.856952819669973,4
1.8500185266563194,4.911698630716281,1.986067111023704,2.9197190334935113,1.712147024952152,3.3974008172977763,4
3.0172182383127137,2.601679929190692,4.688585631299972,2.4038786598214945,3.3085799988412137,1.6266857939134631,5
2.994761812651096,3.603206277481991,4.161336102708465,2.1425139499438655,2.7917434696448686,3.0444835067402205,3
2.9872957996638645,5.949982427937682,1.9153132936629482,3.8527034472979094,2.2887421105146686,4.632737394326774,2
2.0449775593170822,3.9011205207756343,2.7292455107907787,1.7592052455409881,1.268919687255139,2.8502124218705354,4
5.857431369861203,1.8746573603636014,7.4435815582648095,3.8285177295619683,5.563876889206739,3.769912952879665,1
4.551362208621872,0.9360790810349842,6.360875904367824,2.7680556426579987,4.5711213556933785,2.395731402737952,1
3.6805359539584512,1.502394084497703,5.472770062569556,2.064729386983161,3.755900770986507,1.9034732206223646,1
4.6142497141830345,1.9944177814727961,6.570278990584582,3.332774597122075,4.976626642772929,2.5810448489312185,1
3.7193992297437153,2.032813006492863,5.599396058775067,2.6685679215162876,4.077790818264201,1.8570689046230135,5
3.2825362638506865,3.2201383387089746,5.078647868010135,2.841552271809792,3.842472845950456,2.3991767298993794,5
1.9345978193342248,3.0843976566705833,3.5842034814421986,2.0142223282639975,2.3307845214743246,1.3615230906598683,5
3.5176861892618083,6.857640475333929,1.8311233948935595,4.684664196816686,2.937869094314711,5.441268369718806,2
2.275643850621274,4.854448178450871,1.9539195024373675,2.7351073657053235,1.2759586318218692,3.6245884962477994,4
1.8073372997452457,4.146661718501644,2.9219459527081106,2.6877039455774123,2.210174932254075,2.4705349961748753,0
4.758889546122567,2.372108081973002,6.68990441922448,3.542544380405823,5.143982897382536,2.8858219607458286,1
2.541041666313015,5.777264012443533,1.2987314112682915,3.5386062521182455,1.804165291172091,4.398665936048992,2
1.9656237036092885,5.093121450966751,2.333830507293202,3.38488327853174,2.3312343348209987,3.354738566010569,0
1.5995059424681153,3.04465180591213,3.549749746334016,1.7796793602460799,2.303711729184914,1.1951100424508,5
4.103451649302941,1.5989069357025687,5.534774912161209,2.129746048585632,3.6862897217923103,2.492380760445447,1
1.993197109566373,5.862657782744583,1.3599405264915945,3.908102006254076,2.367101579626116,4.015524367737557,2
2.831840045889632,5.165523985311947,2.6810217773645535,3.2254480152890075,2.2015613797466327,4.017228225042678,4
1.8748088818662565,5.885280203914789,1.4594568821877982,3.8786516518867167,2.441665729017633,4.040857579741574,2
1.3325577323087308,3.9008907700559674,2.666489752337544,1.8750921224277295,1.5443404072879483,2.433129097956045,0
3.072615752624075,2.2882998963852073,4.572509099900414,1.8632214495124213,2.945666964507518,1.7684062402382839,5
1.7573889164252743,5.05760631520165,2.243785194338875,3.2901756091074006,2.2507090784004613,3.271282940554935,0
2.6071805522110147,3.2059643016503956,3.8105117595615368,1.498805941840687,2.2404776926887857,2.5836003840846553,3
2.566476582907876,2.9216452956634913,3.57830703612518,1.2471272789837242,1.756491131394253,2.2562527935538568,3
1.3195184974405347,4.806884176473494,1.731226361812477,2.654461832102327,1.4223290065488146,3.2143665438692723,0
1.661825965147804,4.107110523490336,2.8619528820710904,2.602615782734224,2.1384932210030354,2.3732284633331076,0
3.32970224708368,2.352292917092548,4.648816724618457,1.6187075378979356,2.8897779789612463,2.341859261779449,3
3.6202589068166526,1.8650162283552807,5.5447184106820115,2.534030760858332,3.996630492717943,1.639874350850961,5
2.7532046502700327,3.668741988003698,4.163442376434695,2.41883921579367,2.9965288818095583,2.7558655279951214,3
2.013599010978927,2.8066362987106164,3.416933276633439,1.2969783214300223,1.764013552078912,1.519966821201091,3
2.4654240250608184,2.1502216684958664,4.467973897465045,1.743515418359309,2.9837964403106843,0.5445341018277191,5
2.809642573349676,2.616560915140195,4.716953144901987,2.2331682701085933,3.342792777209723,1.5380320294332483,5
2.632392668179519,4.139889718687201,3.061174050412613,2.3610850896130824,1.8603849013305245,3.2130261765395463,4
1.9366405137979317,5.089537461345799,2.400069184125005,3.050902339748376,2.213567986482656,3.61651198910744,0
3.4567609509327046,2.4600585542949798,4.718755716816524,1.8368649951641136,2.975320075045524,2.441402947338081,3
2.8430684894278873,2.441374635132459,4.609342712796878,2.199469465590347,3.1840544485662443,1.3354549681511043,5
2.9952767510821583,2.3150195622401126,4.602464172675568,1.7861801144840566,2.982839274867331,1.7594063216869573,5
2.2744433904690777,5.813344806399779,1.3003890463321421,3.7211484828720294,2.083042883213436,4.2067127423675625,2
1.6872631642591456,4.165630907518863,2.974298698902843,2.6447649025149658,2.260553810598795,2.4560020150813284,0
3.0205209832978297,5.227786254787779,2.783633940641778,3.371187527416681,2.3255458873614936,4.091873669672649,4
1.2366186717683387,4.059982818265641,2.8014765309894964,2.409846198753528,2.0747519713202345,2.264899406658343,0
2.698599354753031,3.1087500453897308,3.73310048232913,1.545243583376325,2.0641911830025075,2.4652541227551388,3
2.4537084287255233,4.028273053628695,2.895142927269855,2.1608858133650126,1.585414669704197,3.0572116573367816,4
1.5471404882026014,3.0373266794030114,3.553843936837265,1.7434150134746234,2.301758592713123,1.1798975979138782,5
1.9035182552848284,3.252838835187296,3.7297921599851516,2.077398931677633,2.574609824716407,1.6392200383145439,5
2.056425006348337,3.8057153774837476,2.6021414930123745,1.7002304891782192,0.89959164505034,2.7476257015941945,4
3.625769096171656,1.2426669127943069,5.411466109909615,1.9412843145186853,3.6534035726825187,1.6954503095969715,1
1.6946177682596115,3.956471699176287,2.715362523350677,2.0971576579059668,1.650747204241069,2.550091325671602,4
1.6715456174227892,3.012663342359551,3.532027999044986,1.807700437706699,2.2534455435278686,1.1568583496477538,5
2.1993291773552905,3.375528710240903,3.8589503438176505,2.3247391618698963,2.724434068580806,1.8720714303540884,5
1.3548990788745907,4.0608003949948825,2.80629164027445,2.452813085871324,2.07146267186582,2.283063381417412,0
3.6356086369932865,1.3433819606298154,5.432199114069927,1.9726886304012932,3.6945678740220194,1.7678748473367312,1
2.3575985270917426,5.746276273654135,1.193502125701822,3.43438583831654,1.7260338538864668,4.344762317335912,2
1.175003626931101,3.9591274632779165,2.664989864169265,2.335032756917761,1.8513538214384242,2.1156581237914036,0
2.4041922431351277,4.886584241669469,2.0652467158239998,2.826431565458912,1.3936057912731057,3.6678063339618445,4
2.922078978150062,5.918540640766766,1.8780822806474424,3.8041975167821898,2.208711479899286,4.578344681006595,2
2.096389820669888,5.745792387428971,0.9844789312524301,3.615025162213141,1.8884262056165435,4.106509899599284,2
1.5701157044060077,4.183080806259171,3.001885613290342,2.601994220003678,2.3127962402724442,2.4566839160416927,0
3.325433023685115,2.1728142826909362,4.567126873779658,1.5301061652689152,2.7340335155357476,2.214830642108428,3
4.08028509331317,1.6049999692677992,5.547985647617836,2.103323140410423,3.6901555142684237,2.466695223676452,1
1.5300298107276025,3.8107861254062403,2.509235077643937,1.918260700167575,1.2363999697481827,2.3435418640403882,4
4.687386443168433,1.2109466812433622,6.405554377376894,2.950611456034148,4.626822411491673,2.5339033581020907,1
2.4230671602744573,2.905075555380406,3.565681392513633,1.0191587480388549,1.746469097878936,2.201943477170556,3
3.3320491685826017,2.3451124464479247,4.664125989815101,1.6196629034711434,2.8872172175803836,2.319507656148315,3
1.3192374573529049,4.017941523984527,2.7606040598715125,2.4178874991780304,1.9787740125312645,2.1948858180105826,0
1.5450840329055118,3.8840754861832467,2.6512627976591148,1.973554889345972,1.4721341986675596,2.418627544164257,4
3.3505455989647914,2.959171660373967,4.951288601558025,2.4060881163058827,3.533212181435036,2.55720908102852,3
2.171269591671964,4.842455060896083,1.964178909234179,2.669849310766472,1.2567327218016426,3.5922141854245715,4
5.511487874718507,1.8997851903869345,7.399059343792698,4.016525616685462,5.6999967581286946,3.1565728966604345,1
4.632976566578854,1.737559797922708,6.491503948491069,3.30489150638439,4.863697038425952,2.410322815085091,1
1.9558722682155598,5.73781844643695,0.9407080845173628,3.5556964955911323,1.885138791832985,4.0831128235078635,2
3.74251984187213,1.3270040018037665,5.419478494402182,2.1036291316243103,3.6690910085459167,1.799837707492852,1
3.599277369519338,2.754593238074137,4.892516902543513,2.133264015599445,3.2361879082228073,2.731071915469727,3
2.097114933174047,3.833656035160316,2.638149497248867,1.754201194194765,1.0055051449386763,2.7830957816524835,4
1.4831232296972865,4.207911240969179,3.0223349692433894,2.580862230025842,2.362646720257268,2.5080073401957304,0
1.7514186986551243,4.306008890323365,3.164625458217514,2.741461561599593,2.5367580372153826,2.6789742146263653,0
3.995556472768527,1.3208133673451776,5.457706815768256,1.9199300389667624,3.5718905138343287,2.310553291295527,1
3.93971492366725,2.2720374886958647,5.732614000037522,2.555690853456227,4.137563469690419,2.508239333537238,1
1.7012319993505889,4.119998931342976,2.886865792952252,2.627705645834934,2.159898551227342,2.4074203802969047,0
3.1229488749619128,6.9056623198105305,1.931617357808493,4.735843640001834,3.192330928773392,5.28737176566549,2
2.0963638501250803,2.869110108134786,3.472436394971553,1.4253564975948505,1.8600048711175383,1.6344014957873592,3
2.7579938842593648,2.4201412379105127,4.604214241550974,2.1161754981533263,3.1759224587028276,1.220226474973584,5
2.557651392882633,2.295196029788457,4.539175715528732,1.8872200868712108,3.092257832494675,0.9351156623298128,5
1.488919416465778,5.027601400756616,2.1864866926770556,3.181620288588683,2.2108008300940285,3.2399519848267615,0
1.3846367146118796,4.827271181974305,1.7732112397621866,2.6887983055155105,1.4874251523366555,3.2557564380327304,0
2.746399095231673,2.2619590135803236,4.521401045899265,2.0492035585386734,3.044850641932496,0.9668169544209267,5
1.674670453513252,4.052827982309279,2.882274029476168,2.1455800085413177,1.8990043093790723,2.665097918105173,0
2.2836065003726764,5.817451538496547,1.3407703341001718,3.727320287325867,2.0953701732889796,4.206968645445894,2
2.049290829526866,2.897304872946789,3.484364735727454,1.396756484737795,1.908062207906404,1.658065580466405,3
1.9962783919058216,3.1099020105746487,3.6031232524624217,2.065658353030629,2.3653861556132165,1.426727368241121,5
2.517480550661784,4.1779485312585525,3.1469197037643997,2.2958853638058483,1.9794363871671339,3.210035446662559,4
4.05681974258239,2.7588367342371236,5.9156682274826355,3.1634480053695504,4.501839555685717,2.5947160340878153,5
2.901780754587399,3.253736947461258,3.8263896170661202,1.859136388457259,2.2632736382049945,2.680245253912905,3
1.671835614410489,4.278283570216281,3.105124983347649,2.6934291433936175,2.482835390345397,2.617955718081456,0
3.207165476312402,6.86477010600117,1.7351916170606239,4.755937609613881,3.0728864203008603,5.2394672236976,2
3.2669088908774846,2.8361287861639344,4.826382278938517,2.6938161198376234,3.4920658318260167,2.0150316268202646,5
3.9180024197309065,1.2352027186786887,5.438808680035859,1.788530578760294,3.547769591841499,2.257979940226259,1
3.604340161584043,1.8074993493051679,5.5173378888860585,2.5045038756272398,3.9676965348964104,1.5891930730812138,5
2.9056119442054076,3.227557105076793,3.8366528734528766,1.8515180992726608,2.2235524800643143,2.626719042740716,3
2.4528284517493533,2.878806638043558,3.5403591212734873,1.0419978349300902,1.6961210159492448,2.203132924745101,3
1.900811071479227,4.751545928436475,1.7013056021701793,2.4691470778161944,0.8495896461378908,3.4632370993068275,4
4.019571753379528,1.8903639099443343,5.597303399262721,2.5418615590208375,3.909794584240513,2.2379983536701746,1
2.4677443431896813,5.018582298074028,2.3547400768554816,2.934186256296637,1.8391391200784244,3.8364123594913124,4
3.6001033685208115,6.946412753785812,2.1862401804088,4.768813055573093,3.1529246085908635,5.523237226377248,2
1.411728712256195,4.955005231369079,1.9980021529000802,3.1226961797244317,2.0116178969333136,3.116739358816762,0
2.866620020114546,3.2484520529394856,3.8327026606779113,1.8200380837033476,2.2606929176645045,2.6762216818247873,3
2.9779515133363,7.007260879567832,2.165966617547502,4.933306060888334,3.512889729021378,5.211196921954554,2
2.014117215859775,5.948857406589187,1.7017676748633772,3.956139232341472,2.59581468007581,4.113721708499138,2
3.4845199599272516,2.428040693681851,4.706102817433624,1.8597720156422735,2.942181060943031,2.423837873460116,3
2.1798444926291296,4.071040565427691,2.972638709835152,1.9772929882795864,1.7540349009025975,3.0636396874949523,4
2.863746005231352,5.932755711191514,1.8691855077996617,3.780983537306694,2.2496513434501275,4.594933937434796,2
2.5702158189929283,2.9474163227029977,3.596858791742238,1.2708882972700908,1.8028712707272534,2.2803888300242026,3
2.5319617843480624,5.744389407125035,1.172492309461603,3.517329154441255,1.687372206368322,4.359509417351938,2
2.1273372241165807,5.939975043732334,1.698468394429391,3.991972789574481,2.5677157640357393,4.111011317488912,2
2.707907013513973,1.7950505565806116,4.357351952034945,1.1769129527548896,2.592969811957031,1.0728514151435247,5
3.5903311856434716,2.609999902129884,4.7804322348286705,2.0641219044214973,3.0913802999862523,2.6353256539933216,3
0.9612576462926323,4.021837427416751,2.764246584269847,2.302236667399681,2.0092207704859812,2.172338148099796,0
3.2488314125098356,2.3937804700165413,4.684656865217097,1.5217858053190114,2.9460748458503176,2.3785700380554182,3
1.8443261711970032,5.90190725422472,1.5649336352651135,3.876580241242016,2.4930596768559665,4.0431010788128745,2
2.1889702943775453,3.882654897685564,2.6937631050989403,1.8610830479668556,1.1733649364521364,2.851299209110732,4
1.0835262200146376,4.029800078543835,2.7842224412884042,2.342990620957532,2.0241967455683394,2.1999452311775927,0
2.4532200697617106,2.8788366671895194,3.546264385137251,1.0440346805816938,1.6948273498826947,2.186779441777716,3
1.968980336525752,3.838299554533674,2.6592999562713726,1.6527251146309578,1.0631572903318685,2.769389561778157,4
5.037491595236955,1.6570356871360392,6.539022958328596,3.0625914782925787,4.684824593774196,3.1504184018536097,1
2.215753108230385,3.0344217929203405,3.6147202842302684,1.6382825329781254,2.127893791078961,1.9086921071181162,3
2.664683380492129,2.481676610782945,4.636373394838454,2.055816154159901,3.2393493317436346,1.3327743555661857,5
1.5262023962205076,4.040889573442532,2.7895757738760802,2.511172870348963,2.0134351035652074,2.258728299014269,0
3.578015978199497,0.7837476025768254,5.318501067219321,1.798622363746412,3.5138013523210487,1.428174499040767,1
4.648656619180474,1.1415374146100536,6.404077651787837,2.9006073940455455,4.612789335762234,2.4886674340774166,1
1.779163888631802,2.885913795321112,3.4904514486534453,1.1035825080435575,1.931525915517175,1.5975041525386724,3
2.704257420956412,2.0250001169010874,4.453593949889246,1.285927986371715,2.7730813960308627,1.387066639984545,3
1.477450990844894,2.9699720471360425,3.489125467829932,1.6637677787877225,2.2039277230511627,1.012143730054687,5
2.7831331426855987,2.43105442475979,4.61003270828723,2.1400508638038374,3.188849464877691,1.2875523015894303,5
2.9245094529166344,6.756048878238037,1.3089893251872453,4.57884359193294,2.833340831147108,5.086059532927804,2
2.1698249051620087,3.9055385787011287,2.7299906900368103,1.8596323989520356,1.2686344529315752,2.8877839158134315,4
2.241383764152732,4.97473903190963,2.263678318301355,2.7836405954693437,1.7311314350322229,3.756349328010758,4
1.7495909155307334,4.892646006140954,1.9442075300904862,2.8654210860650577,1.6700710345277932,3.3510292177873073,4
1.5597989055020003,4.96623254952644,2.023624357530399,3.175453709723797,2.033946137947132,3.1618640362367825,0
2.9929554803166476,2.6359800124524413,4.703077756765509,2.3951559828222138,3.33995096921651,1.6826126002884518,5
1.8025964530883791,3.9197766528056133,2.672708034505894,2.136938702468394,1.5392380307029958,2.526296747938123,4
2.287797681485356,4.038022646435122,2.9505970939370134,2.0375913092985027,1.6611325458303703,3.035777967019459,4
2.663727228522621,5.8983927535681655,1.8022174158021353,3.6606717915908407,2.192565790370933,4.538774094701098,2
1.7309357957163882,3.863129863825616,2.6065809303122727,2.0631635715032193,1.3832304538186981,2.427621925371071,4
3.0407740712587357,2.8763483970081416,4.867286600511455,2.520551094712355,3.556419735156606,1.9608745201647295,5
3.039115994043048,2.61601560465265,4.752279812570541,1.958853629780981,3.24405643712277,2.1155925538308935,3
1.358267468501381,4.938098000230607,1.9394371649589621,3.0966551463210212,1.9733995914535998,3.10721860224205,0
3.720542211645657,1.9296934456129804,5.572451952846136,2.64554457834097,4.0222332847305955,1.702743070161652,5
1.6819349987826604,3.9221232253350347,2.6751966525484514,2.0708871681148926,1.5546910710586195,2.486207247590576,4
2.049384356596372,3.103664325214881,3.6567918970191755,1.5283955032055514,2.2472773830908332,1.967859212073952,3
1.0264708626984411,3.956941125220182,2.655835477458758,2.2849851444934264,1.8555890582766985,2.0869242439792295,0
5.033380843699989,1.6643717462639627,6.5421223673171305,3.0595729865096017,4.687567885096569,3.144281518216366,1
2.4993524781765757,5.78117885181414,1.3335789628656478,3.519749818343173,1.8318994650179568,4.405082627848858,2
1.620936431376407,4.917788086286701,2.0219246898433445,2.8287307191935107,1.7595229922047577,3.3635861631124144,0
4.753906418246473,1.5554204311777868,6.484835363977463,3.07170225655881,4.7346064830639545,2.6983185384903448,1
4.938906486284651,1.3961207282718626,6.473043824520826,2.9062208238606733,4.603226304485321,3.022010742663271,1
1.857433744972422,3.942724026185881,2.7297514750822067,2.1823447157601867,1.6019294428379218,2.5503318452614763,4
3.5507366966369562,1.8417882891307682,5.54213778581897,2.4594665338699593,3.995082704166006,1.5869363628113922,5
1.9301024898949892,5.748606106492532,1.0007332723036597,3.551554347289267,1.9259606280874337,4.106443024018879,2
1.7678392866325143,5.685920583188564,0.570720915379525,3.461257622071334,1.7236419927423332,4.01021938480172,2
1.7751492265989706,2.7543551375429183,3.3678565834095098,0.9867099671998141,1.6984913571480103,1.4127600628131876,3
3.6818531464115196,2.0194929559141648,5.5941877750705435,2.629426365973466,4.073196075007863,1.789179634235689,5
3.665492934866075,2.0449326965560957,5.607046111535657,2.6189583738341167,4.093429639551331,1.847789018710865,5
2.126039433469311,5.15784692469024,2.48427907414044,3.4817474835119944,2.466468363306284,3.432152693357615,0
3.4387650962708336,2.392254601844057,4.669814561921321,1.7847028503495772,2.912740246769699,2.4260285163064066,3
2.086880747886815,5.793070588608951,1.2321309064328898,3.6335810273425273,2.054453357664998,4.1706431386453895,2
3.8732155752438366,1.246668550359885,5.446258292078793,1.7229121756132046,3.559804818292957,2.244580249212757,1
3.920193182472533,1.670031951441299,5.5288602423339235,2.382444203488131,3.8079415205909517,2.0586921198254617,1
4.915065007809845,1.2625303969735315,6.4563822860191475,2.8590356346825163,4.5656253191798815,2.9558354154048296,1
2.623633175419166,1.7667734646423299,4.3421313417298695,1.0233730103745453,2.579881446132271,1.0207562546195048,5
3.953496108842799,1.312076195744255,5.459377192596247,1.85755036168267,3.5755498487252737,2.308776842545243,1
1.0871406607120437,4.755533735758897,1.5828596630788818,2.551729714899905,1.2379121246440052,3.139349729564129,0
1.9196117701280258,5.963416728015686,1.7592147119427137,3.9305914210625827,2.645123836717914,4.140192711359085,2
2.909043103011513,2.486680509890479,4.644978944438522,2.2731267340913797,3.2195251075778253,1.4049966786070516,5
2.5676021867226946,5.771215671622029,1.2857218217535962,3.548083222919148,1.7833025377218323,4.394285613655763,2
1.7786368495913578,3.9008837844964845,2.642144652849965,2.112956245113138,1.4821212966345214,2.4886352113728205,4
5.631223110636477,1.8062345924532297,7.398388018072457,3.85650338457302,5.607090084161125,3.4256832941871505,1
1.8568257476051508,4.9142552603172165,2.0096321864097466,2.924925248213824,1.7163438350999265,3.378601476589385,4
1.5192781344381783,2.939248111372601,3.4651229723693677,1.6726765123803153,2.153195971161827,0.9270314919823845,5
3.034856119534395,5.983930066464498,2.046964513160889,3.8955121097640353,2.3767320189153356,4.656965845615034,2
5.695860743305964,1.9953462171471086,7.447465699412727,3.950014032095922,5.67045828087413,3.532860959237432,1
4.794339670650129,2.2041684542378506,6.628329744969951,3.5402987076223202,5.055790418077924,2.7725664019027425,1
2.769411211078552,6.891187688617331,1.7565338638636947,4.797315140365707,3.2645951562891447,5.05759911262697,2
1.131607377622046,4.954907446505126,2.0277515640268082,3.042938842871173,2.0418896548318752,3.0960058951558707,0
2.715252384961539,1.8504936334534223,4.3693917720405,1.2161154904805234,2.6300002835233647,1.167990825345994,5
3.805511930760367,1.9619462418185534,5.579367432295869,2.7340236640274784,4.029453750619211,1.7669172600353835,5
2.5848726711581245,5.922613448074979,1.7351060740239452,3.909334377064857,2.3683129042078033,4.365294713084152,2
2.075759392699357,4.001206225637128,2.884363467108664,1.8516490563131411,1.5829726859677222,2.964978016129562,4
1.5001406716763561,4.8623737282043065,1.8795871583064663,2.750155458904,1.6034085082875627,3.3107556732238055,0
2.9456113809570708,2.047638606652931,4.468548016629668,1.6161225851308334,2.76529981155491,1.4617109801701818,5
3.2649686926703727,2.4561646830762975,4.714313102234083,1.575572886477169,2.9995025075528967,2.4153706734106954,3
2.6275596998797135,2.2724692611579935,4.53197053997867,1.9428720315906152,3.0687076918672243,0.9115938999397685,5
3.2020096551521853,2.2738383572580156,4.614510427040875,1.3884658178309794,2.8426227296720454,2.2596900185472606,3
4.588614728735556,1.6278683217748229,6.4664332509804705,3.2434107008059514,4.8299135150607375,2.356942635307351,1
1.2715424190955,3.996328227579614,2.7174149351903183,2.3897062503902875,1.925947293066128,2.153180801970534,0
1.8342254986005337,5.673146274065185,0.3911492354045649,3.4780614348026107,1.666767508783734,4.000818253337097,2
2.467926961897505,2.1749107054067593,4.479291700267985,1.7551431883088702,3.004172579416988,0.6289684251950741,5
1.7724663470502067,5.903354006588568,1.5338971820190759,3.8539988895594064,2.5007222551275246,4.052960287169867,2
1.800484873390115,2.8431391499178886,3.457397639802212,1.0932735952347457,1.8549749443613237,1.5257974289488818,3
1.060512113195065,3.9567853826502177,2.655489221101327,2.296616042238468,1.847713888072619,2.0776722720026126,0
1.5576657554087754,3.904818013833743,2.685299904600317,1.992933672667541,1.5328625583483455,2.4447624040308646,4
3.5875557057532417,1.6007567513253782,5.4578321120892035,2.4429307789290315,3.869553541796773,1.3550047667242378,5
3.95399309977833,1.3948634101944828,5.486625725507532,1.8769557536125774,3.612803319551734,2.341480080348731,1
3.0544068580993993,3.3457854034333594,3.9202838428370756,2.067095732209,2.3909458571138527,2.8124931788985266,3
3.9820442277234664,2.339842865012076,5.726139011523529,2.9881763433898128,4.230290201438614,2.157911342181157,5
1.7761047980109441,5.872225431799774,1.428949711970082,3.8397240619803403,2.4215675424905565,4.016101604632662,2
5.037491595236955,1.6570356871360392,6.539022958328596,3.0625914782925787,4.684824593774196,3.1504184018536097,1
1.5146212248003188,4.843773901352019,1.8352356849751779,2.7461349803108073,1.529831215212201,3.262541135958795,0
1.5742227700844968,3.810127832530459,2.5336211110133355,1.9420067929916376,1.238131566551428,2.3325953166500932,4
3.5600607302641913,1.6385338860730634,5.472213197621115,2.4227463116334533,3.8929607108975555,1.4149083044362174,5
3.8735997424100788,1.5073398951117272,5.477861688762905,2.2951653981432876,3.734640288171096,1.9490559310553563,1
2.83026641037818,3.14667307528954,3.747600496229763,1.7194251791671529,2.106617502818276,2.5700185364812715,3
1.3044805722616228,4.89935670274123,1.8530997085145402,3.0614857819894787,1.86855256236276,3.052316916044827,0
1.6359831918379717,5.008358839164013,2.105624947718025,3.2215386660639904,2.138547298592068,3.221212954768765,0
2.9630093167436007,6.916846269016713,1.8640321610209272,4.886600002956741,3.3082961641692865,5.095429502644774,2
3.7048250389314274,1.0986596998270746,5.37180704938804,2.013002346029806,3.5923681342450062,1.65764739563889,1
3.0402485758501503,2.274677644329614,4.5606229518802905,1.8180537800763499,2.9441621501147908,1.7971489129116116,5
2.825437434727811,3.1279328007065814,3.7543557366415037,1.7056226157471976,2.0754430981126095,2.510445940516268,3
1.2902729293020005,4.765412050921165,1.6138333362877715,2.621794056605129,1.2551651867750317,3.168532406058508,4
1.9365387394263722,2.8532344332443964,3.4540647932062774,1.2500480863526096,1.8496121240891032,1.5608952823909428,3
2.4597934432696418,3.051682559461658,3.6769222860128816,1.1964255445177854,2.0038539303315455,2.3891987467091385,3
1.9673028250452382,4.922212961362665,2.0259523763243954,2.9775922228554697,1.7311035503080838,3.415154768482326,4
2.2066992024232004,3.278953330766285,3.742485484327121,2.2834246850939945,2.5847185976139535,1.7461833031642924,5
4.222055381354499,1.8371896415147628,5.5995626852944484,2.3392711407182354,3.7890886495211538,2.6523782890784786,1
2.063709625433035,4.838124114100361,1.9416493773581434,2.608542058263454,1.2542534958626383,3.57895004383844,4
5.959370364945956,2.392725416760926,7.5888095779341125,4.0229435626637375,5.767773454853242,4.030956742123877,1
2.7355974879871643,2.4983968063319244,4.637360385223625,2.123900790875333,3.2467334295911265,1.4100475172047584,5
2.4543824445674653,5.094670241820946,2.518676510122819,2.9689123290953696,2.0572885160218948,3.911310206170967,4
2.7911432209983937,1.9154674316310605,4.403232771521235,1.3584605326061536,2.6720599958870266,1.2652318127863562,5
1.6596458189570071,4.163796398190446,2.9836380393340214,2.630901505171122,2.2654586126541196,2.4381989139020877,0
2.946311069313056,3.253311560345748,3.8598388133094867,1.9065517078312129,2.265526500917809,2.6582941818103274,3
2.7388462639796107,2.243914724515211,4.508627407181737,2.0352713389897636,3.0314968526790715,0.9558113402386902,5
3.987806836657886,1.7744934221386461,5.557093438588458,2.480262258130812,3.8528029504389223,2.162223527611434,1
3.757998294012231,1.2468357700214756,5.402642333089408,2.1069560135380856,3.6362501057868424,1.7501365032495861,1
4.913069594460974,1.4898431481874794,6.497732842586524,2.8904488018863916,4.641348719416866,3.0518466197413114,1
1.5720640850983123,4.012407134075261,2.8304780693863565,2.065390363391883,1.8200702092962304,2.612985810520531,0
4.726323646124523,1.9866275316501774,6.573692928468497,3.437771710877285,4.959979326146988,2.581395289628177,1
2.3044749304594188,2.836112151118816,3.5046319680201,0.725256840112854,1.6385387097914175,2.1266990625220754,3
3.459553693389616,6.836874237340551,1.8079039608739222,4.6454546069239395,2.8975071519594375,5.4050822723362355,2
3.1117711285945955,6.857827848910186,1.7053723233470068,4.709486813863991,3.065882408659507,5.22630233434684,2
4.112033402059288,2.5417030202106967,5.8385576380939215,2.8083248568320953,4.290995338545951,2.7830330338128895,1
3.9129754131496033,1.65144049519982,5.520734406920199,2.371908824190206,3.7953085177769093,2.0373455009732657,1
2.9411844174744664,2.123027178529718,4.506393270559906,1.6432041454454582,2.825534397827525,1.5363521098246418,5
3.1824264195917698,1.9551227630341037,4.4665526590090625,1.191791694594963,2.564176103328145,1.9846642737269449,3
1.4214501713424257,4.0442456068909864,2.788338454778966,2.4699102070442907,2.031365565150054,2.266691644240515,0
1.196265877908368,4.769008396597033,1.6291964467547275,2.5922093822674044,1.2879049074731383,3.1599361433082267,0
3.0230464628788347,2.18724858831018,4.538549890155901,1.7663975161051073,2.871646090246162,1.6509747305433788,5
1.8073372997452457,4.146661718501644,2.9219459527081106,2.6877039455774123,2.210174932254075,2.4705349961748753,0
1.5608367437848036,3.7976053884117302,2.5036171846174033,1.92639437525779,1.1945631154076715,2.3244535869678655,4
2.226433397520467,5.797426640728067,1.2743772628240508,3.6934733604262426,2.043901015909825,4.177257947253944,2
3.633893718075191,1.6950262321046403,5.480826149602042,2.5087559488299918,3.9084285373590277,1.4891865857598274,5
3.2029181367658532,2.1932413693808233,4.590576762072188,1.350171806868474,2.7733871499743885,2.188370820605642,3
2.9576140439363092,2.1963634398410252,4.532359634705653,1.6935597956301727,2.88176240422728,1.633351522914722,5
2.370015834865511,3.3946892829061386,3.8525592828974555,2.443204897473652,2.7324926913751306,1.9366977685516296,5
3.5816479594123622,1.5424871725183487,5.440431256093283,2.424064274978833,3.846108298807043,1.3224415576017263,5
2.7845261598241904,1.8960424967609228,4.393477480027471,1.3383295339764878,2.659902284869613,1.226645723693293,5
1.4026409448968082,4.991644156685056,2.113756836963865,3.137792783952232,2.1187458799512067,3.1567325770799717,0
2.3176374739222765,5.807719492120516,1.3012188241317708,3.7358229651298833,2.066120698583763,4.19166978046616,2
4.821339833740573,1.7919944717103864,6.555139803277442,3.1839645247897734,4.818890575244048,2.840169385159022,1
4.625288527883866,1.6948822614405539,6.490947496451613,3.289612588696449,4.852882656137999,2.3850294893845208,1
2.5542862641853032,2.901835385583863,3.5531619466184963,1.2140960451096698,1.720046940209268,2.2410963236763197,3
1.4681603632477942,5.063623890383013,2.2627240973259015,3.192848755825747,2.301795232958507,3.280323825487275,0
1.733906281153745,3.167061165693074,3.661690287015694,1.9260489273831132,2.476274921148482,1.480015393094415,5
2.726211732173577,6.807023274428543,1.3795128136949864,4.742108636634431,3.0632509909738745,4.947739583490462,2
1.6443588319560358,4.908010758145565,1.9907434752326922,2.832253463771375,1.7260689460795673,3.353441938554709,0
1.4943352317058496,4.779110988374054,1.6688260063109641,2.7032583002779527,1.2834056186916554,3.184581862731212,4
4.237218472656187,2.323128961010904,5.796953812115365,2.49145396133215,4.076676425382167,2.937384757373449,1
4.129367062863667,2.00727750267861,5.673989669198665,2.2690132740573423,3.9014885489441866,2.721948673466124,1
2.3521782705592638,5.827521922345142,1.4196058112550527,3.760480081989132,2.1266848287092395,4.218214750647727,2
2.0176668538081435,2.8721892920335144,3.464556866931742,1.347745855339054,1.8701141861439887,1.6118876781955491,3
3.275445555239227,3.196877846309411,5.0547350608332255,2.8246528984882926,3.827643297768097,2.42190405850925,5
2.3350100393072926,3.2254216629193326,3.7528170930719575,1.855261730817571,2.393811310569936,2.1675983112061736,3
4.636468843833288,0.8428516934564538,6.349438334568303,2.8538927106994914,4.541009161283567,2.3918267790942878,1
3.8255831635785564,1.9728478260081428,5.581601068640046,2.754464389768139,4.036156883603884,1.8229091792398289,5
1.596957939866552,4.157107584282252,2.9346701131521367,2.6009896050072805,2.247212678424041,2.4559496227729616,0
1.9422430096886498,3.25962544948914,3.7468387245552113,2.102331554911884,2.5922688993697136,1.6763938947718073,5
1.8682863107996526,3.243445851086298,3.732111524328948,2.0494315824229465,2.5704217730841115,1.6008381440414312,5
1.2348759242965206,3.7300497160133577,2.406372320801279,1.7120903376874081,0.9781142391569786,2.1873617445584213,4
4.662856456834821,1.1122311944153458,6.390134271055832,2.9121942675153427,4.601071108148486,2.4806582370645436,1
3.6740099546996174,1.9787989895610376,5.5922826605683555,2.611752333337588,4.0568254033780775,1.7701820805292319,5
3.675929155127763,1.8337229772355113,5.52335287359241,2.579958361879138,3.9740894422373776,1.6528759498162136,5
2.6699132751268935,3.0005634477078496,3.6307671394691887,1.4402384063486247,1.878135876588901,2.380478730332937,3
6.015560660543765,2.331654071855401,7.568687054610845,4.068327016100458,5.732775940472403,4.009881669123193,1
1.0255119876363845,3.7084127910369182,2.361442483335701,1.597375856844476,0.9159597971730596,2.1457123976714767,4
4.144368393169878,2.1935678562060184,5.706609792895078,2.7496855853022035,4.062854889624699,2.4707327735078612,1
1.4510418995387369,4.070098990166566,2.832565151519016,2.4956814688961746,2.0837159688959392,2.2852004385144076,0
2.8398743115637695,6.734771338770708,1.1695899069487687,4.531889916182118,2.7869086998890027,5.061893117002432,2
1.89362893626405,3.1400028881021456,3.642613192338864,2.0155501257564294,2.416360927273148,1.4215182308896017,5
2.976418038555779,6.041326413280509,2.252472372979136,3.8924781218638596,2.5524747972224393,4.720799381047645,2
1.9915958494527368,4.029975323143533,2.845260178249525,2.3083555574537473,1.8135071377260785,2.6614373028668394,4
2.2436201378634926,3.285746450998619,3.759097600280615,2.3100584293150637,2.596754537420937,1.7684991715792566,5
2.3350800737521205,4.913919412841271,2.0907437584476254,2.800763219584914,1.5052260574888257,3.7024104772222124,4
2.15491812261816,3.200768069790309,3.7423827293749614,1.6843406555932194,2.3816526350203078,2.104024845406424,3
2.169399905932209,5.182949791884475,2.5327415138557257,3.510742108063727,2.5255695031249763,3.489221988268445,0
1.3219201811407995,3.739333838814204,2.414164587859035,1.7622267380638843,0.9990974660065091,2.1998901270292754,4
1.9122946804400405,5.708335158444536,0.7218185191982521,3.5245863206338286,1.7847782833907329,4.045744630621989,2
3.296587970835984,2.3214953730327084,4.635844782689949,1.5570410883760446,2.8686831198414167,2.3339393057619375,3
2.2391931383231647,3.98695454834158,2.863177727286571,1.969294588994501,1.5093510869305526,2.954517724450133,4
2.176155838936836,4.00608676509665,2.8935087319567376,1.9308186235570297,1.5884880311772542,2.997595987230893,4
2.634110553637282,2.3052403545393862,4.540581432919384,1.9596269391565584,3.09680823224668,1.042880136077234,5
2.9136049837609033,5.9228191856748404,1.8735875890820446,3.8021951466330752,2.217207341661651,4.579288070739477,2
2.1286725205098547,3.159599580412898,3.714810722978207,1.6338382020017364,2.3309576677836494,2.0578432388804986,3
2.1506184856571386,5.761148327338887,1.075601977351608,3.644414519246876,1.9337618182801912,4.129819029986145,2
4.860105531756325,1.489528799435234,6.506477339299522,2.82950588001735,4.648375548823976,3.031856215829875,1
1.7928411646301567,3.0439365227769493,3.557849092922039,1.902016967615916,2.285851299495225,1.2169501579339495,5
1.1846639735373539,4.894705974946143,1.8349395043059211,3.0258758204670406,1.8615574929423175,3.0366818721410826,0
3.607725536175382,0.9957442614176615,5.35642803968517,1.8719889874124507,3.5685261480260193,1.5340776002969718,1
5.589372967829681,2.271374154864898,7.5107892802353735,4.149234019930906,5.84294311605997,3.3789244925209347,1
1.7096861023735486,4.941805689061335,2.1034379387683955,2.8772503420231947,1.8310138267942804,3.409670690824825,0
2.012378933142688,3.3015490464349826,3.7871165700774467,2.1672253078721795,2.6455555695428554,1.7535979757291793,5
1.4629004908438397,4.7462767496992875,1.5510999657037448,2.671280287385347,1.1522712044844472,3.1513550885426915,4
2.6080828055189857,2.165127081074443,4.47499086015069,1.885931050487956,2.9803681122036147,0.6659661570716594,5
1.5501613462401342,2.9890329361591164,3.504514185734657,1.7195620600694077,2.2247513908130556,1.0742763158557738,5
3.2421584412922444,2.240574741388319,4.59952989254361,1.4339312548204424,2.808403983948711,2.2365087784206223,3
2.3276219040817234,3.021251120065427,3.6043451952778867,1.7356278778327134,2.087392327080887,1.8987511028652662,3
1.514598668430116,3.837531114007053,2.5477107718252667,1.927452358419625,1.322468867131292,2.3686460199456585,4
4.365844252103444,2.1847103949538234,5.740289340835488,2.602268366851499,3.9704505039885767,2.866968485342772,1
3.259959059299921,2.1876669537504325,4.56670972372515,1.4359930467296362,2.756620380314087,2.214497535154296,3
2.6516637001600696,5.79020322649189,1.3665891302010658,3.5997585944069748,1.8369726765338716,4.42604354761856,2
3.4961549591233836,1.497256804331102,5.427926582136066,2.3281865541812885,3.8348677950022796,1.244366229994697,5
1.9745768781637494,4.956826220338892,2.13448178197646,2.998218406700655,1.8448205321733742,3.432027831191691,4
3.591470737104633,1.6050412098510047,5.460383648154962,2.4464298790735977,3.874561326562758,1.3787633267560822,5
1.5476899163601883,4.835274058123255,1.8025386311593943,2.7539056743309285,1.4967942582042957,3.2803564666717975,4
3.350795379661875,2.335856531395516,4.645933872006119,1.6418528595267623,2.87155774764132,2.3246602629498088,3
2.6969061839441566,1.793261692468454,4.3525972855460555,1.1595656230582738,2.590599023250666,1.084912289736743,5
2.7780424016030563,1.9947716828248916,4.449703972622534,1.3736879304968361,2.7457964157290506,1.3640352540922867,5
2.2333544830029566,3.272709229837423,3.763690002623683,2.2995557080375657,2.577206597329648,1.7189941213722302,5
1.3315421618020882,3.760678904974135,2.4484874151680645,1.7809477510150822,1.0893088820429253,2.2503265157927,4
6.017031262487094,2.306078100583224,7.575494458553287,4.065840639034817,5.723968948852837,3.999254876695704,1
2.7890729117605653,2.29200514620767,4.537789906214639,2.0977601264617873,3.067653438535346,1.0486731207357545,5
2.340210692061864,3.3249778307017968,3.79714899702044,2.392470226394231,2.6425277762021846,1.8684581830897806,5
5.640203012944495,1.725593019060084,7.378481831233185,3.853174273126022,5.578887965729099,3.3968433371026574,1
2.624592900716005,2.2063569225608024,4.485721238308899,1.9149511515033433,3.012820449437285,0.8167851105790498,5
4.673200050685529,1.2979718054890663,6.423247303077859,2.946528023531275,4.655932692966503,2.56931547817655,1
3.609356177178662,1.2737632271934647,5.4117955914947125,1.9247175321531653,3.6688829657044852,1.7296727886008207,1
1.5464312720874605,4.120441430641122,2.889198764573589,2.5599948964662778,2.182544412611103,2.408840849364147,0
2.6946993934076464,4.153103306503741,3.0642650884455307,2.4148899913603654,1.8806375205877108,3.230352937291661,4
1.7483930268480492,4.844647674867196,1.8438891747766284,2.8394673466702396,1.5083496887333998,3.2837911957141395,4
3.312265067286203,2.354346405557123,4.668804751532336,1.5948769913440972,2.900228577575048,2.322998295776377,3
4.895224197217009,1.3456763027206555,6.476319013129479,2.8485968284641707,4.593789529907023,2.978932601264935,1
2.4440283051125373,3.2170560639206496,3.7827122169090734,1.9438749926999148,2.3815794070062304,2.1494702873436657,3
1.587547886543162,3.8560873581999533,2.581280854875665,1.9777489095373888,1.3767576302304498,2.3880472920717826,4
3.661500739194377,1.8359721535712887,5.530322141566974,2.5664576867917672,3.9787460599234628,1.654227988786765,5
2.7618227492968703,3.229649959246719,3.8358716043708827,1.6922297126390802,2.2557165054522748,2.605639779453429,3
3.0023678456877976,2.5676400492365747,4.682057188180117,2.3824572971831257,3.276738109254834,1.5562598648026897,5
4.043458457079496,1.3611276239361385,5.471070155466009,1.9971532768769424,3.5810130186143456,2.3336454172159846,1
1.1901843579748486,4.711218931744903,1.4672421843377559,2.557281387616109,1.023486328889898,3.0851790841062714,4
2.225733094149606,4.1546324409028275,3.0199085896646345,2.518129254477803,2.064415640541898,2.8304142325153485,4
4.003022244401338,1.459752260091201,5.494171453902182,1.9610777586322292,3.6330102151389183,2.388800880759978,1
2.008661915764715,3.8048268395879963,2.597667575741745,1.6610873441090008,0.8978100639246706,2.728445663481684,4
2.1243587690529027,4.120974388418658,2.960706423539349,2.43923245686407,1.9983290833441587,2.7847404654761423,4
3.964972889569154,1.570136071421347,5.527613213131777,1.9354391596702119,3.6890690645207345,2.431794553598147,1
2.759397917438783,2.3518066511441584,4.571333037704923,2.0918860428318595,3.1223274149034794,1.1628452911272231,5
1.4557667724272498,3.790882577694995,2.502461353233378,1.866609648473535,1.18022944390747,2.2864265886994546,4
2.0764104483228727,4.304033957655985,3.2295613767919242,2.5074101248562757,2.4114987011313884,3.019938534731168,0
2.2515025706153966,3.2932696850261944,3.7840512886673277,2.320699652526671,2.6058649006156998,1.7597766248939033,5
2.0009132324923984,5.862915798739371,1.3927240191486747,3.9108977672618583,2.370832430289231,4.012243944771018,2
2.8464793350527997,5.884530082277494,1.7188648402831468,3.7463979049849083,2.118769625606188,4.552209237875275,2
2.0283373702574425,5.929888918266807,1.654600022711142,3.9512493842124816,2.553896463963463,4.104380415321091,2
4.059222211563033,1.7331558525326274,5.586362039389925,2.1063850493141603,3.7589954282026716,2.5267963437449414,1
2.696382222893408,2.364215139323827,4.565270908862396,2.0393843872293274,3.1346720555863135,1.130361509386342,5
4.141175008209758,1.7744845821801978,5.578614109459389,2.223365239485193,3.763826767827797,2.599208352175107,1
3.0821813788766645,2.9110028656208566,4.88181924200664,2.5667251436067335,3.583891584849772,2.049081878084077,5
2.073581765383933,4.782685014670352,1.7712422663805756,2.5802724360011946,0.9853101877079368,3.521355643520313,4
1.4187209929486209,5.086050505874003,2.3181901457156586,3.1896775680977707,2.3577337532624516,3.3071892531098945,0
2.244433089388465,5.955356451001995,1.74854436249792,4.0424591352396035,2.597216335209461,4.1459440876567015,2
5.8205034449930535,1.8376317386086003,7.444622828936061,3.7846251267905013,5.556379604587105,3.742242412928354,1
1.7563633172998732,5.214349323073812,2.592280568203037,3.3647490337334514,2.6316593968108637,3.494138122601551,0
1.9453394519078806,3.1153889551425804,3.601958797086951,2.035433799875764,2.375096079576106,1.4353133605646762,5
1.596957939866552,4.157107584282252,2.9346701131521367,2.6009896050072805,2.247212678424041,2.4559496227729616,0
3.695885754765197,1.7573826253853178,5.506343587553696,2.5819187100524554,3.9366707990057273,1.5709477778187915,5
2.9073585976763914,4.354072706032761,3.3595113382498627,2.681690012605037,2.306456024203696,3.437633492235025,4
1.4876584550334484,3.915006934886555,2.690400083085534,1.9628669495836004,1.5644010541446245,2.452734489476457,0
1.8699015494196498,2.9613899447792225,3.555002089415068,1.2586997131515842,2.0463542015006126,1.7293180313094103,3
3.345321205555199,6.790586571995674,1.571392238741605,4.566095649703562,2.7838774519710756,5.352472986381825,2
4.224911379396225,2.355397710221894,5.8026894248880545,2.4858179064534847,4.099050181333062,2.972763834879046,1
3.4691874026773952,2.7938011899725606,4.908166436463068,1.9961056869513554,3.2915704728267183,2.7488370318111732,3
1.661163784912815,5.004755612645227,2.1410141929274147,3.2290415304389577,2.132261090804996,3.196772044648997,0
2.862265753154866,2.743470652085135,4.785902492037856,2.3248726063579657,3.450488805672583,1.764897192361448,5
2.30965693238625,3.95123699524136,2.805398280703335,1.9997662148366702,1.3950718320528606,2.9375496101881544,4
1.3745930548665743,3.8821146004036526,2.6161423531302046,1.8826723873819449,1.481343074008424,2.4216645678417086,0
1.6338118679874294,4.070625736202656,2.912016065600964,2.133539585357854,1.9510796995666482,2.6880089462180528,0
2.9547467486394967,2.0838666045425875,4.483410277540734,1.64304366422431,2.792415975818486,1.5320717645567068,5
2.3889102705163903,5.731221471665102,1.1293918144613035,3.441242749933331,1.6651592222409017,4.329723468972279,2
2.6981636350411744,2.3019763807382243,4.539837309925262,2.0171510133044963,3.0877727114393436,1.0572736152784472,5
2.4152296393298096,4.151747923273927,3.106565347590577,2.204784364363184,1.9279839533858463,3.1772925399972274,4
3.3642551841189534,6.78584269588256,1.5555084817833318,4.5739686001325,2.765053234090432,5.34421834443687,2
1.4386257659398318,4.077822052049615,2.8276811516549474,2.494212368296952,2.1013085590593805,2.332619082849872,0
1.6750576930923549,2.6787774098539674,3.3123993561078464,0.7800273979539802,1.5713013696676503,1.238178663440075,3
1.8942025211331104,3.937920451772509,2.7032481007954976,2.2005381346827524,1.579800523302124,2.559694492669295,4
2.010261837934119,5.861874418848131,1.37282509737159,3.9136789627099047,2.3655204087883024,4.016560353929439,2
4.725693388883447,1.595075082584158,6.4923477519735355,3.0475332632179075,4.75442055387266,2.7349928058390063,1
2.1586079817499084,5.865253116618084,1.5176091658412507,3.698776006971992,2.2575651342186656,4.251571407961365,2
3.2705197287356476,2.2515909430907906,4.605294035517636,1.4859288283833039,2.809469081037731,2.263275603587215,3
4.654232607449154,1.1686440635342439,6.402014692118371,2.9103645384172054,4.617488292847034,2.5134352381902123,1
4.0479584176929935,1.6385631939512877,5.546755452522094,2.0682134573592315,3.7085317149696264,2.498565613905408,1
0.8605999008354451,4.91469861762738,1.9179546796951463,2.9603665644669186,1.946067818548818,3.034502441361878,0
3.1590314415662917,2.5348407763007086,4.716672870569953,2.051669326367068,3.161007339237267,2.032762397951457,5
1.2746281284318222,4.972513579108977,2.0670441875984675,3.0894996203506366,2.083374292199161,3.136988063334023,0
4.9489998770057175,1.5243051915377386,6.516891798003362,2.9383564635262562,4.650666182665028,3.056443367393362,1
4.636468843833288,0.8428516934564538,6.349438334568303,2.8538927106994914,4.541009161283567,2.3918267790942878,1
1.5970287553516496,4.971426977142601,2.065445327405196,3.190746140262396,2.0492543672612573,3.1567153374394783,0
3.2158025682410902,2.170218296865861,4.580722453161427,1.3595199331582253,2.7505857813630215,2.1557272528987275,3
2.911983506031461,2.0469731873412904,4.452852913322035,1.573518469301567,2.7642202677652308,1.4690854463986223,5
2.068648592872687,4.818202160592938,1.8660358362355647,2.5990849818287627,1.1591840521110037,3.5608788490619925,4
2.618529886247908,5.769938562402819,1.2807799501245423,3.5734203786051166,1.7657978588434906,4.396516057963264,2
2.1096899428818343,5.81571572995915,1.3597565743918612,3.6540817640134624,2.124291704050595,4.192506879686047,2
2.052837470818202,3.2361691636305423,3.708512475973318,2.161763806732906,2.543972632978398,1.6715521364217438,5
2.9210203750558006,6.089341941484945,2.3607744466482226,3.8876558047101586,2.6802728634341033,4.771831503323356,2
3.0369955474876145,2.930016338364105,4.897130787765667,2.5372188437832417,3.6040518786392464,2.022355671694694,5
2.2054592241906468,4.947285096213348,2.1793979627152487,2.74845503449139,1.6383307098977462,3.7182524205005887,4
4.092491773295301,1.6103097351843374,5.541973221435679,2.1212858070686202,3.6876014570589493,2.472120629781002,1
3.1235725095814004,2.7338201987560327,4.779934446216671,2.54245379121926,3.4105720371723134,1.7796319684893669,5
3.7978641743581685,1.4243694736444579,5.447772130678149,2.187667808384777,3.7080782627427618,1.872706141495206,1
2.500098493183101,4.188354407779992,3.11403872652096,2.2888274509399524,1.991237288890426,3.2289961153473286,4
4.893351322381717,1.3656909134955668,6.47100869341207,2.8487233999146135,4.5996300989092616,3.0020058465475694,1
4.897919584767069,1.5112128978250945,6.508134170456985,2.8779978822030876,4.6483927636537725,3.0321236596693026,1
3.738943741239294,1.2221839841257747,5.393228632099896,2.077771991033793,3.630661818225013,1.7434157039319946,1
3.259056112905635,6.788876605242507,1.5705019376245768,4.522310325973584,2.792622819808158,5.341686479275656,2
2.35288320990507,3.9732960751133923,2.8578140569937363,2.0491134287257182,1.4572161633140697,2.9670013247351084,4
1.5493695367848697,3.859510078552469,2.5935279382804564,1.9600520963031896,1.3903550335519357,2.381886131023312,4
1.8504819232745784,2.9014373827593167,3.5049727527419434,1.193858474441933,1.9489092983490264,1.6398453624060993,3
3.2452228047325096,2.2744954305646683,4.612124762806453,1.4579951871848285,2.8333746943227553,2.281273664228704,3
4.764104100911645,1.9962279925338224,6.575160443310113,3.4746561125108366,4.960214814111404,2.594904101383821,1
3.013089801238924,2.658758196244502,4.723322321574365,2.4228639769364366,3.353695170545672,1.6995875077669111,5
2.243713053753582,5.1033497488870445,2.469828560941881,3.1987286938846196,2.220643224234266,3.6300814775389676,4
3.373763021310499,2.6547680988132845,4.821090870676931,1.8169530957351139,3.1678128555523277,2.6100208312678115,3
3.731348325552397,1.8625324110661718,5.548797909065964,2.6408875626449393,3.985041448326618,1.6475801726225194,5
2.5282090247313005,2.95501932053559,3.6087428130120607,1.2178370344654177,1.827036635491848,2.2947991644959638,3
4.886102818637607,1.2154921562303465,6.448185014779647,2.819482036824904,4.552825295717728,2.925803642016874,1
2.2456072087309726,3.9082060097537834,2.7523483098552557,1.9244094583146558,1.255196342910303,2.873540658710787,4
1.790919677818738,4.842326847404481,1.8175768286437912,2.856493642903309,1.4905892566925882,3.3085635601040693,4
3.662630131234145,1.7603692086093274,5.5120519749900705,2.5518680176076063,3.9391094459802187,1.550254922387584,5
1.0077263145122348,4.036278476855432,2.7774874279854695,2.3243647939255316,2.034760813244357,2.209673994994153,0
5.541437815721629,1.610627484999621,7.35818137189375,3.7379939546951073,5.55327603844511,3.3253986200077557,1
4.665476640357686,1.8923845942512287,6.546572643305304,3.361891016420412,4.928877100628745,2.5061367311848874,1
2.9266425836607963,3.5294055925485055,4.093440429381379,2.037078286476352,2.690973350163931,2.9630071177473796,3
3.7589768006614053,1.8789814814715649,5.54725324700709,2.670093235979625,3.99113918838381,1.6883461963101158,5
2.654952295337955,3.1123060379371807,3.7442177907992007,1.4947306031518168,2.08107802058571,2.4666692506713566,3
3.9810069476253305,1.7658071643979218,5.549605654158959,2.4708390948872556,3.84833268651084,2.175218550641058,1
2.3323582178479616,4.876437042125179,2.0039313525768714,2.779246162409816,1.3580905065655187,3.6596418815162908,4
4.385068926952171,2.585813262357596,5.873979103943992,3.0920068050131415,4.285321828114963,2.8274499986021246,1
2.7000706006695308,5.862800232847932,1.6659546475020124,3.6624938632133817,2.064701818147721,4.500126224392076,2
2.2581344429671826,3.2728697926558765,3.755460977968286,2.3144766649146127,2.577519868736203,1.7405197241842454,5
5.0082798043797085,1.5538351072206775,6.519046914527521,3.0105521888970785,4.654084528780509,3.096458886570015,1
4.796274206923269,2.0437694509815745,6.592855429375671,3.51316459665277,4.979757421138652,2.636551167799025,1
1.999034898928938,4.828972421702621,1.9205677433730646,2.5669516314698826,1.238514188676653,3.569186617652987,4
1.9915958494527368,4.029975323143533,2.845260178249525,2.3083555574537473,1.8135071377260785,2.6614373028668394,4
3.042744109954541,2.5909751349419237,4.698351811606549,2.4238731801847058,3.29728349379943,1.6167812119422236,5
2.735335493586714,2.376933423046768,4.569296819424748,2.0801733221021426,3.1388654076394427,1.1858986515635137,5
2.0614669051390497,3.3046266325377864,3.7711749040599982,2.2004769162533684,2.6376122876355366,1.7535537878756293,5
2.009643786771408,5.117851779497671,2.455254830645144,3.097440905129548,2.277917152399284,3.6506403588299525,0
2.7871292250883393,2.0313006120081076,4.450461858280221,1.4034545612041809,2.767472493118156,1.3969309780276669,5
2.3391052878023517,3.041438828604194,3.6238033837332857,1.7575993278895121,2.116946280520356,1.9033182658237664,3
4.680442960587636,1.059224228127953,6.382784594111686,2.924292399377552,4.587858462653317,2.4822524534180586,1
2.6769767822050974,2.99271730765171,3.6280141861947617,1.4444945785626107,1.8629593633274548,2.368067283281774,3
3.08918249924129,6.005774342273055,2.1372708774706726,3.935903024004571,2.4309741098398785,4.6869213194333605,2
2.4821379990997445,2.934649541444689,3.5785187059738703,1.1375736997884691,1.7847195853261808,2.2546168930810246,3
2.0968076614943754,5.897622438101989,1.5279689047867941,3.960845574614705,2.4590246902847235,4.071059381704742,2
1.7706726639117378,2.76709234328246,3.385026682439025,0.99145455746668,1.726803376407176,1.4322031704664229,3
2.5193740413707446,5.860952881340191,1.6655554817881175,3.5716195146668475,2.091699336321428,4.4861071196229325,2
3.664310122834152,1.925896410802859,5.562691467312961,2.590806673542734,4.024139804463787,1.7264376139829043,5
1.814337010183324,2.8245730618730924,3.435592881474998,1.093545267275874,1.8202057142276424,1.523930302515187,3
1.376026473387397,4.913594960488555,1.8957788436648968,3.090400287991974,1.9027116356239417,3.0735033754103336,0
3.1821785826538282,2.8057505189804393,4.806413154934319,2.6130484757133043,3.4719667459109806,1.912741192508314,5
1.4885939439588793,4.964194115563721,2.0043406999378246,3.1506969871225574,2.0330551981283485,3.1550584823881698,0
3.223434419460035,2.1640942535754584,4.560557983800503,1.3668131660496676,2.7414850856421973,2.166523924601306,3
2.597412132703282,3.0685384179721455,3.6833374170503963,1.3918701501773325,2.0120325891784936,2.4424305141754337,3
4.227278041827567,1.8287167356067195,5.600606614558997,2.3434906338265975,3.7850390673347483,2.6421554565603005,1
2.736148948344774,2.3964540517925452,4.578880889572716,2.085834296870936,3.160416435950096,1.2508631021630716,5
2.2272470755744114,2.9682364605924128,3.55618650702823,1.6130919119060851,2.0088156596924085,1.7795831559615218,3
2.2719040007584694,5.803694696805078,1.2529773044553405,3.7150164592441923,2.053036032648056,4.185102256856432,2
2.7140488756943264,5.833450545747694,1.5816578539458952,3.6534868463882306,1.9788434990698993,4.4712065110972175,2
1.5158663027618693,3.8351055120499504,2.5428950026222585,1.9246313568817657,1.323809651774233,2.371962988354805,4
2.9192182794528665,2.2114607909073936,4.527293240283318,1.65099133763936,2.9010479870627863,1.6714985936932072,3
2.3953447606579275,3.97588510622636,2.855312070345813,2.084910099860042,1.4496442659958844,2.9700873568716255,4
2.6027536334725845,4.350526690358174,3.3662297884485786,2.4576477434166986,2.3427553975420907,3.412020150902753,4
2.0972966363891334,4.799112885091007,1.8157168132354689,2.603289560127196,1.0634220741142615,3.545255255060289,4
1.8033468156523096,2.7353535653558523,3.3501250891797234,1.005154502731336,1.6576157855732259,1.3695202619419342,3
1.71180507086744,2.802084695928551,3.4175083187250905,0.9512632630545858,1.7962438384628958,1.4678558026002015,3
2.998491932477527,2.141094980768038,4.5132471333288136,1.7190152102109288,2.8342298323070017,1.572440830777573,5
2.8217444326826104,2.4167290007517384,4.6091328003075365,2.1703013232717177,3.172393279685104,1.2702501845623597,5
1.6100783345632574,3.8160124687153063,2.517733941807085,1.9651464991724428,1.245701243650072,2.3588015720507527,4
3.728480124941332,1.5490320377869469,5.476591115904211,2.1339057355574518,3.767249628097531,1.9441167814567981,1
1.657117379406006,3.0712243574165603,3.5858127437176943,1.8288597792006254,2.344324694962277,1.269125357696618,5
4.580067359876177,1.6965573197884034,6.479820253412719,3.2469845080104833,4.854293222874098,2.389408353389921,1
3.0945363178456993,1.9126414455631282,4.448468013202085,0.9968447456945794,2.5393761475146786,1.9242559332392175,3
1.5396394844009489,4.801794885726903,1.6965409672812226,2.732218635349415,1.3677713072571098,3.235898480627316,4
3.831355058167439,1.5238142906136025,5.477977321451947,2.247714389040216,3.7499684977482297,1.9605342549800824,1
1.4504665513596293,3.8027041642825226,2.5223676413354643,1.870854180234038,1.225241469750161,2.293524452468308,4
3.6311526551768045,1.6668072919422974,5.478194729549528,2.500143681295075,3.896942794130253,1.4655737597741332,5
1.7313662630227962,3.897542751730872,2.6389418273551537,2.0821431014496268,1.4889147625625105,2.490528709094665,4
1.9364051619095468,2.7879922296867523,3.396926090889756,1.2007063547006285,1.739350777894623,1.499539606130899,3
1.1592291001429396,4.747023490957483,1.562585063423916,2.56869210473561,1.1927022740177151,3.1357057381243676,0
1.846127536683424,3.2775126209342837,3.7656549206121626,2.0530647974949137,2.6219274810076643,1.6820493805788752,5
1.5496996822382867,3.032481345274437,3.550099984298276,1.7430873280289783,2.292472189118141,1.164658625901315,5
2.639354306754427,1.807788115122002,4.35378254598311,1.0717705738407215,2.608724965797158,1.0910347358030454,3
1.508128871273668,4.830312012871884,1.7867733350138941,2.734908533719786,1.489694694320156,3.27024030752585,4
2.6773501979165015,2.2499282758840082,4.519113048536497,1.9813923346500308,3.0435030197260797,0.9155523646549784,5
2.567913983292358,5.011479025676344,2.322383867542571,2.9907469439593437,1.7814909215003896,3.815725647298494,4
4.085444599637305,1.6009111519039032,5.544032638714793,2.108262430964384,3.6889823668540807,2.483819869613578,1
2.0205426638571575,3.872914578146231,2.7046368898607245,1.7181899678058759,1.190294472920076,2.8259310345715583,4
5.6813817573789205,2.332392403281981,7.516513575810794,4.244711032716954,5.854923693145834,3.445183884257137,1
2.653147729192704,1.9505367893206276,4.423689462105983,1.1714075647614122,2.7193369792500084,1.2442428691399772,3
2.549351161850867,2.9036625865325547,3.5563262615204954,1.208291122319244,1.7254141524365327,2.243578206365161,3
1.6844168904693178,3.0548804122437514,3.5697789415916197,1.8390168593342506,2.3119359584055768,1.2150199540276623,5
2.808227228189536,3.155497223715422,3.7791058111288174,1.700265429279611,2.1307926167057536,2.546984965375635,3
1.675431867640428,2.978905603112887,3.4925761661708994,1.791951283457208,2.19962535862915,1.0784979311189766,5
4.648590973224346,0.9332654555109603,6.36545657112451,2.876144112404577,4.560582893171934,2.4285508467583736,1
4.12757849056956,1.8932886150834916,5.618435303262614,2.2365246219304047,3.830914432216345,2.6646336633891115,1
2.3759649289615226,6.05595725026824,2.033195652499423,4.13966876614223,2.8307740439375486,4.298201620670215,2
2.3836701351540053,5.074251554841031,2.480434447524779,2.9182986236094988,2.0075764477774727,3.8635940174629533,4
4.551831290962283,1.597214547966841,6.45652189909711,3.202694645079848,4.822093849044479,2.320111927980077,1
4.817936298818955,1.1886601689666523,6.436276450826902,2.733629102007232,4.552788766521896,2.9005564930778225,1
3.7486423747725723,2.2863649982964303,5.697894610326545,2.7602186619648488,4.220961803641871,2.06680342865826,5
2.4416153244090886,6.047056625225405,2.017884444636,4.161864569022092,2.8010381119115024,4.268448450634811,2
2.5540038837486003,2.18074710368123,4.474157344971856,1.8399757573112672,2.9975307137977136,0.730865081616394,5
2.8647741123396573,2.0778007503807694,4.477746368448238,1.5273149881552703,2.7983703581006565,1.5114258833729846,5
2.0149246581264175,3.200586533532083,3.690661882579624,2.121643176142673,2.497344280690744,1.6067741411449012,5
2.5429982041153614,3.178598102409449,3.741290439779022,2.008595353293494,2.3109106517176277,2.1339521083051145,3
4.988275407803802,1.5108615686494917,6.50608860889955,2.9815110450315947,4.637750438528267,3.057817807514757,1
2.571185939958611,2.169734081443117,4.476296927986512,1.851629921829388,2.9896454018995327,0.6571212280449719,5
1.0231513237545393,4.040617810906397,2.775820447672164,2.330360263327212,2.0447799756635394,2.2198601172701995,0
3.482649171606744,2.401734485452952,4.68468321718406,1.845127465617667,2.920321231138914,2.44256893115071,3
1.1747636391584628,3.9347969166615364,2.6178990522476684,2.3225234173919094,1.78577540824561,2.0690151760888065,0
3.343660190756819,2.4638055769212754,4.71809542347519,1.68955259855568,2.993023487219484,2.425093466914694,3
2.697654439040592,3.116491507151805,3.739014963607096,1.5519762824328949,2.0705601002671905,2.4788153298836932,3
2.7915447206238597,3.145264040603508,3.762717995982993,1.6744302832137732,2.1167350856082807,2.5500417084920244,3
2.7325866252559314,2.137433405905705,4.508138870352834,1.3811205071792816,2.862599700553173,1.5126380095653826,3
2.582134419271184,4.9700971764482835,2.2430265236553453,2.975144429523755,1.662298614856173,3.7899321489582714,4
4.20889316855993,1.8134111534577138,5.595044987989655,2.3175247347498305,3.777670666535399,2.6230750472425393,1
2.146642993340622,4.118215840326107,2.964387192233436,2.4480645778041383,2.0069746678544282,2.8253555124440273,4
2.6718854659526623,2.3582755400844357,4.572834044830374,2.0163685617642075,3.133162351511509,1.1247577494262486,5
1.2117909800541362,4.892399070989113,1.8387443774230663,3.031979979552614,1.8537278572042135,3.0209227231780904,0
2.7203073844405616,5.835899229017506,1.5374855968271994,3.6577629609084066,1.979287950386585,4.48834842695714,2
1.310608678809881,3.7290282365285283,2.4043189327013312,1.7491076486934616,0.9629273079468191,2.1863257141498234,4
4.946637922440521,1.438138404374706,6.485502327807526,2.9230659011477185,4.614535479374154,3.0325805118710996,1
1.8678762611352135,3.0838306641148483,3.57788424491009,1.9702784455123168,2.334873190955537,1.3501087119174033,5
2.2893270291014094,5.817289323588878,1.3130433642290462,3.727941023692386,2.1010013336331914,4.215957270289885,2
2.8214085238654167,3.140750286224753,3.7658452186796483,1.7089898942470336,2.096750335261971,2.524012839674076,3
5.049810990835327,1.7054925137640564,6.5447761027817855,3.0843955347298793,4.701482275097052,3.1767116311003334,1
2.6911173516176814,5.050959696588416,2.3932067657329865,3.082136649259708,1.892974267060882,3.89859517721458,4
4.076073108512814,1.5880443605486847,5.531490432496295,2.0917310318740157,3.6833941155043517,2.4883052951179465,1
1.1146955705136417,3.9847657788808646,2.6910636058337394,2.328529032573146,1.913093915752512,2.157139882111448,0
2.188925551036807,3.271592379241667,3.7479511418660874,2.269686014837337,2.5769544620609883,1.7500440716933414,5
4.683697857472461,1.2713536321950074,6.415495291869279,2.9540549495012636,4.646696524953087,2.578334677479028,1
4.702636314395619,1.8358451923854662,6.522993410144156,3.388503877052852,4.895988166201487,2.487128631522472,1
1.413696279505014,4.974504822154068,2.0736944140566522,3.13178306243836,2.077157667605769,3.144126214192451,0
5.110543109108188,1.8531756214483661,6.584195691880762,3.177480659723842,4.757186332575693,3.253855427852269,1
1.53368405820015,4.160762515755734,2.943699671455797,2.577135117986275,2.2580733804256776,2.434607733637383,0
1.6925659201302796,3.9167309439753564,2.6924543195961417,2.0726361881439366,1.5508919136195223,2.4707189842350585,4
2.950572218848327,2.0591674354778675,4.466210394298067,1.6255551408391882,2.774987402740505,1.5061873960135423,5
3.2339026241737407,2.028567565104891,4.50111771431613,1.3196667406438833,2.6183083926321764,2.0483283052886363,3
1.229551782838407,4.798557731471784,1.7089930540841278,2.620261456243409,1.39854443629248,3.1979702238759,0
4.010426996575815,1.4959530839272925,5.499875110758247,1.9807604877501996,3.64568840533238,2.408415811605043,1
2.476878992014201,6.0276492631541485,2.0784093308186744,3.912601335773606,2.660373511134374,4.468587588440025,2
4.160654806414969,2.0386463922236415,5.691781514671889,2.316933254302229,3.9167798748354894,2.745059882881254,1
1.9736114850993376,2.914060784379558,3.505717167839695,1.327546142074597,1.9591899719500192,1.6958792280426642,3
4.675590964333562,1.2419460452196134,6.412982170228912,2.9432395012486126,4.635000748848725,2.5397276653895813,1
0.9804029712807137,4.949948779140642,1.9912885260822681,3.003804854605851,2.0359760251885994,3.0971351547222605,0
3.9684690400214673,1.25069313062466,5.441578951388627,1.8663266266524678,3.546983667769758,2.2798837322061285,1
2.3527609747860216,2.860384196757646,3.522161450641272,0.8505136733180605,1.6767272375331863,2.1679555456451163,3
1.994735749846102,4.264760536502914,3.167789725559378,2.4413335193663146,2.332785288803225,2.959079274096337,0
1.9968333668354235,2.8971538781347075,3.475417767500147,1.3414243889421227,1.9172758497542677,1.6741566219412651,3
2.95590248975615,5.203828512917564,2.722035083351102,3.3193913532054617,2.273386291469298,4.064333556507087,4
4.667446988115675,1.0927904168218974,6.383416156969931,2.914008003871029,4.597000009537848,2.502794805836324,1
2.942632274131423,6.911131375824983,1.8179842020431491,4.876684158720074,3.2896389392152314,5.094243957865284,2
3.6985460600533497,1.8490068081614035,5.533063647130662,2.6059051425141533,3.9787975335432315,1.6333881500118073,5
1.639146114825657,4.898092024972466,1.9458920628628156,2.824232573037139,1.6943677221838866,3.356996277131266,0
1.014754524978464,4.867985921717728,1.7959597770783462,2.9693621610633696,1.8011555974300482,2.9826692031077378,0
1.54557682700367,3.8351704927822077,2.5534279022903887,1.9415559256897108,1.3217238194400394,2.383775548317486,4
1.5300298107276025,3.8107861254062403,2.509235077643937,1.918260700167575,1.2363999697481827,2.3435418640403882,4
2.8692980364537286,2.1507195124363125,4.50727809726165,1.5628666461804388,2.860603110616481,1.611251064713318,3
1.7304520692113006,4.257383079852691,3.113373640388767,2.708988655610388,2.4444690791146466,2.581809886527537,0
2.1658237394294857,4.812515026551598,1.867395449271291,2.6492876161738557,1.1152658638822421,3.5516960767895953,4
2.3045168261139204,3.310776165415129,3.772837999501087,2.36199238709484,2.62370241330575,1.8451310918363624,5
3.4435813826133823,6.870896528895397,1.9028842206415213,4.654338150344364,2.9780436960905767,5.436344499270411,2
3.360017234897765,2.2551787872974005,4.598860236052829,1.6154112976448136,2.8028837046839885,2.2947115300496916,3
3.1482223406775365,2.0942510503505565,4.527617303531213,1.203556019364259,2.689288435089511,2.088418336729945,3
1.8375936641630963,3.955507298786524,2.726040264996565,2.178135468587077,1.6324467947675372,2.5764537193845394,4
2.629972441594496,5.074580408533387,2.462309581916586,3.06061706078757,1.961841890115165,3.886421421111759,4
2.2600882233251,4.8877752726594865,2.0646319364371886,2.745953664203802,1.415607432937377,3.6466441310562754,4
3.5540537171925766,6.931024517374759,2.1278478153471645,4.737042132603202,3.126904756326626,5.525090357040354,2
3.1585200657290193,6.0781482129930025,2.338257486180562,4.006936446070476,2.6205703970378664,4.769106392145886,2
1.9486761255010556,3.266128793059262,3.754441748591439,2.1107273114352894,2.597095911822404,1.6530504258417857,5
2.088489370165456,3.8436748083278705,2.645762000482437,1.7537423365994724,1.0459921446833127,2.785166052387673,4
1.9347710299318142,5.980401344320946,1.814289838434702,3.943875538501555,2.6856164673000458,4.159757401026575,2
1.9387721056033438,3.784510185845226,2.571183906639372,1.5864861899798413,0.8308828224340936,2.7106160760340097,4
2.30191409268669,3.940091320048729,2.8062933770687954,1.987820075320794,1.3619672167148287,2.914832890334646,4
3.2086391675779202,1.9789758894035212,4.478865546617095,1.2512284298682002,2.58084855918602,2.011498876204457,3
2.9718115838002004,6.742114941930342,1.207703340363397,4.593763319219967,2.7847909689092547,5.079956433950785,2
3.970214572577604,1.2304186644952018,5.442126380267401,1.8644740769046333,3.5400681817544912,2.2524882597505345,1
2.936927233704411,5.966976521626553,2.0365304775793933,3.8357267483622306,2.3499389740843135,4.629700899602428,2
2.6907856116639,3.0589530484583443,3.6790414470782933,1.502046727068131,1.9826657410074422,2.447894712941497,3
0.909642303188191,4.865217856476926,1.7602722881755601,2.944760875287013,1.7921616563569187,2.9749220968883288,0
2.7408132935816965,1.805546790518537,4.360090471500318,1.2341350420194368,2.594272257700806,1.097931423410812,5
2.888721976996877,2.464218477237579,4.620634930525367,2.2458397381423723,3.20337600703854,1.4114934242306854,5
3.22705281928017,2.3622933691348553,4.666473469712107,1.475154060457689,2.916152287241841,2.3223001878041463,3
2.30841304723992,6.050886346393169,2.058318533801963,4.111255560955748,2.82858297219,4.261000040896923,2
2.573859062630587,4.9753186021058,2.239348512468924,2.9725777206955724,1.6785391045780356,3.79155189391456,4
1.3122978209252831,3.766951089909858,2.4404430273443403,1.7746952456217593,1.1107509093595345,2.257988214652675,4
1.951034450700984,5.881882125424765,1.4398826059799998,3.9020393047126722,2.426947386977335,4.03439178027441,2
2.42278961195743,5.314334907973822,2.851641895079538,3.3896667373432323,2.699931606984245,3.9136425513287336,0
4.060351489748627,1.732659672809498,5.575508267167701,2.106713554807568,3.7574371669466764,2.540003858545499,1
3.8931834273296326,1.2663111420485558,5.4494010452320225,1.7586133589133837,3.563382047632265,2.2606637662040936,1
3.720658507601128,1.9541358032961558,5.575623922969124,2.6503292422614737,4.036163643403203,1.738888174625337,5
3.537443092468901,0.8637201614540506,5.332214525766313,1.7555130187461216,3.538884857308997,1.4528344033906024,1
4.839945684492602,1.296671689995684,6.458023735468412,2.775533258614002,4.582811061966601,2.940975413958262,1
1.870169652799861,5.706465454827873,0.6841674738957839,3.508184330185353,1.7817686802621395,4.045348416717316,2
1.6634535711712384,4.252335850275395,3.087637209198488,2.675013851575726,2.4448033741572264,2.5827427284494644,0
3.870340202174149,1.5446365291299036,5.485822930542468,2.2990174905712046,3.7508975769102433,1.948254505777442,1
1.9501573131806493,5.127650202358862,2.4063972488398475,3.3950668544826486,2.4171303897807195,3.407960975401031,0
4.794163943438788,2.364746526099187,6.704119838357314,3.573694634093059,5.139318828814674,2.855633575260103,1
2.0615799084331745,3.0490283280396078,3.6202695549660597,1.503615174994882,2.1672840592531672,1.9092177580440255,3
2.2134562966582014,4.049155209574718,2.9420326459275294,1.988745825281546,1.6914222812366042,3.0513661067531017,4
2.8746822489736266,5.158654181664478,2.6436751147350646,3.247929586344312,2.1683256647762237,4.00265219973054,4
2.6426436492552736,5.809789658819184,1.4718845700620604,3.604989818670252,1.9114898012031454,4.444701367656525,2
2.2370225081992694,3.9171241598295063,2.75521942196468,1.922717509564107,1.2855330562010803,2.8809363433886483,4
2.26978209048712,3.901163904846666,2.7318541342411664,1.9367535421369648,1.2338229539048435,2.8782362892113476,4
2.305621225122686,5.02730167929416,2.3922584915824716,2.8482678176628524,1.8885620870248323,3.8079924370756233,4
2.8850221522350683,2.024786201084052,4.460877682148045,1.5294741444252673,2.7565885928027103,1.4361968506326876,5
4.524239110840197,1.6032203193573258,6.457041111019461,3.1773048223395275,4.826063294251295,2.3155494845878715,1
3.1565153093289458,1.988685604369745,4.478792261417669,1.1618897697144994,2.5961585341380493,2.0180861980060394,3
2.406094179772935,2.8547291144818066,3.522079832633161,0.942853607653465,1.6563474954940514,2.1646522289023813,3
5.776483307539643,2.5836935777421006,7.60136954235082,4.3765722231755575,5.9616717880423415,3.620294264179547,1
1.6176655097752701,3.06736285917292,3.5842664473207626,1.8036233970264262,2.3391050307187196,1.2353504264707489,5
5.764193020136012,1.8761575445178613,7.45148966818685,3.73091023315882,5.577373931006191,3.737520907593443,1
2.177931337064029,4.0510463718831735,2.9565989377494044,1.9637571134420087,1.7012896247863798,3.0280334102637223,4
2.9916978978669646,2.7656604206131825,4.785057207801017,2.441350578783382,3.4547176012205547,1.853207247036079,5
2.2797909477358,2.805970704357546,3.4775802693045086,0.630954235620088,1.5785436524653815,2.082103850482779,3
4.48952612398524,1.3484240173286217,6.403275320147048,3.105907446452479,4.7419054418105455,2.145294683735087,1
4.860105531756325,1.489528799435234,6.506477339299522,2.82950588001735,4.648375548823976,3.031856215829875,1
2.170423899665325,3.982957224418353,2.8641167727186714,1.914012196475694,1.509995285522676,2.9478136798886223,4
1.9561506810780618,4.060191045272534,2.8767593025946563,2.306721529532176,1.8808404639120166,2.718755671727562,4
3.6848027710109497,1.410196553490943,5.451763622651092,2.0483999896675273,3.71779622200553,1.8381038317805851,1
1.5663194583120734,4.754373163804482,1.5759623608632505,2.7158084199824586,1.171597054541069,3.1693513715299213,4
1.5604507480969758,4.0317597489113695,2.84867444312107,2.071940851661963,1.8625722376645393,2.6326514206789446,0
2.5953654280711898,5.808242744957631,1.4540392775416742,3.581105962826237,1.9078041523232034,4.429926666243654,2
1.2156392847586466,4.772131745020152,1.6373645456218289,2.600527640830374,1.2953629314273607,3.159878011295366,0
1.400815631999699,4.944543192880874,1.9643950166895054,3.11280477674725,1.988944855958464,3.109217539526357,0
2.096904472860397,3.8408416925505535,2.6479081122359944,1.757130472070718,1.0446574376851128,2.7869852299668234,4
1.5385011301728273,3.79722749071331,2.507090835888569,1.9143922614119686,1.1953482438082847,2.3188380928635968,4
2.274628466201612,3.973867647351548,2.8263362556670284,1.9886857593051455,1.4586645251546522,2.9697635437028014,4
3.0571601823917334,6.788383125133403,1.4168039848334641,4.652971684183445,2.8955084207098563,5.138828799551429,2
2.9790205415894677,2.1842929068300663,4.527652708000258,1.7123781192050416,2.874188368129395,1.669115889234476,5
1.6125089433726092,5.0025370433971394,2.1441664899309147,3.211652770480998,2.129637461863217,3.18835961531868,0
0.7903675055037676,3.9842070642197647,2.7033844846683746,2.235821968899511,1.933414817784445,2.121155228366164,0
3.9603344539695575,1.2928506467469654,5.461350417713407,1.8648249257424743,3.565363745284726,2.2749859504004935,1
2.5055926162555244,2.964328657578596,3.6023738228010225,1.1949475091201287,1.8355847392798368,2.284770176281648,3
3.7707098709615727,1.2940782189736286,5.417785144897202,2.1294244359567447,3.658209615435688,1.7890607303344381,1
2.849523111428568,6.881220563884462,1.684243927448518,4.824436725964473,3.230412034955681,5.050949159646973,2
3.395340158787881,2.300948340759092,4.636835736952398,1.6850873366952956,2.84399868708094,2.3343621339627414,3
3.0380235545637966,3.382081366681313,3.96040002557416,2.0712016423386697,2.444413170922856,2.798227735345734,3
2.331558145767074,3.0556032733470224,3.6313006139726367,1.7579217053381329,2.14025732918993,1.9170043418158245,3
4.625288527883866,1.6948822614405539,6.490947496451613,3.289612588696449,4.852882656137999,2.3850294893845208,1
2.749487424248162,2.5800866334213572,4.6921408102722335,2.1667117907765836,3.31871764227814,1.5199333521548342,5
3.2727319187913144,2.298141902655466,4.637239932817714,1.5089399334621647,2.8588961907993444,2.306697829330182,3
2.184381702595377,2.9118995029705412,3.510926715530604,1.5382843234378134,1.923233180700163,1.7076867939113387,3
1.8622303796345168,2.89092046244259,3.4869618783640015,1.1977411589201623,1.9263249684255364,1.6074419647786728,3
3.725071321392618,1.3858343086686615,5.430805041357148,2.092662729766594,3.69773601617933,1.8394415823895196,1
2.360667502346136,4.99634812943539,2.290712446492585,2.8615728841520665,1.7799360690845307,3.8015878979437097,4
2.045127249542777,3.2338997337367754,3.7034840015317942,2.1577251849067927,2.53383763446954,1.638605656459152,5
2.7622944388328903,3.6748832229489015,4.160691321935719,2.42856555654255,3.00299328555707,2.778766746408338,3
2.0417229486387125,3.1820785225269703,3.66722732804405,2.13188663927787,2.459804524048472,1.5394652158923001,5
1.6787146436504345,4.980084330995805,2.1795557086958057,2.8849852099407007,1.9457078003375,3.444945362223733,0
1.2439501980200618,3.9908084988468366,2.701559630264269,2.3764348290981423,1.9148895562602841,2.1497698667362015,0
2.389379410431241,2.843504606185624,3.5054360668552356,0.9000810352636055,1.6375642668163795,2.149066676939285,3
5.8768996092332655,1.946164335109243,7.466366897366471,3.8610242120491143,5.587842661833195,3.7993526606121253,1
2.9691247489019457,6.08420541024891,2.3294437052057804,3.9093693246732557,2.6593631345156306,4.763803475649637,2
2.1902370896513874,3.923738955671359,2.750714070509513,1.8889906673378474,1.317866700732099,2.9058199055481535,4
2.1040285232291893,4.821596556231674,1.9102818252534095,2.619920552282086,1.181347483796877,3.5557725503230566,4
3.3710328063200725,2.258692699490542,4.598089251152678,1.6332155822716026,2.802174974381579,2.296451953041394,3
2.222245960146805,5.035208461163298,2.3236654104893173,3.1549458820346072,2.0375827541534175,3.5521866574795453,4
2.811084316840575,3.391298288200658,3.9605134254445407,1.8411658369327004,2.4984627136552624,2.8158840377072885,3
3.796835579452543,2.004824663478943,5.595746700907207,2.736588668884087,4.052068805156288,1.799369093404493,5
2.0219058914254378,4.244813049282016,3.1480039931798425,2.445830569407334,2.2893030495585185,2.9239706681969517,0
1.8479804874481747,2.9369089333523655,3.524615014953505,1.2180328305968515,2.0050961201669812,1.7022996515741549,3
3.898226574662748,1.2843987261495473,5.453053085043638,1.7695342141610095,3.5712755669189282,2.2758061594358696,1
1.9762479825781363,5.870171571161606,1.4141541896850223,3.905687807672421,2.3933176487844454,4.02749033183112,2
3.8109631149590824,1.9616817388630567,5.569529476296299,2.738549344112067,4.028488908181835,1.822530600049781,5
3.6335320391811194,1.6404767689241089,5.469533744644743,2.4962854919695605,3.8855345145245255,1.4469614759806064,5
1.5318137114115782,4.861229920962736,1.898852521505941,2.7620862502933003,1.5948060424481278,3.2849158965550567,0
1.6839153854080466,2.808724762066254,3.4190885837994927,0.923953998088947,1.8073585587921313,1.466616774418323,3
4.540956398037548,1.4176930253816153,6.415069489513195,3.165800336205406,4.758956446945421,2.2123126042942425,1
2.1791401063822566,4.835524171383642,1.908117951420024,2.669742517486081,1.2147083590431655,3.5848447295373416,4
2.6948817190168137,1.8377603975944463,4.3740263188707615,1.176401194499283,2.6288296772627766,1.1326824275367429,5
2.9121262227741744,2.101505076622683,4.484523281290888,1.598515638854374,2.8076220091062285,1.52820168807593,5
3.7432098565917644,1.4127031300890966,5.445770492706871,2.1195096222300585,3.7110197247970547,1.8631579476957216,1
2.776770829747567,3.431665129201369,3.9633945305073413,2.3290604728942794,2.651445482788827,2.4553033200096364,3
3.4741239155583634,2.378816284685602,4.6767040733881435,1.8235766320709155,2.902548605451296,2.3947528401257157,3
2.875742548339295,5.887759478025326,1.7377108271351749,3.7632839222748413,2.1251618274861603,4.5572914702909015,2
1.7281703802454689,4.841009728931406,1.7979167902592366,2.8288204131139847,1.4912760472043816,3.2917868494021243,4
2.840437179953057,1.9456216303841982,4.4190559580990145,1.4378934073234386,2.6932548674625245,1.3003641404903952,5
2.272288685974344,3.926620404187012,2.7662408015236624,1.9561338664183046,1.312705179764038,2.8978745036416678,4
2.8274476763043763,1.9885772895076512,4.4299674724432965,1.4371078966029343,2.7311229390237366,1.3902015507159649,5
2.3894583208035938,3.9941630566498016,2.8654859133504433,2.090841563126726,1.5039644333625504,3.009465872352712,4
4.690690582660064,1.4558793168541222,6.459810898597716,2.989920792688252,4.704387947595661,2.6577824129321024,1
3.245139496177259,2.405647114516167,4.68071581400335,1.5211996633428007,2.9555229755544903,2.3858710980725384,3
4.668722219237482,1.8078763076742341,6.5192250746230895,3.3500243000697605,4.892560691194304,2.459812865310261,1
4.162363273273937,1.7314520000883504,5.580899386039417,2.238043776730969,3.746538780281689,2.572480993892079,1
3.0445690537018666,2.2895959831850914,4.570373147325961,1.8279842152045551,2.9585845663825694,1.800510762381862,5
1.6100783345632574,3.8160124687153063,2.517733941807085,1.9651464991724428,1.245701243650072,2.3588015720507527,4
1.1251422718264183,3.9877299050572073,2.6938144295851787,2.333011156546475,1.9203018991323801,2.154192586178956,0
3.8617444388054887,2.3227723321427582,5.721822343493043,2.874305219995006,4.234026213856113,2.150396805997166,5
2.8112836354346853,6.834072314857112,1.4910005426624453,4.788212599519777,3.1195303527680593,4.992698580004915,2
2.6703742694734185,1.859099329859319,4.378212698799324,1.1489032750987742,2.645868369587417,1.144624280251843,5
3.1513291382094404,6.9609459975174355,2.104065605439141,4.774982155502083,3.313434782921093,5.340589944071567,2
2.5533764616665784,5.893732471185166,1.6650707039401718,3.880437221606944,2.2988451743893488,4.318936822920112,2
2.695209067218498,4.177274907253007,3.1290194521243873,2.431824489461744,1.933712049186677,3.2208629453391295,4
2.4729604506628777,5.732840688990739,1.1202233241073445,3.482432489420107,1.6549058570172923,4.342420273874636,2
1.954087438644463,3.993828960889217,2.769120443148503,2.2670932390740797,1.7150653189360192,2.6206835627918763,4
3.508592932215546,6.84963761500515,1.8434032100822395,4.677237041718482,2.91862359161907,5.4258317191212955,2
3.7087741062728616,1.101229016038202,5.370096551743912,2.018919863423062,3.5906075365716803,1.6429553397206382,1
1.0312191599619012,4.025318919866718,2.7779107345687937,2.324828747474275,2.0153580434984275,2.183950373515199,0
2.685288168463051,3.3089750842161045,3.8944066407461277,1.6561257994533702,2.38910806884683,2.693063085178413,3
1.69068325857926,4.352868615860245,3.2303905692244275,2.7383424547916193,2.6308076253218835,2.7258953871070175,0
2.4332944147259887,3.385892648146911,3.9127512409851475,2.0252215537465674,2.6228954080922877,2.3563463047153306,3
2.3237744874441235,5.810771358735591,1.2850275055717613,3.739893858344694,2.0731255758230764,4.213283985957417,2
1.4567648115375398,3.7555160678891415,2.430370781179454,1.8431633120108093,1.0452788665273502,2.2500288273438738,4
4.240797276552852,1.8673203355720256,5.630428005229499,2.371504071449726,3.8054355047725106,2.6484888855560684,1
2.956851736165104,6.967147702744597,2.011579899313642,4.907260477345148,3.41788244509899,5.153348707187124,2
2.1149575858984377,2.881094511171876,3.46579950366677,1.4497423571080328,1.8770770547786362,1.6801965933759453,3
1.8829924750752096,5.842655012400839,1.3066058161960024,3.8610377193712266,2.3255215410737557,3.97684127785267,2
1.090520738228914,4.901238306719952,1.887320395938252,3.00442391075104,1.8967176510322192,3.029558823691757,0
2.3017970878031377,5.866027556853409,1.5308077734503212,3.7588554314209763,2.2374590983392855,4.254556700701042,2
1.988102971453093,4.909100450717508,2.014109367340672,2.978601323981372,1.6987331869615472,3.3882078975966046,4
5.82173214024421,1.8832425447319225,7.448851314303153,3.7923477486650454,5.57235080145588,3.756978812936406,1
1.1916768165577376,4.719348648528665,1.470806670070896,2.562602597889678,1.0579312948573365,3.103486812869946,4
2.598288346504877,3.203451971912096,3.8023938363901593,1.4888944606538994,2.2297631609756263,2.5719150644223236,3
4.186114787728459,1.704160810942544,5.565658093178542,2.263419074704199,3.723987396817713,2.5730776471884274,1
1.7226212682068809,4.825289192034981,1.7606397391157504,2.817798692811642,1.436878122559085,3.273229957393593,4
3.407524917754637,2.6910603041611205,4.8405055441465406,1.8747985028773788,3.1994790874266577,2.6459562804753856,3
1.7741261193637232,3.062891209780934,3.580129106744795,1.8987065637791023,2.320929421633883,1.273522440698367,5
1.9436572696889614,3.2855891443285636,3.7734396949549263,2.1189738674616367,2.6210474332810993,1.6931375664594837,5
2.1841596714622087,5.757074616214753,1.0450943511636814,3.6549775722152877,1.921601377984281,4.133499995142906,2
2.5159798009604333,2.9401966073744092,3.5948470903718444,1.1915998749587404,1.7940610977684723,2.258310417148434,3
2.6417809467484665,3.2481018714210665,3.845625244947726,1.570267757021321,2.2948582461909828,2.6139921265145167,3
2.0093638134824015,5.890923112011919,1.4965871589484439,3.927626039391192,2.442266243575116,4.044395049707467,2
2.4344553617498828,2.833859077855861,3.5036745774868487,0.9720302554948644,1.6101793609498063,2.1428890956231763,3
2.222609903339214,3.3651491960733795,3.8370704552587642,2.3325731613786966,2.710848742378283,1.8651396897349095,5
1.7851329319549472,5.214233600510608,2.5800822131474765,3.3754441413326775,2.625391724662607,3.5035619819475587,0
1.1365318635813992,4.896528074887252,1.852200750734977,3.0133155379010947,1.8769706286436272,3.031007944743208,0
2.268358696535635,5.969837033172014,1.7513321807815163,4.058295425800573,2.626421175162664,4.181207171362227,2
2.5783821128521613,3.147568189192869,3.767858136015081,1.4260961398407388,2.1453044292713392,2.4877356672198943,3
1.7215091421463136,3.9036142425358418,2.637503467628383,2.0806324279499386,1.5008452793211318,2.4889638909160676,4
2.012179634819104,3.8380621374766486,2.6425908962100237,1.6859267966124174,1.0529392011792493,2.7753649906004436,4
4.965567769151919,2.781750272387889,6.8589330233075785,3.8193907720867615,5.351103114689921,3.224859676621579,1
5.606013765689962,2.0843897569207104,7.449835614053727,4.133403306913771,5.761114957966855,3.2847255838693177,1
1.3514592477624896,5.076374775192284,2.2975292806333703,3.1646840463006227,2.338428681436678,3.2794526499771313,0
4.218727822562061,1.7852023268745327,5.602823115398563,2.3240755788786798,3.7641242722379826,2.601602807553632,1
2.7323376701859483,6.801169406162825,1.3528838925808517,4.741976521121759,3.048049756354067,4.944709097955776,2
2.4125668268087583,4.012410929731261,2.887354066477484,2.12046740763689,1.546099254316802,3.0097495380308494,4
2.8420969164806844,6.735525190439974,1.2092545361778861,4.533965630307971,2.7879153543473185,5.061528840307234,2
4.87083543999636,1.2411108053024487,6.454383121489085,2.804561106111944,4.563240109946066,2.9224746841753575,1
4.981821026837847,1.6213308463045175,6.537590254176367,2.9937778667444572,4.679237702577346,3.1103390265073685,1
3.6470186952707246,1.7256675253125278,5.495449522610242,2.528967859374344,3.921667880111206,1.5018529593285657,5
2.9772173114525478,6.882617981705455,1.7244596480427512,4.878007911874341,3.2217413164006983,5.063736963272188,2
4.854103934686549,1.6150151610273265,6.4940745517745775,3.186299736438998,4.744719457455274,2.786999964369099,1
1.7106783819003315,5.204891462206292,2.5665787717065807,3.344024979407425,2.61244121525352,3.4779266689988835,0
3.7563013112173786,1.864583085549733,5.5381111557479645,2.663850300395065,3.98428734558136,1.7018216747331012,5
1.0383905081283344,3.952038784493257,2.654447953088306,2.2878148663878566,1.8374684854278107,2.075975233682375,0
2.1381176160474413,3.9809488688189503,2.8518671215277243,1.886478587150913,1.51280617608126,2.9635354525894266,4
1.718199251725598,5.220782494725101,2.5974191767792587,3.3552371213078036,2.643434030040797,3.494690589589352,0
2.038228266024334,5.890269907637301,1.4787514045242618,3.937138260455899,2.4384695904927454,4.056961917103838,2
1.7625341577651168,4.8472685559819615,1.8346128917874636,2.8467201476548682,1.5127040857728764,3.2920550845472945,4
3.3521978607156666,2.235914425248656,4.590649928543066,1.597086993177938,2.7846921894486174,2.2782067531695156,3
3.6717963008242376,1.7196117991328803,5.488351555558404,2.550792116232613,3.9177761720426374,1.5381155032199405,5
3.8733752055023536,1.0826057609907667,5.412903297540196,1.6877540753422373,3.499733568658625,2.1685916590380097,1
2.529276979575396,2.198633936913265,4.4899863669051845,1.8221065490123831,3.018911456657457,0.7452333915720851,5
4.066464844861357,1.499605335948574,5.514622791041321,2.0599753255824313,3.6410227135284794,2.4120362284147343,1
2.709774298212013,1.9043803821401555,4.396084502726469,1.2316105080778472,2.6784593509934504,1.2510185445503668,3
2.60295559259809,6.0765226886224015,2.237093500890233,3.9911023106740937,2.7728766155830598,4.517703036937425,2
2.3837372886390633,4.156354627499889,3.098758794963139,2.18387657130519,1.9401033703179265,3.1886248099390904,4
2.2254135073190815,5.833390526920355,1.3653242006675734,3.709835606355898,2.153093758607919,4.227390996170913,2
2.280709235944044,3.91695919835559,2.756459765410265,1.9551634947513719,1.289394851164248,2.9003247099223595,4
2.0821291357799967,4.881845463412196,2.056480176408581,2.643527487615209,1.4343698551878885,3.6334146492557093,4
4.09248802794788,7.972633548348959,2.68081957147051,5.946913869705029,4.2855168907481245,6.180851590439723,2
5.870674842875957,1.8445421993348143,7.441722683426952,3.837890377587016,5.552378510676584,3.76126254622782,1
2.9247851739241337,2.484647421144584,4.630461781077194,2.2838885240688187,3.218128506408949,1.448660007282694,5
2.453143604636218,2.851582512603976,3.505786234583662,1.0188904449495835,1.6370448017952568,2.170774529443322,3
2.0456029880077886,4.94091880105995,2.0694993791050904,3.023023036247415,1.7796092128526018,3.446507139606668,4
2.998491932477527,2.141094980768038,4.5132471333288136,1.7190152102109288,2.8342298323070017,1.572440830777573,5
2.8559999590085385,6.883135032350119,1.7370994657248204,4.82762546017556,3.2410100579639054,5.053675472465631,2
1.1531174750026418,4.881077083549094,1.830641290001203,3.0108616168040396,1.8274068487524782,3.000576943464838,0
2.7107800993130593,5.822000640810682,1.483918223875306,3.6466020941362602,1.9293424421312386,4.465030182119644,2
4.797473666520179,1.1919444473388612,6.44039822434548,2.7094855786994643,4.5574474155413025,2.903039444544623,1
2.342164440849506,3.3699348702112473,3.89850386961044,1.938933821465272,2.6165591521802996,2.334877423026582,3
4.781957919865438,1.4163113031272156,6.450438429938177,3.0800880914256,4.682609131547139,2.669002695503576,1
3.032126726227459,2.326674815257183,4.5993130340585795,1.8291131305698647,2.9952563003675206,1.847299099879063,3
4.626978936834317,1.6078827737483619,6.463360340730487,3.2773297073329735,4.818268378706998,2.3426220836978398,1
4.869978996939943,1.2290656154920196,6.440437269749648,2.801392932849091,4.557543199173835,2.9328804229059,1
3.4094493793555443,2.69047487965204,4.809555379932839,2.365326002188794,3.2739196723028297,2.277090371969971,5
3.271442783281015,2.9297240658462425,4.927440767654887,2.321281025283445,3.50612931035811,2.4921991938416865,3
3.081986593264611,2.1043739405913446,4.5412668135507746,1.0877962001606396,2.7087553862748694,2.088164915598031,3
2.839955933736555,3.250385592647605,3.861218762807048,1.7932461506209068,2.2726504311575577,2.632435776295886,3
3.709984490150822,1.3550328081374197,5.432162257907339,2.0672546613493528,3.690862809459887,1.8190424946219805,1
2.483286535903002,6.196769235199491,2.441197962357804,4.2469843897227015,3.1472444676222087,4.464519913437424,2
1.5197403842052915,4.0778850908918285,2.8191584140442756,2.5282371137365445,2.0851838772397433,2.3141107749038867,0
2.4213117433610156,2.9328253976242227,3.5833891545710586,1.0406248176650033,1.7968111040983687,2.233660941422124,3
2.139242968890727,4.881085117181892,2.055445586312952,2.6735910418555795,1.4253146262781908,3.6415275935672664,4
2.3215522367226398,3.2820629233289766,3.8254531407596493,1.8723241211857136,2.4939060023849335,2.2247946300802757,3
2.5437322139893754,5.7853761130571835,1.3381916443406787,3.5442303885444515,1.8320070665399621,4.404781120887174,2
4.717129468763143,1.8727792279395963,6.5321445041749735,3.408424942528955,4.910517214754373,2.5314944303014615,1
1.1299569167888694,4.037946655655372,2.7813383204566873,2.3614874100038974,2.0390270461015114,2.231773851513479,0
2.4549425025128375,5.953989345657872,1.854536515838327,3.865637578244343,2.477597893264553,4.374434435962109,2
3.632038335438851,1.6968402952888197,5.483997686564734,2.5061161334916835,3.913103566198059,1.5047471200136668,5
2.1451026646804174,3.8726254546997136,2.706889506196732,1.8195305411531997,1.1549682953602798,2.8167274325964193,4
1.457956039986106,4.727538719989961,1.4938709952800384,2.659739687682042,1.0570546867133668,3.127077358290986,4
3.018876254455093,2.5894278536570985,4.739787088278506,1.9246489030213232,3.22551256807172,2.0802369150450075,3
2.895448823436229,6.89923605805116,1.7764931008668947,4.850965598180167,3.271334317451032,5.070420600174425,2
3.4943122065507035,2.499424651767141,4.7499314480587085,1.900222499143905,3.01315940085221,2.501896458463452,3
1.3351919206997904,4.72189524025846,1.4764839214493894,2.6116966102553025,1.049808497781073,3.1044177474730814,4
3.246217492225425,2.300556152101889,4.630503923589711,1.4736700119656263,2.8551293527317303,2.275697314723781,3
2.4813899123060454,3.5060198937832956,3.949651645391694,2.564408428912533,2.8793786791310763,2.170314698491983,5
2.5817795917151147,3.2025497777852165,3.8168997969922276,1.467644249539713,2.2376335736554323,2.560506671967304,3
3.1387401709817078,3.130353567590416,5.0110004518215465,2.6932137864958072,3.774848859568971,2.2957397080437247,5
5.110543109108184,1.8531756214483535,6.584195691880757,3.1774806597238348,4.757186332575688,3.253855427852262,1
2.663033743541928,1.7341146784980197,4.325581267227826,1.074261193600585,2.54811964328593,0.9691596111993896,5
2.4216642005267603,2.922583451556233,3.576349425321057,1.033785368869501,1.775539378750112,2.224578404163865,3
2.5728570832172357,5.771735913426979,1.3190909475691917,3.5519175262193574,1.7824057452901572,4.389868336855933,2
3.3811380779348585,2.428353063507748,4.693550566170834,1.7236260990095984,2.956049778334142,2.4454049624418244,3
3.728480124941332,1.5490320377869469,5.476591115904211,2.1339057355574518,3.767249628097531,1.9441167814567981,1
2.1736199490722465,3.9274377711256534,2.777128505197944,1.8766948399923602,1.3484756771494084,2.8960646392538365,4
1.7165389774656112,5.044299740822755,2.2480965181729338,3.268441268756421,2.2312595304174994,3.2564766751117884,0
3.0339346241468905,1.953207685275188,4.4716442545119435,0.8886508956215843,2.5838825051017955,1.9384307415967463,3
2.4109059344390684,4.130837289649324,3.0487496106270635,2.187254141535613,1.8733522511061766,3.1512277597242684,4
3.8063720834034664,1.6228581585954855,5.510084214770367,2.241411263119196,3.799036294000109,2.025972618490923,1
3.458303142108673,2.782157925382814,4.852701539318457,2.4467946496557844,3.346469995503332,2.346939109983346,5
2.8744183573409505,2.754964786755911,4.795667254187447,2.3387375108479875,3.461888745795675,1.78324571743703,5
2.075357193162713,5.897140247841556,1.5433175427204566,3.953297915269724,2.459432610424276,4.061562585875752,2
1.3139281869201114,4.744485591142316,1.5789521146421068,2.6178515129529103,1.1655957496293958,3.1277552927222985,4
2.462889595328159,2.0888967042860713,4.434444558624899,1.7167434874017886,2.93473405273629,0.31307142954489886,5
3.081315947298237,2.6564673842762656,4.719110765114356,2.4785263348824262,3.3478013863874008,1.7392873225320524,5
4.864758864908697,1.1556688108172817,6.4362900698721885,2.7854471611448828,4.539396847265912,2.9080441885817088,1
2.2668184113106244,5.939799755460717,1.8346763161737751,3.7804650243172366,2.4587485522528465,4.341509905152962,2
2.961430755341716,3.3002443933271035,3.8744826402694477,1.9460214110031306,2.3362749424843305,2.7552140547227957,3
2.8403085795300878,2.2522025537134946,4.560231479514747,1.5715408695715305,2.9514627638349773,1.7097730291416866,3
3.6692433463466636,1.4056971591058836,5.454565013560667,2.0288041098329903,3.7174901026522167,1.813548875738047,1
4.097720161602382,2.008597274707731,5.671076692446388,2.2300600626556837,3.905197396724707,2.7280766987886533,1
2.378837770680142,6.014219010742823,1.9163996905196194,4.122452862988861,2.7258331987435875,4.2428687177605235,2
2.5253162794873454,2.961044434669348,3.609839017691537,1.2199634555982173,1.8315171925695957,2.277869430646403,3
1.2969848648327507,3.993256761025618,2.703925896958176,2.3964005579094816,1.9191367538647395,2.1666827477359436,0
1.9303003075362453,5.876031184532397,1.4442702131552334,3.891969425969491,2.4183602791908476,4.029981096596533,2
3.2334947012373774,2.809510654725389,4.820906654373985,2.6573130534736484,3.472487590747653,1.9190696116660102,5
2.353247851303344,3.9888458364902903,2.8455043485584444,2.0587244488465903,1.4900113252778826,2.982179752443688,4
3.5600607302641913,1.6385338860730634,5.472213197621115,2.4227463116334533,3.8929607108975555,1.4149083044362174,5
1.2408777781761384,4.048090666118264,2.8068633176130797,2.4065976218447793,2.04930441882951,2.2475384460311667,0
1.9305727339792014,2.8551698130333927,3.450694379956608,1.2413524358933246,1.8619546558351656,1.6060013916850684,3
2.54850149563758,5.78908886614014,1.3543425469481967,3.5484952647316774,1.8453126160966398,4.416242466346133,2
2.243713053753582,5.1033497488870445,2.469828560941881,3.1987286938846196,2.220643224234266,3.6300814775389676,4
4.676682293505382,1.0847080700274223,6.381060264058581,2.9233863877648707,4.592914673504366,2.5001674842614543,1
3.2520002278393596,6.810081356495172,1.6881450424210962,4.529928094988483,2.8482421028940785,5.354573266270481,2
4.173343437017458,2.1854851610567745,5.736577539723319,2.37550214098971,3.9977782293174906,2.85444520287871,1
2.0177394475307966,4.0373150912874936,2.877970772117693,2.3286989888509253,1.832994033420399,2.6773262156317594,4
2.3641769108913864,5.820308210131926,1.3472383313608873,3.7617654792575115,2.100554365848766,4.2267080683421066,2
2.513524332332287,2.9162255796960355,3.577694077915328,1.1675032179801077,1.7553805871208006,2.23717441626618,3
3.6427190134758036,0.9457787983501768,5.3402382400464425,1.908655916412294,3.5491899805149654,1.5439425325770226,1
1.1724241647022975,4.914499951184063,1.9229562886797524,3.033038191088771,1.9255551967651696,3.0544373921810255,0
2.312807089955215,5.9985472511201126,1.8455563761973373,4.088803658806422,2.6922237815257613,4.206136108909109,2
4.116928957819125,1.5914062848393995,5.52966573561294,2.147312589108708,3.6771074067320684,2.497013788786218,1
2.0608677723995252,2.961294765878,3.5544067622343607,1.4498579198411408,2.0205366771754796,1.7627377781102915,3
3.698886837488923,3.091594021436477,5.072175668030547,2.37930370885043,3.5487670992003584,3.072304738178304,3
2.572331229620253,5.009723211303251,2.3135664866476158,2.99193922883333,1.778459082991469,3.8305449747649125,4
2.2192242223117997,4.829571430353787,1.8885414314611277,2.688510103442251,1.181875818089487,3.591994353638228,4
3.7673923808517333,1.4234632292243292,5.456316121563446,2.1527132766176207,3.7115840013218655,1.8696689892106715,1
3.0647263080932863,6.795430251411027,1.4558979395901663,4.658739353760706,2.918932478833114,5.154736448025109,2
2.054911284945407,4.046881327798718,2.8460841307281775,2.3564572297916775,1.8340915501467052,2.6943042340719465,4
2.581714349519012,2.9741931575129805,3.6024659238710526,1.3077170825897746,1.8393696120841854,2.3212430716031696,3
1.097098856455115,4.724321291903449,1.487588287093056,2.5357923468418493,1.0991813095142455,3.1020576468210495,0
3.9191953108349797,2.40904345425177,5.750091644913151,2.949733992297317,4.276367395597185,2.208400372377814,5
1.749612336002882,4.835317308392246,1.8302346335647854,2.836285212884182,1.4695883858239265,3.275255764326601,4
3.6968555363309528,1.2405831126222016,5.397783160167016,2.0290519076426725,3.6431942209482053,1.7464552864065146,1
2.7997865636923516,5.879282206280175,1.716363016559729,3.7215399438865777,2.0997097059627987,4.525391768711665,2
3.895076401935385,2.124378119417132,5.685150602699158,2.467164626775343,4.056920142182426,2.3818072128318297,1
4.125187062097306,2.197889583738281,5.713895775299524,2.7287381292390283,4.0750739673509635,2.48832247205839,1
2.09065464600105,5.9123436441914485,1.603688562516185,3.96569969661744,2.5000702761377323,4.079741368510487,2
2.4568696993628034,3.4362206612044677,3.9614783163469234,2.0701380517118606,2.697498842978262,2.4426049834423953,3
4.988817285671418,1.9681636620689613,6.63073953781771,3.0645211285970295,4.829022079575023,3.2857155881188356,1
2.3048237525303845,3.9809262442698152,2.8513215207453992,2.0164928657009042,1.4823393347718277,2.984178147084022,4
2.97165611206607,2.6563925664256347,4.736316312966979,2.383821842294857,3.367124721794391,1.683909913498126,5
2.0810002837488994,4.788654565098471,1.791470274442777,2.5884121348136366,1.0111872423526223,3.5229634492276385,4
3.6079531932352746,1.6408277850281687,5.4644743206903135,2.4711299853145983,3.8862254351849987,1.432020352538959,5
1.32126357300067,4.8419173521912215,1.8465276665787373,2.676266821861958,1.5477547092551698,3.2540084585259152,0
2.208079231684859,3.9303592680161286,2.791390697801757,1.9061915903983542,1.3548940124236617,2.90440298198587,4
1.93199925353694,5.885429118023329,1.4399243088078186,3.8975485500472735,2.4354228275702092,4.042250093494934,2
2.8585320112203285,2.1506419546327975,4.521034571039086,1.550826675129805,2.8616155040700173,1.5381248105296388,5
2.655600619346378,2.432510714599796,4.604467074522423,2.028044349105427,3.199005524668098,1.276093342514282,5
1.6704965215892775,4.838873258616769,1.8340062468939164,2.805545219971718,1.490026068405484,3.2656691303954264,4
5.977938332499998,2.6246925174990143,7.676260082530058,4.086499803064222,5.881898599539876,4.160411372218448,1
3.6820211656281736,2.643010695890334,4.806499444773748,2.181621482473707,3.1194963095665726,2.6959418378149635,3
2.176059476132521,5.978275090293356,1.7871591513069691,4.028553386210847,2.65128190835401,4.164441196501261,2
2.2275498315401694,3.270534210212742,3.8050927448163727,1.7877679264428967,2.4801527373831913,2.2135765125753855,3
3.151787248466364,2.094629082885544,4.532847263076019,1.208854744643981,2.6936390692694143,2.1059432587718945,3
2.6095291844321946,1.846518695556536,4.373177393704547,1.043985099745422,2.6410191958489997,1.1175303959553222,3
1.6951087476073479,4.115755995530994,2.873146984173143,2.621728463151583,2.1545251238833663,2.4134527343024414,0
4.007096790496744,1.4394141987309432,5.491582431710168,1.9619055948983046,3.624526419154813,2.379585537859129,1
3.0155510661819855,2.601557941548156,4.70921859802157,2.4044650159017302,3.30893257347551,1.5752437076436239,5
2.872223663401907,2.026930085380825,4.453332435774923,1.5153092827438943,2.754752372947078,1.4502036041852082,5
2.2308714524797386,3.335279267121589,3.815344230894822,2.326400883842095,2.663491786648413,1.8026405609729796,5
3.917943163617034,7.771524767156866,2.088700160542632,5.598559604925699,3.8074418396631717,6.1010803428747495,2
1.646143909375553,5.0299496572593405,2.2028267614348387,3.2357322672109294,2.2018610899356936,3.2310575131890342,0
2.04985834234138,3.829691908820883,2.626056394811199,1.7115592281372998,1.0019300517902017,2.766534766774374,4
2.7311646633897926,2.392682408827302,4.5888361685293635,2.081240450889313,3.158803291985127,1.2359267575156996,5
2.0189916249387183,3.178958003390202,3.6605677906153313,2.1150746550661537,2.458639688472967,1.5586420106570944,5
4.680234692389726,1.9082137925655394,6.552124121797317,3.3797796547856205,4.9323603831700105,2.532236057179634,1
2.6727830402892496,5.875474975525322,1.7039018482667454,3.653732035388655,2.1180555905344636,4.528323868436665,2
2.600262000199167,3.085260863098968,3.693713924065978,1.407755072908833,2.037237396921574,2.4618226672672754,3
2.629737682711815,3.193699393100663,3.7963097668496624,1.5197000734860884,2.211084256792951,2.5747091348240776,3
1.7915780593011008,4.082520254675931,2.936198790644846,2.2260815984863602,1.962207573077388,2.716991524991174,0
4.224911379396225,2.355397710221894,5.8026894248880545,2.4858179064534847,4.099050181333062,2.972763834879046,1
2.5971490642458317,2.128950628039927,4.453732115445186,1.8621267130261496,2.951775172408758,0.5696079775129991,5
3.6842648217915652,2.0684995603578624,5.620156464215613,2.6437287099703157,4.102610287282201,1.827836418045391,5
3.3006462310818643,6.117560703090672,2.429103232776567,4.103943730184706,2.694608155047413,4.822587371883402,2
1.9346892301966467,5.035304798924402,2.2806030667055808,3.020235836705861,2.076305489911946,3.5585216157035395,0
2.5142202092850785,2.956733143176398,3.601716519173484,1.1977964135435195,1.8314210289621207,2.291470872836558,3
3.0363546801182753,6.7866013753778365,1.4469038945743506,4.642179902630456,2.9019983077483773,5.1442911217265,2
3.9800622849018206,1.8135588475333793,5.551971765285939,2.480612338862588,3.869109895891426,2.2043556957967576,1
3.1171318710746743,2.0703360299701368,4.5228097524981195,1.1319005658631538,2.6772394397940693,2.0712792026885705,3
3.1978418196148297,2.7814975725583166,4.814176704718103,2.62014551114282,3.4492882302243495,1.8717230056154706,5
2.2973822340868533,3.334729034153453,3.8614389772724387,1.8824304567517662,2.567925141052978,2.2892433257687523,3
1.6915059148143252,4.848777335180686,1.817395700203765,2.818281718429217,1.5225348291311909,3.3081972271004068,4
2.194244894720031,3.394111614951534,3.8776380855936012,2.3281516755133134,2.7571368668571234,1.9173991922771096,5
3.0124345179840257,2.4787352298390255,4.674245745476801,1.8730280686826517,3.121505985782083,1.9629314979648973,3
4.751049477822781,1.9163660794819142,6.551330753013903,3.4480357462122093,4.927185925869193,2.560222112660009,1
3.795055459216784,1.9251042217396974,5.608654149585287,2.3032153810495326,3.954571386909237,2.211158553824183,1
3.885405237123447,1.6402241039485181,5.512447280585653,2.3371472409988074,3.7934459709981327,2.013458820193775,1
1.927081692742711,4.896134471330947,1.9645851779908918,2.9436887219436496,1.665351602699354,3.3836213428509434,4
4.90166493055713,1.6653965879359258,6.550818501589313,2.9082008063873217,4.710409379813867,3.1143184765259444,1
2.7119835748890306,1.9509744919496272,4.420996293081753,1.2578183727242205,2.7160959298577665,1.2826390061346418,3
1.9038895002345122,3.108485797792197,3.617340005760129,2.0051162977326507,2.3745210792209566,1.371332293437933,5
1.966419853679545,3.114602263055507,3.603110685551866,2.0491372754206227,2.371695784742092,1.4369678230346323,5
2.91040648972499,2.077683353551049,4.4886708573621386,1.5845001544734276,2.7964800369888945,1.4845168041571688,5
1.8101356392621308,3.9123064338622826,2.654518983986481,2.136054741075264,1.517790865177594,2.5149448384293307,4
3.6731687927170937,1.13339941943459,5.375476929484983,1.980298735396697,3.604558686484522,1.6496594138383658,1
1.9117259557133321,2.892803587589963,3.48602826492317,1.2531347242153426,1.9198930151917595,1.6373503981787116,3
2.3483835413403615,3.1488315472714983,3.7228797185083553,1.8242337442701457,2.289410813107773,2.0608864048017113,3
2.0334730066676254,4.232132786253747,3.0508475312364522,2.8349546240590513,2.369918529454391,2.6122532577669264,0
4.640758711664882,1.6589550898529526,6.475902123273663,3.299423879010633,4.834382574745999,2.3824775580626416,1
2.1302995930497564,3.890433233693477,2.7146832290917335,1.8173455642959113,1.2286852210069328,2.859368198334049,4
1.8504142108476866,5.062367438727111,2.3563189241010254,2.998849627672402,2.158143694763438,3.5734679137225824,0
2.8738700179651464,5.888372471529032,1.7413106410510495,3.7626968649723564,2.126218166994461,4.5508432048532805,2
4.94949864158137,1.8398257761980148,6.588799904890147,2.9951278971533393,4.774905848591725,3.210805840949443,1
2.8251563062627394,2.3876505880725385,4.591211601806823,2.1641855378650887,3.143527545826117,1.1983868915667868,5
3.2825362638506865,3.2201383387089746,5.078647868010135,2.841552271809792,3.842472845950456,2.3991767298993794,5
2.2673878492819295,4.0188984083275265,2.9199028546712755,2.0106933444865414,1.6072989761808085,3.017258157719901,4
3.1670969691573783,2.0091028792729437,4.494431796786318,1.1923252803790678,2.614593950892899,2.0370557916320933,3
3.2029181367658532,2.1932413693808233,4.590576762072188,1.350171806868474,2.7733871499743885,2.188370820605642,3
1.9528871596441801,5.113485758314685,2.342529012492353,3.389542033702387,2.3748608537080704,3.389680994018629,0
2.20172607062663,3.183401969670539,3.732908685777208,1.7159831268841206,2.348903899176069,2.0677658087377053,3
2.8576790752018133,2.5406837536231404,4.655176297373972,2.2457742043332045,3.270433050678954,1.5185153955779516,5
4.712654711881133,1.176395947254932,6.3997053504724715,2.9733025085951357,4.614998932560759,2.53778163368489,1
1.5725034291256157,3.8180632978630387,2.53666292704214,1.9458416818543334,1.2635707815702286,2.3559822700693034,4
1.2330963441379266,4.126690846684329,2.899947142900788,2.4450235151468336,2.21511593565761,2.3637889041556557,0
4.626958188606231,1.2762186889158194,6.429516962042589,2.8947808554853087,4.654414193222447,2.5386279726945924,1
2.0508712568287635,4.979339032110691,2.1922686714815898,3.045887960291485,1.8980575390093217,3.473348746580529,4
2.6095601546944915,3.2411791556902303,3.837086329102374,1.5269986686609966,2.2905286667979268,2.607571372778847,3
2.5906829432279537,4.2632750674876085,3.2274319182363738,2.3976359308233643,2.1596450684985378,3.3418084920210083,4
3.222785756560392,3.4922214878774156,4.071036633470024,2.3041524375688045,2.599229733838838,2.9575259212415452,3
1.9779783748855646,5.891877586250937,1.5305765881074263,3.916709360480158,2.4543615622447095,4.042880411962487,2
4.010259701027853,1.2623462371174248,5.446068867053245,1.9291879050506922,3.5455102888811982,2.2828799824562647,1
1.6527392817971704,4.866804183908855,1.8621298753296518,2.8120402395001007,1.59113344768799,3.324583761543799,4
1.8720661347474998,4.294219571968217,3.1514130032545213,2.788726803909267,2.506163889767617,2.643493627202253,0
1.6688912552937107,4.122845639455495,2.905493764635196,2.6144350867233834,2.172886436451652,2.3759992890289725,0
1.421360430505935,4.723958481620904,1.4965370549146233,2.644278025009254,1.046868571887531,3.1120714277624066,4
1.3233932283863639,4.065879258391753,2.8350533243483476,2.4462838552618753,2.0801549127829073,2.263853669331531,0
4.7062768366916,1.9421504322643643,6.560338456538934,3.4105782976355163,4.943582955743824,2.5640824712954298,1
2.1386854629569245,5.914085751566511,1.57536268514813,3.9839388692097617,2.496579618071287,4.099305981264211,2
2.317183981885584,4.02372181664183,2.887577862832292,2.0515034166687887,1.5992815375666665,3.02930103897528,4
5.079426614707721,1.70570850440394,6.55573689661495,3.1161501111426166,4.703787713530385,3.177755484911595,1
2.1536097589061685,5.750156138467327,1.0181134036253234,3.639372664991781,1.900763453078049,4.1123333512938025,2
3.9572653762755503,1.4776558796412484,5.49955408798111,1.9030297081856655,3.643330078421378,2.3781953496405803,1
1.1434605823069222,4.05203243300313,2.8008312179351664,2.375684699097795,2.0594484540006683,2.2313985421579847,0
2.528413093591388,5.752495110774854,1.2063800869417072,3.519737467679368,1.717433770542632,4.36465374609464,2
3.9148404500373992,2.20158663553874,5.651866081420782,2.891571831500712,4.152459798247291,2.0681400491209803,5
4.831861756619295,1.543231148846842,6.483625168548135,3.1517021146612856,4.722244595345275,2.728849036868369,1
2.795993435551834,2.4142155988614764,4.5996944539813756,2.1471166539033026,3.168258820022262,1.2278340681751554,5
2.2221754156981675,4.103823677003242,3.0188350345688693,2.0298350014387663,1.833176564054748,3.1027748868907508,4
4.241664019792039,1.812474630635147,5.6103256369263885,2.358856322977145,3.775971037371778,2.632424877673221,1
1.896480418208152,3.1240150141583762,3.6147492215955688,2.0072148496886357,2.3951467982878767,1.418128805146357,5
3.896620385309363,1.6979865550687125,5.539820872768825,2.3627464061501957,3.8238994579321077,2.0609782085306554,1
3.020898120015435,7.028563366279382,2.242172053406135,4.961500007215962,3.5530399439208415,5.235895375186343,2
5.708344995508525,2.343259744138455,7.527460196891528,4.270081809619499,5.861512561640953,3.4567061033593247,1
3.0334934103335756,6.904520470092219,1.815081421994074,4.911264649546315,3.268913191336533,5.094641320552546,2
2.6523386330792595,3.0443867402766775,3.674307322570285,1.447215021026509,1.9584162832609606,2.3903607544738628,3
3.9292668700673374,1.9097564872574977,5.5858304644298755,2.4478817878324586,3.9266661029882566,2.2471226240879414,1
1.518851178511032,4.229508919821848,3.056565278264319,2.606322609839787,2.4028071630799652,2.5355567234075758,0
2.7705690691120695,3.1249248439627086,3.7344769029687015,1.641352610005493,2.0736465560030686,2.5260419995030667,3
3.075979927857618,2.3382791888858763,4.599702606417255,1.886902345596622,2.988634452672011,1.8223504936665154,5
2.690411305547122,4.201403558132772,3.1399826521837184,2.4406527398005036,1.990318811791129,3.277400164995608,4
2.558871638595184,6.082432699802957,2.153625371851085,4.227308903000603,2.8712653855970864,4.315070500422516,2
3.222785756560392,3.4922214878774156,4.071036633470024,2.3041524375688045,2.599229733838838,2.9575259212415452,3
3.115854511698809,1.9339090652783193,4.459369930119962,1.0539919389000754,2.5541854800265433,1.9422022608474059,3
1.540883367620904,4.220122938885595,3.043254458224394,2.6088647909904834,2.388929240841271,2.543023339466356,0
2.0999487463263504,4.833941416751247,1.9387202719372527,2.6243846805308313,1.2421419470178912,3.583148469616295,4
2.291352928170025,5.845237901444578,1.4330983831914352,3.7425201995438604,2.186830751890764,4.2527968999393835,2
2.6595085632123,3.170506607946673,3.7684476534336064,1.5401268621225657,2.164556566822856,2.551998062454264,3
1.1818274407850293,3.8067923022950554,2.525381911500533,1.7386149603167822,1.2765288005521482,2.282097507653662,0
4.563987979929281,1.457657449245995,6.429420000717871,3.194544612571557,4.77004214452985,2.2280213413517176,1
4.62318887813577,1.6026487188410594,6.4610750674029624,3.2729967485049802,4.816397246890669,2.346441698285183,1
1.7515857933145917,2.71820144630433,3.342549520731611,0.9254091266946451,1.6333345552642307,1.3173126525699406,3
4.2138307700385536,1.9403520988091412,5.64622660342988,2.3576356976130333,3.8455001226619454,2.6814644166477675,1
1.4188002756385019,4.068822494765887,2.834231072392102,2.4833619450868367,2.0799850270320066,2.270633899575845,0
4.679422756492234,1.1904419938135078,6.403562360605359,2.939266548160397,4.622409026680806,2.5213043279251033,1
5.86323402483735,1.9228286193268918,7.466821783703957,3.841890960150743,5.584962370232245,3.784031663404089,1
2.4336924415431445,4.020925176211627,2.9077054903872095,2.1393191101649287,1.582524332455511,3.028471869093376,4
3.4773876191995696,2.4275664470589304,4.68584944876138,1.846877911116395,2.944910313320019,2.4646908251063633,3
2.0676382734660597,4.7960164736102335,1.80651349232429,2.5845273923895267,1.0592887216307991,3.538091780188694,4
1.822236941849336,4.044240141638182,2.8663446564459134,2.2207365597642403,1.8645855731488405,2.6857295218740496,0
2.875456772461992,6.817737980591802,1.5861070070997785,4.58647263280013,2.9989675326737744,5.155207638039098,2
2.597025692842979,2.177663851188896,4.481141377643725,1.8791030068944707,2.9936144153378184,0.6925851537237228,5
2.435593599525038,5.874698405525957,1.5473556378617241,3.8189077143674988,2.254084386033105,4.3016009405321824,2
2.805785041058006,2.7044734789631657,4.760871368858748,2.261240170393836,3.423002192884572,1.6914150336677052,5
2.2484697183991154,5.8107832861131765,1.3135308470600178,3.7091802072174764,2.0809823330125816,4.19981215396724,2
2.7669871394721053,3.22964346125113,3.837877978442817,1.697066472348074,2.2598599763128515,2.633311510695506,3
1.7011635182566942,2.794378127675319,3.4094113542029088,0.9323323322758028,1.7796914880524812,1.4335363499605536,3
1.9817373812167327,3.189937910760431,3.689972152473533,2.0942479546078947,2.4889233670843107,1.5511252169496876,5
2.168803083805923,3.462814476356306,3.917945783861819,2.343766878330793,2.84866267623161,2.0453524362012767,5
5.576774748429645,2.1573370951801807,7.474309736062029,4.118370921581853,5.794969886231299,3.3153430014757763,1
1.7297077133677128,5.108150792027867,2.3543389630767106,3.3034505908237217,2.3861379714464794,3.369990476167587,0
4.004968414701968,1.6001523742343018,5.530360901698159,1.9989722562764982,3.696079140691082,2.470080330805348,1
1.9779783748855646,5.891877586250937,1.5305765881074263,3.916709360480158,2.4543615622447095,4.042880411962487,2
2.567798243882637,2.1728323893091543,4.47254645490876,1.8491019130043655,2.992593257886875,0.7283629469108639,5
4.98140515711142,1.404524903832846,6.48044552212861,2.956700445657789,4.6022825124462114,3.0345284734243605,1
4.769438206663841,2.4226654839882342,6.722350408440316,3.5633029986806655,5.172073349067704,2.9079953279771464,1
2.9529624930724365,2.6512662003951064,4.719343514269963,2.3662416434571987,3.3606383515749556,1.7010335423490646,5
3.664436609241402,2.717010574196369,4.83538655027116,2.190561810552193,3.1859576814767157,2.7333358237840044,3
2.28462931484285,5.9729383630451345,1.7847711512572886,4.067418216175466,2.627227553327072,4.168759443214916,2
1.1045736207088468,3.9203294042070667,2.6107158500005907,2.291021942327897,1.7591173628549628,2.0264059595455146,0
3.2944076236609163,6.818632637066675,1.70945943264305,4.554461901307306,2.865310852077159,5.364443026249076,2
1.2736946916900427,3.7673358644658905,2.4528626712653696,1.7564285558932269,1.116593800926877,2.2339250402194932,4
1.2778077920420334,5.021946662416338,2.163369322248408,3.115963636462416,2.206901850248679,3.216959040542022,0
1.025120394831868,4.9222614644622595,1.907951433567626,2.9997712749723484,1.9531078982035075,3.062086905211531,0
2.862569989342895,2.304794599123375,4.591512224639867,1.6219639328929674,2.9961545657947197,1.7618216566014875,3
4.854928480057176,1.112809657572227,6.423718517873618,2.767905874352232,4.527172445432192,2.8822890623139106,1
2.671555557255216,1.981885286726494,4.436216116688536,1.213622991281169,2.7455107132984984,1.3073483825295342,3
1.9174077392787199,5.262850962564025,2.6807787047158422,3.4474726805813374,2.7245376136735175,3.574701685475792,0
2.9253533388142703,2.0780099876213867,4.468709703884372,1.6042027117579531,2.7864621637533875,1.4996156942065637,5
2.3819087458365997,2.8802196048329307,3.546664468282531,0.926690427140376,1.7070043814123665,2.173289822871848,3
1.7844539139176407,4.855411445316167,1.8535094244493098,2.8617869119162007,1.5314047322172362,3.315801124015234,4
5.679941717727462,2.2883621346842657,7.502429157191017,4.234682557109026,5.837915541560406,3.4156359130030474,1
3.5102029352265767,2.452632901696268,4.706625520029225,1.8989698401389434,2.966400960738918,2.492657230809627,3
3.815345574717289,1.565028352527423,5.494481706547074,2.239516949733785,3.7682788019487856,1.9422404778413878,1
2.227156687801043,5.838549367420688,1.4165707767273559,3.712468552899497,2.176181909938783,4.233247230581598,2
3.620130289678847,1.388831542454221,5.447954067143385,1.9645792571735032,3.713949503859506,1.7866353951168132,1
3.358270503773601,2.229218902228174,4.601657111240673,1.6048147659499212,2.7775506262306093,2.2362685741378123,3
2.8393713950882318,2.635941114526482,4.732779569561323,2.264896339387068,3.3610918307554587,1.5958920778735504,5
2.1803833777282633,4.804093100543272,1.8333615142518809,2.652633108145788,1.0680841787542565,3.555491356763947,4
5.930768597408624,2.0213043633837704,7.485028060714151,3.9276795000506697,5.613838529009466,3.8563597876182354,1
1.3830791080928977,3.907351281176375,2.6674385727854335,1.9033758599413244,1.5560294598449445,2.436308505597701,0
2.1202718675216135,5.978136100390425,1.8143085838463813,4.007819816647142,2.661104069884498,4.152954431290501,2
2.100032065296239,2.977485216669053,3.5467698440707998,1.496599537562925,2.038714003969296,1.8196380771707974,3
2.1486900942456058,3.861017957638631,2.6883498851764793,1.8151659996442722,1.1071028156219453,2.8109510065070484,4
4.1785930862859475,2.277089105824797,5.738775575172418,2.804206732961799,4.11384950009952,2.54975879088447,1
2.116654560736069,5.736432041909253,0.9110054263117462,3.6179304432174395,1.855312143828655,4.102267462422279,2
2.4119462642172236,5.111142228995145,2.5551811460327487,2.9533926519893057,2.1109170533867783,3.915135859080313,4
3.7597980777051063,1.6276929622456349,5.497721298594747,2.188778159853023,3.8010944585039703,2.0128754960561874,1
1.8660149333203286,3.9663805676362114,2.761263728802103,2.2023492923420616,1.6556783342425214,2.5637460050507412,4
4.653662508013347,1.0308556208607946,6.38225345106341,2.891888084377572,4.584600839738492,2.46092447541511,1
2.6614115310418707,4.120106356829717,3.0425282999404284,2.371626185011022,1.8109077809183758,3.18787096203152,4
1.6808907131102866,4.105088170405554,2.8719192765562562,2.611632432598183,2.1298715037199063,2.3739573333700603,0
1.502481135111234,4.004547040616504,2.8126786196813276,2.0253716839405618,1.8015852693127623,2.5795363573473424,0
2.6318232219468722,5.820446013931584,1.5203085454967071,3.6058523648202416,1.9435569117871219,4.44260110053747,2
1.7681662677727308,2.7316543727308717,3.3509493079847115,0.9564283827168861,1.6602667781109837,1.3584398628143253,3
3.82089061838928,1.5004580534011034,5.477380797960239,2.2332392848683895,3.7367106108819246,1.9206543724403706,1
2.853535553550417,2.068776597736448,4.46127607545323,1.5085416330261898,2.7882623060788565,1.4892674904449532,5
2.252040096543988,4.907981961411283,2.1073162053087433,2.750224507380599,1.5087130482811222,3.680980870436794,4
1.9845827632801158,4.938499532792196,2.052227737091778,2.993992071429886,1.7744306371339675,3.4219226298973875,4
1.881037456363504,3.1404319094612667,3.6330380672457414,2.004723542994992,2.4245686857290347,1.4722958547619331,5
3.239656107816101,2.858727236526189,4.829310730193238,2.678969538799317,3.510910211644972,2.0034594351634625,5
2.481741738442976,3.0689815178148647,3.691209910842012,1.242865360596097,2.025766276996986,2.413980020895535,3
3.1186490854748006,2.0692736052583087,4.530522743523088,1.1376612686771894,2.673430621290641,2.0493522101183475,3
2.5064374571405357,3.023678767484073,3.67034327281236,1.2413704559108911,1.9510310074833748,2.3574352196106076,3
1.752371365117188,2.7135248704388095,3.3392001759295056,0.9199978705646037,1.6288940109295982,1.3176349223979833,3
2.0677078631713615,3.054793769907591,3.6336977601560756,1.516788145218508,2.1685536081917216,1.8815987442670927,3
2.6872019659700683,2.2227108774258832,4.495910988056678,1.979484636756845,3.0196168397383243,0.8673904264025009,5
2.879939975975291,3.207672957051496,3.804432682346454,1.8101801242174114,2.1988906887546764,2.6418886041971885,3
2.2104080609842205,4.845066810262974,1.9345062310090144,2.6932342731723065,1.2481796112984185,3.60457354463254,4
4.136997605817037,1.8502593025233007,5.604756095801975,2.236422937727678,3.8073588431933016,2.6381537369515073,1
2.2497358898101303,5.800141367677351,1.2822735433590131,3.704555521924415,2.047238058999398,4.17384144144128,2
1.0194078492594627,4.889838619588691,1.830887659719451,2.9823702684014486,1.8575449012272096,3.011714280645938,0
2.124067286794515,3.450500701599056,3.9026555533917557,2.3087369569074663,2.8369138004497922,2.013591115724667,5
4.545535318091393,0.6729778381552658,6.334438685001433,2.7373728124879912,4.521364886925851,2.3143278535418044,1
4.609634808560769,1.5499483212748657,6.451095118962581,3.252119200033443,4.798570122848286,2.3025126633449093,1
1.6852045362973398,5.027233049089972,2.165848839967279,3.2494515901567644,2.1796927235272374,3.2461727748537554,0
2.492954739701791,4.085598758340127,2.9776329479937815,2.225448461178753,1.7328179938133976,3.1213389557843514,4
3.2978724830511204,2.62328478493902,4.768776374193416,2.230235523893039,3.2217737109932325,2.152632808704045,5
3.1136610050827325,1.934063313317584,4.4626729281531805,1.0489344750512408,2.557361080748966,1.9532554286781896,3
4.156496033694843,1.709631961200588,5.565683706235911,2.225147615578112,3.7335319176347324,2.5605989055223484,1
1.490654744045,4.097763599098073,2.8814808220431534,2.5262023207140296,2.141108350208249,2.325002119777521,0
4.846533064898495,1.4589588538110587,6.493145744724371,2.808153956548368,4.63795859594205,3.019547981805827,1
2.151317654564414,3.2979817020209063,3.7832126237555057,2.2572532728799404,2.6193302128666027,1.7297328831029934,5
2.52105695665705,3.098864074524082,3.7326839125473676,1.3176823591825275,2.0768182216373194,2.4363434863625146,3
2.1575056268905817,3.0989570860222733,3.656734561839644,1.6254887334660864,2.22684330400047,1.990294415378503,3
3.5449587942111034,2.5269045906338286,4.742483828171446,1.9738492617887617,3.0270906474776074,2.572019976593178,3
1.22218809987163,3.760533602855257,2.4587967784261964,1.7265872924054615,1.1071349089594196,2.232596900759387,4
5.55804318058761,1.9899196080426176,7.418851123923617,4.074081217215729,5.727245168147922,3.217452171744907,1
1.0716505218906953,4.961146079387015,2.0425369416606016,3.0315225325070023,2.0619132994144014,3.1069873518933018,0
4.07595691028006,2.492305057323758,5.8241808870051734,2.7576208731486562,4.264483748043533,2.716488529372688,1
2.828452237887615,3.217570787211964,3.8003571495469153,1.7609457031715288,2.2128883877075114,2.622306982447172,3
3.088904847512328,1.9439870760305988,4.468595399470631,1.0015380784516605,2.5726275035713195,1.9556285004466054,3
2.6305173094827956,3.151064302301899,3.752353806375734,1.492741550917953,2.135995664617474,2.5145265475669345,3
2.0257850379693614,5.743602051832847,0.9355374904538943,3.5851248709930132,1.8939853453309505,4.1055930929244875,2
1.6433740760472542,2.690744050378914,3.319036534729081,0.7455576255198609,1.5979201913340877,1.2622254413849445,3
2.2676444318858433,2.7960667897691835,3.4701355943162127,0.584490640176923,1.5621979759319358,2.067354029571981,3
2.288734289393844,4.843974371360523,1.9410519168033815,2.736186583106516,1.2365524121584832,3.6165383335869747,4
2.0942500196739737,4.127361175022995,2.968224439135593,2.42152568472472,2.0325210598946235,2.832552264266116,4
1.2721972703501305,4.026818264520193,2.7569518796373917,2.406761375410415,1.9927990909029976,2.220510475063754,0
2.7456439812081266,2.3130992448694916,4.553788558425268,2.0660534954152356,3.0906826823222118,1.0633022177852267,5
2.9713560809197683,2.5996435812891807,4.697128149157866,2.3665268598786513,3.306963915993006,1.5583638243168814,5
3.970298572936947,1.4004102388245514,5.4835604525306145,1.9015095435465998,3.6112788987863618,2.336170434409034,1
2.2431629466357648,3.8889162883277058,2.7139191998900456,1.9083438764109848,1.1933190893963337,2.87345048812759,4
4.321794830944182,2.3015230776888234,5.792415875073101,2.5828580662182192,4.054339032791391,2.959721548729263,1
2.007177715435269,4.940280411398078,2.0713581725051022,3.0053213257565616,1.7816223490033352,3.4382738448410297,4
1.6626612662590516,5.096359501355376,2.3229122866169103,3.273325386603936,2.364808349992219,3.3443182832150917,0
1.5573741821551188,5.087708179239691,2.3365656167864155,3.235424779558706,2.349441748547927,3.3094040557778186,0
3.105938104079718,3.0815245659755983,4.977406286963114,2.649023954497095,3.732290549147844,2.240668810785462,5
1.9241817620926884,3.0693154457694267,3.5708095985659605,1.9988901761876536,2.3127985838368232,1.3375400866271487,5
2.317906208024178,4.941115382917159,2.208727978879627,2.8074012493234997,1.6108057735285881,3.7074849555193556,4
1.9653388317803726,5.703703834316477,0.6971752446437045,3.542482249009441,1.7598821573459325,4.042698537960308,2
5.786359224826479,2.107885413247012,7.485943191818662,4.05674818701568,5.707885788354228,3.6120326815715424,1
1.402025688944617,4.856111029389845,1.8883415336378448,2.7114102683848786,1.5953397183401756,3.2842329780997783,0
4.860059806262107,1.6777257404125596,6.514117975574698,3.2025253966158127,4.769041216042991,2.795160018226279,1
2.5953654280711898,5.808242744957631,1.4540392775416742,3.581105962826237,1.9078041523232034,4.429926666243654,2
2.668299388971062,5.910336545790151,1.808987674570233,3.6702185367955726,2.2157464940414813,4.554324555102231,2
2.084530252629835,5.156055060623143,2.4880088297681593,3.4646740590209584,2.464280147089027,3.43160474145483,0
2.738401847268262,3.3344067869873713,3.931980953031202,1.7315277313593522,2.422637179105723,2.7114400581473994,3
4.725715743679556,1.289050013739432,6.427752195217178,3.001988946083249,4.649121684561967,2.5857985056231167,1
2.5947034475707373,2.174575306323404,4.474047566655819,1.8769416707310533,2.987436722245007,0.7035415377835281,5
1.9614860056090002,3.0966458014939824,3.6039069740738165,2.0368302031246195,2.3516138010506378,1.3781548600248967,5
3.233339584603037,2.190494695767301,4.58118346532932,1.3974096991928013,2.7646895749143097,2.207920510545068,3
1.6465501920755508,2.9957112302837494,3.5055502164000045,1.7822754074239437,2.227994104469117,1.1234650835821276,5
1.0217688290141254,4.004013225418079,2.743377104456293,2.309704131474172,1.9692280625202223,2.153173475557242,0
1.3974788702359968,3.7525421105609422,2.435678519115945,1.809462005978705,1.046926165216316,2.2277474408784563,4
1.8887894517898398,2.8734894484590146,3.4764799327462987,1.2109190944373587,1.9000071866825174,1.5989762835149977,3
4.75026820943267,1.5410152138845323,6.473973977323908,3.065069240774003,4.729164666066967,2.7092653130135442,1
1.5984532780431628,4.797211071520576,1.7163433165786595,2.7518093862700943,1.3546485991023907,3.22195700170433,4
1.287892929397408,4.110411606805303,2.887877501434987,2.456768529734231,2.176371243972131,2.341973046472542,0
3.6983667666969193,1.7270339846635614,5.501041179094803,2.57869778835502,3.920889996106126,1.5401897596913898,5
4.886503669822409,1.823966339512446,6.552627189756557,3.2550423419742467,4.8247847737104745,2.872014279863505,1
3.3094308412271265,2.222245639175315,4.58263012819086,1.528405016887778,2.778348965362336,2.2575544742237152,3
1.1796084315766797,4.773238478314498,1.6411138513660395,2.589782356761115,1.3060160370028018,3.171823448011764,0
2.860898953751022,3.504709816506696,4.0637446605349234,1.9575709924059594,2.661238765436178,2.92118221008159,3
1.816635908437683,5.053737127734253,2.2491343336505616,3.3106551592820854,2.2370767846977033,3.2768339242886184,0
4.6270532061835175,2.038884564290129,6.5896060154506335,3.3525712861032613,4.998141774938295,2.5968430505884306,1
1.7384312334851515,3.061404996619726,3.5658146043154058,1.8744859141085657,2.320402960708471,1.2935740247048095,5
2.342435802587722,3.445026162939322,3.8883892711633803,2.4491135342770693,2.7980917592297274,2.0282087387477366,5
3.0582999528292913,7.015838336013465,2.1935528847806545,4.970294029414837,3.525363461561545,5.22806459836843,2
2.8161823205399044,2.199357497727688,4.545635741215919,1.5201758894454678,2.906544801538547,1.5907912135870768,3
2.8419431165393325,5.934039358404314,1.9059400075852029,3.7706875146795507,2.259926674195762,4.585358459329658,2
4.162355281376611,1.8162234909671813,5.593830777011956,2.261291244796285,3.782863772932059,2.6290041779568445,1
3.7653549186495487,2.0350902634337924,5.593091280517425,2.712276832677113,4.072234162084022,1.8455178903875402,5
1.7401460368507093,4.837505676942519,1.8415443070828266,2.8330077996681013,1.4840595244572965,3.2822677489668575,4
2.3331215435537045,2.85777221273809,3.5242231334429674,0.8110043040199062,1.6733285114184329,2.140217817503182,3
1.6322397555850745,4.964489652199545,2.1457066591731624,2.8584944067838154,1.9053120151555538,3.432756021819622,0
3.8095631488026678,1.4626123890208376,5.462746294264024,2.212116846461935,3.7196927295900215,1.8970536590254936,1
2.6656508173420175,6.093372052328198,2.230946639417821,4.027709099019479,2.79758428100962,4.557265850868089,2
2.6564076505848973,3.022573603264328,3.663158359956677,1.4387273152580813,1.9219922718140938,2.3882181492453936,3
1.6684268889097447,4.810142422679002,1.7267898908002457,2.788628524324981,1.3793915446372786,3.2491270088622097,4
2.159156078901559,4.787645676654902,1.793342958190135,2.631162613881336,0.9893336962710122,3.5320828818929613,4
3.0078264659962266,3.3678903994272016,3.953196905372581,2.0306826686095736,2.4361976170893507,2.78299926581219,3
4.042014725842407,2.027009239093189,5.6499737641062575,2.5987314772524712,3.9853102836287957,2.3572681336002925,1
5.01098919937813,1.563222784211479,6.517612107987678,3.0171427837910443,4.651469695888473,3.087589166434091,1
3.032126726227459,2.326674815257183,4.5993130340585795,1.8291131305698647,2.9952563003675206,1.847299099879063,3
3.3596523333761286,2.27115111455252,4.611964856127094,1.623287597068206,2.8152048523888347,2.2764995235264616,3
4.968750105336701,1.3554253022092386,6.47395248384995,2.9356202978080517,4.586690926536419,3.004302849564194,1
3.2536155196242125,2.1047402079632436,4.530886655646626,1.3876808952458954,2.681779846931324,2.1192302329217703,3
2.11819659330999,5.17478255273413,2.485426997688822,3.486846100025835,2.4999874471603385,3.485483513716587,0
5.6950688449676665,2.3202429530519297,7.51771625649764,4.255240428927275,5.848976088469921,3.4375692199684744,1
2.12708303942276,4.884554782909726,2.044004638165909,2.670066483029623,1.4267246955046402,3.6375400414310293,4
3.62953544512354,1.0877225958784849,5.365538251153347,1.9154251799200765,3.595214725520523,1.6125662815573047,1
1.9257364011412446,5.124172932812133,2.4168429090981247,3.386271908774978,2.4020589745670717,3.374974444333076,0
4.743823899308995,1.47885667058162,6.4620758761123405,3.050717060969768,4.703374115480683,2.661671807320197,1
5.544908440153714,2.0529677722063555,7.443520191248901,4.072197089911268,5.754402119865877,3.2387099024113897,1
2.637447153559336,3.54999895495821,3.983643895222359,2.6879714040221354,2.9188502149147,2.2581259238547613,5
2.5982126257778266,2.944786268254537,3.5929956595204073,1.3086265935118189,1.790898883758326,2.2987895632980777,3
2.771153031777415,6.678024186622332,0.7713265435214142,4.476491398752885,2.6347894638415434,4.992473244101783,2
4.48952612398524,1.3484240173286217,6.403275320147048,3.105907446452479,4.7419054418105455,2.145294683735087,1
4.550381175042138,0.9202609115946537,6.360721918972801,2.7654840310692252,4.567721420644256,2.384468158909139,1
3.5930867455688262,1.0441646359679593,5.359175349218599,1.8604344088356475,3.5849180461011665,1.569038583207059,1
5.577999371020559,1.663754485983298,7.369471987762959,3.782871836696389,5.564579052266203,3.345624950684112,1
1.833252762285614,5.931304668936181,1.6638587932218005,3.887380513549237,2.569086406382879,4.084034641986597,2
2.393033970092959,3.9726763158612064,2.835828900502816,2.0793131624308328,1.445160054442165,2.9901160612276576,4
2.303926122807836,3.1031743583466973,3.6436641994933243,1.7578839307688525,2.214969423833537,2.021566266721173,3
2.7835068648809327,5.890965546989793,1.737435828054567,3.7171297354926813,2.1482466900956743,4.556312158709628,2
1.293779979020521,3.8814854958894194,2.641134365354397,1.8420962117724942,1.4988589014204252,2.396854172836252,0
5.451689303753574,3.0631219753770633,7.042171124967406,3.8015055655367376,5.373988271636387,4.002229895645808,1
1.8267075440774958,4.082520418986751,2.924644502675509,2.2458027208436295,1.9539835672492563,2.7265550239002763,0
3.6556822790242007,1.223067677527505,5.395709639832056,1.9749949746489235,3.639394985777165,1.6919174289840702,1
3.7387075591000434,1.1630758698210726,5.390546897425703,2.0677159192094994,3.6097848534854005,1.6818493881336884,1
2.750126989739818,3.5563796859633765,4.080371094168921,2.36602915914434,2.8361941959680284,2.6031429266469837,3
3.6429084823936773,1.8933580390700349,5.560272427540431,2.561511649207495,4.013621259405872,1.6847485097085209,5
3.1670969691573783,2.0091028792729437,4.494431796786318,1.1923252803790678,2.614593950892899,2.0370557916320933,3
1.4573374518086637,4.073529796351157,2.818492508199789,2.4994977936352476,2.0878078593544287,2.3074478546222665,0
1.112560358772065,4.013808141914729,2.7477317356166076,2.3438209035052653,1.9829829542196689,2.1982017545528287,0
1.6967755449826007,3.8701811624026186,2.6178992381298247,2.048814065028109,1.4045719303707482,2.419448868320049,4
1.726768742903684,3.871396028809935,2.6182956265801725,2.0639566654691133,1.417390559583646,2.4399569096509675,4
1.891065647233238,3.972870652450481,2.7763968138927315,2.2175317291293,1.6856044856956955,2.5849666963659397,4
1.6928922877451356,4.179509297551572,3.0014753551276563,2.6539505969947244,2.291064893460457,2.4704115386212657,0
1.4374785276270092,3.9142408094235233,2.6947973739312165,1.935016699797045,1.5761733461280438,2.445963395986705,0
2.1598515796035462,4.796005127089211,1.8343257278065124,2.636066494815642,1.043246650483081,3.5418780399148657,4
2.554524844726663,3.0695724475017143,3.7104177317949523,1.339910577673142,2.0234139904161,2.4102662093550387,3
2.3836701351540053,5.074251554841031,2.480434447524779,2.9182986236094988,2.0075764477774727,3.8635940174629533,4
1.6505842947003253,4.911623043640381,2.016920771877557,2.8357005909641053,1.7492950121660606,3.3817223394736002,0
1.8178168319855075,4.132359846007994,2.9832166328212804,2.269250303027964,2.0663296641136273,2.78714709856127,0
3.5898655773810675,2.6346213758659354,4.803360751581566,2.0702965394160873,3.1254931517137745,2.6727155150775563,3
1.3469535224548321,4.120173956224916,2.8968560257951532,2.480918153958772,2.201195542630069,2.3736188359973784,0
3.290209233564631,6.7720101681347,1.4993896421657915,4.529755332654868,2.741791527021982,5.321867287209472,2
1.911082758102111,3.7739071385554253,2.5455417428346063,1.5552047065257817,0.7758662372145788,2.6947100495119756,4
2.107624924080391,4.026453939966555,2.916301876032524,1.8928159701969478,1.648489366813171,3.0004857802681673,4
3.0830633684598228,2.677251798157949,4.7467991369937526,2.487604659600038,3.3675009078047395,1.693526512364734,5
3.5828598517994474,1.5824500864410491,5.449786511388989,2.4341970975482927,3.8615110794612693,1.3464583817325961,5
2.3112928277471667,3.9451476430236543,2.7899614935321693,1.9968922777148423,1.3756608384921778,2.944001567276288,4
2.8602357061318613,1.9701619250445663,4.420566930565565,1.4741348519463415,2.709161517901572,1.3607861565874844,5
3.4093974860346137,7.21005276642519,2.7571064744249796,5.208585566027402,3.9064647967695625,5.48255784733067,2
2.6489723778989362,2.468863296867526,4.635019106391506,2.0362052160859356,3.233078513808194,1.3027810799440878,5
1.8322447998797264,4.865899239835081,1.8583373734181727,2.887009823390725,1.561003521344607,3.3315194040041862,4
1.5523189057492996,3.8173822777096023,2.515351777500099,1.9338552497160877,1.2568305249437655,2.3487517467029213,4
1.71884022268558,2.8188624726314098,3.431147495790204,0.9772726571755922,1.8202856831421614,1.4784670447836323,3
3.0840120540017435,2.6434854712489466,4.7672771345464025,2.0165774712995956,3.265537168593787,2.146119489006673,3
2.8639895759520635,5.905784306353374,1.7780381889659265,3.7671261667675764,2.1731798478345845,4.57841158915883,2
2.146540480649057,3.051139516080818,3.6329262964849196,1.587595265057063,2.1551099694884948,1.896286287272365,3
3.7029815771825394,1.2233048432572544,5.401470068119286,2.034162897413831,3.636811176933063,1.7305899959012454,1
4.127455093796908,1.5847155031224456,5.530349518558798,2.158254584250519,3.6756140899901864,2.493142820684334,1
2.539743303591448,4.122669137691414,3.069376253351153,2.2809992168014626,1.8399914336866543,3.149128580319572,4
2.6136394126555955,3.5894555869011047,4.085490572409317,2.2736915683174415,2.891954692199282,2.6313941868539907,3
2.9698187335147783,4.3798617317629445,3.3647101900096543,2.743088772887886,2.3361170236748947,3.487841162240164,4
2.951005228245694,2.562169742728618,4.684586930205663,2.3340879549489966,3.283591786493859,1.5134449664758443,5
2.0436826387004268,4.761735335764144,1.7370671200171655,2.551995383891877,0.8783462019676606,3.492375674805635,4
2.8232417791389586,4.258352208528937,3.246912864320247,2.569414410799703,2.114825336980095,3.3281880363004603,4
2.539985469091985,5.828428096733704,1.5596027964546628,3.5641782691678316,1.9893641197524061,4.448259767738294,2
2.4729274543518973,4.179754774146615,3.1361872968039157,2.265611985319559,1.9771691360446093,3.1952997965496204,4
1.8104585283931218,4.028736843831246,2.84615132604552,2.2031743315709753,1.8341960262366146,2.640868911073964,0
1.765304445649665,4.100020236300746,2.9662516244044266,2.2209375267893816,2.0099952848108575,2.7290774340092296,0
1.3023201254820065,4.743206260617962,1.5332402453580671,2.6133340416562496,1.1491380459920273,3.135785484541563,4
2.006020319333518,3.897673556025215,2.734226713776704,1.7234104025322892,1.2806654384942073,2.8504130854820664,4
4.09508420802333,2.0441248353227395,5.687033562198931,2.2376101662746346,3.925487487884096,2.7392734631737885,1
4.230665034293029,2.211094635522665,5.750723233255061,2.451199607472439,4.006364737573258,2.855497507933275,1
1.63286498856707,4.836335911544168,1.8452295077765695,2.787613983664665,1.5000176341240536,3.269262131109333,4
2.2816264273441647,3.9804806838090863,2.865461698658471,1.9980261998971194,1.4881977539617837,2.9514072108690184,4
2.333957223150687,3.368053883752253,3.8457873979161548,2.4097566721463983,2.6979094542657207,1.8847426610957743,5
2.780483583109656,3.1365155624750964,3.757931624511071,1.6584512006495693,2.097776051500299,2.5071242450098943,3
5.232338189496624,2.1725702215930407,6.6909942942048035,3.3701780518297353,4.896603041848783,3.4629394134057145,1
2.5580700154374103,4.9941140076740105,2.2649301805461546,2.9747899135847033,1.72889877378607,3.8070039554514845,4
4.958608138449786,1.5274750973510933,6.5192495564496555,2.9507663910537167,4.649483390311962,3.0613030006960553,1
3.1283712588097825,6.722741514637218,1.2880552073766065,4.427292563025798,2.627720096157169,5.253563460367689,2
2.599607689082214,5.032514956160297,2.350010356965453,3.0181299405766486,1.8505568705643036,3.856834730535418,4
2.3948237056091206,3.9829108831971283,2.8434619360286866,2.0880424020735475,1.4675707291245128,2.9989663675042517,4
3.0332068846335267,2.3695354330707157,4.638285122503285,1.8498034231899296,3.03213508099205,1.8411330751529837,5
3.3448841251422343,2.196423678598495,4.579475284815612,1.5678029897287282,2.7544689557337643,2.222609464117938,3
2.8300405670967748,2.628297327679348,4.726607132305691,2.255227332605264,3.351722178127341,1.5643666391432267,5
1.5670348675977293,4.065461283852974,2.810026141307979,2.5402542252594755,2.062467710785182,2.3110132049330585,0
2.6376845318760354,5.014117614352741,2.3451290138087977,3.031025490824274,1.7959952032825857,3.830969239541829,4
2.246795860554717,4.879604455468955,2.053734158806273,2.732026294500751,1.4026159675282197,3.6484911595215803,4
1.2797189350068583,4.755206102693312,1.5644225320460146,2.6118963091383676,1.2104639717166097,3.1563254949795776,4
2.3482320696074273,5.986864493381474,1.8061759758951086,4.096940373733371,2.661250673401442,4.204081049549269,2
2.6914089889028796,2.410039044187434,4.585716904956303,2.0510505743186167,3.175245166155053,1.2423151152457608,5
1.6233597166432792,4.110785673834675,2.8875250925927767,2.586929238907068,2.1603703214683403,2.3904644959593795,0
2.047063739231831,3.0893201179838496,3.648041766970367,1.5165790967982893,2.2270061807807933,1.9380897703928595,3
3.642113607083343,0.9885651918824714,5.352740163514441,1.9145933137246927,3.563614404979676,1.5491947407743265,1
2.386118447216306,4.147756021313283,3.1011713382184887,2.1810947202431104,1.9202229240827002,3.1633335550682253,4
4.554027893395432,1.8266851630748009,6.5240628075310925,3.244202167404805,4.912334605542807,2.4573131586301806,1
3.5262344511920403,6.884426109920676,1.9410194745274636,4.701373113585816,3.0071017877096935,5.462349174104343,2
3.137798356096481,2.044489409752681,4.502233909534697,1.1565908502929583,2.6479372765457456,2.0600425466923795,3
1.839659633030918,5.046916474141813,2.3430215153292466,2.9874697800231145,2.1153552332147227,3.5380669246273686,0
4.873315188625657,1.2878118882962106,6.465102855566531,2.8139075706416268,4.578757121094092,2.950413742541858,1
3.7436440704208214,2.1631210047742044,5.662796645360255,2.723536410123288,4.15329272357637,1.9575371401367645,5
1.5484368384287663,4.08868718432738,2.8430258840337124,2.5449063564621457,2.1110322531124743,2.3279055025763316,0
1.3692920473642587,3.9970864751987984,2.73158840475133,2.426596932043412,1.9255468101502804,2.178056305962967,0
3.3005643958846616,2.2094890847232276,4.584472790779825,1.5114297653520694,2.765637834263342,2.207489854358558,3
1.5732923092270164,4.1376069674424745,2.9202268792105444,2.582132795833254,2.2072310195503886,2.397809955145866,0
2.888021955037711,3.4091507040171662,3.995560982061066,1.9328751055843305,2.515970371662304,2.8285698071515446,3
3.0278175122095488,3.3337483394621104,3.902260932345495,2.0324250972217466,2.3755660828991823,2.771497773262677,3
1.900204484971621,3.17264027393738,3.6560662017216314,2.033930598103926,2.463775377659594,1.5005876526855682,5
1.2656608345757934,4.9082162216160095,1.9005218720308545,3.0554060841654422,1.8989669106238336,3.0528193170691402,0
6.098044905342537,2.9336995824638357,7.784707315487142,4.270909711966012,6.025805968590913,4.345421623872005,1
3.845714926311292,7.794430080953238,2.198198655855795,5.574065051629714,3.8722746267556003,6.116241785929118,2
4.148935322401057,1.697427236635842,5.574282893463035,2.213406462988178,3.7306334108149315,2.5498596800185145,1
2.736928432205606,5.900122806981585,1.7948649528090241,3.6991636535424686,2.1787485120911967,4.538108475931103,2
2.6437889614886694,2.995568823940055,3.6202747837710434,1.40457660579746,1.867163176539789,2.3558394494951096,3
2.629354506312271,2.323689154598102,4.542977263165676,1.9635706285309553,3.107540243838788,1.0760435045044783,5
3.8845854063605505,7.862465245184299,2.331411851780358,5.803615473828513,4.075846776453333,6.051055305788688,2
3.7624542445575253,1.9254832540992035,5.5526660545842015,2.6841800529155906,4.0124831278968855,1.7666102922257645,5
2.7300622883940333,1.873827830280365,4.392132191405183,1.2507064559802927,2.649124108655859,1.1827979995119817,5
2.175827381344776,4.0702992419708055,2.9817841809771464,1.9733630748913165,1.7581848106425844,3.063607759694049,4
2.91063747898163,3.182580003288446,3.787897182735672,1.8289630496986606,2.1560202355691964,2.6150590840165506,3
3.0422356007087856,7.010813299747357,2.1831704780628813,4.96161455133868,3.515429085433426,5.223274947088794,2
2.258295166271136,4.051348030433308,2.953646679096972,2.0246702323971713,1.6890852053991872,3.030590397160012,4
4.681765432749883,1.872439668754431,6.54034835692044,3.3745219185686968,4.917522531499669,2.519333965051422,1
2.860868473185875,6.866255873128197,1.6424625001602695,4.823130974531577,3.1911985291358627,5.0298296543281165,2
3.0850261439969926,2.2982670152121694,4.570382357268432,1.8786766123917096,2.9558003576570315,1.8006728441948687,5
2.8045676295786057,2.458656025101538,4.630510543498931,2.1696688209932464,3.210876221870734,1.3490890608244426,5
1.7891666198077547,5.697136163441336,0.6321843202427976,3.474329688259931,1.7609051558673827,4.031145580744771,2
2.4625272242587863,2.9158262150554157,3.5697468533033625,1.089229665489733,1.7616814574844555,2.225552709843868,3
2.8746226872357004,6.967706188614551,2.0413196919601333,4.87392522415471,3.431113610371014,5.143651048770177,2
3.2335212503597623,2.079766761070966,4.528217405130253,1.343750427693193,2.665570164153832,2.1078648736475083,3
2.202582918414438,4.167633738896365,3.047093495297368,2.509284960722625,2.105733056171587,2.84147568466885,4
4.6902848349034,2.0584444113614055,6.585150966008278,3.4166545884400206,4.996040678782475,2.651294981859091,1
4.028559083073632,1.5098950612321433,5.520615190832656,2.010747236408524,3.6517219430969607,2.4012018617606503,1
1.5857516156272171,5.001981925774778,2.1268837541623036,3.202859629112563,2.124466919427096,3.1897269177854626,0
2.0983230910304767,3.9540975399341582,2.8089967468115233,1.8381577856044116,1.431824013851698,2.9148019524536806,4
4.889170812626017,2.2208111227225715,6.645683122967951,3.6315614492020307,5.054888834851637,2.788153552076916,1
1.3958207343124027,4.012905878153644,2.750796321407575,2.4452638850067596,1.9568588423062026,2.1890286694336805,0
1.0004476758201573,4.890426329885416,1.8490563565567832,2.977238755490089,1.8702607129410143,3.019561979444917,0
2.531187864832447,4.993468891130471,2.296650513137313,2.959795085205356,1.7331515877246342,3.788633096289499,4
1.9978070758844766,3.80196291277087,2.588398338093518,1.6498086314729767,0.8855911098858488,2.7268457969224045,4
1.7696126634812737,2.8482997358485687,3.449227022228249,1.0623427254337514,1.8629892726861392,1.5345893688618926,3
4.589800801690458,1.1916819770618539,6.406750228117622,2.8415182224583866,4.633487971271887,2.493047282622634,1
1.9917366962629774,3.1251699912250084,3.6264036721978963,2.0698563584671548,2.3914671829440466,1.4425508078035238,5
0.9980023354893623,3.9219362676377214,2.6019187910543593,2.258467725583559,1.7660128554812557,2.0219520195224865,0
3.730283468220911,1.3280118224996547,5.429966157409986,2.0884845254650912,3.6751929451824212,1.7983944557508762,1
2.021110616011441,3.32129508774833,3.784317815779502,2.184406787334923,2.660646129736433,1.793801950309333,5
4.676305565956176,1.756321857264427,6.496056851561188,3.3494597322517183,4.866689543567136,2.451229963483359,1
2.3189786689174343,4.880398342935917,2.014427540481408,2.774339504967751,1.3712233597953238,3.6502473655563517,4
3.498951606185364,2.489403884250677,4.722874176992321,1.9041992405276917,2.9907523803382436,2.4917968176909957,3
1.3530274419571149,4.901850044914191,1.8748068599180567,3.0768804617573413,1.8756447218786032,3.0517556722789654,0
2.88861693877855,3.1891983827232298,3.804698484564254,1.8114824523770556,2.164836365765783,2.5862665505465094,3
4.056224994157978,2.792035713769463,5.918732522451422,3.171970775311703,4.521211892178464,2.618668998514874,5
2.6522596529105877,5.031428202155558,2.35119126738955,3.048511670090321,1.84142166659742,3.8681565182202253,4
2.682225067881003,5.795643653557029,1.4189820545151055,3.6184266250679062,1.8517734304906883,4.426802848487267,2
4.071053104368979,1.5236081642981534,5.5204206429781895,2.0696150909432136,3.655619080023259,2.439454945215445,1
1.396116559867093,3.8333231237067045,2.576505634387932,1.8616725007202801,1.3427408682832298,2.347734947131705,4
4.186114787728459,1.704160810942544,5.565658093178542,2.263419074704199,3.723987396817713,2.5730776471884274,1
2.21962500366835,5.795978981642257,1.2243022128279577,3.6892740675752855,2.0396834355861597,4.187050670114553,2
2.7065759694221385,3.0469836257593528,3.670152794235737,1.5155752834825016,1.9529946794054902,2.4091593318003537,3
0.6368586723971948,3.9300888388217037,2.623304515717139,2.1713567617017686,1.8114269419107314,2.0235389151235332,0
2.4881565878609977,3.1927638541067656,3.739013869979906,1.9704956785554149,2.3274355764159536,2.1199603465346386,3
1.6306770640065358,4.964498773980387,2.1407131002812108,2.8566141612945453,1.9104684119834843,3.434021000325732,0
3.641165534502374,1.265638614024625,5.412505373456541,1.963345380491684,3.66285418215639,1.7194206174296645,1
2.0139246147863115,5.992005990060888,1.8834763723397219,3.9763277123468788,2.7120840169699783,4.172614793199176,2
1.9545227522207402,5.0941198467146345,2.424289989580752,3.060412361341887,2.2302706817584044,3.6260193528821616,0
3.22407044444896,2.211636814196837,4.5832796135735485,1.3909035993482293,2.785383621872166,2.22021235648705,3
1.7003558271844232,2.7585637179457456,3.3750600770826438,0.894639702346257,1.7190104210407684,1.3987748674086526,3
1.0541368807388716,4.696659477315762,1.3970038416848574,2.5074868610920658,0.9584808530797094,3.064543057009433,4
2.2144641272301855,3.019079510760877,3.5942129128306557,1.6320268527887323,2.089088415336227,1.8560884875285177,3
2.356309648987169,4.11732925729565,3.047943436559176,2.140071496867815,1.8478430197794942,3.1395627038769782,4
3.658089094553949,1.3443029403612712,5.431175617551118,2.0009516476402873,3.6926616278283864,1.79223383186192,1
2.5153586478203347,2.0833048097510005,4.431556611367307,1.7664498738940213,2.9237880587720873,0.3310229920535188,5
1.6347041974683818,3.819437917804659,2.533095978608336,1.9816233782868007,1.2551779762956916,2.3632355497671966,4
3.0661327384303934,3.581539702752108,4.142780833355877,2.201193618934102,2.7442037860871853,3.0024874811594375,3
2.3582032273148976,3.086098275494759,3.6346914993274426,1.7966416807425238,2.1851615882605233,2.017336454497524,3
4.954372191679977,1.5232474887071117,6.513689621474264,2.945972782768607,4.645384019015544,3.056003778954168,1
2.188363309383895,5.9596982016730955,1.7533555496178008,4.023619687789519,2.6108119993921868,4.139909691944852,2
2.1193999778830466,5.8096776322251635,1.3365333032740159,3.6556102822438055,2.099404475092254,4.173474633850255,2
1.441599204356457,4.203914102328201,3.0102610681032314,2.5610336395907893,2.3611981102607738,2.494746406547473,0
3.304567788951688,2.1917246066782377,4.57739704141552,1.5097059090188831,2.7492705231561794,2.200240064977444,3
2.4522779290121566,4.927375931521925,2.1604109988883433,2.8776367536592025,1.5290717034970571,3.7054149447552036,4
2.1143418669820866,2.901246076814695,3.4817382298441353,1.4610634203465498,1.9123829110867778,1.698546265858046,3
2.5625192641111556,5.781342088861842,1.3430629541411336,3.5514093845668837,1.819218185544195,4.408892077082391,2
1.8770606442120463,2.772845812247709,3.3842103526441885,1.121149861169138,1.7221215854579437,1.4505283676334981,3
2.774931961760982,3.2873030396375245,3.889595388684018,1.742752396534123,2.3430184435488823,2.66003892901717,3
1.9472637934880328,4.896546036825846,1.9604933857382032,2.9531717403940423,1.6619038179605012,3.389488589166594,4
3.9237188668217975,1.4117868538293028,5.483571460455433,1.8370584879226812,3.6216701504359747,2.344037784598816,1
3.210983562922704,2.124563985141897,4.535747257682586,1.3278637637424402,2.704688503363668,2.142238919618848,3
1.4445274756118256,3.9662852271012383,2.7481648016301454,1.9718200167141406,1.7088345483018956,2.5384874860125253,0
2.2894511083909364,4.9081762586049225,2.1319194702120643,2.7725634362989577,1.5021510195818266,3.6767016854464907,4
2.653147729192704,1.9505367893206276,4.423689462105983,1.1714075647614122,2.7193369792500084,1.2442428691399772,3
1.279293965501035,3.771103762528246,2.4575221249817414,1.7610470626273604,1.133397631708688,2.2432958634073685,4
2.3876457933599804,6.059283525203212,2.0304257234010583,4.147017556124998,2.827937193474407,4.28287908687279,2
2.126567652633757,3.8226494374274713,2.6157823775099986,1.7701054082734713,0.950088210952819,2.775146627859924,4
1.680849262428437,4.126269933772368,2.8994808059031087,2.622058346770748,2.173695630950931,2.3898105051937883,0
3.6279104927765515,1.744370970197164,5.503876501528906,2.5124354223834744,3.9382691300135138,1.5506351037124773,5
2.6905791557935834,1.902701957799357,4.404811495708542,1.205313248943597,2.6761660658839346,1.190108896196476,5
1.7355970118856148,4.051893915517357,2.8830638297775715,2.1761212192246018,1.8989967018967122,2.687382462814702,0
2.09370420029872,3.9839568789190767,2.8504041725289775,1.8524441971028567,1.532699519302465,2.9585326934359015,4
4.142601724940952,1.7231978455379018,5.569217353262845,2.213575577148977,3.7365831802811686,2.562558589942202,1
4.0753539446126625,1.5828126093744053,5.528791006768384,2.0898755810654235,3.6786499663806578,2.4549565121367527,1
3.802298363901057,2.8769900370190604,4.951123560405807,2.407779077090391,3.3213847315383336,2.8603884703726146,3
4.8738298320101645,1.282295196257644,6.458590733499577,2.8132760057199384,4.575865293014286,2.9421422705033144,1
2.1369661526059245,5.9115876139011645,1.5522492702158959,3.982414126780254,2.4866788431854165,4.095048466201946,2
1.3866352503768056,4.942775324908046,1.9961481744110827,3.108380183222358,1.9892422536613803,3.1059619158960774,0
2.6253499777390163,5.792305163816324,1.3907232099816558,3.5887327777258955,1.8436075065347304,4.4200817380426445,2
1.5310142905094817,5.076605614557414,2.2702718038310565,3.2200958060951237,2.320841387150878,3.2975209414946756,0
5.58074356300504,1.7589093345742008,7.392734004713254,3.7991844092181246,5.59747382356008,3.3916307689844523,1
2.8080977136655147,6.850017143575866,1.582510708855002,4.793606963637965,3.163985119846672,5.015665426500344,2
4.68687075302385,1.8546167831209928,6.536516370302894,3.3766009901482,4.908318798053108,2.488103851032291,1
1.4955308649451993,4.003831535898031,2.815337390300459,2.0207834616441294,1.8051256810212426,2.590751529920696,0
2.707248350609304,5.830269567552001,1.5201772981190735,3.649233263334903,1.9563619783133033,4.4701120218137245,2
1.3994917699487006,4.183881077889843,2.9863669814093723,2.535901796563383,2.321012077102792,2.4683281043868828,0
0.8142719665480459,3.9677588236776384,2.686396751005108,2.233297285632663,1.892088217567209,2.0816800062027756,0
1.92655606373675,2.825784782389735,3.421520759374935,1.218622497428049,1.8024404709609703,1.550468445992594,3
5.914045996557298,2.119759347900583,7.508771472005821,3.92774386239794,5.653318492302242,3.8955802765350853,1
1.3694915667873557,4.727079726114107,1.5057111668658028,2.6264911871047665,1.0771372158789772,3.1165753245591015,4
1.959038902070419,4.762704663181078,1.745280994010013,2.5062737781748274,0.9137440957179191,3.4875668144008123,4
2.4094854443774802,3.2831696708901332,3.8204213851586686,1.9507791257854943,2.4739257996691846,2.218913636020468,3
4.869150870596016,1.33524298886577,6.472570842069244,2.816348432483025,4.592526455074961,2.954625880445931,1
1.5616410520842743,4.762613397639354,1.5902946474572708,2.719049507917919,1.203142232732098,3.1841059537871503,4
1.62933329522454,3.0047614648062244,3.528742145890698,1.7770881789764437,2.245245788980487,1.1024739560855985,5
4.6383488020563775,1.151127662308663,6.4057444987614645,2.8904656405800355,4.61692711266728,2.4949063889032073,1
1.7579507859041734,4.119532562457987,2.8883625142548697,2.6517488673897773,2.1594060732835243,2.4245281768480966,0
3.345260178354966,2.2418477184810413,4.611585169166351,1.5916869163500607,2.792239476337507,2.243747202628717,3
3.9297105791667093,1.1907949218551355,5.436898477567294,1.7961836780980884,3.5319835441985457,2.226250286876321,1
3.7979672430075384,1.3431905250021072,5.431714366641475,2.173104495107484,3.671861526124401,1.7998919415889791,1
3.303714855602204,2.1364482448245536,4.547806452109069,1.4795267093202211,2.706020731021174,2.1675050362888175,3
1.4088111070230063,5.052771802506221,2.2465517610583596,3.170811529306714,2.271427416719067,3.240379333419366,0
1.1196499871348287,4.863492346332737,1.7647584695456784,2.9931659044806707,1.7730817153438179,2.9784554088882653,0
3.8048230619107732,2.098086621977901,5.618005730670423,2.7639698085423534,4.105517169906991,1.9196903628975432,5
5.680440065874074,1.8137189871650143,7.407824582027832,3.905926116467839,5.608004606347788,3.4480451388990847,1
3.1903100815406114,2.1228801248995346,4.549519993496418,1.294462529708805,2.7070066354225997,2.1048384498517434,3
2.3253305729239266,5.845741672637232,1.490057305061587,3.757407886560546,2.188459936266515,4.239718978728467,2
1.651127130746583,2.9682203871485924,3.4884288810071724,1.7707407819239664,2.18755137870217,1.0488792266888822,5
2.494199236804481,2.916781583835164,3.555693030149272,1.1377905349182416,1.7540376922410703,2.2536121022021343,3
4.716049900454735,1.5335138023784207,6.48391493262826,3.029945289852452,4.728388145351026,2.675422206440762,1
1.9371635961588383,3.3164946094390566,3.7852880462354626,2.128708463016341,2.664979015924917,1.7775846447416603,5
2.3134893484484618,3.9750705500147534,2.8318719276520445,2.02034428164684,1.4538035917977634,2.9694732194598275,4
2.104936064003897,5.766855903563566,1.139352881118087,3.62808801724557,1.9681145059284344,4.132097361747946,2
2.888021955037711,3.4091507040171662,3.995560982061066,1.9328751055843305,2.515970371662304,2.8285698071515446,3
3.165698671749916,3.4355278228927406,4.023041363017474,2.2225655039365835,2.5189559129622587,2.8849862857176545,3
2.184135652102971,3.315866931964656,3.77347540274067,2.286622480703655,2.636224134288896,1.8195275312780517,5
3.6090280377417776,6.907536419448212,2.038000459039007,4.755395925831897,3.0547450099766618,5.505163730057484,2
2.6912442266206407,1.7518846217625537,4.335970714482468,1.130536121428968,2.5584588666892123,0.9990757045978118,5
3.1064994495303875,1.9990241035543985,4.488866188028459,1.0732842312414532,2.611963769268327,2.0070703289611136,3
2.270092170663925,5.792787446943436,1.2232246719898106,3.7092420134358877,2.0201329814214084,4.1787017304625715,2
1.6667861913707818,4.801534547650206,1.714623538335052,2.781644554953264,1.3595838789083385,3.237853049132621,4
3.242339694440544,2.3420085293476935,4.666165180881856,1.4872847001735952,2.900300971985647,2.310649698027105,3
1.9890234542009926,4.798175170829253,1.8217898641094,2.5444105456928177,1.08137749529282,3.5267358912023257,4
1.3030410569341013,4.930607424954452,1.9494018909643895,3.0769183402555815,1.9596876316150624,3.0742763856183095,0
2.8888838931934764,2.196965379907932,4.533312888905977,1.6063992123504625,2.900047180888709,1.6653467443958476,3
2.289918355929668,2.983863220330085,3.5706037637215564,1.678852305708246,2.033196141404637,1.8361834730032973,3
4.5559212842208625,1.7454262399623133,6.503365998131795,3.2324587719211912,4.877830000797264,2.3965187476804473,1
1.0177247587390723,4.061273914235246,2.8165958812742664,2.3400297959770153,2.094140271490066,2.2571184907112145,0
3.1257752776677408,1.8987901654366932,4.445084445564915,1.0520574638446087,2.526242749510309,1.9234199394428577,3
2.6668567680905473,5.041394121673747,2.3897324706554413,3.0624927232373422,1.8740081693383281,3.883787186022882,4
1.3127537590851996,3.962743302183671,2.658921971906058,2.3864651097808114,1.845657724115997,2.131297638357654,0
2.005991954681781,3.343127419085535,3.8264856196057706,2.1845421184562634,2.7016439047424146,1.8193443640040785,5
3.7066207586248905,1.5541466131203532,5.493988266934631,2.1094305071473776,3.7758082619846913,1.9230780856492564,1
2.4204634746305214,4.931795900018331,2.1745689733224336,2.860345569459283,1.5620198107616967,3.725601322624217,4
2.7680064145517997,5.869549237994099,1.7065074038112742,3.70025071119168,2.0794737577054017,4.514594516478635,2
3.084876074546522,1.8840722902809421,4.439294897899873,0.9568266775026605,2.5197756554579605,1.8949020519971336,3
2.3876457933599804,6.059283525203212,2.0304257234010583,4.147017556124998,2.827937193474407,4.28287908687279,2
2.358986312458317,4.88916894227459,2.0519971931266148,2.8027896646590835,1.3981800443967476,3.658489356724026,4
2.3024692304818632,2.8707076994736394,3.5308845402530777,0.7628948841840513,1.7038907545899402,2.161857731399038,3
2.023602916546924,5.724531542147284,0.8295591131629008,3.574674604809538,1.8295990918649918,4.078731057438187,2
2.734885987075137,3.119331153702862,3.7514389328530258,1.5954729725584227,2.0787592813546296,2.4849839217720917,3
2.575796909850144,2.9355094962098205,3.5824837329179586,1.2690555721579477,1.7813232103370813,2.286262391915289,3
2.364780016050748,5.8494964815816015,1.4601584119344517,3.776030782407067,2.190135496061608,4.264998658572133,2
1.4215306970561599,3.747409247339716,2.426253386184976,1.8191757608300367,1.0200948484290453,2.2250054046745307,4
